patient_id,diabetes_type,diabetes_duration_years,age_at_diabetes_diagnosis,diabetes_control_status,insulin_use_status,glucose_monitoring_method,hypoglycemia_history,diabetic_neuropathy_status,diabetic_nephropathy_status,diabetic_foot_disease_status
SYN-DM-00001,Type 2,0.2,47.26,Above goal,Yes,Both,Unknown,Unknown,Present,Absent
SYN-DM-00002,Type 2,17.2,61.44,Above goal,No,Continuous monitor,Yes,Unknown,Present,Unknown
SYN-DM-00003,Type 2,0.2,61.6,Unknown,Yes,Continuous monitor,Yes,Unknown,Unknown,Present
SYN-DM-00004,Type 2,4.7,33.47,Above goal,Yes,None,No,Present,Present,Unknown
SYN-DM-00005,Type 2,18.2,21.51,Above goal,Yes,Both,Unknown,Absent,Present,Absent
SYN-DM-00006,Type 1,11.8,13.94,Above goal,Yes,Continuous monitor,Yes,Present,Absent,Unknown
SYN-DM-00007,Type 2,4.7,12.59,Unknown,No,Fingerstick,Yes,Present,Present,Absent
SYN-DM-00008,Type 2,10.0,67.18,Unknown,Yes,Both,Unknown,Absent,Present,Unknown
SYN-DM-00009,Type 2,15.6,60.21,Above goal,Yes,None,Unknown,Absent,Unknown,Absent
SYN-DM-00010,Type 2,9.3,29.36,Unknown,Yes,Fingerstick,No,Present,Absent,Unknown
SYN-DM-00011,Type 1,22.1,26.71,Unknown,Yes,Both,Yes,Absent,Present,Present
SYN-DM-00012,Type 2,6.5,50.92,At goal,No,Continuous monitor,Yes,Present,Present,Present
SYN-DM-00013,Type 1,18.8,46.94,At goal,Yes,Fingerstick,Unknown,Present,Absent,Present
SYN-DM-00014,Type 2,14.3,12.3,Unknown,No,Fingerstick,Yes,Absent,Absent,Unknown
SYN-DM-00015,Type 2,5.2,20.18,Above goal,No,Fingerstick,Unknown,Absent,Present,Absent
SYN-DM-00016,Type 2,14.7,14.41,At goal,No,None,Unknown,Unknown,Absent,Unknown
SYN-DM-00017,Type 2,0.2,65.85,Unknown,No,None,No,Present,Absent,Absent
SYN-DM-00018,Type 1,8.0,53.21,At goal,No,Fingerstick,No,Absent,Unknown,Unknown
SYN-DM-00019,Other,19.1,34.32,At goal,No,None,Unknown,Unknown,Absent,Unknown
SYN-DM-00020,Gestational,19.3,43.25,Above goal,Yes,Both,Unknown,Present,Unknown,Present
SYN-DM-00021,Type 2,14.8,24.85,At goal,Yes,Fingerstick,Yes,Absent,Unknown,Absent
SYN-DM-00022,Type 1,6.6,31.16,Above goal,Yes,Continuous monitor,Yes,Unknown,Unknown,Absent
SYN-DM-00023,Type 2,11.2,16.08,At goal,No,Both,Unknown,Absent,Unknown,Unknown
SYN-DM-00024,Type 2,21.5,33.48,Above goal,No,Fingerstick,No,Unknown,Unknown,Present
SYN-DM-00025,Type 2,14.4,22.71,Above goal,Yes,None,No,Absent,Present,Unknown
SYN-DM-00026,Type 2,15.1,31.41,At goal,Yes,Fingerstick,Unknown,Unknown,Present,Unknown
SYN-DM-00027,Type 2,0.2,62.66,At goal,Yes,None,No,Present,Unknown,Absent
SYN-DM-00028,Type 2,11.3,31.72,Unknown,No,Both,Unknown,Unknown,Present,Absent
SYN-DM-00029,Type 2,9.6,57.49,Above goal,No,None,No,Unknown,Unknown,Unknown
SYN-DM-00030,Gestational,1.5,25.61,At goal,Yes,None,Unknown,Present,Unknown,Unknown
SYN-DM-00031,Type 2,4.9,34.65,Unknown,No,Continuous monitor,Unknown,Present,Unknown,Absent
SYN-DM-00032,Type 2,7.2,47.39,Above goal,No,Fingerstick,No,Unknown,Unknown,Absent
SYN-DM-00033,Type 2,15.5,59.44,Above goal,Yes,Fingerstick,No,Present,Unknown,Unknown
SYN-DM-00034,Type 2,8.7,20.41,Unknown,Yes,Fingerstick,Unknown,Present,Present,Unknown
SYN-DM-00035,Type 1,4.0,17.44,At goal,Yes,Continuous monitor,No,Unknown,Absent,Absent
SYN-DM-00036,Type 1,18.1,42.8,Above goal,Yes,Continuous monitor,Unknown,Absent,Unknown,Unknown
SYN-DM-00037,Type 2,11.8,38.64,Unknown,No,Both,Unknown,Present,Present,Absent
SYN-DM-00038,Type 1,0.2,31.73,Above goal,Yes,Continuous monitor,No,Present,Present,Absent
SYN-DM-00039,Type 2,10.6,29.93,Above goal,No,Continuous monitor,Yes,Absent,Present,Unknown
SYN-DM-00040,Type 2,20.9,30.11,Unknown,No,Both,Unknown,Absent,Unknown,Absent
SYN-DM-00041,Type 2,13.4,66.65,At goal,Yes,Fingerstick,No,Absent,Unknown,Absent
SYN-DM-00042,Other,1.2,13.27,At goal,No,Both,No,Unknown,Unknown,Unknown
SYN-DM-00043,Type 2,8.9,23.94,Above goal,No,Continuous monitor,No,Absent,Unknown,Present
SYN-DM-00044,Type 2,18.3,26.63,Above goal,No,None,No,Present,Absent,Unknown
SYN-DM-00045,Type 2,16.1,24.43,Unknown,Yes,Continuous monitor,Unknown,Absent,Absent,Unknown
SYN-DM-00046,Gestational,11.0,14.93,At goal,Yes,Both,Unknown,Present,Absent,Unknown
SYN-DM-00047,Type 2,20.2,60.44,Unknown,Yes,Fingerstick,Yes,Present,Present,Absent
SYN-DM-00048,Type 2,16.2,42.52,Above goal,No,Fingerstick,Yes,Present,Absent,Absent
SYN-DM-00049,Type 2,16.9,23.9,At goal,Yes,Continuous monitor,Yes,Absent,Absent,Present
SYN-DM-00050,Type 2,11.3,40.82,Above goal,No,Continuous monitor,No,Present,Present,Unknown
SYN-DM-00051,Type 2,4.7,53.49,Unknown,No,Both,Unknown,Present,Present,Unknown
SYN-DM-00052,Type 2,15.4,33.47,At goal,Yes,Fingerstick,No,Present,Unknown,Present
SYN-DM-00053,Type 1,13.7,29.75,Unknown,Yes,Both,Yes,Unknown,Present,Present
SYN-DM-00054,Type 2,22.8,40.3,Above goal,Yes,Continuous monitor,Yes,Present,Present,Absent
SYN-DM-00055,Type 2,17.0,15.12,At goal,No,None,Yes,Present,Unknown,Unknown
SYN-DM-00056,Type 2,24.3,60.16,Above goal,Yes,Fingerstick,Unknown,Absent,Unknown,Unknown
SYN-DM-00057,Type 2,19.1,64.69,Unknown,Yes,None,Yes,Present,Absent,Unknown
SYN-DM-00058,Type 2,2.1,30.97,Above goal,No,Continuous monitor,No,Unknown,Present,Absent
SYN-DM-00059,Type 2,3.0,25.5,Above goal,Yes,None,No,Absent,Absent,Absent
SYN-DM-00060,Type 1,11.0,53.13,Unknown,Yes,Both,Yes,Absent,Present,Absent
SYN-DM-00061,Other,5.8,66.6,Unknown,Yes,None,Unknown,Unknown,Absent,Present
SYN-DM-00062,Type 1,12.2,20.19,At goal,No,Continuous monitor,Yes,Unknown,Absent,Present
SYN-DM-00063,Type 2,18.1,53.81,Unknown,No,Fingerstick,No,Absent,Unknown,Unknown
SYN-DM-00064,Gestational,4.3,32.36,Above goal,Yes,Continuous monitor,No,Unknown,Present,Unknown
SYN-DM-00065,Type 1,9.2,14.65,Above goal,Yes,Both,Yes,Unknown,Unknown,Present
SYN-DM-00066,Type 2,19.3,57.16,At goal,No,Continuous monitor,Yes,Absent,Unknown,Unknown
SYN-DM-00067,Type 2,9.6,50.55,At goal,Yes,None,Unknown,Unknown,Absent,Present
SYN-DM-00068,Type 2,12.8,32.59,At goal,Yes,Fingerstick,Unknown,Present,Unknown,Absent
SYN-DM-00069,Type 1,1.4,44.82,Unknown,Yes,Continuous monitor,Unknown,Absent,Unknown,Absent
SYN-DM-00070,Type 2,1.2,51.05,At goal,No,Continuous monitor,Unknown,Unknown,Absent,Unknown
SYN-DM-00071,Type 2,18.7,41.76,At goal,Yes,Fingerstick,Yes,Absent,Unknown,Unknown
SYN-DM-00072,Type 2,14.8,26.7,Unknown,Yes,Continuous monitor,No,Unknown,Absent,Present
SYN-DM-00073,Type 2,15.4,45.21,Above goal,Yes,Fingerstick,Yes,Present,Absent,Absent
SYN-DM-00074,Type 2,23.5,20.47,Unknown,No,Both,Unknown,Unknown,Present,Absent
SYN-DM-00075,Type 2,0.2,16.29,At goal,Yes,Continuous monitor,No,Present,Present,Unknown
SYN-DM-00076,Type 1,2.8,48.87,Above goal,Yes,Fingerstick,Unknown,Absent,Absent,Absent
SYN-DM-00077,Type 2,5.8,47.59,Unknown,Yes,Continuous monitor,Yes,Unknown,Present,Present
SYN-DM-00078,Type 2,16.2,58.58,At goal,Yes,Fingerstick,Yes,Unknown,Absent,Present
SYN-DM-00079,Type 2,8.6,31.57,Above goal,No,None,Yes,Absent,Absent,Absent
SYN-DM-00080,Type 2,13.7,44.81,At goal,No,None,No,Unknown,Unknown,Unknown
SYN-DM-00081,Type 2,0.2,13.46,At goal,No,Both,Unknown,Absent,Unknown,Present
SYN-DM-00082,Type 2,5.2,28.63,Unknown,Yes,Continuous monitor,Yes,Present,Present,Present
SYN-DM-00083,Type 2,12.4,46.75,At goal,No,Both,Yes,Unknown,Absent,Unknown
SYN-DM-00084,Type 2,0.2,28.5,Above goal,Yes,Both,No,Absent,Absent,Absent
SYN-DM-00085,Type 2,21.8,41.95,At goal,Yes,Fingerstick,Yes,Absent,Unknown,Present
SYN-DM-00086,Type 2,26.7,27.52,Above goal,Yes,Continuous monitor,No,Absent,Absent,Absent
SYN-DM-00087,Type 1,2.8,23.11,Unknown,Yes,None,No,Unknown,Absent,Unknown
SYN-DM-00088,Type 2,5.9,51.62,Above goal,Yes,None,No,Present,Present,Present
SYN-DM-00089,Type 1,19.3,35.84,At goal,Yes,Continuous monitor,No,Unknown,Present,Present
SYN-DM-00090,Type 2,0.3,17.43,At goal,Yes,Fingerstick,Unknown,Present,Present,Absent
SYN-DM-00091,Type 2,20.9,20.25,Unknown,Yes,Fingerstick,Unknown,Unknown,Absent,Present
SYN-DM-00092,Type 2,13.9,38.22,At goal,Yes,None,Yes,Absent,Unknown,Unknown
SYN-DM-00093,Type 2,6.1,33.93,Above goal,Yes,None,Yes,Present,Present,Unknown
SYN-DM-00094,Type 2,10.7,13.17,Above goal,Yes,Fingerstick,Unknown,Unknown,Present,Absent
SYN-DM-00095,Type 2,27.0,67.47,Unknown,Yes,None,Unknown,Unknown,Unknown,Present
SYN-DM-00096,Other,4.2,55.77,Above goal,Yes,Fingerstick,No,Unknown,Present,Present
SYN-DM-00097,Type 2,11.1,35.0,Above goal,Yes,Fingerstick,No,Present,Unknown,Unknown
SYN-DM-00098,Type 2,13.8,50.45,Unknown,Yes,Continuous monitor,Yes,Absent,Unknown,Unknown
SYN-DM-00099,Type 2,15.5,42.5,Unknown,No,Both,Unknown,Unknown,Present,Unknown
SYN-DM-00100,Type 2,12.5,66.98,Above goal,No,Continuous monitor,Unknown,Present,Absent,Unknown
SYN-DM-00101,Type 1,22.3,56.29,Above goal,Yes,None,Yes,Unknown,Present,Absent
SYN-DM-00102,Type 2,15.3,48.4,Above goal,Yes,Continuous monitor,Yes,Unknown,Present,Absent
SYN-DM-00103,Other,0.2,43.42,At goal,Yes,Continuous monitor,No,Absent,Absent,Unknown
SYN-DM-00104,Type 2,19.6,43.81,At goal,Yes,Continuous monitor,Unknown,Absent,Unknown,Absent
SYN-DM-00105,Type 1,9.6,42.7,Unknown,Yes,Continuous monitor,Yes,Unknown,Absent,Present
SYN-DM-00106,Type 2,2.4,25.27,Unknown,Yes,Fingerstick,Unknown,Present,Present,Absent
SYN-DM-00107,Type 2,2.0,63.5,Above goal,Yes,None,Yes,Unknown,Present,Present
SYN-DM-00108,Type 1,25.7,24.36,Unknown,Yes,None,No,Present,Absent,Unknown
SYN-DM-00109,Other,0.2,46.19,At goal,Yes,Fingerstick,No,Present,Unknown,Present
SYN-DM-00110,Type 2,3.8,12.64,At goal,Yes,Both,No,Unknown,Unknown,Present
SYN-DM-00111,Type 2,4.2,25.33,At goal,Yes,None,Unknown,Unknown,Unknown,Unknown
SYN-DM-00112,Other,0.2,40.02,Above goal,No,Continuous monitor,Yes,Absent,Unknown,Unknown
SYN-DM-00113,Type 2,5.3,67.96,Above goal,No,None,No,Absent,Present,Absent
SYN-DM-00114,Type 2,8.4,54.97,Unknown,Yes,Continuous monitor,Unknown,Present,Absent,Absent
SYN-DM-00115,Type 2,8.6,32.14,At goal,Yes,Continuous monitor,Yes,Absent,Unknown,Absent
SYN-DM-00116,Type 1,18.0,17.88,Unknown,Yes,Both,Yes,Unknown,Absent,Present
SYN-DM-00117,Other,0.7,67.79,At goal,Yes,None,No,Present,Present,Unknown
SYN-DM-00118,Type 2,0.2,59.06,Above goal,Yes,Continuous monitor,Unknown,Unknown,Absent,Absent
SYN-DM-00119,Type 2,6.0,44.7,Above goal,Yes,None,Yes,Present,Unknown,Unknown
SYN-DM-00120,Other,9.9,43.71,Unknown,Yes,Both,No,Unknown,Unknown,Absent
SYN-DM-00121,Gestational,9.0,47.07,At goal,Yes,Fingerstick,Yes,Absent,Absent,Absent
SYN-DM-00122,Type 1,4.3,40.78,At goal,No,Both,No,Present,Unknown,Absent
SYN-DM-00123,Type 1,17.1,29.3,At goal,Yes,Both,Yes,Absent,Unknown,Present
SYN-DM-00124,Type 2,10.3,44.69,At goal,No,Continuous monitor,No,Absent,Absent,Present
SYN-DM-00125,Type 2,12.2,33.13,At goal,Yes,Both,No,Absent,Unknown,Absent
SYN-DM-00126,Type 2,9.7,53.53,Above goal,Yes,Both,Unknown,Present,Absent,Absent
SYN-DM-00127,Type 2,6.1,53.51,At goal,Yes,None,Yes,Present,Present,Unknown
SYN-DM-00128,Type 2,11.8,29.57,At goal,Yes,Both,Unknown,Absent,Unknown,Present
SYN-DM-00129,Type 2,10.9,22.97,At goal,No,Continuous monitor,Unknown,Unknown,Present,Unknown
SYN-DM-00130,Type 2,26.9,38.74,Above goal,Yes,Fingerstick,Unknown,Present,Unknown,Unknown
SYN-DM-00131,Type 2,20.4,27.75,At goal,Yes,Both,Yes,Unknown,Present,Present
SYN-DM-00132,Type 2,14.9,56.43,At goal,Yes,Continuous monitor,Yes,Present,Present,Absent
SYN-DM-00133,Type 1,23.3,56.6,Above goal,No,None,Yes,Present,Present,Present
SYN-DM-00134,Type 2,9.4,53.49,Above goal,No,Both,Unknown,Absent,Present,Present
SYN-DM-00135,Type 1,11.5,29.52,Unknown,No,Both,Yes,Present,Absent,Absent
SYN-DM-00136,Gestational,28.4,16.36,At goal,No,None,No,Absent,Absent,Unknown
SYN-DM-00137,Type 2,26.8,44.3,Above goal,No,Continuous monitor,Unknown,Present,Present,Unknown
SYN-DM-00138,Type 2,3.8,64.85,Unknown,Yes,Both,Yes,Absent,Present,Absent
SYN-DM-00139,Type 1,19.1,16.79,At goal,No,Continuous monitor,Unknown,Absent,Present,Present
SYN-DM-00140,Type 1,1.1,61.98,Unknown,Yes,Both,Unknown,Absent,Absent,Absent
SYN-DM-00141,Type 2,2.9,18.13,At goal,Yes,Continuous monitor,No,Unknown,Present,Absent
SYN-DM-00142,Type 1,9.2,66.51,Above goal,Yes,None,No,Unknown,Present,Absent
SYN-DM-00143,Type 2,5.0,63.37,Unknown,No,Fingerstick,Unknown,Absent,Present,Present
SYN-DM-00144,Type 2,19.1,56.41,Above goal,No,Continuous monitor,Unknown,Present,Unknown,Absent
SYN-DM-00145,Type 1,0.8,24.15,Unknown,Yes,Both,Yes,Absent,Unknown,Unknown
SYN-DM-00146,Type 1,14.6,29.27,Unknown,Yes,Fingerstick,No,Present,Present,Present
SYN-DM-00147,Type 2,5.4,52.61,At goal,Yes,Both,Yes,Unknown,Unknown,Absent
SYN-DM-00148,Type 2,12.6,21.0,At goal,Yes,None,No,Unknown,Unknown,Unknown
SYN-DM-00149,Type 2,12.2,65.77,Above goal,No,Continuous monitor,No,Absent,Absent,Absent
SYN-DM-00150,Type 2,20.7,27.23,Unknown,Yes,Continuous monitor,No,Present,Absent,Unknown
SYN-DM-00151,Type 2,18.8,58.57,Unknown,No,Both,Unknown,Present,Absent,Absent
SYN-DM-00152,Other,12.8,42.07,Unknown,Yes,Fingerstick,Unknown,Absent,Absent,Unknown
SYN-DM-00153,Type 2,7.5,16.45,Above goal,Yes,Both,Yes,Absent,Unknown,Present
SYN-DM-00154,Type 2,20.2,39.48,Unknown,Yes,Fingerstick,Unknown,Present,Unknown,Absent
SYN-DM-00155,Type 2,3.6,33.29,Above goal,Yes,Fingerstick,Yes,Unknown,Unknown,Absent
SYN-DM-00156,Other,17.7,36.61,Above goal,Yes,Both,No,Present,Absent,Unknown
SYN-DM-00157,Type 2,1.8,16.21,Above goal,Yes,Fingerstick,Yes,Present,Unknown,Unknown
SYN-DM-00158,Type 2,23.3,58.08,At goal,Yes,Continuous monitor,Yes,Absent,Unknown,Unknown
SYN-DM-00159,Type 2,14.0,48.04,Unknown,No,Fingerstick,No,Absent,Present,Present
SYN-DM-00160,Type 1,15.3,63.03,Unknown,Yes,Both,Yes,Present,Present,Absent
SYN-DM-00161,Type 2,12.0,67.72,At goal,No,Both,Unknown,Absent,Absent,Unknown
SYN-DM-00162,Gestational,2.0,47.48,At goal,Yes,Continuous monitor,No,Unknown,Absent,Absent
SYN-DM-00163,Type 2,7.0,38.83,At goal,Yes,None,Yes,Absent,Present,Unknown
SYN-DM-00164,Type 1,10.5,43.11,Above goal,No,Continuous monitor,Yes,Present,Present,Present
SYN-DM-00165,Type 2,1.9,60.25,Unknown,No,Continuous monitor,No,Present,Absent,Present
SYN-DM-00166,Type 1,0.2,55.62,Above goal,Yes,None,Unknown,Present,Unknown,Absent
SYN-DM-00167,Type 2,7.2,25.12,Unknown,Yes,Continuous monitor,Unknown,Absent,Absent,Present
SYN-DM-00168,Type 2,8.8,51.31,Unknown,Yes,None,No,Unknown,Present,Unknown
SYN-DM-00169,Type 2,9.5,27.39,Above goal,No,Continuous monitor,No,Present,Present,Absent
SYN-DM-00170,Type 2,1.0,28.04,Unknown,Yes,None,No,Present,Present,Present
SYN-DM-00171,Type 2,8.7,61.76,Above goal,No,Continuous monitor,Yes,Absent,Absent,Absent
SYN-DM-00172,Type 2,6.7,46.46,At goal,No,None,Unknown,Present,Unknown,Unknown
SYN-DM-00173,Type 2,14.0,19.68,Unknown,No,Fingerstick,Unknown,Present,Absent,Present
SYN-DM-00174,Type 1,16.6,40.45,Unknown,Yes,Fingerstick,No,Present,Absent,Unknown
SYN-DM-00175,Type 2,10.2,36.83,At goal,Yes,Both,No,Absent,Unknown,Present
SYN-DM-00176,Type 2,2.2,49.51,At goal,Yes,None,Unknown,Present,Unknown,Absent
SYN-DM-00177,Type 2,19.0,36.18,At goal,No,None,Yes,Absent,Absent,Absent
SYN-DM-00178,Other,13.8,49.26,Unknown,No,None,Unknown,Unknown,Absent,Unknown
SYN-DM-00179,Type 2,18.6,59.81,At goal,No,None,Yes,Absent,Unknown,Absent
SYN-DM-00180,Type 2,11.2,35.65,Unknown,No,Continuous monitor,Yes,Absent,Present,Unknown
SYN-DM-00181,Type 1,6.7,42.94,Unknown,Yes,Both,No,Present,Present,Unknown
SYN-DM-00182,Type 2,4.9,66.98,Unknown,No,Fingerstick,Unknown,Unknown,Absent,Unknown
SYN-DM-00183,Type 1,12.6,57.79,Above goal,No,Fingerstick,Unknown,Present,Unknown,Present
SYN-DM-00184,Type 1,19.2,42.47,At goal,Yes,Fingerstick,Unknown,Unknown,Unknown,Unknown
SYN-DM-00185,Type 2,14.2,66.45,At goal,Yes,None,Yes,Absent,Present,Absent
SYN-DM-00186,Type 2,9.5,24.74,Unknown,No,Fingerstick,Unknown,Present,Unknown,Absent
SYN-DM-00187,Type 2,12.7,15.03,Above goal,Yes,Both,Unknown,Unknown,Absent,Unknown
SYN-DM-00188,Type 2,9.2,28.32,Above goal,Yes,Both,No,Absent,Absent,Unknown
SYN-DM-00189,Type 2,24.3,27.41,At goal,Yes,Continuous monitor,No,Absent,Absent,Absent
SYN-DM-00190,Gestational,0.2,15.53,Above goal,Yes,None,No,Present,Present,Absent
SYN-DM-00191,Type 2,18.5,18.31,At goal,Yes,Continuous monitor,No,Present,Unknown,Present
SYN-DM-00192,Type 2,9.1,46.34,At goal,No,Continuous monitor,No,Unknown,Present,Absent
SYN-DM-00193,Type 2,23.0,13.98,At goal,No,Both,Unknown,Unknown,Absent,Unknown
SYN-DM-00194,Type 2,13.3,35.39,At goal,Yes,None,Yes,Present,Absent,Absent
SYN-DM-00195,Type 1,11.3,64.66,Above goal,Yes,None,No,Unknown,Present,Unknown
SYN-DM-00196,Type 2,7.0,13.19,At goal,No,None,No,Absent,Present,Absent
SYN-DM-00197,Type 2,21.9,61.57,Unknown,No,Fingerstick,Unknown,Absent,Absent,Absent
SYN-DM-00198,Type 2,14.0,41.57,Unknown,No,Continuous monitor,No,Absent,Unknown,Absent
SYN-DM-00199,Type 2,15.6,46.25,At goal,Yes,Fingerstick,Unknown,Unknown,Absent,Absent
SYN-DM-00200,Other,21.7,19.17,Unknown,Yes,None,No,Present,Unknown,Present
SYN-DM-00201,Type 1,1.4,35.41,Above goal,Yes,Continuous monitor,Unknown,Absent,Absent,Absent
SYN-DM-00202,Type 2,8.3,14.25,Unknown,Yes,None,Yes,Present,Present,Present
SYN-DM-00203,Type 1,14.9,58.91,Above goal,Yes,Fingerstick,No,Unknown,Absent,Present
SYN-DM-00204,Type 2,16.7,58.49,Unknown,No,None,No,Present,Unknown,Unknown
SYN-DM-00205,Type 2,19.2,35.33,At goal,Yes,Both,Yes,Unknown,Present,Present
SYN-DM-00206,Type 2,10.6,47.91,Unknown,Yes,None,No,Present,Absent,Unknown
SYN-DM-00207,Type 2,10.4,55.56,Above goal,No,Both,No,Present,Present,Unknown
SYN-DM-00208,Type 2,20.6,18.15,Unknown,Yes,Continuous monitor,Yes,Unknown,Absent,Unknown
SYN-DM-00209,Type 2,24.4,67.88,Unknown,Yes,None,No,Present,Present,Absent
SYN-DM-00210,Type 2,5.9,20.58,At goal,No,Fingerstick,No,Unknown,Present,Present
SYN-DM-00211,Type 2,6.7,64.57,Above goal,Yes,Both,No,Absent,Absent,Present
SYN-DM-00212,Gestational,6.6,13.0,Above goal,Yes,None,No,Unknown,Present,Unknown
SYN-DM-00213,Type 2,12.7,15.85,Unknown,Yes,Both,Unknown,Unknown,Absent,Unknown
SYN-DM-00214,Type 2,16.6,28.0,Above goal,No,None,Yes,Absent,Unknown,Absent
SYN-DM-00215,Type 2,2.9,53.96,At goal,Yes,Continuous monitor,No,Present,Unknown,Present
SYN-DM-00216,Type 2,3.6,31.35,At goal,No,None,Unknown,Present,Unknown,Absent
SYN-DM-00217,Type 2,6.5,36.03,At goal,No,Continuous monitor,No,Unknown,Absent,Present
SYN-DM-00218,Type 2,10.5,30.03,At goal,Yes,Continuous monitor,Yes,Unknown,Present,Present
SYN-DM-00219,Type 2,0.2,45.9,Above goal,Yes,Continuous monitor,Unknown,Unknown,Unknown,Present
SYN-DM-00220,Type 2,4.8,25.36,Above goal,No,Continuous monitor,No,Unknown,Present,Unknown
SYN-DM-00221,Type 2,0.2,15.32,Above goal,Yes,Fingerstick,Unknown,Present,Absent,Absent
SYN-DM-00222,Type 1,0.2,35.9,At goal,Yes,Continuous monitor,Unknown,Absent,Unknown,Present
SYN-DM-00223,Type 2,19.8,52.25,At goal,Yes,Both,Unknown,Present,Absent,Absent
SYN-DM-00224,Gestational,5.9,17.22,Above goal,No,Fingerstick,Unknown,Present,Absent,Unknown
SYN-DM-00225,Type 2,9.8,54.24,Above goal,Yes,Continuous monitor,Unknown,Present,Unknown,Absent
SYN-DM-00226,Type 2,1.1,29.83,Unknown,Yes,Fingerstick,Yes,Present,Unknown,Absent
SYN-DM-00227,Other,8.4,15.16,At goal,Yes,None,No,Unknown,Absent,Unknown
SYN-DM-00228,Type 2,2.5,41.73,At goal,Yes,Both,No,Absent,Present,Unknown
SYN-DM-00229,Type 2,12.7,59.7,At goal,Yes,Continuous monitor,Yes,Absent,Unknown,Unknown
SYN-DM-00230,Type 2,7.7,38.9,Unknown,Yes,Fingerstick,No,Unknown,Unknown,Present
SYN-DM-00231,Type 2,20.0,37.0,Above goal,Yes,Continuous monitor,No,Present,Present,Absent
SYN-DM-00232,Type 1,17.8,37.13,At goal,No,Continuous monitor,No,Present,Present,Unknown
SYN-DM-00233,Type 2,12.7,55.89,Unknown,No,None,Unknown,Absent,Present,Unknown
SYN-DM-00234,Type 2,10.2,25.47,Unknown,No,None,Unknown,Unknown,Unknown,Absent
SYN-DM-00235,Type 2,5.7,52.42,Unknown,No,Continuous monitor,Yes,Unknown,Present,Unknown
SYN-DM-00236,Other,9.0,52.37,Above goal,Yes,Continuous monitor,Unknown,Present,Unknown,Absent
SYN-DM-00237,Type 2,9.6,63.55,Above goal,Yes,Continuous monitor,No,Present,Unknown,Present
SYN-DM-00238,Type 2,11.4,12.95,Above goal,No,None,No,Present,Absent,Unknown
SYN-DM-00239,Type 2,0.2,65.94,At goal,Yes,Both,Unknown,Absent,Unknown,Unknown
SYN-DM-00240,Type 2,6.1,28.5,Unknown,Yes,Continuous monitor,No,Unknown,Unknown,Present
SYN-DM-00241,Type 2,8.5,66.95,Unknown,Yes,None,Yes,Unknown,Absent,Absent
SYN-DM-00242,Type 2,22.3,20.23,At goal,Yes,None,Yes,Unknown,Present,Absent
SYN-DM-00243,Type 2,16.0,62.56,At goal,Yes,Fingerstick,Yes,Absent,Unknown,Absent
SYN-DM-00244,Type 2,0.2,23.32,At goal,Yes,Continuous monitor,No,Unknown,Absent,Absent
SYN-DM-00245,Type 2,6.7,43.78,Above goal,Yes,Both,Unknown,Unknown,Present,Present
SYN-DM-00246,Type 2,17.9,34.19,Above goal,Yes,Fingerstick,Unknown,Present,Absent,Present
SYN-DM-00247,Type 2,3.0,37.86,Above goal,No,Continuous monitor,Yes,Absent,Unknown,Absent
SYN-DM-00248,Type 2,0.8,29.93,At goal,No,None,No,Unknown,Present,Present
SYN-DM-00249,Type 2,4.6,53.71,Above goal,No,Both,Unknown,Present,Present,Present
SYN-DM-00250,Type 2,7.1,17.15,At goal,Yes,Both,Yes,Present,Present,Unknown
SYN-DM-00251,Type 1,9.9,66.29,Above goal,Yes,Fingerstick,Unknown,Absent,Absent,Present
SYN-DM-00252,Type 1,11.6,33.79,At goal,Yes,Continuous monitor,Yes,Present,Present,Present
SYN-DM-00253,Type 2,20.2,17.91,Unknown,No,None,Unknown,Present,Present,Unknown
SYN-DM-00254,Type 1,24.9,31.24,At goal,Yes,Continuous monitor,Yes,Present,Absent,Absent
SYN-DM-00255,Type 2,3.0,26.2,Above goal,No,Both,Yes,Absent,Present,Present
SYN-DM-00256,Type 2,2.7,19.4,At goal,Yes,Both,Yes,Present,Absent,Unknown
SYN-DM-00257,Type 2,19.1,30.99,Unknown,No,Both,No,Absent,Absent,Unknown
SYN-DM-00258,Type 2,0.2,54.46,Above goal,Yes,Fingerstick,Unknown,Absent,Present,Present
SYN-DM-00259,Type 2,2.0,34.88,Unknown,No,Continuous monitor,Yes,Unknown,Unknown,Unknown
SYN-DM-00260,Type 2,9.0,18.86,Unknown,No,Both,Unknown,Unknown,Present,Present
SYN-DM-00261,Type 2,0.2,61.49,At goal,No,Continuous monitor,Yes,Present,Absent,Absent
SYN-DM-00262,Type 2,10.0,16.47,Above goal,Yes,None,Unknown,Unknown,Unknown,Unknown
SYN-DM-00263,Type 2,17.5,55.22,Unknown,No,None,Unknown,Unknown,Unknown,Unknown
SYN-DM-00264,Other,16.2,26.91,Above goal,Yes,Both,Unknown,Present,Unknown,Present
SYN-DM-00265,Gestational,14.9,19.51,At goal,Yes,Continuous monitor,No,Present,Unknown,Present
SYN-DM-00266,Type 2,10.9,17.72,Above goal,No,Continuous monitor,No,Unknown,Absent,Unknown
SYN-DM-00267,Type 2,7.3,26.21,Unknown,No,Fingerstick,No,Unknown,Unknown,Present
SYN-DM-00268,Type 2,8.4,14.35,Unknown,Yes,Continuous monitor,Yes,Unknown,Present,Unknown
SYN-DM-00269,Type 2,15.2,38.08,Above goal,No,None,Yes,Unknown,Present,Unknown
SYN-DM-00270,Type 2,0.2,21.68,Unknown,Yes,Both,Yes,Unknown,Absent,Unknown
SYN-DM-00271,Other,17.1,17.29,Unknown,Yes,Both,Yes,Present,Present,Absent
SYN-DM-00272,Gestational,15.9,58.33,Above goal,Yes,Fingerstick,Unknown,Unknown,Present,Absent
SYN-DM-00273,Type 2,15.5,60.46,Above goal,No,Continuous monitor,No,Present,Absent,Present
SYN-DM-00274,Type 2,21.3,54.45,Above goal,Yes,Fingerstick,No,Unknown,Present,Absent
SYN-DM-00275,Type 2,15.5,29.04,Above goal,Yes,Continuous monitor,Unknown,Present,Absent,Unknown
SYN-DM-00276,Type 2,1.6,36.13,At goal,Yes,Fingerstick,Yes,Absent,Present,Unknown
SYN-DM-00277,Type 2,0.2,25.19,Above goal,Yes,Continuous monitor,Unknown,Present,Absent,Unknown
SYN-DM-00278,Type 2,16.0,13.93,At goal,Yes,None,No,Present,Unknown,Present
SYN-DM-00279,Type 2,19.2,34.93,At goal,No,Continuous monitor,Unknown,Present,Absent,Unknown
SYN-DM-00280,Type 2,7.9,26.81,Above goal,Yes,Fingerstick,Unknown,Unknown,Unknown,Present
SYN-DM-00281,Type 2,20.7,43.3,Unknown,Yes,None,No,Unknown,Absent,Unknown
SYN-DM-00282,Type 2,20.3,54.08,At goal,No,Both,Yes,Present,Unknown,Present
SYN-DM-00283,Type 2,10.6,12.07,At goal,No,Fingerstick,No,Present,Unknown,Unknown
SYN-DM-00284,Type 2,18.1,14.11,Unknown,No,Both,No,Unknown,Unknown,Unknown
SYN-DM-00285,Type 2,13.9,25.82,At goal,No,None,Yes,Present,Unknown,Present
SYN-DM-00286,Type 2,23.4,59.34,Unknown,Yes,Both,Unknown,Absent,Unknown,Absent
SYN-DM-00287,Type 2,20.5,43.97,Unknown,Yes,Continuous monitor,Yes,Unknown,Absent,Absent
SYN-DM-00288,Type 2,8.7,66.25,Unknown,No,None,Yes,Absent,Unknown,Absent
SYN-DM-00289,Type 2,17.1,38.13,Above goal,No,Both,Yes,Absent,Present,Present
SYN-DM-00290,Type 2,4.0,29.16,Unknown,No,Continuous monitor,Yes,Unknown,Unknown,Absent
SYN-DM-00291,Gestational,12.7,14.98,At goal,Yes,Continuous monitor,Unknown,Unknown,Unknown,Unknown
SYN-DM-00292,Type 2,24.1,45.3,Above goal,Yes,Both,No,Present,Absent,Absent
SYN-DM-00293,Type 2,4.4,17.02,Unknown,Yes,None,Unknown,Absent,Absent,Unknown
SYN-DM-00294,Type 2,9.0,26.39,At goal,No,Fingerstick,Unknown,Present,Absent,Absent
SYN-DM-00295,Type 2,12.6,44.4,Unknown,No,None,No,Present,Present,Unknown
SYN-DM-00296,Type 2,13.9,54.03,At goal,No,Both,No,Absent,Present,Unknown
SYN-DM-00297,Type 2,1.9,25.53,Unknown,No,Fingerstick,No,Absent,Absent,Present
SYN-DM-00298,Type 2,19.0,21.45,Above goal,Yes,Fingerstick,Yes,Unknown,Absent,Unknown
SYN-DM-00299,Type 1,7.0,14.5,Unknown,No,Both,No,Present,Present,Absent
SYN-DM-00300,Gestational,0.2,18.83,Above goal,Yes,Fingerstick,Unknown,Present,Absent,Present
SYN-DM-00301,Type 2,9.5,42.19,Unknown,Yes,None,Unknown,Unknown,Unknown,Unknown
SYN-DM-00302,Type 2,6.2,29.6,At goal,No,Both,Unknown,Present,Absent,Present
SYN-DM-00303,Type 2,9.2,20.88,At goal,No,Fingerstick,Yes,Unknown,Unknown,Present
SYN-DM-00304,Type 1,4.3,12.13,Unknown,No,Fingerstick,Unknown,Present,Unknown,Unknown
SYN-DM-00305,Type 2,20.5,28.95,Above goal,Yes,Fingerstick,No,Present,Unknown,Absent
SYN-DM-00306,Type 2,5.2,27.75,At goal,Yes,Continuous monitor,No,Unknown,Absent,Unknown
SYN-DM-00307,Type 2,21.8,26.57,At goal,No,Both,Unknown,Present,Unknown,Unknown
SYN-DM-00308,Type 2,19.0,50.86,At goal,No,Continuous monitor,Unknown,Absent,Unknown,Absent
SYN-DM-00309,Type 2,7.8,43.76,Unknown,Yes,Fingerstick,No,Unknown,Unknown,Present
SYN-DM-00310,Type 2,14.5,44.16,Unknown,Yes,Fingerstick,No,Present,Absent,Absent
SYN-DM-00311,Type 2,10.9,19.84,Above goal,Yes,Continuous monitor,Yes,Unknown,Absent,Absent
SYN-DM-00312,Gestational,11.5,50.11,Unknown,No,Continuous monitor,Yes,Absent,Absent,Unknown
SYN-DM-00313,Type 2,16.3,48.25,Above goal,No,Both,Unknown,Unknown,Present,Unknown
SYN-DM-00314,Type 2,2.9,39.21,At goal,No,None,Yes,Present,Absent,Unknown
SYN-DM-00315,Type 2,14.9,52.88,Above goal,Yes,Fingerstick,Yes,Unknown,Unknown,Absent
SYN-DM-00316,Type 2,26.5,54.4,At goal,No,None,Unknown,Unknown,Absent,Unknown
SYN-DM-00317,Type 2,14.8,25.71,At goal,Yes,Fingerstick,Unknown,Absent,Present,Present
SYN-DM-00318,Type 2,11.5,25.31,Unknown,No,Fingerstick,Unknown,Absent,Unknown,Absent
SYN-DM-00319,Type 1,7.7,27.32,Above goal,Yes,None,Unknown,Absent,Unknown,Present
SYN-DM-00320,Type 1,11.3,46.96,Unknown,No,Fingerstick,No,Present,Present,Present
SYN-DM-00321,Type 2,7.4,65.9,Unknown,Yes,Both,Unknown,Absent,Present,Unknown
SYN-DM-00322,Type 2,5.2,39.84,Above goal,Yes,None,Unknown,Present,Present,Unknown
SYN-DM-00323,Type 2,5.4,24.14,Above goal,No,None,Unknown,Absent,Absent,Present
SYN-DM-00324,Type 2,19.4,25.4,Unknown,Yes,Both,No,Present,Present,Present
SYN-DM-00325,Type 1,0.2,57.62,Unknown,Yes,None,Yes,Absent,Present,Present
SYN-DM-00326,Type 2,5.8,55.28,Unknown,Yes,Continuous monitor,Unknown,Unknown,Present,Unknown
SYN-DM-00327,Type 2,27.9,12.38,Unknown,Yes,Continuous monitor,Unknown,Unknown,Absent,Present
SYN-DM-00328,Type 2,0.2,22.95,Unknown,Yes,None,No,Absent,Unknown,Absent
SYN-DM-00329,Other,13.7,29.6,At goal,Yes,None,Yes,Unknown,Absent,Absent
SYN-DM-00330,Type 2,13.5,65.62,Above goal,Yes,Both,No,Unknown,Unknown,Present
SYN-DM-00331,Type 2,6.4,23.57,Unknown,Yes,Both,No,Present,Unknown,Absent
SYN-DM-00332,Type 2,16.8,16.63,At goal,Yes,Both,No,Unknown,Absent,Absent
SYN-DM-00333,Type 1,16.3,46.12,Unknown,No,Both,Unknown,Absent,Absent,Unknown
SYN-DM-00334,Other,4.0,48.22,At goal,Yes,None,Yes,Present,Unknown,Unknown
SYN-DM-00335,Other,10.6,66.71,At goal,Yes,Both,Yes,Absent,Unknown,Absent
SYN-DM-00336,Type 2,10.6,12.18,At goal,No,Both,Yes,Present,Present,Present
SYN-DM-00337,Type 2,24.0,28.1,Above goal,No,Both,Yes,Unknown,Absent,Unknown
SYN-DM-00338,Type 2,8.2,64.36,Unknown,Yes,None,No,Unknown,Present,Absent
SYN-DM-00339,Other,19.4,36.25,Unknown,Yes,None,Unknown,Unknown,Absent,Absent
SYN-DM-00340,Type 2,11.4,65.46,Above goal,Yes,None,Unknown,Unknown,Absent,Absent
SYN-DM-00341,Type 2,31.6,66.31,Unknown,Yes,Both,Yes,Absent,Absent,Unknown
SYN-DM-00342,Type 2,19.8,47.17,Unknown,No,None,Unknown,Present,Present,Absent
SYN-DM-00343,Type 2,20.3,24.66,Unknown,No,None,Unknown,Unknown,Present,Unknown
SYN-DM-00344,Type 2,5.0,54.97,Unknown,Yes,Continuous monitor,Unknown,Present,Unknown,Unknown
SYN-DM-00345,Type 2,10.0,44.81,Above goal,Yes,Fingerstick,Unknown,Unknown,Unknown,Unknown
SYN-DM-00346,Type 1,10.2,51.69,Unknown,Yes,Fingerstick,No,Present,Absent,Absent
SYN-DM-00347,Type 2,20.5,13.32,Unknown,No,Fingerstick,No,Absent,Unknown,Absent
SYN-DM-00348,Type 1,14.1,51.08,Above goal,Yes,Continuous monitor,Unknown,Unknown,Present,Present
SYN-DM-00349,Type 2,13.3,66.22,Above goal,Yes,Fingerstick,Unknown,Present,Unknown,Absent
SYN-DM-00350,Type 2,11.5,17.63,Unknown,Yes,None,No,Present,Unknown,Unknown
SYN-DM-00351,Type 2,9.0,19.71,Above goal,Yes,Both,No,Present,Absent,Present
SYN-DM-00352,Type 2,11.1,50.89,Unknown,Yes,Fingerstick,Unknown,Present,Unknown,Absent
SYN-DM-00353,Type 2,7.9,43.76,At goal,Yes,None,Yes,Present,Present,Unknown
SYN-DM-00354,Type 2,3.6,22.4,Above goal,Yes,Continuous monitor,No,Unknown,Present,Absent
SYN-DM-00355,Type 2,0.2,12.8,Above goal,No,None,Unknown,Unknown,Present,Present
SYN-DM-00356,Type 1,10.8,62.19,Above goal,Yes,None,Unknown,Unknown,Unknown,Unknown
SYN-DM-00357,Type 1,13.9,14.53,At goal,No,None,No,Present,Present,Absent
SYN-DM-00358,Type 2,8.6,31.2,Above goal,No,Continuous monitor,No,Unknown,Absent,Present
SYN-DM-00359,Type 2,5.6,33.34,Unknown,No,Fingerstick,Yes,Present,Unknown,Unknown
SYN-DM-00360,Type 2,18.4,35.15,Above goal,No,Fingerstick,Yes,Present,Absent,Present
SYN-DM-00361,Type 1,4.5,12.78,Unknown,Yes,None,Yes,Absent,Unknown,Present
SYN-DM-00362,Type 2,3.7,18.92,At goal,Yes,Continuous monitor,Yes,Unknown,Absent,Present
SYN-DM-00363,Type 2,7.2,51.75,Unknown,No,Continuous monitor,Yes,Present,Unknown,Unknown
SYN-DM-00364,Type 2,11.8,51.83,At goal,Yes,Both,Unknown,Present,Unknown,Present
SYN-DM-00365,Other,8.4,24.51,Above goal,Yes,None,Yes,Absent,Absent,Unknown
SYN-DM-00366,Type 2,17.0,50.58,Above goal,Yes,Fingerstick,Unknown,Unknown,Present,Absent
SYN-DM-00367,Type 2,10.7,51.69,At goal,No,Both,No,Absent,Unknown,Absent
SYN-DM-00368,Type 2,0.2,13.18,At goal,Yes,Both,Unknown,Unknown,Unknown,Present
SYN-DM-00369,Type 2,7.1,29.77,Unknown,Yes,Continuous monitor,No,Absent,Absent,Unknown
SYN-DM-00370,Type 2,9.8,59.96,Above goal,Yes,Continuous monitor,Yes,Unknown,Unknown,Present
SYN-DM-00371,Type 1,21.3,56.9,Unknown,Yes,Both,Unknown,Unknown,Present,Present
SYN-DM-00372,Type 2,11.7,46.69,Above goal,No,Fingerstick,No,Present,Unknown,Absent
SYN-DM-00373,Type 2,6.0,17.8,At goal,No,Both,No,Present,Unknown,Unknown
SYN-DM-00374,Type 2,14.0,14.14,Unknown,Yes,Both,No,Present,Unknown,Unknown
SYN-DM-00375,Type 2,16.9,29.72,At goal,No,None,Unknown,Unknown,Present,Absent
SYN-DM-00376,Type 2,14.8,28.48,Above goal,Yes,None,No,Present,Unknown,Present
SYN-DM-00377,Type 2,11.2,54.45,At goal,Yes,None,No,Absent,Present,Present
SYN-DM-00378,Type 1,17.3,62.82,At goal,Yes,Both,No,Present,Absent,Absent
SYN-DM-00379,Gestational,2.8,20.22,At goal,Yes,Fingerstick,Yes,Unknown,Unknown,Present
SYN-DM-00380,Type 1,8.5,44.92,Unknown,Yes,Both,No,Present,Present,Present
SYN-DM-00381,Type 2,3.4,15.62,Unknown,No,Continuous monitor,Unknown,Present,Present,Absent
SYN-DM-00382,Type 2,10.8,61.14,At goal,No,Both,No,Unknown,Absent,Present
SYN-DM-00383,Type 1,10.7,44.95,At goal,Yes,Fingerstick,Yes,Unknown,Present,Absent
SYN-DM-00384,Other,0.2,50.9,Unknown,No,None,Unknown,Absent,Present,Absent
SYN-DM-00385,Type 1,11.3,48.07,At goal,Yes,Fingerstick,No,Present,Absent,Absent
SYN-DM-00386,Type 2,12.5,39.66,Unknown,No,Continuous monitor,No,Present,Absent,Unknown
SYN-DM-00387,Gestational,14.0,57.59,At goal,Yes,Fingerstick,No,Present,Unknown,Unknown
SYN-DM-00388,Type 2,3.5,43.88,Above goal,Yes,Fingerstick,Unknown,Absent,Present,Absent
SYN-DM-00389,Type 2,15.5,53.05,At goal,No,None,Yes,Unknown,Present,Unknown
SYN-DM-00390,Type 1,17.2,47.57,Above goal,Yes,Both,No,Present,Present,Present
SYN-DM-00391,Gestational,20.7,54.42,Unknown,Yes,Both,Yes,Absent,Absent,Unknown
SYN-DM-00392,Type 2,14.7,50.77,At goal,Yes,Both,No,Present,Absent,Absent
SYN-DM-00393,Type 2,21.2,67.83,Above goal,No,Fingerstick,Yes,Unknown,Unknown,Present
SYN-DM-00394,Other,21.8,22.63,Above goal,Yes,None,Yes,Present,Present,Present
SYN-DM-00395,Type 2,17.2,27.67,Unknown,Yes,Both,No,Absent,Present,Absent
SYN-DM-00396,Type 2,5.3,62.67,Unknown,Yes,None,Yes,Unknown,Unknown,Absent
SYN-DM-00397,Type 2,0.2,35.36,At goal,No,None,No,Unknown,Present,Present
SYN-DM-00398,Other,21.9,36.7,Above goal,No,None,No,Unknown,Unknown,Present
SYN-DM-00399,Type 2,8.4,53.16,Unknown,No,Both,Yes,Present,Present,Absent
SYN-DM-00400,Type 2,24.4,66.42,Unknown,Yes,Fingerstick,Yes,Absent,Absent,Absent
SYN-DM-00401,Type 2,17.5,37.05,Unknown,No,Both,Unknown,Absent,Absent,Absent
SYN-DM-00402,Other,0.2,55.46,Above goal,No,None,No,Unknown,Unknown,Unknown
SYN-DM-00403,Type 2,14.5,14.95,Above goal,No,Fingerstick,Yes,Absent,Present,Unknown
SYN-DM-00404,Type 2,4.0,63.44,Unknown,Yes,None,Yes,Absent,Unknown,Unknown
SYN-DM-00405,Type 2,17.5,40.6,At goal,Yes,Fingerstick,Unknown,Absent,Absent,Present
SYN-DM-00406,Type 2,3.0,16.96,At goal,No,Continuous monitor,Unknown,Unknown,Unknown,Unknown
SYN-DM-00407,Type 2,8.6,28.27,Unknown,No,Continuous monitor,No,Present,Absent,Present
SYN-DM-00408,Gestational,11.8,39.46,Unknown,Yes,None,No,Present,Unknown,Absent
SYN-DM-00409,Type 2,13.2,64.99,At goal,Yes,Both,Yes,Absent,Absent,Absent
SYN-DM-00410,Type 2,9.3,12.88,Unknown,Yes,Continuous monitor,No,Unknown,Absent,Unknown
SYN-DM-00411,Type 2,18.9,42.64,Unknown,Yes,None,Yes,Present,Present,Present
SYN-DM-00412,Type 2,18.3,40.58,Unknown,Yes,Fingerstick,Yes,Absent,Absent,Absent
SYN-DM-00413,Type 1,0.9,62.68,Above goal,Yes,Continuous monitor,Yes,Unknown,Unknown,Unknown
SYN-DM-00414,Type 1,13.2,26.05,At goal,Yes,Continuous monitor,No,Unknown,Absent,Unknown
SYN-DM-00415,Type 2,13.1,21.11,Unknown,Yes,Continuous monitor,Unknown,Absent,Unknown,Unknown
SYN-DM-00416,Type 2,6.9,38.15,Unknown,No,Fingerstick,No,Unknown,Present,Unknown
SYN-DM-00417,Type 2,2.7,22.86,Above goal,No,Continuous monitor,Unknown,Unknown,Unknown,Present
SYN-DM-00418,Type 1,8.9,31.46,At goal,Yes,Fingerstick,Unknown,Present,Absent,Unknown
SYN-DM-00419,Type 1,13.3,55.13,Unknown,No,None,Unknown,Absent,Present,Unknown
SYN-DM-00420,Type 2,0.2,23.61,Above goal,Yes,Both,No,Present,Unknown,Absent
SYN-DM-00421,Type 2,9.0,46.88,Unknown,Yes,None,Yes,Absent,Present,Unknown
SYN-DM-00422,Type 1,14.3,33.25,Above goal,Yes,Fingerstick,Yes,Present,Present,Present
SYN-DM-00423,Type 2,17.6,51.12,At goal,Yes,Both,No,Unknown,Absent,Present
SYN-DM-00424,Type 2,17.9,56.9,Above goal,Yes,None,Unknown,Unknown,Present,Present
SYN-DM-00425,Type 2,5.0,47.84,At goal,No,Continuous monitor,Yes,Unknown,Present,Present
SYN-DM-00426,Type 1,11.6,60.22,Unknown,Yes,Continuous monitor,Unknown,Unknown,Unknown,Unknown
SYN-DM-00427,Type 2,0.2,17.52,Unknown,Yes,Both,No,Present,Present,Unknown
SYN-DM-00428,Type 1,0.2,33.22,Unknown,Yes,None,No,Absent,Unknown,Absent
SYN-DM-00429,Type 2,2.2,57.52,Unknown,Yes,None,No,Unknown,Present,Absent
SYN-DM-00430,Type 2,5.9,19.05,Above goal,Yes,Continuous monitor,No,Present,Unknown,Absent
SYN-DM-00431,Type 2,0.2,50.36,Unknown,Yes,Fingerstick,Yes,Absent,Absent,Unknown
SYN-DM-00432,Type 2,17.5,22.8,At goal,Yes,Fingerstick,Unknown,Absent,Absent,Present
SYN-DM-00433,Type 2,2.7,23.64,Above goal,Yes,None,No,Unknown,Present,Absent
SYN-DM-00434,Other,16.1,52.44,At goal,Yes,Both,No,Unknown,Absent,Unknown
SYN-DM-00435,Type 2,13.0,32.17,At goal,No,Fingerstick,Unknown,Unknown,Unknown,Absent
SYN-DM-00436,Type 2,13.1,43.35,At goal,No,Both,No,Present,Absent,Present
SYN-DM-00437,Type 2,23.5,12.73,At goal,No,Fingerstick,No,Present,Unknown,Present
SYN-DM-00438,Type 1,2.7,65.4,Unknown,Yes,Fingerstick,No,Absent,Present,Absent
SYN-DM-00439,Type 2,2.7,22.03,Above goal,Yes,Fingerstick,No,Unknown,Present,Present
SYN-DM-00440,Type 1,20.2,26.43,Unknown,Yes,Both,No,Unknown,Absent,Present
SYN-DM-00441,Type 1,13.4,63.42,Above goal,Yes,Both,No,Absent,Unknown,Present
SYN-DM-00442,Type 2,1.0,28.88,Unknown,Yes,None,Unknown,Absent,Absent,Unknown
SYN-DM-00443,Type 2,16.1,52.55,Above goal,No,Fingerstick,Unknown,Unknown,Present,Absent
SYN-DM-00444,Type 2,10.1,40.5,At goal,Yes,Continuous monitor,Unknown,Unknown,Unknown,Absent
SYN-DM-00445,Type 2,8.1,26.62,Unknown,Yes,None,Yes,Unknown,Present,Absent
SYN-DM-00446,Type 2,10.7,27.96,Unknown,No,None,Yes,Present,Absent,Unknown
SYN-DM-00447,Type 2,17.8,12.26,At goal,No,Fingerstick,Unknown,Unknown,Present,Present
SYN-DM-00448,Type 1,7.8,18.61,At goal,Yes,Fingerstick,No,Present,Unknown,Present
SYN-DM-00449,Type 1,0.3,38.94,Unknown,No,Both,Yes,Unknown,Present,Present
SYN-DM-00450,Type 2,10.7,18.97,Above goal,No,Continuous monitor,No,Absent,Absent,Unknown
SYN-DM-00451,Type 1,12.4,58.48,Above goal,No,None,Unknown,Unknown,Present,Present
SYN-DM-00452,Type 2,0.7,62.91,Unknown,No,Both,Unknown,Present,Present,Unknown
SYN-DM-00453,Type 2,10.0,65.42,Above goal,No,Continuous monitor,Unknown,Present,Present,Present
SYN-DM-00454,Type 2,4.3,31.36,Unknown,No,None,Yes,Absent,Unknown,Unknown
SYN-DM-00455,Type 2,26.7,21.35,At goal,No,None,Yes,Absent,Present,Unknown
SYN-DM-00456,Type 1,0.2,20.34,Above goal,Yes,Fingerstick,No,Absent,Present,Unknown
SYN-DM-00457,Type 1,2.4,32.33,At goal,Yes,Continuous monitor,Unknown,Present,Unknown,Present
SYN-DM-00458,Type 2,15.9,57.56,Unknown,Yes,Fingerstick,No,Absent,Unknown,Present
SYN-DM-00459,Type 2,1.9,50.75,Unknown,No,Continuous monitor,Yes,Present,Absent,Absent
SYN-DM-00460,Type 2,13.8,25.24,Unknown,Yes,Fingerstick,Yes,Absent,Unknown,Present
SYN-DM-00461,Type 1,22.3,62.08,At goal,Yes,None,Yes,Unknown,Unknown,Present
SYN-DM-00462,Type 2,4.5,60.74,Above goal,Yes,Continuous monitor,Unknown,Unknown,Unknown,Present
SYN-DM-00463,Gestational,21.3,41.21,At goal,Yes,None,Unknown,Absent,Present,Present
SYN-DM-00464,Type 2,16.3,41.28,At goal,Yes,Fingerstick,No,Present,Present,Unknown
SYN-DM-00465,Type 1,8.2,38.73,At goal,Yes,Fingerstick,Unknown,Unknown,Present,Present
SYN-DM-00466,Type 1,20.6,47.87,At goal,Yes,Continuous monitor,No,Present,Unknown,Absent
SYN-DM-00467,Type 2,14.1,63.88,Unknown,Yes,Continuous monitor,No,Unknown,Present,Absent
SYN-DM-00468,Type 2,9.0,55.4,At goal,No,None,Yes,Absent,Present,Present
SYN-DM-00469,Type 1,7.9,36.02,At goal,No,Fingerstick,Yes,Present,Unknown,Unknown
SYN-DM-00470,Type 2,1.8,48.6,Above goal,Yes,Continuous monitor,Unknown,Absent,Unknown,Absent
SYN-DM-00471,Type 2,16.0,15.61,Unknown,No,Fingerstick,Yes,Absent,Unknown,Present
SYN-DM-00472,Type 2,16.1,43.04,Unknown,Yes,None,Unknown,Absent,Unknown,Present
SYN-DM-00473,Type 2,12.4,33.7,Above goal,Yes,Fingerstick,No,Present,Present,Absent
SYN-DM-00474,Type 2,12.2,22.16,Unknown,Yes,Continuous monitor,No,Unknown,Absent,Unknown
SYN-DM-00475,Type 2,8.0,47.36,At goal,No,Fingerstick,Unknown,Present,Absent,Unknown
SYN-DM-00476,Type 2,19.1,16.06,Above goal,Yes,None,No,Present,Unknown,Present
SYN-DM-00477,Type 2,19.4,51.33,At goal,No,Fingerstick,Unknown,Absent,Present,Present
SYN-DM-00478,Other,3.4,18.47,Above goal,No,Fingerstick,No,Unknown,Present,Unknown
SYN-DM-00479,Type 2,7.0,61.84,Unknown,No,Fingerstick,Unknown,Unknown,Present,Unknown
SYN-DM-00480,Type 2,15.8,37.35,At goal,Yes,Fingerstick,Unknown,Present,Unknown,Unknown
SYN-DM-00481,Type 2,11.8,48.67,At goal,Yes,Both,No,Absent,Unknown,Present
SYN-DM-00482,Type 1,10.8,61.56,Above goal,No,None,No,Unknown,Unknown,Absent
SYN-DM-00483,Type 2,0.2,19.64,Unknown,No,None,Unknown,Unknown,Absent,Unknown
SYN-DM-00484,Type 2,1.5,34.65,Above goal,Yes,None,No,Unknown,Absent,Unknown
SYN-DM-00485,Type 1,3.5,66.37,Above goal,Yes,Continuous monitor,Unknown,Present,Absent,Present
SYN-DM-00486,Type 2,14.8,50.18,Above goal,Yes,None,Unknown,Unknown,Absent,Unknown
SYN-DM-00487,Type 2,16.6,66.26,At goal,Yes,Both,Unknown,Present,Unknown,Present
SYN-DM-00488,Type 2,9.9,49.53,At goal,No,Continuous monitor,No,Unknown,Absent,Present
SYN-DM-00489,Type 2,12.8,51.7,Unknown,Yes,None,Unknown,Present,Present,Absent
SYN-DM-00490,Type 2,11.3,37.13,Unknown,No,Continuous monitor,No,Unknown,Unknown,Absent
SYN-DM-00491,Type 2,6.8,49.55,Above goal,Yes,Fingerstick,Unknown,Unknown,Present,Present
SYN-DM-00492,Type 2,1.7,67.89,Above goal,No,Continuous monitor,Yes,Absent,Unknown,Absent
SYN-DM-00493,Type 1,14.6,43.01,Above goal,Yes,None,Unknown,Present,Unknown,Present
SYN-DM-00494,Type 1,14.6,28.96,Unknown,Yes,Both,Yes,Present,Absent,Absent
SYN-DM-00495,Type 2,3.2,31.26,Above goal,No,None,No,Absent,Unknown,Present
SYN-DM-00496,Type 1,6.9,35.14,Above goal,Yes,None,Yes,Absent,Unknown,Present
SYN-DM-00497,Type 1,0.6,50.14,Unknown,Yes,None,Yes,Unknown,Present,Present
SYN-DM-00498,Type 2,12.5,35.19,Unknown,Yes,Both,Yes,Unknown,Present,Unknown
SYN-DM-00499,Type 1,19.8,46.61,At goal,Yes,Both,Yes,Absent,Absent,Present
SYN-DM-00500,Type 2,11.5,36.69,Above goal,No,Both,No,Unknown,Present,Present
SYN-DM-00501,Type 2,15.8,37.4,Unknown,No,None,Yes,Absent,Absent,Present
SYN-DM-00502,Type 2,14.8,24.27,Unknown,No,None,Yes,Unknown,Absent,Unknown
SYN-DM-00503,Type 2,6.6,38.18,Unknown,No,Continuous monitor,Yes,Unknown,Present,Absent
SYN-DM-00504,Type 2,7.9,15.94,Above goal,Yes,None,Unknown,Unknown,Unknown,Absent
SYN-DM-00505,Type 2,0.2,21.51,Above goal,Yes,None,Yes,Absent,Present,Unknown
SYN-DM-00506,Type 2,7.8,41.17,Above goal,No,Continuous monitor,Yes,Unknown,Absent,Absent
SYN-DM-00507,Type 1,20.3,52.91,At goal,Yes,Fingerstick,No,Absent,Unknown,Present
SYN-DM-00508,Type 2,18.2,29.09,Above goal,Yes,Continuous monitor,Unknown,Present,Absent,Present
SYN-DM-00509,Type 1,3.4,21.11,Unknown,Yes,Fingerstick,No,Unknown,Unknown,Absent
SYN-DM-00510,Type 2,0.2,29.81,Above goal,Yes,None,Unknown,Present,Present,Unknown
SYN-DM-00511,Type 2,20.6,13.94,Unknown,No,Continuous monitor,No,Unknown,Present,Unknown
SYN-DM-00512,Type 2,4.6,51.53,Above goal,Yes,Fingerstick,Unknown,Present,Unknown,Unknown
SYN-DM-00513,Type 2,25.8,20.27,At goal,Yes,Both,Unknown,Present,Unknown,Unknown
SYN-DM-00514,Type 2,17.8,61.17,Unknown,Yes,None,Yes,Unknown,Unknown,Present
SYN-DM-00515,Type 2,29.3,42.31,Above goal,No,None,Unknown,Unknown,Absent,Absent
SYN-DM-00516,Type 2,5.5,20.22,Above goal,Yes,Both,Unknown,Present,Unknown,Absent
SYN-DM-00517,Type 1,4.8,21.88,Above goal,No,Both,Yes,Present,Unknown,Absent
SYN-DM-00518,Type 1,0.2,49.85,Above goal,Yes,Fingerstick,No,Unknown,Present,Absent
SYN-DM-00519,Type 2,18.3,52.17,Unknown,Yes,Both,No,Unknown,Present,Absent
SYN-DM-00520,Type 2,14.7,12.59,Unknown,No,Fingerstick,No,Present,Present,Absent
SYN-DM-00521,Type 1,0.2,54.69,Unknown,Yes,None,Yes,Unknown,Unknown,Unknown
SYN-DM-00522,Type 2,12.5,61.3,At goal,No,Continuous monitor,No,Unknown,Unknown,Present
SYN-DM-00523,Type 1,7.6,13.96,Above goal,No,Both,Unknown,Absent,Unknown,Unknown
SYN-DM-00524,Type 2,7.9,52.95,At goal,Yes,Continuous monitor,Yes,Unknown,Present,Absent
SYN-DM-00525,Type 2,6.6,26.62,Above goal,No,Fingerstick,No,Unknown,Absent,Absent
SYN-DM-00526,Type 2,11.1,15.97,At goal,No,None,Yes,Unknown,Present,Absent
SYN-DM-00527,Type 2,6.5,26.0,Above goal,Yes,Continuous monitor,No,Absent,Absent,Present
SYN-DM-00528,Gestational,15.1,39.49,Unknown,Yes,Fingerstick,Yes,Absent,Present,Unknown
SYN-DM-00529,Type 2,0.2,30.69,At goal,Yes,None,Yes,Present,Unknown,Absent
SYN-DM-00530,Type 1,17.9,45.4,Unknown,No,Continuous monitor,No,Present,Present,Unknown
SYN-DM-00531,Type 2,7.5,47.47,Above goal,No,None,No,Present,Unknown,Present
SYN-DM-00532,Type 2,16.4,16.69,Unknown,No,Fingerstick,Yes,Absent,Unknown,Absent
SYN-DM-00533,Type 2,15.6,57.78,Above goal,Yes,None,No,Present,Present,Present
SYN-DM-00534,Type 1,11.1,25.67,Above goal,Yes,Continuous monitor,Yes,Present,Present,Present
SYN-DM-00535,Type 1,29.5,13.7,Unknown,Yes,Fingerstick,Unknown,Unknown,Absent,Unknown
SYN-DM-00536,Type 1,8.7,26.07,At goal,Yes,Both,Unknown,Present,Absent,Unknown
SYN-DM-00537,Type 1,15.6,62.73,Unknown,Yes,Fingerstick,Unknown,Unknown,Present,Absent
SYN-DM-00538,Gestational,6.8,22.84,Above goal,Yes,Fingerstick,No,Absent,Unknown,Absent
SYN-DM-00539,Type 2,9.0,18.72,At goal,Yes,Both,Yes,Absent,Unknown,Present
SYN-DM-00540,Type 2,10.6,45.41,Above goal,No,Fingerstick,Yes,Present,Present,Present
SYN-DM-00541,Type 2,9.9,47.65,Unknown,Yes,Both,No,Present,Present,Absent
SYN-DM-00542,Type 1,16.9,66.81,At goal,No,Continuous monitor,No,Present,Unknown,Unknown
SYN-DM-00543,Type 2,13.8,64.99,Above goal,Yes,Continuous monitor,No,Unknown,Unknown,Absent
SYN-DM-00544,Type 2,0.2,15.76,Above goal,No,Both,No,Unknown,Present,Absent
SYN-DM-00545,Type 2,9.2,42.71,Above goal,No,Continuous monitor,No,Absent,Unknown,Absent
SYN-DM-00546,Type 1,4.9,26.33,Above goal,Yes,None,Yes,Unknown,Absent,Absent
SYN-DM-00547,Type 2,12.6,54.3,At goal,Yes,None,Unknown,Absent,Unknown,Unknown
SYN-DM-00548,Type 2,9.2,57.48,At goal,Yes,Fingerstick,Unknown,Absent,Present,Present
SYN-DM-00549,Type 2,12.3,45.33,At goal,No,None,Yes,Absent,Present,Unknown
SYN-DM-00550,Type 2,10.8,41.85,Unknown,No,Continuous monitor,Unknown,Absent,Unknown,Absent
SYN-DM-00551,Type 1,6.1,23.28,Above goal,Yes,Both,No,Unknown,Absent,Absent
SYN-DM-00552,Type 1,1.9,50.88,Above goal,Yes,Continuous monitor,No,Present,Absent,Absent
SYN-DM-00553,Type 2,8.9,38.67,Above goal,Yes,Fingerstick,Yes,Unknown,Unknown,Unknown
SYN-DM-00554,Type 2,20.6,63.55,Unknown,Yes,Both,Unknown,Present,Unknown,Unknown
SYN-DM-00555,Type 2,8.5,50.11,Unknown,Yes,Both,No,Present,Unknown,Absent
SYN-DM-00556,Type 2,3.7,58.67,Unknown,No,Both,Yes,Unknown,Absent,Unknown
SYN-DM-00557,Type 2,11.5,26.75,Above goal,Yes,Fingerstick,Unknown,Absent,Unknown,Unknown
SYN-DM-00558,Type 1,20.4,38.57,Above goal,No,Fingerstick,Unknown,Absent,Unknown,Absent
SYN-DM-00559,Type 2,18.6,29.02,Unknown,No,Fingerstick,Unknown,Absent,Present,Present
SYN-DM-00560,Gestational,12.2,22.02,Above goal,No,Both,Yes,Unknown,Present,Absent
SYN-DM-00561,Type 2,16.1,14.63,At goal,Yes,Continuous monitor,Yes,Unknown,Unknown,Absent
SYN-DM-00562,Other,15.5,33.37,Unknown,Yes,Continuous monitor,Yes,Absent,Unknown,Unknown
SYN-DM-00563,Type 2,10.1,59.46,Above goal,No,None,Yes,Absent,Absent,Present
SYN-DM-00564,Type 2,16.2,33.04,Unknown,Yes,Both,No,Unknown,Absent,Unknown
SYN-DM-00565,Type 2,15.7,14.09,At goal,Yes,Continuous monitor,Yes,Unknown,Unknown,Absent
SYN-DM-00566,Type 2,10.0,61.66,Above goal,Yes,Both,No,Absent,Present,Present
SYN-DM-00567,Type 2,22.4,57.87,Unknown,Yes,Continuous monitor,Yes,Absent,Unknown,Unknown
SYN-DM-00568,Type 2,2.7,59.6,At goal,Yes,Continuous monitor,No,Absent,Absent,Unknown
SYN-DM-00569,Type 1,8.5,51.81,Unknown,No,Both,Unknown,Unknown,Present,Unknown
SYN-DM-00570,Type 2,0.9,38.76,At goal,Yes,None,No,Unknown,Unknown,Present
SYN-DM-00571,Type 2,0.2,58.43,Above goal,Yes,Both,Yes,Absent,Absent,Unknown
SYN-DM-00572,Type 2,6.5,54.68,Above goal,Yes,Fingerstick,No,Unknown,Unknown,Absent
SYN-DM-00573,Type 2,10.0,60.2,Unknown,Yes,Fingerstick,No,Present,Absent,Unknown
SYN-DM-00574,Type 2,9.6,29.49,At goal,No,Fingerstick,No,Absent,Present,Absent
SYN-DM-00575,Other,6.5,52.36,Unknown,Yes,Fingerstick,Yes,Absent,Present,Unknown
SYN-DM-00576,Other,16.2,65.61,Unknown,No,Both,No,Absent,Absent,Present
SYN-DM-00577,Type 2,16.3,23.12,At goal,No,Both,No,Absent,Absent,Unknown
SYN-DM-00578,Type 2,22.1,47.09,Above goal,No,None,No,Unknown,Present,Unknown
SYN-DM-00579,Type 2,2.7,16.67,At goal,Yes,None,No,Absent,Present,Present
SYN-DM-00580,Type 2,18.4,37.11,Unknown,Yes,Both,Yes,Present,Absent,Present
SYN-DM-00581,Type 2,20.2,35.17,At goal,No,Fingerstick,Unknown,Absent,Present,Present
SYN-DM-00582,Type 2,24.3,35.9,At goal,No,Continuous monitor,No,Present,Unknown,Present
SYN-DM-00583,Type 2,16.0,31.52,Above goal,Yes,Both,No,Absent,Unknown,Present
SYN-DM-00584,Other,11.2,56.78,Unknown,Yes,None,No,Absent,Present,Absent
SYN-DM-00585,Type 1,6.9,28.81,Above goal,Yes,Both,No,Present,Unknown,Unknown
SYN-DM-00586,Type 1,14.7,24.34,At goal,No,Continuous monitor,Unknown,Present,Absent,Absent
SYN-DM-00587,Other,20.2,62.45,Above goal,Yes,Fingerstick,Unknown,Absent,Absent,Present
SYN-DM-00588,Type 2,20.7,28.72,Unknown,No,Continuous monitor,Unknown,Unknown,Unknown,Present
SYN-DM-00589,Type 2,17.9,26.63,At goal,No,Continuous monitor,No,Absent,Present,Unknown
SYN-DM-00590,Type 2,0.2,56.23,At goal,No,Fingerstick,No,Absent,Absent,Absent
SYN-DM-00591,Type 2,12.5,36.95,Unknown,Yes,Continuous monitor,No,Unknown,Present,Present
SYN-DM-00592,Type 2,6.8,62.87,Unknown,Yes,None,No,Unknown,Absent,Absent
SYN-DM-00593,Type 1,16.7,50.24,At goal,Yes,Fingerstick,No,Present,Unknown,Present
SYN-DM-00594,Type 2,7.3,46.17,Unknown,No,None,Unknown,Present,Absent,Unknown
SYN-DM-00595,Type 2,0.2,25.77,At goal,No,Fingerstick,Unknown,Present,Absent,Absent
SYN-DM-00596,Type 2,6.4,35.12,At goal,Yes,Continuous monitor,Yes,Present,Unknown,Unknown
SYN-DM-00597,Type 1,0.2,24.73,Above goal,Yes,None,Yes,Present,Unknown,Absent
SYN-DM-00598,Type 2,0.8,17.56,Above goal,No,Both,Yes,Absent,Absent,Unknown
SYN-DM-00599,Type 2,13.8,23.0,At goal,Yes,Both,No,Absent,Unknown,Absent
SYN-DM-00600,Type 2,1.4,39.23,Unknown,Yes,Fingerstick,No,Present,Present,Absent
SYN-DM-00601,Type 2,13.5,45.5,Above goal,Yes,Continuous monitor,Yes,Absent,Present,Absent
SYN-DM-00602,Type 2,4.8,22.21,Above goal,Yes,Continuous monitor,No,Unknown,Unknown,Absent
SYN-DM-00603,Type 2,6.4,64.67,Unknown,Yes,Continuous monitor,Unknown,Present,Present,Absent
SYN-DM-00604,Type 2,12.8,52.99,Above goal,Yes,Fingerstick,Yes,Present,Absent,Unknown
SYN-DM-00605,Type 2,24.2,23.04,Above goal,No,Both,No,Absent,Absent,Absent
SYN-DM-00606,Type 2,7.9,52.66,Above goal,No,Both,No,Unknown,Absent,Absent
SYN-DM-00607,Type 2,2.0,59.16,At goal,Yes,None,No,Present,Unknown,Unknown
SYN-DM-00608,Type 1,10.7,46.9,Unknown,Yes,Continuous monitor,Yes,Unknown,Absent,Absent
SYN-DM-00609,Type 2,1.5,50.91,Above goal,No,None,Yes,Unknown,Present,Present
SYN-DM-00610,Type 2,10.7,24.95,Unknown,Yes,None,Unknown,Present,Absent,Absent
SYN-DM-00611,Type 2,23.1,38.85,Above goal,Yes,Both,Yes,Absent,Absent,Absent
SYN-DM-00612,Type 2,12.7,25.43,Unknown,No,Fingerstick,No,Present,Absent,Present
SYN-DM-00613,Type 2,21.8,64.26,Above goal,No,Both,No,Present,Absent,Unknown
SYN-DM-00614,Type 2,4.2,22.67,Unknown,No,Continuous monitor,Yes,Unknown,Unknown,Absent
SYN-DM-00615,Type 2,9.8,59.57,At goal,Yes,Both,Yes,Absent,Present,Absent
SYN-DM-00616,Type 2,19.4,32.73,At goal,No,Both,Unknown,Absent,Absent,Present
SYN-DM-00617,Type 2,21.4,46.38,Above goal,Yes,Continuous monitor,Unknown,Present,Unknown,Present
SYN-DM-00618,Type 2,0.2,29.78,At goal,No,Fingerstick,Unknown,Absent,Absent,Unknown
SYN-DM-00619,Type 2,1.3,65.75,Unknown,No,None,Yes,Present,Unknown,Unknown
SYN-DM-00620,Gestational,4.7,45.43,At goal,No,Both,No,Present,Present,Absent
SYN-DM-00621,Type 2,8.0,40.11,Above goal,Yes,Fingerstick,Yes,Unknown,Absent,Unknown
SYN-DM-00622,Type 1,7.3,55.54,Above goal,No,Both,No,Absent,Unknown,Present
SYN-DM-00623,Type 2,12.9,19.47,Unknown,Yes,Fingerstick,Yes,Present,Unknown,Present
SYN-DM-00624,Type 2,6.1,14.01,At goal,No,Both,No,Absent,Present,Present
SYN-DM-00625,Type 2,4.3,60.79,Above goal,No,Both,No,Unknown,Absent,Present
SYN-DM-00626,Type 2,0.2,22.02,At goal,Yes,None,Yes,Absent,Unknown,Absent
SYN-DM-00627,Type 1,6.3,40.44,Above goal,Yes,Both,Yes,Unknown,Unknown,Unknown
SYN-DM-00628,Type 2,6.2,12.07,At goal,No,Fingerstick,Unknown,Present,Present,Present
SYN-DM-00629,Type 2,22.6,13.54,Unknown,Yes,Both,No,Unknown,Absent,Absent
SYN-DM-00630,Type 1,0.2,50.74,Above goal,No,Continuous monitor,Unknown,Present,Unknown,Unknown
SYN-DM-00631,Other,10.9,28.77,At goal,No,Fingerstick,Unknown,Present,Absent,Absent
SYN-DM-00632,Type 2,14.0,30.11,Above goal,No,Fingerstick,No,Unknown,Present,Absent
SYN-DM-00633,Type 1,2.8,47.15,Unknown,Yes,None,No,Absent,Unknown,Absent
SYN-DM-00634,Type 2,15.5,65.45,At goal,Yes,Both,No,Unknown,Unknown,Absent
SYN-DM-00635,Type 2,17.9,25.76,Above goal,No,Both,No,Present,Present,Present
SYN-DM-00636,Type 2,7.1,39.63,Unknown,Yes,None,Yes,Absent,Absent,Absent
SYN-DM-00637,Type 2,23.5,40.42,Above goal,No,Fingerstick,No,Unknown,Unknown,Unknown
SYN-DM-00638,Type 1,12.5,31.25,Unknown,Yes,Both,Unknown,Present,Absent,Absent
SYN-DM-00639,Type 2,16.9,47.68,Unknown,Yes,None,Yes,Unknown,Unknown,Absent
SYN-DM-00640,Type 2,14.9,26.34,At goal,Yes,None,No,Present,Absent,Unknown
SYN-DM-00641,Type 1,23.4,37.02,At goal,Yes,Fingerstick,No,Present,Present,Absent
SYN-DM-00642,Type 2,15.1,31.71,Unknown,No,Continuous monitor,Unknown,Present,Absent,Unknown
SYN-DM-00643,Type 1,3.2,16.56,At goal,Yes,Both,No,Unknown,Unknown,Unknown
SYN-DM-00644,Type 2,14.7,53.95,Unknown,No,Both,Yes,Absent,Unknown,Unknown
SYN-DM-00645,Type 2,13.4,43.32,Unknown,No,Both,No,Unknown,Present,Present
SYN-DM-00646,Type 2,10.8,67.19,Above goal,No,Both,Unknown,Unknown,Unknown,Unknown
SYN-DM-00647,Type 2,16.0,20.94,At goal,No,Continuous monitor,No,Present,Absent,Absent
SYN-DM-00648,Type 1,4.7,16.43,Above goal,Yes,Fingerstick,Unknown,Present,Present,Present
SYN-DM-00649,Type 2,11.9,39.79,At goal,Yes,None,Yes,Absent,Present,Unknown
SYN-DM-00650,Type 2,6.4,64.73,Above goal,Yes,Fingerstick,No,Absent,Present,Absent
SYN-DM-00651,Type 2,13.5,60.45,At goal,Yes,None,No,Absent,Present,Present
SYN-DM-00652,Type 2,8.5,39.3,Unknown,Yes,None,Yes,Unknown,Absent,Present
SYN-DM-00653,Type 2,10.1,24.34,Unknown,Yes,Both,Unknown,Absent,Present,Present
SYN-DM-00654,Type 1,0.2,45.05,Unknown,Yes,Fingerstick,No,Present,Present,Absent
SYN-DM-00655,Type 2,2.9,46.98,At goal,Yes,Fingerstick,Unknown,Present,Unknown,Absent
SYN-DM-00656,Type 2,11.6,22.84,Above goal,Yes,Fingerstick,No,Unknown,Unknown,Unknown
SYN-DM-00657,Type 2,10.5,22.85,At goal,Yes,None,Unknown,Unknown,Present,Unknown
SYN-DM-00658,Type 1,28.4,56.11,At goal,No,None,Yes,Absent,Absent,Absent
SYN-DM-00659,Type 2,21.0,31.17,At goal,No,None,Yes,Unknown,Absent,Present
SYN-DM-00660,Gestational,15.9,23.4,Above goal,Yes,None,No,Unknown,Unknown,Absent
SYN-DM-00661,Type 2,15.0,42.7,At goal,No,None,Unknown,Unknown,Present,Absent
SYN-DM-00662,Type 2,19.6,14.39,Above goal,No,Continuous monitor,Unknown,Absent,Unknown,Absent
SYN-DM-00663,Other,0.2,25.42,At goal,Yes,Continuous monitor,Unknown,Unknown,Unknown,Present
SYN-DM-00664,Type 2,3.6,53.76,Unknown,No,Continuous monitor,No,Unknown,Unknown,Absent
SYN-DM-00665,Type 1,11.7,24.78,Above goal,No,None,No,Absent,Absent,Unknown
SYN-DM-00666,Type 2,11.4,64.51,Above goal,Yes,None,Unknown,Unknown,Present,Unknown
SYN-DM-00667,Type 2,27.9,16.14,Above goal,Yes,Both,Unknown,Unknown,Unknown,Present
SYN-DM-00668,Type 2,7.6,45.61,Unknown,No,None,Unknown,Unknown,Absent,Unknown
SYN-DM-00669,Type 2,20.2,21.87,Unknown,No,Continuous monitor,No,Absent,Absent,Unknown
SYN-DM-00670,Other,20.8,32.31,Unknown,Yes,Fingerstick,Yes,Unknown,Absent,Unknown
SYN-DM-00671,Type 2,24.5,32.09,Unknown,Yes,Both,Unknown,Unknown,Present,Absent
SYN-DM-00672,Type 2,14.3,56.0,At goal,No,None,Yes,Absent,Absent,Absent
SYN-DM-00673,Type 2,8.5,67.28,Above goal,No,Both,No,Present,Unknown,Absent
SYN-DM-00674,Type 2,13.2,30.97,Unknown,Yes,Both,No,Absent,Present,Absent
SYN-DM-00675,Gestational,21.5,12.02,At goal,Yes,Fingerstick,No,Absent,Absent,Unknown
SYN-DM-00676,Type 1,11.0,57.83,Unknown,Yes,Both,Yes,Unknown,Present,Present
SYN-DM-00677,Type 2,23.2,27.14,At goal,Yes,Continuous monitor,Yes,Absent,Present,Absent
SYN-DM-00678,Type 2,0.2,37.67,At goal,Yes,None,No,Unknown,Unknown,Unknown
SYN-DM-00679,Type 2,10.4,32.29,Above goal,Yes,Fingerstick,Unknown,Unknown,Absent,Absent
SYN-DM-00680,Type 2,8.1,17.14,At goal,Yes,None,Yes,Present,Present,Absent
SYN-DM-00681,Type 2,2.5,42.55,Unknown,No,Both,Yes,Present,Present,Present
SYN-DM-00682,Type 2,14.9,13.26,Above goal,Yes,None,Unknown,Present,Present,Absent
SYN-DM-00683,Type 2,9.1,41.15,Unknown,Yes,None,Yes,Unknown,Present,Unknown
SYN-DM-00684,Type 2,16.2,50.07,Above goal,No,Both,No,Absent,Present,Absent
SYN-DM-00685,Type 2,3.6,40.76,Above goal,No,Continuous monitor,Unknown,Absent,Absent,Unknown
SYN-DM-00686,Type 2,0.2,25.74,Unknown,Yes,None,Yes,Unknown,Unknown,Absent
SYN-DM-00687,Type 1,27.8,67.36,Unknown,Yes,None,No,Present,Absent,Absent
SYN-DM-00688,Type 1,9.7,54.04,Above goal,Yes,None,Unknown,Present,Unknown,Present
SYN-DM-00689,Type 2,3.2,30.43,Unknown,No,Continuous monitor,Unknown,Present,Absent,Present
SYN-DM-00690,Type 2,12.2,21.49,Unknown,Yes,Continuous monitor,No,Absent,Unknown,Unknown
SYN-DM-00691,Type 1,0.2,13.81,At goal,No,Continuous monitor,Yes,Unknown,Unknown,Present
SYN-DM-00692,Type 1,8.1,12.32,At goal,Yes,Both,No,Absent,Present,Present
SYN-DM-00693,Type 1,18.0,44.38,At goal,Yes,Continuous monitor,Unknown,Unknown,Absent,Unknown
SYN-DM-00694,Type 2,26.7,61.72,At goal,No,Fingerstick,No,Unknown,Present,Present
SYN-DM-00695,Type 2,28.8,15.55,At goal,Yes,Fingerstick,Yes,Absent,Absent,Absent
SYN-DM-00696,Type 2,12.0,62.22,Unknown,Yes,None,Yes,Present,Present,Absent
SYN-DM-00697,Type 1,8.5,46.52,Above goal,Yes,Continuous monitor,Unknown,Absent,Unknown,Absent
SYN-DM-00698,Type 2,12.1,65.64,Above goal,No,Continuous monitor,No,Unknown,Absent,Absent
SYN-DM-00699,Other,8.5,32.2,Unknown,No,Continuous monitor,Yes,Absent,Unknown,Present
SYN-DM-00700,Type 2,14.7,65.87,At goal,No,Both,No,Unknown,Unknown,Unknown
SYN-DM-00701,Type 1,15.2,47.03,Unknown,Yes,Fingerstick,No,Absent,Absent,Unknown
SYN-DM-00702,Other,0.2,42.86,Unknown,Yes,Continuous monitor,Yes,Absent,Unknown,Unknown
SYN-DM-00703,Other,14.8,19.01,Unknown,No,None,No,Absent,Unknown,Present
SYN-DM-00704,Type 2,18.5,43.38,Unknown,Yes,Both,No,Unknown,Present,Absent
SYN-DM-00705,Type 2,5.5,29.49,Unknown,Yes,Continuous monitor,Unknown,Unknown,Unknown,Present
SYN-DM-00706,Type 2,18.1,35.22,Above goal,Yes,Both,Yes,Absent,Absent,Absent
SYN-DM-00707,Type 2,15.3,38.25,Unknown,No,Both,Unknown,Unknown,Unknown,Absent
SYN-DM-00708,Other,5.3,50.12,Above goal,Yes,None,No,Unknown,Absent,Absent
SYN-DM-00709,Type 2,10.9,42.26,Above goal,Yes,Continuous monitor,Unknown,Present,Absent,Present
SYN-DM-00710,Type 2,11.3,26.51,Unknown,Yes,Both,Unknown,Unknown,Present,Present
SYN-DM-00711,Type 2,0.2,57.3,At goal,Yes,Both,Unknown,Unknown,Unknown,Unknown
SYN-DM-00712,Type 2,17.7,26.64,Unknown,Yes,Fingerstick,Yes,Absent,Unknown,Unknown
SYN-DM-00713,Type 2,11.1,23.42,Above goal,No,None,Yes,Absent,Present,Absent
SYN-DM-00714,Type 2,13.8,38.6,Above goal,No,Fingerstick,Unknown,Absent,Unknown,Present
SYN-DM-00715,Type 2,16.2,59.87,Unknown,No,Fingerstick,Unknown,Present,Unknown,Unknown
SYN-DM-00716,Type 2,9.0,51.73,At goal,Yes,None,No,Absent,Absent,Unknown
SYN-DM-00717,Type 2,10.9,55.84,At goal,Yes,Both,No,Unknown,Present,Absent
SYN-DM-00718,Type 2,9.3,31.03,Above goal,No,None,Yes,Absent,Present,Absent
SYN-DM-00719,Type 2,14.0,17.18,Above goal,Yes,Fingerstick,Yes,Absent,Absent,Absent
SYN-DM-00720,Type 2,5.0,44.11,At goal,Yes,None,Unknown,Present,Present,Present
SYN-DM-00721,Gestational,14.0,15.81,Unknown,Yes,Continuous monitor,Yes,Absent,Present,Present
SYN-DM-00722,Type 2,2.5,30.66,Unknown,No,Both,Unknown,Absent,Absent,Unknown
SYN-DM-00723,Type 2,7.6,34.31,At goal,Yes,Both,Unknown,Absent,Absent,Present
SYN-DM-00724,Type 2,15.0,30.38,Above goal,Yes,Both,No,Present,Present,Unknown
SYN-DM-00725,Type 2,14.0,37.71,Unknown,Yes,Both,Unknown,Absent,Absent,Absent
SYN-DM-00726,Type 2,12.0,30.33,At goal,No,Fingerstick,No,Absent,Absent,Present
SYN-DM-00727,Other,0.2,56.55,Unknown,Yes,Continuous monitor,No,Absent,Present,Absent
SYN-DM-00728,Type 2,0.2,23.27,At goal,No,Fingerstick,No,Present,Present,Unknown
SYN-DM-00729,Type 2,9.2,25.32,Above goal,No,Continuous monitor,Unknown,Unknown,Unknown,Absent
SYN-DM-00730,Type 2,11.6,49.63,Unknown,No,Fingerstick,Unknown,Unknown,Unknown,Unknown
SYN-DM-00731,Type 2,22.2,25.62,At goal,Yes,Fingerstick,Yes,Unknown,Present,Unknown
SYN-DM-00732,Type 2,10.0,36.73,Above goal,Yes,Fingerstick,No,Unknown,Unknown,Present
SYN-DM-00733,Type 2,1.9,62.37,Above goal,No,Fingerstick,Unknown,Unknown,Present,Present
SYN-DM-00734,Type 1,0.2,58.1,Above goal,Yes,None,Unknown,Unknown,Absent,Absent
SYN-DM-00735,Type 2,3.3,24.96,Unknown,No,Both,Unknown,Absent,Unknown,Unknown
SYN-DM-00736,Type 1,8.1,21.97,Unknown,Yes,Fingerstick,No,Unknown,Absent,Unknown
SYN-DM-00737,Type 2,5.7,51.73,At goal,No,Both,Unknown,Absent,Present,Unknown
SYN-DM-00738,Type 2,13.9,50.95,At goal,Yes,None,Unknown,Unknown,Present,Present
SYN-DM-00739,Type 2,19.2,34.62,Unknown,Yes,Continuous monitor,Unknown,Present,Absent,Unknown
SYN-DM-00740,Type 2,1.9,23.54,Above goal,Yes,Both,No,Absent,Unknown,Unknown
SYN-DM-00741,Type 2,17.0,12.34,Above goal,Yes,Both,Unknown,Absent,Unknown,Absent
SYN-DM-00742,Type 2,10.5,59.57,Unknown,No,Fingerstick,No,Absent,Unknown,Present
SYN-DM-00743,Type 1,19.0,24.59,Unknown,No,None,No,Present,Present,Present
SYN-DM-00744,Type 1,4.7,32.18,At goal,Yes,Both,Unknown,Unknown,Present,Present
SYN-DM-00745,Type 1,9.3,55.7,Above goal,No,Continuous monitor,No,Unknown,Present,Present
SYN-DM-00746,Type 2,7.7,31.46,Above goal,Yes,Both,Unknown,Unknown,Present,Unknown
SYN-DM-00747,Type 2,13.9,13.79,Unknown,No,Fingerstick,Unknown,Unknown,Present,Unknown
SYN-DM-00748,Type 2,1.1,53.02,Above goal,No,Fingerstick,Yes,Unknown,Unknown,Present
SYN-DM-00749,Type 1,6.0,40.19,Above goal,Yes,Continuous monitor,No,Absent,Absent,Present
SYN-DM-00750,Type 2,0.2,57.18,Unknown,No,Both,Yes,Unknown,Absent,Absent
SYN-DM-00751,Gestational,6.4,41.61,Above goal,Yes,Fingerstick,Unknown,Unknown,Unknown,Unknown
SYN-DM-00752,Type 2,1.8,49.24,At goal,No,None,No,Unknown,Unknown,Unknown
SYN-DM-00753,Type 2,10.8,65.72,At goal,No,Fingerstick,No,Absent,Present,Absent
SYN-DM-00754,Type 2,20.1,14.77,Above goal,No,None,Yes,Present,Present,Present
SYN-DM-00755,Type 2,18.6,40.6,Unknown,Yes,Continuous monitor,Unknown,Absent,Unknown,Absent
SYN-DM-00756,Type 2,11.2,15.83,Above goal,Yes,Fingerstick,Yes,Unknown,Absent,Unknown
SYN-DM-00757,Type 2,20.5,66.81,At goal,No,Fingerstick,Unknown,Absent,Absent,Present
SYN-DM-00758,Gestational,17.3,17.39,Above goal,Yes,Continuous monitor,Yes,Absent,Unknown,Unknown
SYN-DM-00759,Type 2,15.1,51.28,At goal,Yes,Both,No,Absent,Unknown,Absent
SYN-DM-00760,Type 2,12.0,51.48,Unknown,No,Continuous monitor,Yes,Present,Present,Present
SYN-DM-00761,Type 2,2.0,38.46,Above goal,No,Continuous monitor,Unknown,Unknown,Unknown,Absent
SYN-DM-00762,Type 1,7.0,59.75,Unknown,Yes,Both,No,Present,Absent,Present
SYN-DM-00763,Type 2,1.7,38.04,Unknown,Yes,None,Unknown,Absent,Unknown,Present
SYN-DM-00764,Type 2,13.9,50.94,Unknown,No,Fingerstick,No,Absent,Present,Absent
SYN-DM-00765,Type 2,7.5,25.8,Above goal,Yes,Fingerstick,Yes,Absent,Present,Absent
SYN-DM-00766,Other,19.3,67.59,At goal,No,None,Unknown,Unknown,Absent,Unknown
SYN-DM-00767,Type 2,14.0,54.39,At goal,Yes,Continuous monitor,Yes,Unknown,Absent,Absent
SYN-DM-00768,Type 2,10.0,59.21,Above goal,Yes,Both,Unknown,Unknown,Absent,Absent
SYN-DM-00769,Type 2,7.4,16.3,Above goal,No,Both,Unknown,Present,Unknown,Absent
SYN-DM-00770,Type 2,1.1,36.04,Above goal,No,None,Yes,Present,Present,Unknown
SYN-DM-00771,Type 2,20.7,62.35,Unknown,No,Both,No,Absent,Unknown,Absent
SYN-DM-00772,Type 2,0.2,43.16,At goal,No,Fingerstick,Yes,Present,Unknown,Unknown
SYN-DM-00773,Type 2,0.2,51.86,Unknown,Yes,Both,No,Absent,Unknown,Unknown
SYN-DM-00774,Type 2,14.0,62.14,Unknown,Yes,Fingerstick,Yes,Absent,Unknown,Present
SYN-DM-00775,Type 1,8.0,67.34,At goal,No,Both,No,Absent,Unknown,Absent
SYN-DM-00776,Type 2,6.9,22.46,Above goal,No,None,Yes,Present,Unknown,Present
SYN-DM-00777,Other,5.1,59.49,Above goal,No,Continuous monitor,Yes,Absent,Absent,Unknown
SYN-DM-00778,Type 2,16.3,20.17,Above goal,Yes,Fingerstick,Yes,Unknown,Absent,Absent
SYN-DM-00779,Type 1,4.2,48.4,Unknown,Yes,None,Yes,Absent,Absent,Unknown
SYN-DM-00780,Type 1,20.6,50.25,At goal,Yes,Continuous monitor,Unknown,Absent,Absent,Absent
SYN-DM-00781,Type 2,19.8,47.97,Unknown,Yes,Both,No,Absent,Present,Absent
SYN-DM-00782,Type 2,14.7,24.93,Unknown,No,Both,Yes,Unknown,Present,Absent
SYN-DM-00783,Type 2,23.8,64.77,Unknown,Yes,Continuous monitor,No,Unknown,Unknown,Unknown
SYN-DM-00784,Type 2,0.2,46.49,Unknown,No,Both,No,Unknown,Unknown,Present
SYN-DM-00785,Type 2,17.0,37.15,At goal,Yes,Both,No,Unknown,Absent,Absent
SYN-DM-00786,Type 2,16.3,19.06,At goal,Yes,Both,No,Unknown,Absent,Absent
SYN-DM-00787,Type 2,9.0,40.3,Unknown,No,Fingerstick,Unknown,Present,Unknown,Absent
SYN-DM-00788,Type 2,6.1,29.65,Unknown,No,Continuous monitor,Unknown,Unknown,Present,Absent
SYN-DM-00789,Type 2,16.6,47.83,At goal,Yes,Fingerstick,Yes,Absent,Absent,Absent
SYN-DM-00790,Type 2,5.7,66.24,Unknown,No,Both,Unknown,Present,Absent,Present
SYN-DM-00791,Type 1,0.6,53.99,Above goal,Yes,Fingerstick,No,Present,Present,Absent
SYN-DM-00792,Type 2,11.8,13.98,Unknown,Yes,Both,No,Absent,Unknown,Unknown
SYN-DM-00793,Type 1,4.3,61.65,Unknown,Yes,Continuous monitor,Unknown,Unknown,Present,Unknown
SYN-DM-00794,Type 1,8.9,58.42,At goal,Yes,Continuous monitor,Unknown,Present,Present,Unknown
SYN-DM-00795,Type 2,9.8,20.47,Unknown,Yes,Continuous monitor,No,Unknown,Unknown,Present
SYN-DM-00796,Type 2,20.6,14.32,Unknown,Yes,Fingerstick,No,Present,Unknown,Present
SYN-DM-00797,Type 2,13.5,57.14,Above goal,No,Continuous monitor,Unknown,Absent,Unknown,Absent
SYN-DM-00798,Type 2,10.0,50.42,Above goal,No,Both,Unknown,Unknown,Absent,Present
SYN-DM-00799,Type 2,11.7,44.08,At goal,Yes,Continuous monitor,No,Unknown,Present,Absent
SYN-DM-00800,Other,17.4,47.36,At goal,No,Continuous monitor,Yes,Unknown,Unknown,Present
SYN-DM-00801,Type 2,10.7,26.06,Above goal,Yes,Fingerstick,Unknown,Unknown,Unknown,Present
SYN-DM-00802,Type 2,11.3,51.44,At goal,No,Continuous monitor,No,Unknown,Present,Absent
SYN-DM-00803,Type 2,18.6,46.63,Unknown,No,Both,No,Unknown,Unknown,Absent
SYN-DM-00804,Type 2,4.9,35.35,Above goal,No,Continuous monitor,Unknown,Unknown,Unknown,Unknown
SYN-DM-00805,Type 2,18.7,59.93,Above goal,No,Continuous monitor,Yes,Absent,Absent,Absent
SYN-DM-00806,Gestational,11.2,13.19,At goal,No,Continuous monitor,Yes,Absent,Absent,Absent
SYN-DM-00807,Type 2,18.6,43.15,Above goal,Yes,None,Unknown,Absent,Unknown,Unknown
SYN-DM-00808,Type 2,0.2,16.0,Unknown,Yes,Both,No,Unknown,Unknown,Absent
SYN-DM-00809,Type 1,14.4,13.58,Unknown,No,Both,Unknown,Unknown,Present,Present
SYN-DM-00810,Type 2,8.7,37.92,At goal,No,Fingerstick,No,Present,Present,Unknown
SYN-DM-00811,Type 2,5.7,22.05,At goal,Yes,Continuous monitor,No,Unknown,Absent,Absent
SYN-DM-00812,Type 1,8.4,34.19,Above goal,Yes,Both,Unknown,Absent,Present,Unknown
SYN-DM-00813,Type 2,6.8,46.18,At goal,No,Both,Yes,Unknown,Present,Unknown
SYN-DM-00814,Type 2,6.0,48.81,At goal,No,Continuous monitor,Yes,Unknown,Absent,Unknown
SYN-DM-00815,Type 2,6.6,19.54,At goal,Yes,Continuous monitor,Yes,Present,Present,Absent
SYN-DM-00816,Type 2,6.3,40.62,Above goal,Yes,Fingerstick,Unknown,Absent,Present,Absent
SYN-DM-00817,Type 2,1.5,46.54,At goal,Yes,Fingerstick,No,Present,Present,Present
SYN-DM-00818,Type 2,19.3,14.7,Unknown,Yes,Fingerstick,Yes,Unknown,Present,Unknown
SYN-DM-00819,Type 1,9.4,20.69,Unknown,Yes,Continuous monitor,Yes,Unknown,Absent,Present
SYN-DM-00820,Type 1,0.2,48.15,Unknown,No,Fingerstick,Yes,Present,Present,Unknown
SYN-DM-00821,Type 2,1.2,61.68,Above goal,Yes,Fingerstick,Yes,Present,Present,Unknown
SYN-DM-00822,Type 2,9.6,61.02,Unknown,Yes,Both,No,Present,Absent,Absent
SYN-DM-00823,Type 1,12.3,47.07,Unknown,Yes,Fingerstick,Yes,Unknown,Absent,Absent
SYN-DM-00824,Type 2,17.9,33.47,Above goal,Yes,Continuous monitor,No,Present,Unknown,Present
SYN-DM-00825,Type 2,4.0,45.63,At goal,Yes,Both,Unknown,Present,Absent,Absent
SYN-DM-00826,Type 2,0.2,36.54,Above goal,No,Continuous monitor,Unknown,Unknown,Absent,Present
SYN-DM-00827,Type 2,0.2,13.82,At goal,Yes,Fingerstick,No,Unknown,Present,Absent
SYN-DM-00828,Type 2,14.9,16.41,At goal,Yes,None,No,Unknown,Unknown,Unknown
SYN-DM-00829,Type 1,0.2,33.67,At goal,No,None,Yes,Present,Present,Absent
SYN-DM-00830,Type 2,13.2,38.83,Above goal,No,Both,Unknown,Absent,Absent,Present
SYN-DM-00831,Type 2,12.9,55.15,Unknown,Yes,None,Unknown,Unknown,Unknown,Unknown
SYN-DM-00832,Type 2,23.0,57.76,Unknown,Yes,Fingerstick,Yes,Present,Present,Unknown
SYN-DM-00833,Type 2,10.0,29.08,Above goal,No,None,Yes,Present,Unknown,Absent
SYN-DM-00834,Type 1,6.1,38.96,Above goal,Yes,Continuous monitor,No,Present,Present,Unknown
SYN-DM-00835,Type 2,0.2,34.25,Unknown,Yes,None,Unknown,Present,Unknown,Absent
SYN-DM-00836,Type 2,15.3,21.26,Unknown,No,Continuous monitor,Unknown,Unknown,Absent,Absent
SYN-DM-00837,Type 1,10.8,17.94,Above goal,Yes,None,Unknown,Unknown,Present,Unknown
SYN-DM-00838,Type 2,0.2,51.49,At goal,No,Fingerstick,Unknown,Unknown,Absent,Absent
SYN-DM-00839,Type 2,6.9,48.75,Unknown,Yes,Continuous monitor,Unknown,Present,Absent,Absent
SYN-DM-00840,Type 2,24.5,36.1,Unknown,No,None,Unknown,Absent,Unknown,Absent
SYN-DM-00841,Other,13.5,54.41,Unknown,Yes,Fingerstick,Unknown,Absent,Absent,Present
SYN-DM-00842,Type 1,7.7,57.66,Above goal,No,Continuous monitor,No,Absent,Absent,Unknown
SYN-DM-00843,Type 2,14.9,21.43,Above goal,Yes,Both,No,Present,Unknown,Present
SYN-DM-00844,Type 2,16.4,39.34,Unknown,No,None,No,Unknown,Unknown,Present
SYN-DM-00845,Other,11.3,30.89,Unknown,Yes,Both,No,Absent,Unknown,Absent
SYN-DM-00846,Type 1,12.8,56.43,Above goal,Yes,Continuous monitor,Yes,Unknown,Present,Absent
SYN-DM-00847,Gestational,12.6,19.2,At goal,No,None,No,Present,Present,Absent
SYN-DM-00848,Type 2,0.9,66.31,At goal,Yes,Both,No,Absent,Unknown,Absent
SYN-DM-00849,Type 2,6.1,36.86,Unknown,No,Both,Yes,Present,Unknown,Unknown
SYN-DM-00850,Type 2,5.2,67.69,Above goal,No,Both,No,Absent,Present,Absent
SYN-DM-00851,Type 2,18.9,40.71,Above goal,No,None,No,Present,Present,Present
SYN-DM-00852,Type 2,10.2,39.25,Above goal,Yes,Both,Yes,Present,Absent,Present
SYN-DM-00853,Type 1,9.0,47.0,Unknown,No,None,Unknown,Present,Present,Unknown
SYN-DM-00854,Type 2,13.7,47.61,At goal,No,Both,No,Present,Unknown,Unknown
SYN-DM-00855,Type 2,13.7,40.25,Above goal,No,Both,Yes,Present,Absent,Unknown
SYN-DM-00856,Type 2,17.3,44.16,Above goal,No,Both,Yes,Present,Present,Unknown
SYN-DM-00857,Type 2,12.9,53.76,At goal,Yes,Fingerstick,Unknown,Absent,Present,Absent
SYN-DM-00858,Type 2,2.1,19.72,Unknown,Yes,None,No,Present,Present,Absent
SYN-DM-00859,Type 2,9.1,62.89,Unknown,Yes,Continuous monitor,Unknown,Present,Unknown,Absent
SYN-DM-00860,Type 2,13.5,62.93,Unknown,Yes,Continuous monitor,No,Absent,Absent,Present
SYN-DM-00861,Type 1,0.2,29.72,Above goal,Yes,Fingerstick,Unknown,Absent,Unknown,Absent
SYN-DM-00862,Type 1,18.8,64.28,At goal,Yes,None,Yes,Unknown,Present,Present
SYN-DM-00863,Type 2,14.1,19.44,At goal,No,Continuous monitor,Yes,Unknown,Unknown,Unknown
SYN-DM-00864,Type 2,19.5,60.28,At goal,No,Continuous monitor,No,Absent,Unknown,Absent
SYN-DM-00865,Type 2,22.0,27.59,At goal,Yes,Both,Unknown,Unknown,Unknown,Unknown
SYN-DM-00866,Gestational,0.8,21.8,At goal,Yes,Continuous monitor,No,Present,Unknown,Present
SYN-DM-00867,Type 2,11.7,24.34,Unknown,No,Fingerstick,Unknown,Unknown,Absent,Present
SYN-DM-00868,Type 2,11.2,39.06,Unknown,No,None,Unknown,Absent,Unknown,Unknown
SYN-DM-00869,Type 2,0.2,32.59,Above goal,No,None,No,Unknown,Absent,Unknown
SYN-DM-00870,Type 2,15.9,57.42,Above goal,Yes,Fingerstick,Unknown,Absent,Absent,Unknown
SYN-DM-00871,Type 1,13.3,41.09,Above goal,Yes,Fingerstick,No,Absent,Present,Absent
SYN-DM-00872,Type 2,19.3,20.6,Above goal,No,Both,Yes,Present,Unknown,Present
SYN-DM-00873,Type 2,17.8,45.97,Unknown,Yes,Both,Unknown,Absent,Present,Unknown
SYN-DM-00874,Type 2,12.8,63.4,At goal,No,Continuous monitor,No,Present,Absent,Present
SYN-DM-00875,Type 2,0.3,61.47,Above goal,Yes,None,Unknown,Present,Absent,Absent
SYN-DM-00876,Type 1,6.3,50.63,Above goal,No,Both,No,Unknown,Present,Present
SYN-DM-00877,Type 2,6.9,67.08,Above goal,Yes,Continuous monitor,Unknown,Unknown,Absent,Absent
SYN-DM-00878,Type 2,0.2,31.62,Unknown,Yes,Continuous monitor,Yes,Unknown,Unknown,Present
SYN-DM-00879,Type 2,3.2,37.38,Above goal,No,None,No,Present,Unknown,Absent
SYN-DM-00880,Type 2,0.2,59.68,Unknown,Yes,Fingerstick,No,Absent,Absent,Present
SYN-DM-00881,Type 2,19.9,64.95,Unknown,No,Both,Unknown,Unknown,Present,Present
SYN-DM-00882,Gestational,10.2,13.94,Above goal,Yes,Continuous monitor,Unknown,Absent,Unknown,Present
SYN-DM-00883,Type 2,17.2,53.05,Above goal,Yes,Fingerstick,Yes,Present,Present,Present
SYN-DM-00884,Type 2,13.5,33.41,Above goal,Yes,Both,No,Unknown,Present,Present
SYN-DM-00885,Other,13.3,55.0,Unknown,Yes,Fingerstick,Yes,Absent,Unknown,Absent
SYN-DM-00886,Type 2,11.8,53.9,Above goal,No,None,Unknown,Absent,Present,Unknown
SYN-DM-00887,Type 2,7.7,23.33,At goal,Yes,None,Unknown,Absent,Absent,Absent
SYN-DM-00888,Type 2,7.9,41.98,Unknown,Yes,None,No,Present,Unknown,Absent
SYN-DM-00889,Type 2,14.9,27.62,Unknown,No,Both,Unknown,Absent,Absent,Unknown
SYN-DM-00890,Type 2,6.6,36.83,At goal,Yes,None,No,Unknown,Absent,Absent
SYN-DM-00891,Type 2,14.6,47.04,At goal,No,Both,Unknown,Present,Absent,Present
SYN-DM-00892,Type 1,12.5,19.05,At goal,Yes,Continuous monitor,No,Unknown,Absent,Unknown
SYN-DM-00893,Type 1,11.2,57.46,Above goal,No,Continuous monitor,No,Present,Absent,Present
SYN-DM-00894,Type 2,7.8,24.9,Unknown,Yes,Both,No,Unknown,Absent,Absent
SYN-DM-00895,Type 1,13.6,21.42,At goal,No,Fingerstick,No,Present,Present,Present
SYN-DM-00896,Type 2,26.6,13.5,Above goal,No,Continuous monitor,Unknown,Unknown,Unknown,Unknown
SYN-DM-00897,Type 2,15.8,33.3,At goal,Yes,Both,No,Absent,Unknown,Present
SYN-DM-00898,Type 1,11.3,36.28,Above goal,Yes,None,Unknown,Present,Unknown,Unknown
SYN-DM-00899,Type 2,3.3,60.79,At goal,Yes,Fingerstick,Unknown,Unknown,Present,Unknown
SYN-DM-00900,Type 2,13.7,29.91,Above goal,No,Continuous monitor,Yes,Unknown,Absent,Unknown
SYN-DM-00901,Type 2,17.7,60.25,At goal,Yes,Fingerstick,Yes,Present,Absent,Present
SYN-DM-00902,Type 2,11.3,55.53,At goal,Yes,None,No,Present,Absent,Unknown
SYN-DM-00903,Type 2,10.2,47.93,Unknown,Yes,Both,Yes,Present,Absent,Unknown
SYN-DM-00904,Type 2,11.1,25.71,Above goal,No,Fingerstick,Unknown,Unknown,Present,Unknown
SYN-DM-00905,Type 2,9.4,36.91,Above goal,No,Both,No,Unknown,Unknown,Present
SYN-DM-00906,Type 2,10.6,53.39,Unknown,No,Both,Yes,Absent,Unknown,Unknown
SYN-DM-00907,Other,4.7,13.41,Unknown,No,None,No,Present,Present,Present
SYN-DM-00908,Type 2,21.2,24.33,At goal,Yes,None,No,Unknown,Absent,Absent
SYN-DM-00909,Other,3.4,17.73,Above goal,No,Fingerstick,No,Absent,Absent,Present
SYN-DM-00910,Type 2,19.0,35.32,Unknown,No,Both,Unknown,Absent,Absent,Absent
SYN-DM-00911,Type 2,0.9,62.64,Unknown,Yes,Continuous monitor,Yes,Unknown,Unknown,Absent
SYN-DM-00912,Type 2,13.2,50.25,Unknown,No,Both,No,Absent,Absent,Present
SYN-DM-00913,Gestational,10.8,49.06,At goal,No,Fingerstick,Yes,Absent,Unknown,Present
SYN-DM-00914,Type 1,18.1,51.63,At goal,Yes,Both,Unknown,Unknown,Unknown,Present
SYN-DM-00915,Type 1,16.9,20.69,Above goal,Yes,Both,Yes,Present,Present,Unknown
SYN-DM-00916,Type 2,8.4,40.7,Above goal,Yes,Both,No,Unknown,Absent,Present
SYN-DM-00917,Type 2,12.4,37.5,Unknown,No,Fingerstick,No,Unknown,Absent,Unknown
SYN-DM-00918,Type 2,1.9,61.43,Unknown,Yes,Continuous monitor,Unknown,Absent,Absent,Absent
SYN-DM-00919,Type 2,15.7,57.64,Unknown,Yes,Continuous monitor,Yes,Present,Present,Absent
SYN-DM-00920,Other,5.3,44.09,Unknown,Yes,Both,Unknown,Unknown,Absent,Unknown
SYN-DM-00921,Type 1,4.0,61.92,Above goal,No,None,No,Unknown,Unknown,Unknown
SYN-DM-00922,Type 2,8.7,34.14,Above goal,Yes,None,No,Unknown,Present,Present
SYN-DM-00923,Type 2,28.4,24.59,Unknown,No,Fingerstick,Unknown,Present,Present,Unknown
SYN-DM-00924,Type 2,0.2,33.19,At goal,No,Both,No,Unknown,Absent,Absent
SYN-DM-00925,Type 2,15.9,31.25,Unknown,Yes,Both,No,Absent,Unknown,Present
SYN-DM-00926,Other,2.6,37.4,Unknown,Yes,Both,Yes,Present,Unknown,Unknown
SYN-DM-00927,Type 2,14.0,56.23,Unknown,Yes,Fingerstick,Unknown,Absent,Absent,Unknown
SYN-DM-00928,Type 2,4.5,48.61,Above goal,No,Fingerstick,Yes,Unknown,Absent,Present
SYN-DM-00929,Type 2,13.2,16.73,Above goal,Yes,Both,No,Present,Absent,Unknown
SYN-DM-00930,Type 2,17.6,42.73,Above goal,No,Fingerstick,Unknown,Present,Absent,Unknown
SYN-DM-00931,Type 1,10.3,33.4,At goal,Yes,Fingerstick,Yes,Present,Absent,Present
SYN-DM-00932,Type 2,8.0,12.15,At goal,Yes,None,Unknown,Present,Unknown,Present
SYN-DM-00933,Type 2,0.9,24.68,Unknown,No,Continuous monitor,No,Absent,Absent,Present
SYN-DM-00934,Type 2,8.3,47.67,At goal,Yes,Fingerstick,No,Absent,Unknown,Absent
SYN-DM-00935,Type 2,5.0,58.65,Above goal,Yes,Continuous monitor,No,Unknown,Absent,Absent
SYN-DM-00936,Type 1,9.2,58.97,Unknown,Yes,Both,Unknown,Present,Unknown,Absent
SYN-DM-00937,Type 2,6.0,59.01,Above goal,Yes,Fingerstick,Unknown,Present,Present,Present
SYN-DM-00938,Type 2,17.2,43.93,Above goal,Yes,Continuous monitor,No,Absent,Absent,Unknown
SYN-DM-00939,Type 2,25.1,43.1,Unknown,No,None,No,Absent,Present,Absent
SYN-DM-00940,Type 2,29.5,15.23,Unknown,No,None,No,Present,Present,Absent
SYN-DM-00941,Type 2,11.0,15.56,Unknown,No,None,Unknown,Unknown,Unknown,Absent
SYN-DM-00942,Gestational,0.2,63.75,Above goal,Yes,Fingerstick,No,Unknown,Absent,Present
SYN-DM-00943,Type 2,4.1,24.13,At goal,Yes,None,Yes,Present,Present,Present
SYN-DM-00944,Type 2,0.2,62.92,Unknown,No,Both,Yes,Unknown,Present,Unknown
SYN-DM-00945,Type 2,0.2,63.63,At goal,No,Fingerstick,Yes,Unknown,Present,Absent
SYN-DM-00946,Type 2,16.5,42.52,Unknown,No,Continuous monitor,Yes,Present,Unknown,Absent
SYN-DM-00947,Type 2,7.4,27.31,Unknown,Yes,None,Unknown,Present,Absent,Unknown
SYN-DM-00948,Type 2,14.9,43.0,Unknown,Yes,Continuous monitor,Yes,Present,Unknown,Absent
SYN-DM-00949,Type 2,2.9,24.98,Unknown,Yes,Continuous monitor,Yes,Present,Present,Unknown
SYN-DM-00950,Type 2,17.7,33.17,Unknown,Yes,Continuous monitor,No,Absent,Present,Present
SYN-DM-00951,Type 2,8.6,41.26,At goal,No,Continuous monitor,Yes,Absent,Absent,Absent
SYN-DM-00952,Type 2,5.0,56.48,Above goal,Yes,None,Yes,Absent,Absent,Present
SYN-DM-00953,Type 1,5.5,39.6,Unknown,Yes,Continuous monitor,No,Absent,Absent,Absent
SYN-DM-00954,Type 2,18.1,16.27,At goal,No,None,Yes,Present,Unknown,Absent
SYN-DM-00955,Type 2,13.8,16.15,Above goal,No,Both,No,Present,Present,Present
SYN-DM-00956,Other,14.4,57.63,Above goal,Yes,Fingerstick,Yes,Unknown,Unknown,Absent
SYN-DM-00957,Type 1,7.6,49.81,Above goal,Yes,Continuous monitor,Unknown,Unknown,Present,Present
SYN-DM-00958,Type 2,13.8,39.04,Unknown,No,Continuous monitor,Yes,Present,Unknown,Unknown
SYN-DM-00959,Type 2,8.7,48.06,At goal,No,Both,No,Unknown,Absent,Absent
SYN-DM-00960,Type 2,6.5,47.59,Above goal,Yes,Continuous monitor,Unknown,Present,Present,Present
SYN-DM-00961,Type 1,13.7,41.33,At goal,Yes,Fingerstick,No,Absent,Present,Absent
SYN-DM-00962,Type 2,29,32.35,Unknown,Yes,Both,Yes,Unknown,Absent,Unknown
SYN-DM-00963,Type 2,14.3,57.78,Above goal,Yes,None,No,Present,Present,Absent
SYN-DM-00964,Type 2,15.5,31.31,Above goal,Yes,Continuous monitor,No,Present,Present,Unknown
SYN-DM-00965,Gestational,9.6,56.01,Unknown,Yes,Fingerstick,Unknown,Absent,Absent,Present
SYN-DM-00966,Type 2,11.0,66.17,Above goal,Yes,None,No,Absent,Unknown,Absent
SYN-DM-00967,Type 2,0.2,41.44,Unknown,No,Continuous monitor,No,Absent,Absent,Absent
SYN-DM-00968,Type 1,0.2,19.13,Unknown,No,None,Unknown,Unknown,Present,Present
SYN-DM-00969,Type 2,8.9,16.35,Above goal,No,Both,Yes,Present,Absent,Unknown
SYN-DM-00970,Type 2,17.9,37.24,Above goal,No,None,Unknown,Absent,Present,Present
SYN-DM-00971,Other,20.6,45.78,Unknown,Yes,Fingerstick,Unknown,Absent,Absent,Present
SYN-DM-00972,Type 2,6.5,14.04,At goal,Yes,Fingerstick,Unknown,Absent,Present,Unknown
SYN-DM-00973,Type 2,6.9,49.32,At goal,No,Continuous monitor,No,Present,Present,Unknown
SYN-DM-00974,Type 1,9.8,25.55,Unknown,Yes,None,Yes,Absent,Unknown,Absent
SYN-DM-00975,Other,5.7,59.85,At goal,No,Fingerstick,Yes,Absent,Present,Unknown
SYN-DM-00976,Other,20.5,14.99,Unknown,No,None,Yes,Absent,Absent,Unknown
SYN-DM-00977,Type 2,19.3,46.07,Above goal,Yes,None,Unknown,Present,Absent,Unknown
SYN-DM-00978,Type 1,23.6,35.42,Unknown,Yes,Both,No,Absent,Absent,Present
SYN-DM-00979,Type 2,16.3,31.81,At goal,No,None,No,Absent,Absent,Present
SYN-DM-00980,Other,7.8,21.55,Unknown,No,Both,No,Present,Present,Present
SYN-DM-00981,Type 2,6.5,62.1,Unknown,No,Both,Yes,Present,Absent,Absent
SYN-DM-00982,Type 2,9.6,46.52,At goal,No,Fingerstick,Yes,Present,Unknown,Absent
SYN-DM-00983,Type 2,17.6,49.5,Above goal,No,Fingerstick,Yes,Unknown,Unknown,Present
SYN-DM-00984,Type 2,14.1,29.83,At goal,Yes,Both,No,Present,Unknown,Present
SYN-DM-00985,Type 2,7.1,14.02,At goal,No,None,Yes,Absent,Present,Present
SYN-DM-00986,Type 2,1.5,22.61,Above goal,Yes,Continuous monitor,No,Unknown,Present,Absent
SYN-DM-00987,Type 2,14.3,14.0,Above goal,No,Continuous monitor,Unknown,Unknown,Unknown,Present
SYN-DM-00988,Type 2,8.5,58.08,At goal,Yes,None,Unknown,Unknown,Unknown,Absent
SYN-DM-00989,Type 2,23.3,60.0,Unknown,Yes,Both,Unknown,Unknown,Absent,Absent
SYN-DM-00990,Type 2,25.2,38.23,Above goal,Yes,None,Yes,Unknown,Unknown,Unknown
SYN-DM-00991,Type 2,4.7,52.32,Above goal,Yes,Both,Unknown,Present,Unknown,Absent
SYN-DM-00992,Type 2,15.0,64.36,Unknown,Yes,None,Yes,Unknown,Present,Present
SYN-DM-00993,Type 2,0.2,57.41,Unknown,Yes,None,No,Present,Unknown,Absent
SYN-DM-00994,Type 2,15.6,57.54,At goal,No,Both,No,Unknown,Absent,Present
SYN-DM-00995,Type 1,18.2,47.4,Unknown,Yes,None,No,Absent,Present,Absent
SYN-DM-00996,Type 2,7.0,17.03,At goal,No,Fingerstick,Yes,Present,Present,Unknown
SYN-DM-00997,Type 2,12.3,47.88,At goal,No,None,No,Present,Unknown,Unknown
SYN-DM-00998,Type 2,12.9,41.9,Above goal,Yes,Both,Yes,Present,Unknown,Unknown
SYN-DM-00999,Type 2,8.3,22.7,At goal,No,Both,Yes,Absent,Unknown,Absent
SYN-DM-01000,Type 1,16.6,59.96,Above goal,Yes,Continuous monitor,Yes,Unknown,Present,Present
SYN-DM-01001,Type 2,1.4,14.08,Above goal,Yes,Both,Yes,Absent,Present,Unknown
SYN-DM-01002,Type 2,28.9,53.47,Above goal,No,Both,Unknown,Absent,Unknown,Absent
SYN-DM-01003,Type 2,0.2,39.34,Above goal,Yes,None,No,Unknown,Absent,Present
SYN-DM-01004,Other,12.1,27.28,At goal,Yes,None,No,Present,Unknown,Present
SYN-DM-01005,Type 2,15.3,53.76,Above goal,No,Both,Yes,Unknown,Unknown,Present
SYN-DM-01006,Type 1,7.6,19.79,At goal,No,Fingerstick,Yes,Unknown,Absent,Absent
SYN-DM-01007,Type 2,11.5,30.96,At goal,Yes,Fingerstick,Yes,Present,Present,Absent
SYN-DM-01008,Type 1,5.7,21.95,Unknown,Yes,None,No,Present,Present,Present
SYN-DM-01009,Type 2,6.9,47.79,Unknown,Yes,Continuous monitor,No,Present,Absent,Absent
SYN-DM-01010,Type 1,8.3,43.13,Above goal,No,Fingerstick,No,Unknown,Present,Unknown
SYN-DM-01011,Type 2,3.1,26.85,At goal,No,Continuous monitor,Yes,Present,Absent,Absent
SYN-DM-01012,Type 2,10.7,36.65,Unknown,Yes,Fingerstick,No,Unknown,Absent,Unknown
SYN-DM-01013,Type 2,10.1,61.03,Above goal,No,None,No,Absent,Absent,Absent
SYN-DM-01014,Type 2,25.3,32.02,Above goal,Yes,None,Yes,Absent,Unknown,Present
SYN-DM-01015,Type 1,6.4,34.67,Unknown,Yes,Fingerstick,Unknown,Absent,Absent,Absent
SYN-DM-01016,Type 2,1.2,67.37,Unknown,Yes,None,Yes,Absent,Absent,Unknown
SYN-DM-01017,Type 2,5.4,44.36,At goal,No,Continuous monitor,Unknown,Present,Present,Present
SYN-DM-01018,Type 2,10.3,15.76,Unknown,No,Both,Yes,Present,Absent,Present
SYN-DM-01019,Type 2,2.4,62.15,At goal,Yes,Fingerstick,No,Unknown,Absent,Absent
SYN-DM-01020,Type 1,10.1,48.16,At goal,Yes,Continuous monitor,No,Absent,Absent,Present
SYN-DM-01021,Type 1,1.4,35.94,At goal,Yes,None,No,Absent,Present,Unknown
SYN-DM-01022,Type 2,1.2,18.26,Unknown,Yes,Both,Yes,Absent,Unknown,Present
SYN-DM-01023,Type 2,4.5,57.43,Unknown,Yes,Continuous monitor,Unknown,Present,Present,Present
SYN-DM-01024,Type 2,4.4,26.9,Unknown,No,None,No,Unknown,Absent,Absent
SYN-DM-01025,Type 2,2.0,58.37,At goal,No,Fingerstick,No,Absent,Absent,Unknown
SYN-DM-01026,Type 2,6.5,64.43,At goal,Yes,Continuous monitor,No,Absent,Absent,Unknown
SYN-DM-01027,Gestational,29.4,16.59,Unknown,Yes,Fingerstick,No,Unknown,Unknown,Absent
SYN-DM-01028,Type 2,7.4,58.19,At goal,Yes,Both,Yes,Absent,Present,Unknown
SYN-DM-01029,Type 2,11.5,53.68,Unknown,Yes,Both,Unknown,Present,Present,Unknown
SYN-DM-01030,Type 1,16.5,19.74,Above goal,Yes,Fingerstick,Yes,Unknown,Present,Present
SYN-DM-01031,Type 2,8.5,22.47,At goal,No,None,Yes,Unknown,Unknown,Absent
SYN-DM-01032,Type 1,5.0,45.13,Unknown,Yes,Continuous monitor,Yes,Present,Absent,Unknown
SYN-DM-01033,Type 2,22.3,53.91,At goal,Yes,Both,Yes,Unknown,Unknown,Unknown
SYN-DM-01034,Type 2,9.6,20.92,Unknown,Yes,Continuous monitor,No,Present,Present,Absent
SYN-DM-01035,Type 2,27.0,20.1,Above goal,No,None,Unknown,Unknown,Absent,Unknown
SYN-DM-01036,Type 2,2.7,25.26,Above goal,No,Both,Yes,Present,Present,Unknown
SYN-DM-01037,Type 2,19.5,18.43,At goal,Yes,Both,Yes,Present,Absent,Unknown
SYN-DM-01038,Type 2,7.1,48.72,Above goal,Yes,Both,No,Absent,Absent,Absent
SYN-DM-01039,Type 2,11.1,56.67,Above goal,Yes,Both,Unknown,Unknown,Absent,Present
SYN-DM-01040,Type 2,16.0,12.21,At goal,No,Fingerstick,Unknown,Absent,Unknown,Unknown
SYN-DM-01041,Type 2,10.0,48.3,Unknown,No,Fingerstick,Unknown,Absent,Present,Absent
SYN-DM-01042,Other,13.1,63.08,At goal,Yes,None,Unknown,Unknown,Absent,Unknown
SYN-DM-01043,Type 2,10.6,27.66,At goal,Yes,None,Yes,Present,Unknown,Absent
SYN-DM-01044,Type 2,17.0,66.59,Unknown,Yes,Fingerstick,No,Unknown,Unknown,Present
SYN-DM-01045,Type 2,22.2,35.14,Unknown,No,Fingerstick,Yes,Unknown,Unknown,Absent
SYN-DM-01046,Type 2,9.7,32.44,Above goal,No,Both,No,Unknown,Present,Unknown
SYN-DM-01047,Other,8.8,21.84,Above goal,No,Fingerstick,Unknown,Unknown,Unknown,Absent
SYN-DM-01048,Type 2,12.7,57.0,Above goal,No,Fingerstick,Unknown,Unknown,Present,Unknown
SYN-DM-01049,Type 2,16.3,24.39,Above goal,Yes,Continuous monitor,No,Unknown,Present,Absent
SYN-DM-01050,Type 1,5.9,66.93,Unknown,No,None,Unknown,Absent,Present,Absent
SYN-DM-01051,Type 2,0.2,59.47,At goal,Yes,Both,Yes,Unknown,Absent,Absent
SYN-DM-01052,Type 2,5.4,18.47,Above goal,Yes,None,Yes,Unknown,Absent,Present
SYN-DM-01053,Type 2,17.8,31.41,Above goal,Yes,Fingerstick,Yes,Unknown,Absent,Present
SYN-DM-01054,Type 2,0.2,50.25,At goal,Yes,Fingerstick,No,Unknown,Absent,Present
SYN-DM-01055,Type 2,22.3,40.92,Above goal,No,None,No,Absent,Absent,Absent
SYN-DM-01056,Type 2,12.4,37.53,Above goal,Yes,Fingerstick,Yes,Present,Present,Absent
SYN-DM-01057,Type 2,14.8,43.38,Above goal,Yes,Continuous monitor,No,Absent,Absent,Unknown
SYN-DM-01058,Type 2,14.2,12.82,Unknown,Yes,Continuous monitor,Yes,Absent,Absent,Present
SYN-DM-01059,Type 1,25.9,58.66,Above goal,No,None,No,Absent,Absent,Absent
SYN-DM-01060,Type 1,12.1,26.27,At goal,Yes,Both,Yes,Present,Absent,Absent
SYN-DM-01061,Gestational,3.8,38.98,Unknown,Yes,Fingerstick,Unknown,Present,Absent,Present
SYN-DM-01062,Type 1,8.4,30.01,At goal,Yes,None,Unknown,Absent,Present,Absent
SYN-DM-01063,Type 2,8.9,65.29,At goal,Yes,None,No,Unknown,Present,Unknown
SYN-DM-01064,Type 2,0.2,25.48,At goal,No,Both,Unknown,Present,Present,Unknown
SYN-DM-01065,Type 2,11.2,45.26,Above goal,No,Continuous monitor,Unknown,Unknown,Unknown,Present
SYN-DM-01066,Type 2,16.0,60.73,At goal,Yes,None,No,Absent,Present,Unknown
SYN-DM-01067,Type 2,8.7,55.53,Above goal,No,Continuous monitor,Unknown,Absent,Present,Unknown
SYN-DM-01068,Type 2,3.5,22.47,Unknown,Yes,Continuous monitor,No,Absent,Unknown,Present
SYN-DM-01069,Other,2.7,50.33,At goal,Yes,Both,Yes,Present,Absent,Present
SYN-DM-01070,Type 2,16.7,61.0,Unknown,No,Continuous monitor,No,Unknown,Present,Present
SYN-DM-01071,Type 1,9.1,65.15,Unknown,Yes,None,No,Present,Unknown,Unknown
SYN-DM-01072,Other,13.0,31.4,At goal,Yes,Fingerstick,No,Absent,Present,Unknown
SYN-DM-01073,Type 2,22.9,15.41,Above goal,Yes,Continuous monitor,Yes,Present,Present,Absent
SYN-DM-01074,Type 2,0.2,35.2,Unknown,No,Both,No,Unknown,Absent,Unknown
SYN-DM-01075,Type 1,9.6,23.51,Unknown,Yes,None,Yes,Present,Absent,Unknown
SYN-DM-01076,Type 2,12.0,21.15,Unknown,Yes,None,No,Absent,Unknown,Absent
SYN-DM-01077,Type 2,21.3,14.84,At goal,Yes,None,Unknown,Unknown,Present,Present
SYN-DM-01078,Type 2,10.5,25.58,Unknown,Yes,Continuous monitor,Unknown,Unknown,Unknown,Present
SYN-DM-01079,Type 2,6.9,52.3,Above goal,Yes,None,No,Unknown,Unknown,Unknown
SYN-DM-01080,Gestational,7.9,63.39,Above goal,No,None,Yes,Present,Unknown,Unknown
SYN-DM-01081,Type 1,0.2,33.65,At goal,No,Both,Unknown,Present,Absent,Unknown
SYN-DM-01082,Type 2,22.3,17.55,Unknown,Yes,None,Unknown,Unknown,Unknown,Unknown
SYN-DM-01083,Type 2,10.2,36.93,At goal,No,Both,Unknown,Unknown,Present,Absent
SYN-DM-01084,Type 2,24.7,21.17,At goal,Yes,Fingerstick,Unknown,Absent,Unknown,Present
SYN-DM-01085,Other,11.8,29.42,Above goal,Yes,None,Yes,Present,Present,Absent
SYN-DM-01086,Type 2,6.0,55.57,At goal,No,Fingerstick,No,Present,Present,Absent
SYN-DM-01087,Type 2,23.7,67.22,Above goal,No,None,Unknown,Present,Present,Unknown
SYN-DM-01088,Type 2,2.8,41.48,Above goal,Yes,Continuous monitor,Unknown,Present,Unknown,Unknown
SYN-DM-01089,Type 2,3.3,65.49,Above goal,No,Continuous monitor,No,Present,Unknown,Present
SYN-DM-01090,Type 2,19.8,49.26,Unknown,No,None,Yes,Present,Unknown,Present
SYN-DM-01091,Other,5.6,52.24,Unknown,Yes,None,Yes,Absent,Unknown,Absent
SYN-DM-01092,Type 2,19.7,17.72,At goal,Yes,Continuous monitor,Unknown,Unknown,Absent,Present
SYN-DM-01093,Type 1,24.7,67.05,Above goal,Yes,Both,Unknown,Absent,Present,Present
SYN-DM-01094,Type 2,3.4,54.37,At goal,Yes,Continuous monitor,Unknown,Absent,Unknown,Present
SYN-DM-01095,Type 2,0.4,15.17,At goal,Yes,Continuous monitor,No,Unknown,Unknown,Unknown
SYN-DM-01096,Other,6.1,65.82,Unknown,Yes,None,Yes,Unknown,Unknown,Unknown
SYN-DM-01097,Type 2,0.2,28.84,Above goal,Yes,Both,Yes,Present,Present,Unknown
SYN-DM-01098,Type 1,24.9,30.71,Above goal,Yes,None,No,Present,Present,Absent
SYN-DM-01099,Type 2,5.3,50.44,Unknown,Yes,None,Yes,Present,Unknown,Absent
SYN-DM-01100,Type 2,32.8,20.19,At goal,Yes,Both,No,Present,Absent,Present
SYN-DM-01101,Type 2,5.8,31.41,Above goal,No,Continuous monitor,No,Absent,Unknown,Present
SYN-DM-01102,Type 2,13.3,64.72,At goal,No,Fingerstick,Unknown,Unknown,Present,Unknown
SYN-DM-01103,Type 1,13.9,27.35,Unknown,Yes,None,Yes,Present,Absent,Unknown
SYN-DM-01104,Type 2,22.8,48.82,Above goal,Yes,Both,Unknown,Present,Unknown,Unknown
SYN-DM-01105,Type 1,14.0,34.76,Unknown,Yes,None,Yes,Present,Unknown,Present
SYN-DM-01106,Type 2,16.9,19.8,At goal,Yes,Fingerstick,Unknown,Unknown,Unknown,Present
SYN-DM-01107,Type 2,9.5,24.32,Unknown,Yes,Both,Yes,Unknown,Unknown,Absent
SYN-DM-01108,Type 2,2.4,33.29,Above goal,No,Fingerstick,No,Absent,Unknown,Unknown
SYN-DM-01109,Type 2,0.2,60.53,At goal,Yes,None,Unknown,Unknown,Unknown,Unknown
SYN-DM-01110,Type 2,4.7,58.58,At goal,Yes,Fingerstick,Yes,Unknown,Absent,Absent
SYN-DM-01111,Type 2,6.4,42.27,Unknown,No,Fingerstick,Yes,Absent,Unknown,Present
SYN-DM-01112,Type 2,21.2,43.66,Above goal,Yes,Both,No,Present,Present,Present
SYN-DM-01113,Type 1,0.2,23.19,Unknown,Yes,Both,Unknown,Unknown,Unknown,Present
SYN-DM-01114,Type 2,1.0,45.28,Above goal,Yes,Continuous monitor,Unknown,Absent,Unknown,Absent
SYN-DM-01115,Type 2,19.4,54.38,Above goal,No,Both,Unknown,Absent,Present,Absent
SYN-DM-01116,Type 2,0.2,14.01,Above goal,Yes,None,No,Absent,Present,Unknown
SYN-DM-01117,Type 2,17.4,25.05,At goal,Yes,Continuous monitor,Unknown,Unknown,Absent,Unknown
SYN-DM-01118,Type 2,4.8,35.36,Unknown,No,None,Unknown,Present,Unknown,Unknown
SYN-DM-01119,Type 2,26.0,28.94,At goal,No,Continuous monitor,Yes,Unknown,Absent,Present
SYN-DM-01120,Type 2,18.1,13.5,Unknown,Yes,Both,Unknown,Present,Present,Absent
SYN-DM-01121,Type 2,5.0,22.0,At goal,Yes,Both,Unknown,Absent,Absent,Absent
SYN-DM-01122,Type 1,6.8,35.04,Above goal,Yes,None,No,Absent,Unknown,Unknown
SYN-DM-01123,Type 2,12.6,27.39,Unknown,Yes,Continuous monitor,Yes,Unknown,Absent,Absent
SYN-DM-01124,Type 2,7.2,26.51,Unknown,Yes,Both,Unknown,Absent,Unknown,Present
SYN-DM-01125,Type 2,7.5,47.32,Above goal,No,Fingerstick,Unknown,Unknown,Absent,Absent
SYN-DM-01126,Type 2,7.2,38.29,Unknown,Yes,Both,Yes,Unknown,Present,Unknown
SYN-DM-01127,Type 2,7.3,32.57,Above goal,Yes,Both,Unknown,Present,Present,Unknown
SYN-DM-01128,Type 2,0.2,48.78,Above goal,Yes,Fingerstick,Yes,Present,Absent,Unknown
SYN-DM-01129,Type 2,3.9,54.19,Above goal,Yes,None,No,Unknown,Unknown,Present
SYN-DM-01130,Type 2,8.5,39.68,Above goal,Yes,Continuous monitor,Unknown,Present,Present,Present
SYN-DM-01131,Gestational,8.1,43.66,Unknown,No,Continuous monitor,Unknown,Absent,Present,Unknown
SYN-DM-01132,Type 1,11.6,12.71,At goal,Yes,None,Unknown,Unknown,Unknown,Present
SYN-DM-01133,Type 2,8.1,38.88,Unknown,Yes,None,Yes,Absent,Present,Unknown
SYN-DM-01134,Type 2,0.2,62.18,Above goal,No,Fingerstick,Yes,Unknown,Present,Unknown
SYN-DM-01135,Type 1,5.9,18.92,Unknown,Yes,Fingerstick,No,Absent,Absent,Unknown
SYN-DM-01136,Type 2,14.7,31.65,At goal,Yes,None,Unknown,Absent,Unknown,Present
SYN-DM-01137,Type 2,9.2,15.55,Above goal,No,Fingerstick,Yes,Unknown,Absent,Unknown
SYN-DM-01138,Other,10.0,34.36,At goal,Yes,None,Yes,Unknown,Unknown,Unknown
SYN-DM-01139,Type 2,17.1,28.97,At goal,No,None,No,Unknown,Present,Absent
SYN-DM-01140,Other,13.2,20.2,Unknown,Yes,None,Unknown,Unknown,Absent,Unknown
SYN-DM-01141,Type 2,13.3,21.86,At goal,Yes,None,No,Present,Unknown,Present
SYN-DM-01142,Type 2,0.4,53.64,Unknown,Yes,Continuous monitor,Unknown,Absent,Present,Absent
SYN-DM-01143,Type 1,13.5,30.38,At goal,No,Continuous monitor,No,Absent,Present,Present
SYN-DM-01144,Type 2,12.3,25.33,Above goal,No,Both,Yes,Unknown,Absent,Present
SYN-DM-01145,Type 2,4.8,25.52,At goal,Yes,Fingerstick,Unknown,Present,Absent,Absent
SYN-DM-01146,Type 1,4.5,43.15,At goal,Yes,Fingerstick,Yes,Unknown,Present,Present
SYN-DM-01147,Type 2,10.3,36.87,Unknown,No,Fingerstick,Yes,Unknown,Present,Unknown
SYN-DM-01148,Type 2,18.4,29.87,Above goal,Yes,Both,Unknown,Unknown,Absent,Unknown
SYN-DM-01149,Type 2,0.8,50.9,At goal,Yes,Continuous monitor,No,Unknown,Absent,Absent
SYN-DM-01150,Type 2,17.2,45.55,At goal,No,Both,Unknown,Present,Absent,Unknown
SYN-DM-01151,Type 2,11.1,25.34,At goal,No,Fingerstick,Yes,Unknown,Absent,Absent
SYN-DM-01152,Type 2,12.4,50.64,Unknown,Yes,Both,No,Absent,Absent,Present
SYN-DM-01153,Type 1,10.0,12.8,Above goal,Yes,Both,No,Absent,Present,Unknown
SYN-DM-01154,Type 2,24.4,35.44,At goal,Yes,None,No,Present,Unknown,Absent
SYN-DM-01155,Type 1,7.4,21.75,At goal,Yes,Both,Yes,Unknown,Absent,Absent
SYN-DM-01156,Type 2,13.2,21.64,At goal,No,Continuous monitor,Unknown,Present,Present,Absent
SYN-DM-01157,Type 1,0.2,53.34,Above goal,No,Both,Yes,Unknown,Absent,Present
SYN-DM-01158,Type 2,15.9,31.45,Unknown,Yes,Continuous monitor,No,Absent,Unknown,Present
SYN-DM-01159,Type 2,12.3,16.76,Unknown,Yes,Both,Unknown,Absent,Absent,Unknown
SYN-DM-01160,Type 1,22.2,36.37,Unknown,Yes,Fingerstick,No,Unknown,Unknown,Present
SYN-DM-01161,Type 1,12.3,65.52,At goal,Yes,Continuous monitor,No,Present,Unknown,Unknown
SYN-DM-01162,Type 2,14.1,18.11,Unknown,Yes,Both,No,Unknown,Absent,Unknown
SYN-DM-01163,Type 2,5.4,15.47,Above goal,Yes,Continuous monitor,Yes,Present,Present,Absent
SYN-DM-01164,Type 2,11.5,63.18,At goal,No,None,Yes,Present,Unknown,Absent
SYN-DM-01165,Type 1,17.0,13.1,Unknown,Yes,None,No,Absent,Present,Present
SYN-DM-01166,Type 2,0.2,55.68,Unknown,Yes,Continuous monitor,No,Present,Unknown,Absent
SYN-DM-01167,Type 2,16.0,65.38,Above goal,Yes,None,Yes,Absent,Present,Absent
SYN-DM-01168,Type 2,8.2,12.45,Above goal,Yes,None,No,Unknown,Absent,Unknown
SYN-DM-01169,Type 2,24.8,37.34,At goal,No,None,Unknown,Present,Unknown,Present
SYN-DM-01170,Type 2,9.9,14.81,Above goal,Yes,Continuous monitor,Yes,Present,Unknown,Unknown
SYN-DM-01171,Type 2,2.7,50.67,Unknown,Yes,Fingerstick,Yes,Present,Present,Unknown
SYN-DM-01172,Type 2,14.8,53.42,Unknown,No,Fingerstick,Unknown,Absent,Absent,Absent
SYN-DM-01173,Other,21.3,17.23,At goal,Yes,Fingerstick,Unknown,Absent,Unknown,Unknown
SYN-DM-01174,Type 2,16.0,44.13,At goal,Yes,Continuous monitor,Yes,Unknown,Absent,Absent
SYN-DM-01175,Other,6.9,63.05,Above goal,No,Fingerstick,Yes,Absent,Unknown,Absent
SYN-DM-01176,Type 2,2.1,39.56,Unknown,Yes,None,Yes,Unknown,Present,Absent
SYN-DM-01177,Other,4.8,35.77,Above goal,Yes,Continuous monitor,Yes,Unknown,Absent,Absent
SYN-DM-01178,Type 2,16.2,63.58,Unknown,Yes,Fingerstick,Yes,Absent,Absent,Absent
SYN-DM-01179,Type 2,0.2,37.02,Above goal,Yes,Fingerstick,Yes,Absent,Unknown,Unknown
SYN-DM-01180,Type 1,17.7,67.25,At goal,Yes,Both,Yes,Absent,Present,Present
SYN-DM-01181,Type 2,7.0,22.42,Above goal,No,Continuous monitor,No,Absent,Unknown,Present
SYN-DM-01182,Other,0.8,66.96,Above goal,No,None,Yes,Unknown,Absent,Absent
SYN-DM-01183,Type 2,10.7,52.34,Unknown,No,Both,Yes,Absent,Unknown,Absent
SYN-DM-01184,Type 2,12.6,56.37,Above goal,Yes,Fingerstick,No,Present,Present,Absent
SYN-DM-01185,Type 1,4.9,52.34,At goal,Yes,None,No,Present,Absent,Present
SYN-DM-01186,Other,21.0,27.22,Unknown,Yes,Fingerstick,Yes,Unknown,Unknown,Unknown
SYN-DM-01187,Type 2,11.0,46.56,Unknown,No,Fingerstick,Yes,Unknown,Absent,Unknown
SYN-DM-01188,Type 2,11.0,19.84,Unknown,No,None,Yes,Unknown,Absent,Present
SYN-DM-01189,Type 2,3.9,31.97,Above goal,Yes,None,Unknown,Unknown,Unknown,Unknown
SYN-DM-01190,Type 1,11.8,63.0,At goal,No,Both,Unknown,Absent,Present,Present
SYN-DM-01191,Type 2,10.0,56.6,Unknown,No,None,Yes,Unknown,Unknown,Unknown
SYN-DM-01192,Type 1,14.1,62.35,Above goal,No,Continuous monitor,Unknown,Present,Unknown,Unknown
SYN-DM-01193,Type 2,15.6,47.85,Unknown,No,Both,No,Absent,Present,Absent
SYN-DM-01194,Type 2,19.1,57.26,Unknown,Yes,Both,Yes,Unknown,Present,Unknown
SYN-DM-01195,Type 1,10.1,28.65,At goal,Yes,Both,Yes,Absent,Absent,Present
SYN-DM-01196,Type 1,12.3,40.97,Above goal,No,Fingerstick,Unknown,Absent,Unknown,Unknown
SYN-DM-01197,Type 2,23.7,34.03,Above goal,No,Both,No,Absent,Present,Unknown
SYN-DM-01198,Type 1,8.5,65.61,Above goal,Yes,None,Unknown,Unknown,Present,Present
SYN-DM-01199,Type 2,8.4,15.78,Above goal,Yes,Fingerstick,Unknown,Present,Present,Absent
SYN-DM-01200,Type 1,15.7,24.9,At goal,Yes,Both,Unknown,Absent,Unknown,Absent
SYN-DM-01201,Type 2,7.0,19.72,Unknown,Yes,Continuous monitor,No,Unknown,Unknown,Present
SYN-DM-01202,Type 1,18.9,62.74,Unknown,Yes,None,No,Absent,Unknown,Absent
SYN-DM-01203,Type 1,10.2,16.95,Above goal,Yes,None,Unknown,Absent,Absent,Unknown
SYN-DM-01204,Type 2,7.9,30.15,Unknown,Yes,None,Yes,Present,Present,Present
SYN-DM-01205,Type 1,5.9,66.93,At goal,Yes,Continuous monitor,No,Present,Absent,Absent
SYN-DM-01206,Type 2,11.3,59.72,Unknown,Yes,Continuous monitor,Yes,Present,Unknown,Present
SYN-DM-01207,Type 2,11.9,54.33,Above goal,Yes,Continuous monitor,No,Absent,Present,Present
SYN-DM-01208,Other,4.6,62.77,Above goal,Yes,None,No,Present,Present,Present
SYN-DM-01209,Type 2,17.8,50.41,At goal,No,Both,Yes,Unknown,Present,Unknown
SYN-DM-01210,Gestational,4.4,65.52,Above goal,Yes,Fingerstick,Yes,Absent,Present,Absent
SYN-DM-01211,Other,0.2,59.9,Above goal,No,Continuous monitor,Yes,Unknown,Present,Absent
SYN-DM-01212,Type 2,10.5,22.78,Above goal,No,None,Unknown,Unknown,Unknown,Absent
SYN-DM-01213,Type 2,15.5,47.93,At goal,No,None,Unknown,Absent,Absent,Absent
SYN-DM-01214,Type 2,3.0,27.15,Above goal,No,Both,Yes,Unknown,Absent,Unknown
SYN-DM-01215,Type 2,13.5,56.32,At goal,No,None,No,Present,Unknown,Unknown
SYN-DM-01216,Type 2,15.4,25.9,Unknown,Yes,Fingerstick,No,Absent,Unknown,Absent
SYN-DM-01217,Type 2,31.5,42.99,At goal,No,Continuous monitor,Yes,Absent,Absent,Unknown
SYN-DM-01218,Type 2,12.5,62.9,Unknown,No,Fingerstick,No,Present,Unknown,Unknown
SYN-DM-01219,Type 2,16.8,14.67,At goal,Yes,Fingerstick,Unknown,Unknown,Unknown,Unknown
SYN-DM-01220,Type 2,16.1,64.7,At goal,No,Both,No,Present,Absent,Unknown
SYN-DM-01221,Type 2,6.5,61.96,At goal,No,Fingerstick,Yes,Unknown,Absent,Present
SYN-DM-01222,Type 2,8.1,59.09,Above goal,Yes,Both,Yes,Present,Absent,Unknown
SYN-DM-01223,Type 2,12.4,38.84,At goal,No,Continuous monitor,No,Unknown,Unknown,Present
SYN-DM-01224,Type 2,26.2,39.3,At goal,Yes,None,Yes,Unknown,Absent,Unknown
SYN-DM-01225,Type 2,15.5,14.4,Above goal,Yes,Continuous monitor,Yes,Absent,Unknown,Absent
SYN-DM-01226,Type 2,21.5,34.41,At goal,No,None,Unknown,Unknown,Unknown,Unknown
SYN-DM-01227,Type 2,17.6,19.94,Unknown,No,Continuous monitor,No,Unknown,Absent,Present
SYN-DM-01228,Gestational,5.0,58.84,At goal,No,Both,Yes,Absent,Unknown,Absent
SYN-DM-01229,Type 2,14.2,60.47,Unknown,No,Both,Unknown,Unknown,Unknown,Unknown
SYN-DM-01230,Type 2,9.0,31.74,Above goal,Yes,None,Unknown,Unknown,Unknown,Unknown
SYN-DM-01231,Type 2,7.2,21.63,At goal,No,None,Unknown,Present,Unknown,Unknown
SYN-DM-01232,Type 1,14.2,25.11,Unknown,No,None,No,Unknown,Absent,Present
SYN-DM-01233,Type 2,9.7,50.21,Unknown,Yes,Continuous monitor,Unknown,Unknown,Unknown,Absent
SYN-DM-01234,Type 2,1.0,37.39,Above goal,No,None,No,Absent,Unknown,Unknown
SYN-DM-01235,Type 2,13.4,50.39,Unknown,Yes,Both,Yes,Present,Present,Absent
SYN-DM-01236,Type 2,20.8,33.4,Unknown,No,Fingerstick,Yes,Absent,Absent,Present
SYN-DM-01237,Type 2,13.4,47.95,Above goal,No,Fingerstick,Unknown,Present,Unknown,Present
SYN-DM-01238,Type 2,20.1,34.3,Unknown,Yes,None,Yes,Present,Present,Present
SYN-DM-01239,Type 2,15.9,62.44,Above goal,Yes,Both,No,Present,Present,Absent
SYN-DM-01240,Type 1,10.2,54.63,At goal,Yes,Fingerstick,Unknown,Absent,Present,Present
SYN-DM-01241,Type 2,7.2,43.1,At goal,Yes,None,No,Unknown,Unknown,Present
SYN-DM-01242,Type 1,11.2,34.57,Above goal,Yes,Both,Unknown,Present,Unknown,Absent
SYN-DM-01243,Gestational,3.3,29.95,At goal,Yes,None,No,Unknown,Present,Present
SYN-DM-01244,Type 2,5.2,47.58,At goal,Yes,Fingerstick,Unknown,Absent,Absent,Absent
SYN-DM-01245,Type 2,13.0,39.96,At goal,Yes,Continuous monitor,Unknown,Present,Unknown,Unknown
SYN-DM-01246,Type 2,22.4,49.04,Unknown,Yes,Continuous monitor,Yes,Unknown,Absent,Present
SYN-DM-01247,Type 2,9.4,37.62,At goal,Yes,None,Yes,Absent,Unknown,Unknown
SYN-DM-01248,Type 2,20.4,12.7,At goal,No,Both,Unknown,Absent,Present,Absent
SYN-DM-01249,Type 1,4.9,12.99,Above goal,No,None,Yes,Absent,Present,Unknown
SYN-DM-01250,Type 2,17.1,23.16,Above goal,Yes,None,Yes,Absent,Present,Present
SYN-DM-01251,Type 2,17.9,33.38,Above goal,No,None,Yes,Present,Absent,Absent
SYN-DM-01252,Type 2,4.7,43.84,At goal,Yes,Fingerstick,Unknown,Absent,Present,Unknown
SYN-DM-01253,Type 1,0.2,66.73,At goal,Yes,Continuous monitor,Yes,Unknown,Present,Unknown
SYN-DM-01254,Type 2,7.4,38.71,At goal,No,Both,Unknown,Present,Present,Present
SYN-DM-01255,Type 2,10.8,28.55,Above goal,No,Continuous monitor,Unknown,Unknown,Unknown,Present
SYN-DM-01256,Type 1,12.8,57.9,Above goal,No,Continuous monitor,Unknown,Unknown,Absent,Present
SYN-DM-01257,Type 2,11.2,33.72,Above goal,Yes,Continuous monitor,Unknown,Present,Unknown,Unknown
SYN-DM-01258,Type 2,1.3,58.83,At goal,No,Continuous monitor,No,Absent,Present,Absent
SYN-DM-01259,Type 1,0.2,32.44,Unknown,No,Both,No,Absent,Absent,Present
SYN-DM-01260,Type 2,0.2,36.95,At goal,No,None,Yes,Absent,Absent,Absent
SYN-DM-01261,Type 2,8.2,63.27,Unknown,No,Continuous monitor,No,Present,Unknown,Absent
SYN-DM-01262,Type 2,5.4,57.46,Unknown,Yes,Continuous monitor,Yes,Absent,Unknown,Absent
SYN-DM-01263,Type 2,10.5,58.34,Above goal,No,Both,Unknown,Present,Present,Unknown
SYN-DM-01264,Type 2,10.8,19.21,At goal,Yes,Fingerstick,Unknown,Unknown,Absent,Unknown
SYN-DM-01265,Type 2,9.4,39.14,At goal,Yes,Both,Yes,Present,Unknown,Present
SYN-DM-01266,Type 2,14.0,38.76,At goal,Yes,None,Yes,Unknown,Absent,Absent
SYN-DM-01267,Type 1,9.5,64.41,Above goal,Yes,Continuous monitor,Yes,Present,Absent,Unknown
SYN-DM-01268,Type 1,17.1,62.8,Above goal,Yes,Both,Unknown,Present,Absent,Present
SYN-DM-01269,Type 2,10.6,47.08,Unknown,Yes,Fingerstick,No,Absent,Absent,Unknown
SYN-DM-01270,Type 2,13.1,60.26,Unknown,Yes,Both,No,Present,Absent,Absent
SYN-DM-01271,Other,3.5,31.56,At goal,No,Both,Yes,Present,Absent,Unknown
SYN-DM-01272,Type 2,11.9,43.4,At goal,No,Both,Unknown,Unknown,Absent,Absent
SYN-DM-01273,Type 1,0.2,15.16,At goal,No,Fingerstick,Yes,Present,Present,Absent
SYN-DM-01274,Type 2,9.4,28.58,Above goal,No,None,Unknown,Present,Present,Unknown
SYN-DM-01275,Type 2,22.3,63.75,At goal,No,Both,Yes,Unknown,Present,Unknown
SYN-DM-01276,Type 1,6.0,37.92,Unknown,Yes,Fingerstick,Unknown,Absent,Absent,Present
SYN-DM-01277,Type 2,17.4,60.44,Above goal,No,Both,No,Absent,Present,Present
SYN-DM-01278,Type 2,17.3,57.97,At goal,Yes,Both,No,Unknown,Absent,Unknown
SYN-DM-01279,Type 2,10.6,31.97,At goal,Yes,None,Yes,Unknown,Present,Unknown
SYN-DM-01280,Type 2,5.6,26.82,Above goal,Yes,Both,No,Absent,Absent,Unknown
SYN-DM-01281,Type 2,0.2,27.18,Above goal,Yes,Fingerstick,Yes,Present,Unknown,Present
SYN-DM-01282,Type 2,0.2,29.19,Above goal,Yes,Both,No,Absent,Present,Unknown
SYN-DM-01283,Type 1,4.6,30.33,Above goal,Yes,Continuous monitor,No,Absent,Absent,Present
SYN-DM-01284,Type 2,16.3,26.54,At goal,Yes,Continuous monitor,Yes,Unknown,Absent,Present
SYN-DM-01285,Other,9.8,66.98,Above goal,No,None,Yes,Absent,Absent,Unknown
SYN-DM-01286,Type 2,9.0,20.98,Above goal,Yes,None,Unknown,Unknown,Unknown,Absent
SYN-DM-01287,Type 2,0.2,64.07,Unknown,Yes,Both,Unknown,Present,Present,Absent
SYN-DM-01288,Other,14.3,29.73,At goal,Yes,Continuous monitor,No,Unknown,Absent,Unknown
SYN-DM-01289,Type 2,13.0,30.54,Unknown,Yes,Both,Yes,Present,Absent,Present
SYN-DM-01290,Type 2,17.8,13.39,At goal,Yes,Both,Unknown,Present,Unknown,Absent
SYN-DM-01291,Type 2,1.8,28.35,Unknown,No,Fingerstick,No,Present,Unknown,Unknown
SYN-DM-01292,Type 1,18.2,67.96,At goal,Yes,None,No,Absent,Present,Absent
SYN-DM-01293,Type 2,9.1,57.92,Unknown,Yes,Fingerstick,No,Unknown,Absent,Absent
SYN-DM-01294,Gestational,27.1,67.17,Above goal,No,Fingerstick,Unknown,Absent,Present,Absent
SYN-DM-01295,Type 1,10.1,51.91,Above goal,No,None,Unknown,Absent,Unknown,Present
SYN-DM-01296,Type 2,6.1,54.39,Above goal,No,None,Yes,Present,Absent,Present
SYN-DM-01297,Type 2,6.8,37.01,At goal,Yes,Fingerstick,No,Unknown,Absent,Absent
SYN-DM-01298,Type 2,16.4,28.36,Above goal,Yes,None,Unknown,Absent,Absent,Unknown
SYN-DM-01299,Type 2,17.3,34.93,Above goal,No,Continuous monitor,Unknown,Absent,Absent,Unknown
SYN-DM-01300,Type 2,14.0,48.56,Above goal,Yes,Fingerstick,No,Unknown,Unknown,Absent
SYN-DM-01301,Type 2,6.3,62.2,Above goal,Yes,Continuous monitor,No,Unknown,Present,Absent
SYN-DM-01302,Type 1,14.9,54.96,At goal,No,Continuous monitor,Yes,Unknown,Absent,Unknown
SYN-DM-01303,Type 1,27.2,21.24,Above goal,Yes,Fingerstick,Unknown,Absent,Present,Unknown
SYN-DM-01304,Type 2,14.3,35.97,At goal,No,Fingerstick,Unknown,Absent,Unknown,Absent
SYN-DM-01305,Type 2,6.3,42.89,At goal,Yes,None,Unknown,Present,Unknown,Absent
SYN-DM-01306,Type 2,4.9,48.46,At goal,No,Fingerstick,Yes,Present,Unknown,Unknown
SYN-DM-01307,Type 2,1.2,52.0,Above goal,Yes,Fingerstick,Unknown,Present,Unknown,Absent
SYN-DM-01308,Type 2,13.7,23.31,Above goal,Yes,None,No,Unknown,Absent,Unknown
SYN-DM-01309,Type 2,11.5,22.05,Above goal,Yes,None,Unknown,Unknown,Unknown,Present
SYN-DM-01310,Type 2,19.3,20.86,Above goal,No,None,Unknown,Absent,Present,Absent
SYN-DM-01311,Type 1,14.4,40.18,Above goal,Yes,Both,No,Unknown,Absent,Present
SYN-DM-01312,Type 2,25.1,33.24,At goal,Yes,None,Unknown,Present,Absent,Unknown
SYN-DM-01313,Type 2,8.3,15.85,Unknown,Yes,Fingerstick,Yes,Present,Absent,Present
SYN-DM-01314,Type 2,11.8,25.25,Above goal,Yes,Fingerstick,Unknown,Unknown,Absent,Present
SYN-DM-01315,Type 2,13.0,30.06,Unknown,No,None,No,Unknown,Present,Unknown
SYN-DM-01316,Type 2,5.6,27.16,Unknown,Yes,Fingerstick,Yes,Absent,Absent,Present
SYN-DM-01317,Type 2,9.8,53.43,At goal,Yes,Continuous monitor,Yes,Unknown,Unknown,Absent
SYN-DM-01318,Type 2,1.6,32.62,At goal,Yes,None,Unknown,Unknown,Unknown,Absent
SYN-DM-01319,Type 2,12.7,24.33,Unknown,Yes,None,No,Absent,Present,Present
SYN-DM-01320,Type 2,14.6,14.58,Unknown,Yes,Continuous monitor,No,Absent,Unknown,Absent
SYN-DM-01321,Type 2,19.5,35.22,At goal,Yes,None,No,Present,Present,Unknown
SYN-DM-01322,Type 2,13.2,25.45,Unknown,Yes,None,Unknown,Present,Unknown,Absent
SYN-DM-01323,Type 1,2.2,43.83,Above goal,No,Fingerstick,Yes,Present,Present,Unknown
SYN-DM-01324,Other,0.2,50.98,At goal,No,Both,Yes,Present,Unknown,Absent
SYN-DM-01325,Type 2,19.0,39.01,Unknown,Yes,Continuous monitor,Yes,Unknown,Unknown,Present
SYN-DM-01326,Type 2,9.8,52.54,Unknown,Yes,Continuous monitor,Yes,Present,Absent,Unknown
SYN-DM-01327,Type 2,7.5,66.11,Unknown,Yes,Continuous monitor,No,Present,Unknown,Unknown
SYN-DM-01328,Type 2,3.6,14.01,Unknown,No,Fingerstick,Yes,Present,Absent,Absent
SYN-DM-01329,Type 2,21.4,52.31,Above goal,Yes,None,Unknown,Absent,Absent,Present
SYN-DM-01330,Type 2,9.3,65.08,At goal,No,None,Yes,Present,Unknown,Unknown
SYN-DM-01331,Other,15.0,59.46,Above goal,Yes,Fingerstick,Unknown,Absent,Absent,Present
SYN-DM-01332,Type 1,13.9,57.06,Unknown,No,None,No,Present,Absent,Unknown
SYN-DM-01333,Type 1,7.8,38.44,Unknown,No,None,Yes,Present,Unknown,Unknown
SYN-DM-01334,Type 2,10.1,52.93,At goal,Yes,Both,Yes,Present,Unknown,Unknown
SYN-DM-01335,Type 2,6.3,63.7,Unknown,No,Fingerstick,No,Present,Absent,Unknown
SYN-DM-01336,Other,0.2,23.29,Unknown,Yes,None,Unknown,Unknown,Present,Absent
SYN-DM-01337,Type 2,10.9,43.19,Above goal,Yes,Continuous monitor,Unknown,Unknown,Present,Present
SYN-DM-01338,Type 2,8.5,24.69,Unknown,Yes,Continuous monitor,Yes,Absent,Unknown,Absent
SYN-DM-01339,Type 2,10.1,24.74,Unknown,No,Fingerstick,Yes,Present,Unknown,Present
SYN-DM-01340,Type 2,16.4,35.68,Unknown,Yes,Both,Unknown,Present,Present,Present
SYN-DM-01341,Type 1,12.6,35.17,Above goal,Yes,Both,No,Unknown,Present,Absent
SYN-DM-01342,Type 2,0.2,23.62,Unknown,No,Both,No,Present,Present,Present
SYN-DM-01343,Gestational,12.7,25.15,At goal,Yes,None,Yes,Unknown,Present,Unknown
SYN-DM-01344,Type 2,9.2,49.12,At goal,No,Both,Unknown,Absent,Present,Present
SYN-DM-01345,Type 2,6.0,39.37,Unknown,Yes,Continuous monitor,No,Unknown,Present,Unknown
SYN-DM-01346,Type 1,21.7,59.02,At goal,Yes,Continuous monitor,Unknown,Present,Unknown,Absent
SYN-DM-01347,Type 2,8.3,12.01,At goal,No,Continuous monitor,No,Present,Present,Absent
SYN-DM-01348,Type 2,18.7,60.28,At goal,No,Continuous monitor,Yes,Present,Absent,Absent
SYN-DM-01349,Type 2,15.0,30.2,Unknown,Yes,Fingerstick,Yes,Present,Unknown,Unknown
SYN-DM-01350,Type 2,16.9,62.2,At goal,Yes,Continuous monitor,Unknown,Unknown,Present,Unknown
SYN-DM-01351,Type 2,11.4,30.73,At goal,No,Both,No,Absent,Unknown,Unknown
SYN-DM-01352,Type 2,21.5,59.18,Above goal,No,None,Unknown,Absent,Unknown,Present
SYN-DM-01353,Other,12.0,27.19,Unknown,No,Both,Yes,Absent,Unknown,Unknown
SYN-DM-01354,Type 2,11.2,15.4,Unknown,Yes,None,Unknown,Absent,Unknown,Unknown
SYN-DM-01355,Type 2,8.7,15.38,At goal,No,None,Unknown,Unknown,Present,Absent
SYN-DM-01356,Type 2,6.3,56.93,Above goal,Yes,Both,No,Present,Present,Unknown
SYN-DM-01357,Type 2,25.9,44.22,At goal,Yes,None,No,Absent,Absent,Absent
SYN-DM-01358,Type 2,9.5,48.92,Unknown,No,Fingerstick,No,Unknown,Unknown,Present
SYN-DM-01359,Type 2,4.1,21.3,At goal,Yes,None,Yes,Present,Present,Unknown
SYN-DM-01360,Type 2,18.5,57.89,At goal,No,None,Yes,Absent,Present,Absent
SYN-DM-01361,Gestational,11.7,46.79,At goal,Yes,None,Unknown,Present,Unknown,Absent
SYN-DM-01362,Type 2,4.0,14.32,Unknown,No,Both,Unknown,Present,Absent,Unknown
SYN-DM-01363,Type 2,6.5,61.27,At goal,No,None,Yes,Unknown,Present,Unknown
SYN-DM-01364,Type 2,6.8,27.76,Unknown,No,Continuous monitor,Yes,Present,Present,Unknown
SYN-DM-01365,Type 2,16.0,58.34,Unknown,No,None,No,Present,Absent,Absent
SYN-DM-01366,Type 2,0.2,64.11,Unknown,No,Continuous monitor,Unknown,Unknown,Present,Unknown
SYN-DM-01367,Type 1,10.5,39.79,At goal,Yes,Both,Unknown,Absent,Absent,Present
SYN-DM-01368,Type 2,19.9,37.25,At goal,Yes,Both,Unknown,Present,Unknown,Unknown
SYN-DM-01369,Type 2,9.1,45.76,At goal,No,None,No,Present,Unknown,Present
SYN-DM-01370,Type 2,17.2,22.99,Unknown,No,Fingerstick,Yes,Absent,Unknown,Absent
SYN-DM-01371,Type 2,16.2,15.93,Above goal,Yes,Both,Unknown,Present,Absent,Absent
SYN-DM-01372,Other,2.0,46.8,Above goal,Yes,Continuous monitor,Yes,Present,Absent,Unknown
SYN-DM-01373,Type 2,10.4,17.47,At goal,Yes,Fingerstick,Unknown,Absent,Present,Absent
SYN-DM-01374,Type 2,1.6,20.06,Unknown,Yes,Both,No,Unknown,Unknown,Present
SYN-DM-01375,Type 1,17.0,45.49,Unknown,Yes,None,Yes,Absent,Present,Unknown
SYN-DM-01376,Type 2,18.7,43.07,Above goal,Yes,Continuous monitor,Unknown,Present,Unknown,Unknown
SYN-DM-01377,Type 2,1.6,28.19,Unknown,Yes,None,Unknown,Absent,Absent,Present
SYN-DM-01378,Type 2,10.1,13.44,Above goal,No,Fingerstick,No,Present,Present,Unknown
SYN-DM-01379,Type 2,9.6,51.28,At goal,No,None,Unknown,Present,Absent,Absent
SYN-DM-01380,Type 2,25.2,32.87,Unknown,Yes,Continuous monitor,No,Present,Unknown,Absent
SYN-DM-01381,Type 2,12.8,12.99,Unknown,No,Continuous monitor,Unknown,Present,Absent,Unknown
SYN-DM-01382,Type 2,20.7,47.46,Above goal,No,None,Unknown,Absent,Absent,Unknown
SYN-DM-01383,Type 2,1.0,61.44,Above goal,Yes,None,Unknown,Unknown,Unknown,Present
SYN-DM-01384,Type 2,11.4,67.06,Unknown,Yes,None,Unknown,Present,Absent,Unknown
SYN-DM-01385,Type 2,11.7,20.68,Unknown,No,Fingerstick,Yes,Absent,Unknown,Present
SYN-DM-01386,Type 2,11.2,46.59,At goal,Yes,None,Yes,Present,Absent,Absent
SYN-DM-01387,Type 2,0.2,23.4,At goal,Yes,Both,Unknown,Present,Present,Absent
SYN-DM-01388,Type 1,11.3,54.74,At goal,Yes,None,Unknown,Present,Unknown,Absent
SYN-DM-01389,Type 1,3.4,28.31,Above goal,Yes,Both,No,Absent,Absent,Present
SYN-DM-01390,Type 2,7.5,63.98,Unknown,No,Continuous monitor,Yes,Present,Unknown,Unknown
SYN-DM-01391,Type 2,17.3,67.31,Unknown,Yes,None,Yes,Unknown,Absent,Present
SYN-DM-01392,Type 1,11.6,58.96,Unknown,No,Fingerstick,No,Present,Present,Present
SYN-DM-01393,Type 2,7.1,56.87,Above goal,Yes,None,No,Absent,Present,Absent
SYN-DM-01394,Type 2,27.3,56.18,Above goal,No,None,Yes,Absent,Unknown,Present
SYN-DM-01395,Type 2,14.3,35.52,At goal,No,Continuous monitor,Yes,Absent,Present,Present
SYN-DM-01396,Other,6.8,35.55,At goal,Yes,None,No,Present,Absent,Absent
SYN-DM-01397,Type 2,3.1,44.53,Unknown,No,Both,Unknown,Present,Present,Absent
SYN-DM-01398,Type 2,19.9,20.0,Above goal,No,Fingerstick,Unknown,Absent,Present,Present
SYN-DM-01399,Type 2,15.2,50.16,Above goal,No,Both,Yes,Present,Unknown,Present
SYN-DM-01400,Type 2,22.8,31.93,Above goal,Yes,None,Yes,Present,Absent,Present
SYN-DM-01401,Type 2,0.2,43.07,Unknown,Yes,None,Yes,Unknown,Unknown,Absent
SYN-DM-01402,Type 2,12.3,64.67,At goal,Yes,Fingerstick,No,Absent,Absent,Present
SYN-DM-01403,Type 2,15.4,23.78,At goal,Yes,Both,Yes,Present,Unknown,Absent
SYN-DM-01404,Type 1,10.5,39.88,At goal,Yes,Both,No,Unknown,Absent,Present
SYN-DM-01405,Other,3.9,41.11,Unknown,No,Continuous monitor,Yes,Present,Present,Absent
SYN-DM-01406,Type 1,12.4,60.24,Above goal,No,Both,Unknown,Unknown,Present,Absent
SYN-DM-01407,Type 2,9.0,67.36,Above goal,No,None,No,Absent,Unknown,Present
SYN-DM-01408,Type 1,10.3,66.94,Unknown,Yes,Fingerstick,Yes,Unknown,Unknown,Absent
SYN-DM-01409,Type 2,22.2,56.9,Unknown,Yes,Fingerstick,Unknown,Unknown,Present,Unknown
SYN-DM-01410,Type 2,8.5,51.32,Unknown,Yes,Continuous monitor,Yes,Present,Absent,Absent
SYN-DM-01411,Type 2,29.4,47.53,Unknown,Yes,Fingerstick,Yes,Present,Unknown,Unknown
SYN-DM-01412,Type 2,16.6,59.16,Above goal,Yes,None,Unknown,Present,Unknown,Present
SYN-DM-01413,Type 2,11.0,30.1,Above goal,Yes,Continuous monitor,Unknown,Unknown,Present,Unknown
SYN-DM-01414,Type 2,19.3,49.29,At goal,No,Both,Unknown,Unknown,Absent,Absent
SYN-DM-01415,Type 2,7.9,63.36,Unknown,Yes,Continuous monitor,Unknown,Present,Absent,Unknown
SYN-DM-01416,Other,5.3,20.57,At goal,Yes,Both,Yes,Unknown,Absent,Unknown
SYN-DM-01417,Type 2,19.0,45.6,Unknown,Yes,Continuous monitor,Unknown,Unknown,Absent,Present
SYN-DM-01418,Type 2,9.9,55.25,Above goal,Yes,Continuous monitor,No,Unknown,Present,Absent
SYN-DM-01419,Type 2,16.5,54.7,Above goal,Yes,None,Yes,Absent,Present,Present
SYN-DM-01420,Type 2,5.6,37.3,At goal,Yes,Continuous monitor,Unknown,Unknown,Absent,Absent
SYN-DM-01421,Type 2,5.6,42.71,Unknown,No,Fingerstick,No,Unknown,Absent,Absent
SYN-DM-01422,Type 2,4.3,27.1,Unknown,Yes,Continuous monitor,No,Unknown,Absent,Absent
SYN-DM-01423,Type 2,8.0,32.07,Above goal,Yes,None,No,Absent,Unknown,Absent
SYN-DM-01424,Type 1,11.4,15.92,Unknown,No,Both,Unknown,Present,Present,Unknown
SYN-DM-01425,Other,12.4,61.31,Unknown,Yes,Continuous monitor,Yes,Absent,Absent,Absent
SYN-DM-01426,Type 2,6.5,38.03,Above goal,No,Both,No,Present,Present,Present
SYN-DM-01427,Type 2,3.8,62.51,Unknown,No,Continuous monitor,Unknown,Unknown,Unknown,Unknown
SYN-DM-01428,Type 2,4.8,50.8,Unknown,Yes,Continuous monitor,No,Unknown,Absent,Unknown
SYN-DM-01429,Type 2,9.7,46.57,Above goal,Yes,None,Unknown,Unknown,Present,Absent
SYN-DM-01430,Type 2,9.2,62.08,Unknown,No,Continuous monitor,Yes,Present,Absent,Absent
SYN-DM-01431,Other,22.2,50.15,Above goal,Yes,Continuous monitor,Unknown,Unknown,Present,Absent
SYN-DM-01432,Type 2,9.7,16.95,Above goal,No,Fingerstick,Yes,Unknown,Present,Present
SYN-DM-01433,Type 2,10.5,19.1,Above goal,Yes,Fingerstick,No,Unknown,Absent,Unknown
SYN-DM-01434,Type 1,0.2,25.87,Unknown,Yes,None,No,Unknown,Unknown,Absent
SYN-DM-01435,Type 2,4.6,27.2,Unknown,No,None,Yes,Absent,Absent,Absent
SYN-DM-01436,Type 2,0.2,61.54,At goal,No,None,Unknown,Present,Absent,Unknown
SYN-DM-01437,Type 2,15.2,46.39,At goal,Yes,Fingerstick,No,Unknown,Absent,Present
SYN-DM-01438,Type 2,8.2,36.62,At goal,Yes,None,Yes,Unknown,Unknown,Absent
SYN-DM-01439,Type 2,11.7,56.62,Above goal,Yes,Both,No,Unknown,Present,Absent
SYN-DM-01440,Type 1,10.3,49.95,Above goal,Yes,Both,Unknown,Present,Present,Absent
SYN-DM-01441,Type 2,3.2,44.89,Unknown,No,None,Unknown,Present,Unknown,Unknown
SYN-DM-01442,Type 2,0.2,14.57,Above goal,No,Fingerstick,Yes,Unknown,Unknown,Absent
SYN-DM-01443,Type 2,3.9,49.94,At goal,No,Both,No,Present,Unknown,Absent
SYN-DM-01444,Type 2,12.8,54.67,At goal,No,Fingerstick,No,Absent,Unknown,Present
SYN-DM-01445,Gestational,11.7,52.3,Unknown,Yes,Both,Yes,Absent,Absent,Present
SYN-DM-01446,Type 2,10.1,62.37,At goal,No,Fingerstick,No,Present,Present,Absent
SYN-DM-01447,Type 2,11.4,36.01,Unknown,No,Both,Unknown,Absent,Present,Unknown
SYN-DM-01448,Type 1,2.5,59.76,At goal,Yes,Fingerstick,No,Absent,Unknown,Present
SYN-DM-01449,Other,9.3,34.97,At goal,Yes,Both,No,Present,Absent,Absent
SYN-DM-01450,Type 2,10.8,28.98,Above goal,No,Both,Unknown,Absent,Absent,Unknown
SYN-DM-01451,Type 2,9.2,53.14,Above goal,No,Continuous monitor,Unknown,Unknown,Unknown,Unknown
SYN-DM-01452,Other,0.2,42.98,At goal,Yes,None,No,Unknown,Unknown,Unknown
SYN-DM-01453,Type 2,12.2,25.17,Above goal,Yes,Both,Yes,Present,Unknown,Unknown
SYN-DM-01454,Type 2,26.2,29.08,At goal,Yes,None,Yes,Unknown,Unknown,Present
SYN-DM-01455,Type 2,11.0,36.36,Above goal,No,Continuous monitor,No,Present,Absent,Absent
SYN-DM-01456,Type 2,1.8,12.63,At goal,Yes,Continuous monitor,Yes,Unknown,Unknown,Absent
SYN-DM-01457,Type 2,7.5,48.43,Unknown,Yes,Both,No,Unknown,Unknown,Present
SYN-DM-01458,Type 1,0.2,20.57,Unknown,Yes,Continuous monitor,Unknown,Unknown,Absent,Absent
SYN-DM-01459,Type 2,12.5,28.78,Unknown,No,Fingerstick,Unknown,Unknown,Unknown,Absent
SYN-DM-01460,Type 2,0.2,31.39,Unknown,Yes,None,Yes,Present,Present,Absent
SYN-DM-01461,Type 2,8.8,26.48,Unknown,No,Both,Unknown,Unknown,Unknown,Absent
SYN-DM-01462,Type 2,4.5,36.41,Above goal,No,Both,Unknown,Absent,Unknown,Absent
SYN-DM-01463,Type 1,18.3,41.62,At goal,Yes,Continuous monitor,Unknown,Present,Unknown,Unknown
SYN-DM-01464,Type 2,0.9,17.82,Unknown,Yes,Fingerstick,Yes,Absent,Unknown,Unknown
SYN-DM-01465,Type 2,15.7,63.22,At goal,No,None,Yes,Absent,Unknown,Unknown
SYN-DM-01466,Type 1,8.8,36.34,Above goal,Yes,Both,Yes,Absent,Present,Unknown
SYN-DM-01467,Type 2,0.2,37.66,Unknown,Yes,Fingerstick,Yes,Unknown,Present,Unknown
SYN-DM-01468,Type 2,8.6,53.56,Unknown,Yes,Both,No,Absent,Present,Absent
SYN-DM-01469,Type 2,16.3,35.49,Above goal,Yes,Both,Unknown,Unknown,Absent,Present
SYN-DM-01470,Type 2,6.6,60.75,Unknown,Yes,Continuous monitor,Yes,Absent,Unknown,Absent
SYN-DM-01471,Type 2,8.4,26.43,Above goal,Yes,None,Yes,Absent,Present,Unknown
SYN-DM-01472,Type 2,13.1,16.53,Unknown,Yes,None,No,Unknown,Present,Present
SYN-DM-01473,Type 2,11.3,63.53,Above goal,Yes,None,No,Unknown,Unknown,Absent
SYN-DM-01474,Type 2,13.1,41.5,Above goal,Yes,None,Yes,Present,Absent,Absent
SYN-DM-01475,Type 2,5.8,14.24,At goal,Yes,None,Unknown,Absent,Present,Unknown
SYN-DM-01476,Gestational,0.2,33.34,Unknown,Yes,Fingerstick,Yes,Present,Unknown,Unknown
SYN-DM-01477,Other,20.4,64.77,Above goal,Yes,Both,Unknown,Unknown,Unknown,Present
SYN-DM-01478,Other,1.7,39.57,At goal,No,Fingerstick,No,Unknown,Present,Present
SYN-DM-01479,Type 2,15.4,51.41,Above goal,No,Fingerstick,Yes,Absent,Absent,Present
SYN-DM-01480,Gestational,14.3,54.54,At goal,Yes,Continuous monitor,No,Present,Absent,Absent
SYN-DM-01481,Type 2,8.3,52.59,Above goal,Yes,None,No,Absent,Unknown,Present
SYN-DM-01482,Type 2,8.8,14.43,Unknown,Yes,Continuous monitor,No,Present,Absent,Absent
SYN-DM-01483,Other,15.6,13.36,Unknown,Yes,None,No,Absent,Absent,Unknown
SYN-DM-01484,Type 2,10.2,16.73,Unknown,No,Fingerstick,Unknown,Unknown,Absent,Unknown
SYN-DM-01485,Gestational,0.2,63.65,Above goal,Yes,Continuous monitor,No,Absent,Absent,Present
SYN-DM-01486,Type 2,7.8,12.47,At goal,No,Both,Yes,Absent,Unknown,Absent
SYN-DM-01487,Other,13.8,40.74,Unknown,No,Continuous monitor,No,Unknown,Present,Unknown
SYN-DM-01488,Type 1,2.1,44.84,At goal,Yes,Both,No,Unknown,Absent,Present
SYN-DM-01489,Type 1,24.8,25.14,Above goal,Yes,None,No,Absent,Unknown,Present
SYN-DM-01490,Type 2,12.2,30.81,Unknown,No,Continuous monitor,No,Absent,Unknown,Unknown
SYN-DM-01491,Type 1,0.5,23.63,At goal,Yes,Continuous monitor,Unknown,Present,Present,Unknown
SYN-DM-01492,Type 2,12.9,66.43,At goal,No,Fingerstick,Yes,Present,Absent,Unknown
SYN-DM-01493,Type 2,13.3,24.6,At goal,No,Fingerstick,Yes,Absent,Present,Present
SYN-DM-01494,Type 2,0.2,31.38,At goal,No,None,Yes,Present,Present,Present
SYN-DM-01495,Type 2,16.2,37.39,Above goal,Yes,None,No,Absent,Absent,Unknown
SYN-DM-01496,Type 2,3.7,58.0,Above goal,No,Both,Unknown,Present,Present,Unknown
SYN-DM-01497,Type 2,12.0,34.87,Above goal,No,None,Yes,Present,Unknown,Absent
SYN-DM-01498,Type 2,0.2,42.17,Unknown,Yes,Continuous monitor,Unknown,Present,Absent,Absent
SYN-DM-01499,Type 2,0.2,38.65,Above goal,No,None,Unknown,Absent,Present,Present
SYN-DM-01500,Type 2,6.2,29.62,Unknown,No,None,No,Unknown,Present,Present
SYN-DM-01501,Type 2,6.4,32.23,At goal,Yes,Both,Yes,Present,Unknown,Unknown
SYN-DM-01502,Type 1,23.6,25.53,At goal,Yes,Both,No,Present,Absent,Present
SYN-DM-01503,Type 2,15.7,14.96,At goal,No,Fingerstick,Unknown,Unknown,Unknown,Unknown
SYN-DM-01504,Type 2,9.4,44.06,Above goal,Yes,None,Unknown,Present,Unknown,Present
SYN-DM-01505,Type 2,8.2,66.94,At goal,Yes,Continuous monitor,No,Present,Unknown,Present
SYN-DM-01506,Type 2,4.9,50.95,Unknown,No,Both,No,Unknown,Present,Present
SYN-DM-01507,Type 2,11.9,49.15,Unknown,Yes,None,Yes,Absent,Present,Absent
SYN-DM-01508,Type 2,16.1,51.19,At goal,No,Continuous monitor,Unknown,Present,Unknown,Absent
SYN-DM-01509,Type 1,4.7,51.28,At goal,Yes,None,No,Present,Unknown,Present
SYN-DM-01510,Type 2,29.1,34.43,Unknown,Yes,Continuous monitor,Yes,Present,Absent,Absent
SYN-DM-01511,Type 2,9.7,53.1,At goal,No,None,No,Present,Absent,Absent
SYN-DM-01512,Type 2,0.2,17.08,At goal,No,None,Yes,Present,Absent,Unknown
SYN-DM-01513,Type 1,6.5,66.46,Unknown,Yes,Continuous monitor,Yes,Absent,Absent,Present
SYN-DM-01514,Type 2,0.2,66.02,At goal,No,Both,Unknown,Unknown,Present,Present
SYN-DM-01515,Type 2,12.4,59.5,At goal,No,None,Unknown,Present,Unknown,Present
SYN-DM-01516,Type 1,3.8,26.4,Unknown,Yes,Both,No,Absent,Present,Unknown
SYN-DM-01517,Type 2,15.3,32.83,Above goal,No,Both,Yes,Unknown,Present,Present
SYN-DM-01518,Type 1,7.5,57.01,Unknown,Yes,None,No,Unknown,Unknown,Absent
SYN-DM-01519,Type 2,20.7,64.16,Above goal,No,Both,Unknown,Absent,Present,Present
SYN-DM-01520,Type 2,16.1,46.4,At goal,No,Fingerstick,Yes,Unknown,Present,Unknown
SYN-DM-01521,Type 1,5.4,46.1,Unknown,Yes,None,No,Unknown,Present,Unknown
SYN-DM-01522,Type 2,14.4,39.26,Above goal,No,Continuous monitor,No,Absent,Absent,Absent
SYN-DM-01523,Type 2,12.9,22.12,Above goal,No,Both,Unknown,Present,Unknown,Absent
SYN-DM-01524,Type 2,20.7,54.38,Above goal,Yes,Continuous monitor,Yes,Present,Absent,Present
SYN-DM-01525,Type 2,11.4,18.05,Above goal,No,Continuous monitor,No,Unknown,Present,Unknown
SYN-DM-01526,Type 2,7.1,63.87,Unknown,Yes,None,Yes,Unknown,Unknown,Present
SYN-DM-01527,Type 1,8.3,17.18,At goal,Yes,None,No,Present,Present,Absent
SYN-DM-01528,Type 2,9.1,32.41,Above goal,Yes,Both,Yes,Absent,Present,Absent
SYN-DM-01529,Type 2,16.3,48.17,Above goal,Yes,Continuous monitor,No,Present,Unknown,Present
SYN-DM-01530,Type 2,6.7,58.56,At goal,Yes,Fingerstick,Unknown,Absent,Absent,Absent
SYN-DM-01531,Type 2,16.3,38.2,At goal,Yes,Both,Unknown,Present,Unknown,Absent
SYN-DM-01532,Type 2,19.0,28.62,Above goal,Yes,Fingerstick,No,Unknown,Present,Unknown
SYN-DM-01533,Type 2,7.7,29.88,Above goal,Yes,None,Yes,Present,Present,Present
SYN-DM-01534,Type 2,0.2,59.05,Above goal,Yes,Continuous monitor,No,Present,Absent,Absent
SYN-DM-01535,Gestational,25.4,36.89,Above goal,Yes,Fingerstick,Yes,Absent,Unknown,Present
SYN-DM-01536,Type 2,1.2,51.1,Above goal,Yes,None,Yes,Absent,Present,Unknown
SYN-DM-01537,Type 2,10.1,23.94,Above goal,No,Continuous monitor,Unknown,Absent,Present,Unknown
SYN-DM-01538,Type 2,6.3,58.57,Above goal,Yes,Both,Yes,Present,Absent,Present
SYN-DM-01539,Type 2,15.4,39.63,Unknown,No,Continuous monitor,Yes,Unknown,Unknown,Unknown
SYN-DM-01540,Type 2,12.9,48.46,Above goal,Yes,None,Yes,Present,Present,Unknown
SYN-DM-01541,Type 1,0.2,44.75,Above goal,Yes,Fingerstick,Yes,Present,Present,Unknown
SYN-DM-01542,Type 2,16.4,42.73,Above goal,Yes,Both,No,Absent,Present,Present
SYN-DM-01543,Type 2,0.2,40.27,At goal,Yes,Fingerstick,Yes,Unknown,Absent,Unknown
SYN-DM-01544,Type 2,3.8,60.65,Unknown,No,Continuous monitor,Unknown,Present,Present,Present
SYN-DM-01545,Type 2,11.8,53.06,At goal,Yes,Fingerstick,Unknown,Absent,Present,Unknown
SYN-DM-01546,Type 2,16.9,24.02,At goal,No,Fingerstick,Unknown,Absent,Present,Unknown
SYN-DM-01547,Type 1,0.2,65.67,Above goal,No,Fingerstick,Yes,Absent,Absent,Absent
SYN-DM-01548,Type 2,21.5,28.52,Above goal,Yes,Both,Unknown,Unknown,Absent,Absent
SYN-DM-01549,Type 2,12.0,21.41,At goal,No,Continuous monitor,No,Absent,Present,Unknown
SYN-DM-01550,Type 2,12.4,38.42,Above goal,No,None,Yes,Unknown,Present,Absent
SYN-DM-01551,Type 2,8.9,66.39,Unknown,Yes,Fingerstick,Yes,Unknown,Unknown,Present
SYN-DM-01552,Type 2,23.3,60.76,At goal,Yes,None,No,Absent,Absent,Present
SYN-DM-01553,Other,9.4,17.95,Unknown,No,Continuous monitor,No,Present,Absent,Absent
SYN-DM-01554,Type 1,1.9,52.74,Above goal,Yes,Continuous monitor,No,Present,Absent,Present
SYN-DM-01555,Type 2,1.2,63.77,Unknown,Yes,Both,Unknown,Absent,Unknown,Unknown
SYN-DM-01556,Type 2,10.1,17.8,Unknown,Yes,Both,Yes,Unknown,Absent,Absent
SYN-DM-01557,Other,12.1,30.87,Unknown,No,Both,Unknown,Absent,Present,Present
SYN-DM-01558,Type 2,15.7,60.39,At goal,No,Continuous monitor,Unknown,Present,Absent,Present
SYN-DM-01559,Type 1,1.9,56.82,Unknown,Yes,None,Yes,Present,Absent,Unknown
SYN-DM-01560,Type 1,3.3,32.17,At goal,Yes,Continuous monitor,Yes,Present,Absent,Absent
SYN-DM-01561,Type 2,11.9,35.39,At goal,Yes,None,Unknown,Absent,Absent,Unknown
SYN-DM-01562,Type 1,19.3,59.97,Above goal,Yes,None,Unknown,Present,Unknown,Present
SYN-DM-01563,Type 2,14.7,42.05,Above goal,No,Fingerstick,Unknown,Absent,Unknown,Present
SYN-DM-01564,Type 2,17.4,16.98,At goal,Yes,Fingerstick,Unknown,Unknown,Absent,Present
SYN-DM-01565,Type 2,19.2,44.92,Above goal,No,Continuous monitor,No,Present,Absent,Unknown
SYN-DM-01566,Type 1,17.9,59.98,Unknown,Yes,Both,Unknown,Present,Absent,Present
SYN-DM-01567,Type 2,21.3,43.0,At goal,Yes,Continuous monitor,No,Unknown,Absent,Present
SYN-DM-01568,Type 1,8.7,48.49,Unknown,No,Fingerstick,Unknown,Absent,Present,Unknown
SYN-DM-01569,Type 2,21.3,34.88,Above goal,Yes,Continuous monitor,No,Present,Present,Absent
SYN-DM-01570,Type 2,1.2,26.92,Unknown,Yes,Continuous monitor,Unknown,Present,Absent,Absent
SYN-DM-01571,Type 2,10.0,21.8,Unknown,No,Fingerstick,No,Absent,Unknown,Absent
SYN-DM-01572,Type 2,12.1,63.18,Above goal,Yes,None,Unknown,Absent,Unknown,Absent
SYN-DM-01573,Type 2,3.7,31.49,Unknown,No,Both,No,Present,Present,Absent
SYN-DM-01574,Type 2,20.0,36.23,Unknown,No,Both,Yes,Present,Present,Unknown
SYN-DM-01575,Type 2,0.9,44.96,At goal,No,Fingerstick,Unknown,Unknown,Present,Unknown
SYN-DM-01576,Type 2,0.2,53.21,At goal,Yes,Both,Unknown,Unknown,Present,Unknown
SYN-DM-01577,Type 2,16.9,53.83,Unknown,Yes,Both,Unknown,Present,Unknown,Absent
SYN-DM-01578,Type 2,19.0,66.49,Above goal,Yes,Fingerstick,No,Present,Present,Present
SYN-DM-01579,Type 2,0.2,34.78,At goal,Yes,None,Yes,Absent,Present,Present
SYN-DM-01580,Type 2,16.3,58.63,Above goal,Yes,None,Yes,Unknown,Present,Present
SYN-DM-01581,Type 2,9.8,20.92,Above goal,No,Continuous monitor,Unknown,Unknown,Absent,Unknown
SYN-DM-01582,Type 2,18.9,53.97,Unknown,No,Fingerstick,No,Unknown,Present,Present
SYN-DM-01583,Type 2,7.3,30.74,Above goal,Yes,None,Unknown,Absent,Absent,Absent
SYN-DM-01584,Type 2,21.0,15.61,Unknown,No,None,No,Unknown,Absent,Present
SYN-DM-01585,Type 1,13.2,29.08,Unknown,No,Both,Unknown,Absent,Absent,Present
SYN-DM-01586,Type 2,15.9,47.44,Above goal,No,Continuous monitor,No,Present,Absent,Absent
SYN-DM-01587,Type 2,7.5,65.12,Above goal,No,Continuous monitor,No,Unknown,Unknown,Absent
SYN-DM-01588,Type 2,9.8,53.99,Above goal,Yes,Fingerstick,Unknown,Unknown,Unknown,Unknown
SYN-DM-01589,Type 2,15.8,55.52,Unknown,No,None,Unknown,Unknown,Unknown,Unknown
SYN-DM-01590,Type 2,14.8,17.15,Unknown,Yes,Both,Yes,Absent,Unknown,Unknown
SYN-DM-01591,Other,16.2,46.45,Above goal,Yes,Continuous monitor,Unknown,Unknown,Unknown,Unknown
SYN-DM-01592,Type 2,8.1,13.26,Unknown,Yes,Continuous monitor,Yes,Absent,Absent,Absent
SYN-DM-01593,Type 2,20.8,27.14,Unknown,Yes,Both,Yes,Absent,Unknown,Present
SYN-DM-01594,Type 2,3.4,12.78,Unknown,Yes,Continuous monitor,Yes,Present,Present,Absent
SYN-DM-01595,Type 2,5.0,47.35,At goal,Yes,Continuous monitor,No,Present,Absent,Absent
SYN-DM-01596,Type 2,4.5,29.27,At goal,No,Continuous monitor,Unknown,Unknown,Absent,Absent
SYN-DM-01597,Type 1,16.5,20.12,Unknown,No,Continuous monitor,No,Present,Unknown,Absent
SYN-DM-01598,Type 2,0.5,58.24,Above goal,Yes,Continuous monitor,No,Present,Present,Unknown
SYN-DM-01599,Type 2,7.2,53.0,Unknown,No,Fingerstick,No,Absent,Unknown,Present
SYN-DM-01600,Type 2,16.7,33.6,Above goal,Yes,Fingerstick,Unknown,Unknown,Absent,Unknown
SYN-DM-01601,Type 2,4.3,57.24,At goal,No,None,No,Absent,Unknown,Present
SYN-DM-01602,Type 1,18.0,13.78,At goal,Yes,Both,No,Present,Unknown,Unknown
SYN-DM-01603,Gestational,10.7,17.56,Unknown,No,Both,Unknown,Present,Present,Present
SYN-DM-01604,Type 2,7.6,19.07,Above goal,No,Both,No,Present,Absent,Present
SYN-DM-01605,Type 2,17.3,44.94,Unknown,Yes,Continuous monitor,No,Unknown,Present,Present
SYN-DM-01606,Type 2,6.4,54.6,Above goal,Yes,Both,Yes,Present,Unknown,Unknown
SYN-DM-01607,Type 1,6.7,52.29,At goal,Yes,None,Unknown,Absent,Present,Unknown
SYN-DM-01608,Type 2,21.2,40.81,Unknown,Yes,Fingerstick,No,Absent,Absent,Absent
SYN-DM-01609,Type 2,23.4,12.07,At goal,Yes,None,Yes,Absent,Unknown,Absent
SYN-DM-01610,Type 2,1.2,29.58,At goal,Yes,Fingerstick,No,Absent,Unknown,Present
SYN-DM-01611,Type 2,9.3,15.26,At goal,Yes,Both,Yes,Absent,Unknown,Unknown
SYN-DM-01612,Type 2,0.2,66.06,At goal,Yes,None,No,Absent,Absent,Present
SYN-DM-01613,Type 2,12.1,28.54,At goal,Yes,None,Yes,Present,Present,Absent
SYN-DM-01614,Type 2,9.0,58.85,Unknown,Yes,Continuous monitor,Unknown,Unknown,Absent,Absent
SYN-DM-01615,Type 2,0.8,34.43,At goal,Yes,Continuous monitor,Unknown,Absent,Present,Present
SYN-DM-01616,Type 2,1.6,63.88,Above goal,Yes,Fingerstick,No,Unknown,Absent,Present
SYN-DM-01617,Type 2,13.4,17.95,Above goal,No,Fingerstick,Unknown,Unknown,Present,Absent
SYN-DM-01618,Type 2,0.2,19.02,Unknown,No,Fingerstick,Yes,Present,Present,Absent
SYN-DM-01619,Type 2,8.9,40.23,At goal,Yes,Both,Yes,Unknown,Absent,Present
SYN-DM-01620,Type 2,0.2,18.41,Unknown,Yes,None,Unknown,Absent,Unknown,Unknown
SYN-DM-01621,Type 2,8.4,30.63,Unknown,Yes,Fingerstick,No,Present,Absent,Present
SYN-DM-01622,Type 2,16.3,46.11,Above goal,No,Fingerstick,Yes,Present,Unknown,Absent
SYN-DM-01623,Other,1.9,31.35,Above goal,Yes,None,No,Unknown,Unknown,Absent
SYN-DM-01624,Type 2,9.9,49.42,Unknown,Yes,None,Yes,Unknown,Present,Absent
SYN-DM-01625,Other,7.7,44.16,At goal,No,Continuous monitor,Unknown,Present,Present,Present
SYN-DM-01626,Gestational,12.1,25.28,Unknown,No,None,Yes,Absent,Present,Unknown
SYN-DM-01627,Type 2,16.2,54.4,Unknown,No,Continuous monitor,No,Absent,Present,Unknown
SYN-DM-01628,Type 2,8.1,16.31,Above goal,No,Both,Unknown,Present,Absent,Absent
SYN-DM-01629,Type 2,7.4,52.44,Unknown,No,Both,No,Absent,Present,Absent
SYN-DM-01630,Type 2,16.1,60.55,At goal,Yes,None,No,Present,Present,Absent
SYN-DM-01631,Type 2,3.3,36.68,Above goal,Yes,Continuous monitor,No,Absent,Unknown,Absent
SYN-DM-01632,Type 1,14.2,32.16,Unknown,Yes,Continuous monitor,Unknown,Unknown,Absent,Unknown
SYN-DM-01633,Other,26.1,63.59,Unknown,Yes,Fingerstick,Unknown,Absent,Absent,Present
SYN-DM-01634,Type 1,8.3,62.11,Unknown,Yes,Continuous monitor,Unknown,Present,Unknown,Present
SYN-DM-01635,Type 2,1.3,36.21,At goal,No,Fingerstick,No,Absent,Present,Unknown
SYN-DM-01636,Type 2,16.6,34.06,At goal,No,Continuous monitor,Unknown,Unknown,Present,Absent
SYN-DM-01637,Type 1,6.0,54.74,At goal,Yes,None,No,Absent,Unknown,Unknown
SYN-DM-01638,Type 2,4.9,42.81,Above goal,Yes,Fingerstick,Yes,Absent,Absent,Unknown
SYN-DM-01639,Type 2,13.6,12.89,At goal,Yes,None,Unknown,Absent,Absent,Absent
SYN-DM-01640,Type 2,6.4,36.33,Above goal,No,None,Unknown,Present,Absent,Present
SYN-DM-01641,Type 1,13.6,42.01,Unknown,Yes,Fingerstick,Yes,Present,Absent,Unknown
SYN-DM-01642,Type 2,5.3,37.69,At goal,Yes,Continuous monitor,No,Present,Absent,Present
SYN-DM-01643,Type 2,9.8,32.35,Above goal,No,Continuous monitor,Unknown,Present,Present,Present
SYN-DM-01644,Other,0.2,21.84,Above goal,Yes,Fingerstick,No,Present,Unknown,Present
SYN-DM-01645,Type 2,5.6,67.37,Above goal,Yes,Fingerstick,Unknown,Unknown,Absent,Present
SYN-DM-01646,Type 1,5.5,25.33,At goal,No,Both,Unknown,Present,Present,Present
SYN-DM-01647,Type 2,12.5,64.98,Above goal,No,Both,No,Unknown,Absent,Present
SYN-DM-01648,Type 1,9.7,41.12,At goal,Yes,Continuous monitor,Yes,Present,Present,Absent
SYN-DM-01649,Type 2,1.8,29.07,Unknown,No,None,Yes,Present,Present,Absent
SYN-DM-01650,Gestational,7.3,62.34,Above goal,Yes,Fingerstick,Yes,Unknown,Present,Absent
SYN-DM-01651,Type 2,0.2,39.53,Above goal,Yes,None,Yes,Unknown,Absent,Unknown
SYN-DM-01652,Type 2,0.2,48.4,At goal,Yes,Both,Yes,Unknown,Absent,Unknown
SYN-DM-01653,Type 1,0.2,39.65,Above goal,Yes,None,Unknown,Absent,Absent,Unknown
SYN-DM-01654,Type 1,24.0,25.22,Above goal,Yes,None,Yes,Present,Absent,Absent
SYN-DM-01655,Type 2,15.3,50.35,Unknown,Yes,Fingerstick,Unknown,Unknown,Unknown,Present
SYN-DM-01656,Type 2,0.2,20.88,At goal,Yes,Fingerstick,Yes,Absent,Unknown,Absent
SYN-DM-01657,Type 1,4.9,65.22,At goal,Yes,Continuous monitor,No,Present,Present,Unknown
SYN-DM-01658,Type 1,19.1,51.31,Unknown,No,Both,Unknown,Absent,Absent,Absent
SYN-DM-01659,Type 1,11.5,65.39,Unknown,Yes,None,Yes,Unknown,Present,Present
SYN-DM-01660,Type 2,11.6,22.99,Above goal,No,None,Yes,Absent,Present,Present
SYN-DM-01661,Type 2,1.9,60.34,Above goal,Yes,Both,No,Unknown,Unknown,Absent
SYN-DM-01662,Type 2,11.2,43.99,At goal,Yes,Continuous monitor,Unknown,Present,Absent,Unknown
SYN-DM-01663,Type 1,0.2,29.28,Above goal,No,Continuous monitor,Yes,Present,Unknown,Present
SYN-DM-01664,Type 2,19.6,58.95,Above goal,Yes,None,No,Unknown,Unknown,Absent
SYN-DM-01665,Type 1,6.8,38.4,Above goal,Yes,None,Unknown,Unknown,Unknown,Unknown
SYN-DM-01666,Type 2,4.6,66.58,At goal,Yes,Continuous monitor,Unknown,Absent,Absent,Unknown
SYN-DM-01667,Type 2,8.4,55.37,Above goal,No,Continuous monitor,Unknown,Unknown,Absent,Absent
SYN-DM-01668,Type 2,6.4,22.55,At goal,Yes,Continuous monitor,Unknown,Unknown,Absent,Present
SYN-DM-01669,Other,1.0,56.09,Above goal,No,Both,Unknown,Unknown,Present,Present
SYN-DM-01670,Type 2,12.3,19.54,Above goal,No,Both,Unknown,Absent,Unknown,Unknown
SYN-DM-01671,Type 2,21.8,49.55,Above goal,Yes,Both,Unknown,Unknown,Absent,Absent
SYN-DM-01672,Type 2,9.1,53.08,Unknown,Yes,Continuous monitor,Unknown,Present,Absent,Unknown
SYN-DM-01673,Type 2,22.5,34.36,At goal,No,Fingerstick,Unknown,Unknown,Absent,Absent
SYN-DM-01674,Type 2,15.7,42.5,Above goal,Yes,Both,No,Present,Absent,Unknown
SYN-DM-01675,Type 1,0.2,67.97,At goal,No,Fingerstick,No,Present,Present,Absent
SYN-DM-01676,Type 1,0.5,44.07,Above goal,Yes,Continuous monitor,Yes,Unknown,Absent,Present
SYN-DM-01677,Type 2,5.9,56.76,Above goal,No,None,Unknown,Unknown,Present,Unknown
SYN-DM-01678,Type 2,6.9,23.24,Above goal,Yes,None,Unknown,Absent,Absent,Unknown
SYN-DM-01679,Type 1,3.3,46.89,Unknown,Yes,Fingerstick,No,Absent,Absent,Absent
SYN-DM-01680,Gestational,14.7,55.35,Unknown,Yes,None,Yes,Present,Unknown,Present
SYN-DM-01681,Type 2,8.0,26.98,Unknown,No,Continuous monitor,Unknown,Present,Absent,Absent
SYN-DM-01682,Type 2,17.6,44.55,Above goal,No,Both,Yes,Absent,Absent,Unknown
SYN-DM-01683,Type 2,6.2,19.35,Unknown,No,None,Unknown,Unknown,Unknown,Present
SYN-DM-01684,Type 2,7.8,51.85,Unknown,Yes,Fingerstick,No,Unknown,Absent,Absent
SYN-DM-01685,Type 2,4.5,64.21,At goal,Yes,None,Unknown,Absent,Unknown,Unknown
SYN-DM-01686,Type 1,7.0,31.44,At goal,No,Continuous monitor,No,Absent,Absent,Absent
SYN-DM-01687,Other,22.3,63.6,At goal,Yes,None,Unknown,Absent,Absent,Absent
SYN-DM-01688,Type 2,7.8,40.2,Unknown,No,Fingerstick,Unknown,Present,Present,Present
SYN-DM-01689,Type 2,7.5,18.09,Above goal,Yes,Both,Yes,Absent,Absent,Present
SYN-DM-01690,Type 2,1.7,61.29,At goal,No,Continuous monitor,No,Present,Unknown,Absent
SYN-DM-01691,Other,9.2,50.39,At goal,Yes,Fingerstick,Yes,Unknown,Unknown,Unknown
SYN-DM-01692,Other,4.2,65.12,At goal,No,Both,Unknown,Absent,Present,Unknown
SYN-DM-01693,Type 2,3.2,31.12,At goal,Yes,Fingerstick,Yes,Absent,Unknown,Present
SYN-DM-01694,Type 1,1.6,41.79,Unknown,Yes,None,Yes,Present,Present,Unknown
SYN-DM-01695,Type 2,11.7,34.79,Above goal,Yes,Both,No,Unknown,Present,Present
SYN-DM-01696,Type 2,11.9,63.92,Unknown,Yes,Both,Unknown,Absent,Unknown,Unknown
SYN-DM-01697,Other,3.3,41.26,Unknown,Yes,Continuous monitor,Unknown,Unknown,Unknown,Absent
SYN-DM-01698,Type 1,2.0,28.52,At goal,Yes,Both,Yes,Absent,Absent,Present
SYN-DM-01699,Type 2,13.6,63.77,At goal,No,Fingerstick,Yes,Absent,Unknown,Present
SYN-DM-01700,Type 2,3.4,66.2,Above goal,Yes,Fingerstick,Unknown,Absent,Unknown,Present
SYN-DM-01701,Other,8.6,28.38,Unknown,No,None,Yes,Present,Absent,Unknown
SYN-DM-01702,Type 2,5.1,54.29,Above goal,No,None,Unknown,Present,Absent,Absent
SYN-DM-01703,Type 1,19.2,35.86,Unknown,Yes,Fingerstick,Yes,Absent,Unknown,Unknown
SYN-DM-01704,Type 1,10.0,36.31,At goal,No,Both,Unknown,Absent,Unknown,Present
SYN-DM-01705,Type 2,16.2,47.38,Above goal,No,Fingerstick,Unknown,Unknown,Absent,Absent
SYN-DM-01706,Type 2,0.2,24.65,Unknown,No,Both,Unknown,Present,Unknown,Present
SYN-DM-01707,Type 2,1.1,34.61,At goal,Yes,Fingerstick,Unknown,Present,Present,Present
SYN-DM-01708,Other,16.3,49.92,Unknown,Yes,None,Yes,Absent,Unknown,Present
SYN-DM-01709,Type 2,4.5,24.19,At goal,Yes,None,Unknown,Absent,Absent,Absent
SYN-DM-01710,Type 1,5.1,66.13,At goal,Yes,None,Unknown,Present,Present,Unknown
SYN-DM-01711,Type 2,0.2,57.61,At goal,No,Both,No,Absent,Unknown,Absent
SYN-DM-01712,Type 2,9.9,28.99,At goal,Yes,None,Unknown,Absent,Absent,Unknown
SYN-DM-01713,Type 2,16.1,54.34,At goal,Yes,Continuous monitor,Yes,Unknown,Present,Unknown
SYN-DM-01714,Type 2,0.8,57.11,Unknown,Yes,None,No,Absent,Absent,Present
SYN-DM-01715,Type 2,12.3,29.48,At goal,No,None,Unknown,Absent,Absent,Unknown
SYN-DM-01716,Type 2,3.6,49.15,Unknown,Yes,Fingerstick,Yes,Absent,Present,Present
SYN-DM-01717,Type 2,23.1,28.47,At goal,No,None,Unknown,Absent,Present,Unknown
SYN-DM-01718,Type 2,13.9,64.34,Unknown,No,Continuous monitor,No,Absent,Present,Unknown
SYN-DM-01719,Type 2,0.2,34.58,Above goal,Yes,Fingerstick,Yes,Absent,Present,Present
SYN-DM-01720,Type 1,14.8,21.8,Unknown,No,None,Yes,Unknown,Present,Unknown
SYN-DM-01721,Type 2,6.2,28.78,At goal,Yes,None,Yes,Present,Absent,Absent
SYN-DM-01722,Type 2,0.2,19.34,Unknown,Yes,Continuous monitor,No,Unknown,Present,Absent
SYN-DM-01723,Type 2,11.7,12.71,Above goal,No,Fingerstick,Unknown,Absent,Absent,Absent
SYN-DM-01724,Type 2,13.2,66.04,Above goal,Yes,None,No,Absent,Absent,Present
SYN-DM-01725,Type 2,0.2,66.82,At goal,Yes,Both,No,Present,Unknown,Unknown
SYN-DM-01726,Other,22.1,18.05,Above goal,No,None,Yes,Absent,Absent,Absent
SYN-DM-01727,Type 2,17.0,33.49,Unknown,Yes,Both,Unknown,Present,Unknown,Present
SYN-DM-01728,Type 1,0.2,62.65,Unknown,No,None,Yes,Unknown,Absent,Present
SYN-DM-01729,Type 2,7.1,44.85,Unknown,Yes,Fingerstick,Unknown,Unknown,Absent,Absent
SYN-DM-01730,Type 2,6.3,13.99,Unknown,No,Both,No,Present,Unknown,Unknown
SYN-DM-01731,Type 2,25.6,28.52,Unknown,Yes,Both,No,Present,Unknown,Unknown
SYN-DM-01732,Type 2,24.7,54.39,At goal,No,Continuous monitor,Yes,Absent,Unknown,Unknown
SYN-DM-01733,Type 2,6.7,46.05,At goal,Yes,None,Yes,Present,Unknown,Unknown
SYN-DM-01734,Type 1,11.0,41.19,At goal,Yes,Fingerstick,Yes,Unknown,Present,Absent
SYN-DM-01735,Type 2,7.5,21.33,Unknown,Yes,Continuous monitor,Yes,Present,Present,Unknown
SYN-DM-01736,Type 2,5.6,35.39,At goal,Yes,Continuous monitor,Unknown,Absent,Present,Absent
SYN-DM-01737,Type 2,0.4,36.1,Above goal,No,None,No,Present,Absent,Unknown
SYN-DM-01738,Type 1,17.4,12.6,At goal,Yes,None,Unknown,Present,Present,Absent
SYN-DM-01739,Type 2,8.1,40.56,At goal,No,Continuous monitor,No,Present,Absent,Present
SYN-DM-01740,Type 2,13.4,27.59,At goal,No,Continuous monitor,Yes,Present,Absent,Absent
SYN-DM-01741,Type 2,11.4,63.35,Unknown,Yes,Continuous monitor,No,Absent,Unknown,Present
SYN-DM-01742,Type 2,12.0,60.98,Unknown,Yes,None,Yes,Present,Unknown,Unknown
SYN-DM-01743,Type 1,0.2,23.75,Above goal,Yes,Fingerstick,Yes,Unknown,Unknown,Absent
SYN-DM-01744,Type 2,0.2,37.42,At goal,No,Both,Yes,Present,Present,Absent
SYN-DM-01745,Type 2,8.9,66.15,Unknown,No,None,Yes,Absent,Unknown,Absent
SYN-DM-01746,Type 2,12.6,49.46,Above goal,Yes,Continuous monitor,Yes,Absent,Unknown,Absent
SYN-DM-01747,Type 2,6.9,20.24,Above goal,Yes,None,Yes,Absent,Unknown,Absent
SYN-DM-01748,Type 1,6.9,40.68,Above goal,No,Fingerstick,Unknown,Absent,Unknown,Unknown
SYN-DM-01749,Type 2,3.3,48.93,At goal,Yes,Fingerstick,Unknown,Absent,Unknown,Present
SYN-DM-01750,Type 2,10.6,56.74,Above goal,Yes,None,Yes,Present,Absent,Unknown
SYN-DM-01751,Type 2,13.2,59.18,Unknown,Yes,Fingerstick,No,Present,Unknown,Absent
SYN-DM-01752,Type 2,15.6,67.42,At goal,Yes,Fingerstick,No,Absent,Absent,Present
SYN-DM-01753,Type 2,15.9,19.58,Unknown,Yes,Both,Yes,Absent,Absent,Unknown
SYN-DM-01754,Type 2,3.2,53.62,Above goal,Yes,Both,No,Present,Unknown,Present
SYN-DM-01755,Type 2,9.7,44.14,Above goal,No,None,Yes,Absent,Present,Absent
SYN-DM-01756,Type 2,12.5,20.74,Unknown,No,Fingerstick,Unknown,Unknown,Absent,Absent
SYN-DM-01757,Type 2,0.2,53.93,Unknown,Yes,Both,No,Absent,Present,Absent
SYN-DM-01758,Type 2,10.8,34.79,Unknown,Yes,Both,Unknown,Present,Absent,Absent
SYN-DM-01759,Type 2,0.2,67.47,Above goal,No,Fingerstick,Unknown,Unknown,Absent,Unknown
SYN-DM-01760,Type 1,15.0,48.3,At goal,Yes,Fingerstick,Unknown,Unknown,Absent,Absent
SYN-DM-01761,Type 1,9.7,14.39,Unknown,Yes,Fingerstick,Yes,Present,Absent,Absent
SYN-DM-01762,Type 2,7.7,22.81,At goal,Yes,Continuous monitor,No,Unknown,Absent,Absent
SYN-DM-01763,Type 2,15.7,38.36,At goal,No,Both,Yes,Unknown,Unknown,Absent
SYN-DM-01764,Type 2,13.7,36.83,Above goal,No,Continuous monitor,No,Absent,Unknown,Present
SYN-DM-01765,Type 1,16.4,20.17,Unknown,Yes,Continuous monitor,No,Unknown,Present,Present
SYN-DM-01766,Type 2,10.3,51.65,At goal,Yes,None,Yes,Absent,Present,Absent
SYN-DM-01767,Type 2,3.0,66.82,Unknown,Yes,None,Unknown,Present,Absent,Absent
SYN-DM-01768,Type 2,1.7,18.62,Above goal,Yes,Both,No,Absent,Unknown,Unknown
SYN-DM-01769,Type 2,18.8,64.3,Above goal,No,None,No,Absent,Absent,Absent
SYN-DM-01770,Type 2,10.0,51.32,Above goal,Yes,Continuous monitor,Yes,Present,Unknown,Unknown
SYN-DM-01771,Type 2,15.2,25.18,Unknown,No,Continuous monitor,No,Present,Unknown,Absent
SYN-DM-01772,Type 1,0.2,33.07,Unknown,Yes,Fingerstick,Unknown,Present,Absent,Unknown
SYN-DM-01773,Type 2,15.1,12.33,At goal,Yes,Continuous monitor,No,Unknown,Unknown,Present
SYN-DM-01774,Type 2,0.4,50.11,At goal,Yes,None,Unknown,Absent,Present,Present
SYN-DM-01775,Type 2,11.1,55.6,Above goal,No,None,No,Absent,Unknown,Present
SYN-DM-01776,Type 2,12.9,23.87,At goal,Yes,Continuous monitor,Unknown,Unknown,Present,Unknown
SYN-DM-01777,Type 2,13.4,32.52,Above goal,No,Both,No,Absent,Absent,Absent
SYN-DM-01778,Type 2,21.4,57.46,Unknown,Yes,Both,Yes,Absent,Present,Absent
SYN-DM-01779,Type 2,5.3,23.43,Unknown,No,Fingerstick,Yes,Absent,Absent,Present
SYN-DM-01780,Gestational,12.9,65.28,At goal,Yes,None,No,Unknown,Absent,Present
SYN-DM-01781,Type 2,26.0,15.87,Unknown,Yes,None,Unknown,Present,Absent,Absent
SYN-DM-01782,Type 2,20.2,54.61,Above goal,Yes,Continuous monitor,No,Present,Unknown,Absent
SYN-DM-01783,Type 2,6.4,12.1,Unknown,Yes,None,Yes,Present,Absent,Absent
SYN-DM-01784,Type 2,7.8,13.46,Above goal,No,None,No,Present,Present,Present
SYN-DM-01785,Type 2,2.3,64.25,Unknown,Yes,Both,No,Unknown,Present,Unknown
SYN-DM-01786,Type 1,13.4,42.85,Unknown,No,Both,No,Present,Unknown,Present
SYN-DM-01787,Type 2,9.9,44.29,Unknown,Yes,Continuous monitor,Unknown,Unknown,Absent,Unknown
SYN-DM-01788,Type 2,4.7,64.8,Unknown,No,Fingerstick,Unknown,Absent,Unknown,Present
SYN-DM-01789,Type 2,9.4,51.36,At goal,Yes,None,Yes,Absent,Absent,Absent
SYN-DM-01790,Type 2,10.7,29.66,At goal,Yes,None,No,Unknown,Absent,Absent
SYN-DM-01791,Type 2,19.7,33.8,At goal,Yes,Continuous monitor,Yes,Unknown,Present,Absent
SYN-DM-01792,Type 1,13.9,16.85,Unknown,Yes,Continuous monitor,No,Absent,Absent,Unknown
SYN-DM-01793,Type 2,3.1,41.75,Unknown,No,Continuous monitor,No,Absent,Present,Absent
SYN-DM-01794,Type 1,0.2,31.13,Unknown,Yes,Fingerstick,No,Unknown,Unknown,Unknown
SYN-DM-01795,Type 1,3.4,64.02,Unknown,No,Both,Yes,Present,Unknown,Present
SYN-DM-01796,Type 1,7.7,23.72,Above goal,Yes,None,Unknown,Present,Present,Absent
SYN-DM-01797,Other,3.2,54.88,At goal,Yes,Continuous monitor,Yes,Present,Unknown,Absent
SYN-DM-01798,Type 2,12.6,50.47,Above goal,Yes,None,Unknown,Unknown,Present,Unknown
SYN-DM-01799,Type 2,10.2,13.69,At goal,No,Both,Yes,Unknown,Unknown,Absent
SYN-DM-01800,Type 2,4.1,52.77,Unknown,No,Continuous monitor,Yes,Present,Unknown,Absent
SYN-DM-01801,Type 2,18.4,50.57,Unknown,Yes,Fingerstick,No,Present,Present,Present
SYN-DM-01802,Type 2,14.4,60.48,Unknown,Yes,Fingerstick,Unknown,Absent,Absent,Unknown
SYN-DM-01803,Type 2,12.7,16.17,Unknown,No,Fingerstick,Yes,Absent,Unknown,Unknown
SYN-DM-01804,Type 2,14.5,53.66,At goal,Yes,Both,No,Absent,Present,Present
SYN-DM-01805,Type 1,1.0,15.95,At goal,Yes,Continuous monitor,Yes,Absent,Present,Present
SYN-DM-01806,Type 2,0.2,29.54,Unknown,Yes,None,Unknown,Unknown,Unknown,Unknown
SYN-DM-01807,Type 2,6.3,62.28,At goal,Yes,None,Yes,Absent,Absent,Absent
SYN-DM-01808,Type 2,8.2,20.79,Unknown,Yes,Fingerstick,Unknown,Present,Unknown,Unknown
SYN-DM-01809,Type 2,10.1,41.13,At goal,Yes,None,Yes,Absent,Unknown,Present
SYN-DM-01810,Type 2,0.2,13.97,Above goal,Yes,Both,Yes,Present,Absent,Present
SYN-DM-01811,Type 2,6.4,43.28,Above goal,Yes,None,Yes,Present,Absent,Absent
SYN-DM-01812,Type 2,11.7,21.69,At goal,No,None,No,Present,Absent,Absent
SYN-DM-01813,Type 2,5.1,40.76,At goal,Yes,None,Yes,Absent,Present,Present
SYN-DM-01814,Type 2,0.2,43.58,At goal,Yes,Continuous monitor,Yes,Absent,Unknown,Present
SYN-DM-01815,Type 2,0.2,64.19,Above goal,No,Both,No,Unknown,Present,Absent
SYN-DM-01816,Type 2,9.4,65.16,Above goal,Yes,None,Yes,Present,Present,Absent
SYN-DM-01817,Type 2,0.6,18.63,Unknown,No,Continuous monitor,No,Absent,Unknown,Unknown
SYN-DM-01818,Type 2,9.4,31.36,Unknown,No,None,No,Unknown,Unknown,Absent
SYN-DM-01819,Type 2,8.0,49.5,Above goal,Yes,None,No,Unknown,Unknown,Unknown
SYN-DM-01820,Type 2,7.7,15.06,Unknown,Yes,None,No,Present,Present,Present
SYN-DM-01821,Type 2,19.0,23.84,Above goal,No,Both,Yes,Absent,Present,Unknown
SYN-DM-01822,Type 1,8.0,29.78,Above goal,Yes,Both,No,Absent,Present,Unknown
SYN-DM-01823,Type 2,0.2,14.85,Unknown,No,Both,No,Unknown,Unknown,Unknown
SYN-DM-01824,Type 1,13.0,27.79,Above goal,Yes,Fingerstick,Yes,Unknown,Unknown,Present
SYN-DM-01825,Type 1,14.1,27.98,Unknown,Yes,None,Yes,Absent,Unknown,Absent
SYN-DM-01826,Type 2,9.9,62.58,Above goal,No,None,Yes,Absent,Unknown,Unknown
SYN-DM-01827,Type 2,0.2,33.72,Unknown,Yes,Both,Yes,Present,Absent,Absent
SYN-DM-01828,Type 1,15.1,39.87,Above goal,Yes,Both,Unknown,Unknown,Present,Unknown
SYN-DM-01829,Type 2,17.3,45.28,Above goal,No,Fingerstick,Unknown,Absent,Present,Present
SYN-DM-01830,Type 1,0.2,51.96,At goal,Yes,Continuous monitor,Yes,Absent,Unknown,Present
SYN-DM-01831,Gestational,0.2,37.55,Above goal,No,None,Unknown,Unknown,Unknown,Absent
SYN-DM-01832,Type 2,17.1,33.86,Above goal,No,None,No,Unknown,Present,Unknown
SYN-DM-01833,Type 2,15.7,20.02,At goal,Yes,Continuous monitor,Unknown,Unknown,Present,Present
SYN-DM-01834,Type 2,4.0,63.16,Above goal,No,Fingerstick,Yes,Absent,Unknown,Absent
SYN-DM-01835,Type 2,19.9,67.49,Above goal,Yes,Both,No,Absent,Present,Absent
SYN-DM-01836,Type 2,0.2,59.96,Unknown,Yes,Continuous monitor,No,Present,Absent,Unknown
SYN-DM-01837,Type 2,9.3,28.98,Above goal,No,None,No,Present,Absent,Present
SYN-DM-01838,Type 2,24.6,41.83,At goal,No,Both,Yes,Present,Absent,Absent
SYN-DM-01839,Type 1,21.6,26.33,Unknown,Yes,Continuous monitor,Unknown,Unknown,Unknown,Unknown
SYN-DM-01840,Type 2,12.5,41.04,At goal,No,Continuous monitor,No,Present,Present,Absent
SYN-DM-01841,Type 2,13.1,43.56,Above goal,No,Both,Unknown,Unknown,Absent,Unknown
SYN-DM-01842,Type 2,10.2,56.92,At goal,Yes,Both,Unknown,Present,Unknown,Unknown
SYN-DM-01843,Type 2,13.0,31.82,Unknown,Yes,Continuous monitor,Unknown,Present,Absent,Unknown
SYN-DM-01844,Type 2,15.5,25.65,At goal,Yes,Both,No,Unknown,Unknown,Present
SYN-DM-01845,Type 2,5.2,47.52,Unknown,No,Both,Yes,Unknown,Unknown,Present
SYN-DM-01846,Type 2,16.6,49.17,At goal,Yes,Both,Yes,Absent,Unknown,Present
SYN-DM-01847,Type 2,2.1,65.99,At goal,No,Continuous monitor,No,Present,Absent,Present
SYN-DM-01848,Type 1,1.4,22.83,Above goal,Yes,None,Unknown,Present,Absent,Absent
SYN-DM-01849,Type 2,18.0,38.12,Above goal,No,None,Yes,Unknown,Absent,Present
SYN-DM-01850,Type 2,12.8,63.91,Above goal,Yes,Fingerstick,Yes,Absent,Absent,Unknown
SYN-DM-01851,Type 1,17.5,41.51,At goal,No,Continuous monitor,Yes,Unknown,Absent,Absent
SYN-DM-01852,Type 2,9.7,21.62,Unknown,No,Both,Unknown,Unknown,Present,Present
SYN-DM-01853,Type 2,1.5,26.42,Above goal,Yes,None,Yes,Unknown,Present,Present
SYN-DM-01854,Type 2,5.4,21.99,Unknown,Yes,Fingerstick,Unknown,Present,Unknown,Unknown
SYN-DM-01855,Type 2,6.7,17.55,Unknown,Yes,Fingerstick,Unknown,Unknown,Present,Present
SYN-DM-01856,Type 2,11.6,42.07,Above goal,No,Continuous monitor,Yes,Present,Unknown,Absent
SYN-DM-01857,Type 2,0.8,51.31,Above goal,Yes,Fingerstick,No,Absent,Absent,Present
SYN-DM-01858,Type 2,17.5,36.94,Unknown,No,Continuous monitor,No,Present,Unknown,Absent
SYN-DM-01859,Type 2,14.9,28.7,At goal,Yes,None,Yes,Unknown,Present,Absent
SYN-DM-01860,Type 2,9.9,47.05,Above goal,No,Fingerstick,Yes,Present,Absent,Present
SYN-DM-01861,Type 2,14.9,16.75,Unknown,No,Both,Unknown,Unknown,Absent,Unknown
SYN-DM-01862,Type 2,0.2,36.98,At goal,No,Fingerstick,Unknown,Present,Unknown,Unknown
SYN-DM-01863,Type 2,21.8,29.36,Above goal,No,Continuous monitor,Unknown,Unknown,Unknown,Present
SYN-DM-01864,Type 2,0.2,29.57,Unknown,Yes,Both,No,Present,Unknown,Unknown
SYN-DM-01865,Type 2,7.5,31.63,Unknown,Yes,None,No,Unknown,Absent,Unknown
SYN-DM-01866,Type 2,2.6,12.06,Unknown,No,Fingerstick,No,Present,Absent,Present
SYN-DM-01867,Type 2,6.6,40.86,Above goal,Yes,None,Unknown,Present,Absent,Absent
SYN-DM-01868,Type 2,28.8,59.57,Unknown,No,Fingerstick,No,Unknown,Unknown,Unknown
SYN-DM-01869,Type 2,9.9,34.71,Above goal,No,Fingerstick,No,Unknown,Present,Unknown
SYN-DM-01870,Type 2,7.7,61.68,Above goal,No,Continuous monitor,Yes,Unknown,Unknown,Present
SYN-DM-01871,Type 1,0.2,41.56,Unknown,Yes,Fingerstick,Unknown,Present,Absent,Present
SYN-DM-01872,Type 2,25.2,42.48,At goal,No,Continuous monitor,Unknown,Unknown,Absent,Unknown
SYN-DM-01873,Type 2,0.9,30.8,Above goal,No,Both,Unknown,Unknown,Present,Present
SYN-DM-01874,Gestational,0.2,41.68,At goal,No,Fingerstick,Yes,Present,Present,Absent
SYN-DM-01875,Type 2,14.8,12.32,Above goal,No,None,No,Absent,Absent,Absent
SYN-DM-01876,Type 2,26.1,45.48,At goal,Yes,Both,No,Present,Unknown,Unknown
SYN-DM-01877,Type 2,26.5,25.56,Above goal,No,Both,Yes,Present,Present,Present
SYN-DM-01878,Type 2,6.2,13.46,Above goal,No,Continuous monitor,Unknown,Unknown,Absent,Present
SYN-DM-01879,Type 1,7.0,38.58,Unknown,Yes,Continuous monitor,No,Absent,Unknown,Unknown
SYN-DM-01880,Type 2,13.9,65.59,At goal,No,None,No,Present,Unknown,Absent
SYN-DM-01881,Type 2,0.2,20.14,Above goal,Yes,Continuous monitor,Unknown,Present,Unknown,Present
SYN-DM-01882,Type 2,5.7,57.7,At goal,No,Both,Yes,Absent,Present,Present
SYN-DM-01883,Type 2,21.7,14.8,Unknown,No,Continuous monitor,Unknown,Present,Absent,Present
SYN-DM-01884,Type 2,0.6,64.85,Unknown,Yes,Both,Unknown,Absent,Present,Present
SYN-DM-01885,Type 2,4.1,21.44,Above goal,Yes,Fingerstick,Unknown,Present,Present,Absent
SYN-DM-01886,Type 1,28.9,41.49,Unknown,Yes,None,No,Unknown,Unknown,Absent
SYN-DM-01887,Type 2,22.3,16.72,Above goal,No,Fingerstick,Unknown,Present,Absent,Unknown
SYN-DM-01888,Type 2,13.6,66.58,Above goal,No,Fingerstick,Yes,Unknown,Absent,Present
SYN-DM-01889,Other,5.0,59.07,At goal,Yes,Fingerstick,No,Unknown,Present,Unknown
SYN-DM-01890,Type 2,0.2,46.03,Above goal,Yes,Continuous monitor,Unknown,Absent,Absent,Present
SYN-DM-01891,Type 2,20.0,58.58,Above goal,No,Fingerstick,No,Present,Unknown,Absent
SYN-DM-01892,Type 1,12.9,47.61,At goal,Yes,None,No,Unknown,Unknown,Present
SYN-DM-01893,Type 2,21.7,66.58,At goal,No,Continuous monitor,Yes,Unknown,Present,Unknown
SYN-DM-01894,Type 2,1.8,38.21,At goal,No,Continuous monitor,Unknown,Unknown,Absent,Present
SYN-DM-01895,Type 2,22.4,47.88,At goal,No,None,No,Unknown,Unknown,Absent
SYN-DM-01896,Type 2,7.1,21.92,Above goal,No,Both,No,Absent,Present,Unknown
SYN-DM-01897,Type 2,1.7,45.7,Above goal,No,Both,Yes,Absent,Absent,Unknown
SYN-DM-01898,Type 2,3.4,28.86,At goal,Yes,Fingerstick,Unknown,Absent,Unknown,Unknown
SYN-DM-01899,Type 2,6.7,25.8,Above goal,No,Continuous monitor,Yes,Unknown,Present,Unknown
SYN-DM-01900,Type 2,2.4,29.4,Above goal,Yes,None,Yes,Unknown,Absent,Absent
SYN-DM-01901,Type 2,14.2,28.74,At goal,Yes,Both,Yes,Absent,Unknown,Present
SYN-DM-01902,Type 1,0.2,54.25,At goal,Yes,None,Unknown,Present,Present,Present
SYN-DM-01903,Type 2,6.7,39.77,Unknown,Yes,Both,No,Absent,Present,Absent
SYN-DM-01904,Type 1,16.6,39.99,Above goal,Yes,Fingerstick,Unknown,Present,Unknown,Unknown
SYN-DM-01905,Type 2,15.3,64.83,At goal,No,None,Unknown,Absent,Present,Unknown
SYN-DM-01906,Type 2,17.2,42.2,At goal,Yes,Fingerstick,No,Unknown,Unknown,Unknown
SYN-DM-01907,Type 2,6.7,66.21,Unknown,No,Fingerstick,Unknown,Present,Absent,Unknown
SYN-DM-01908,Type 2,22.1,23.26,Above goal,No,None,No,Unknown,Unknown,Unknown
SYN-DM-01909,Type 2,0.2,29.77,Above goal,No,Both,Unknown,Unknown,Present,Present
SYN-DM-01910,Type 2,14.8,24.82,Unknown,Yes,Both,No,Present,Absent,Present
SYN-DM-01911,Type 2,14.3,14.06,At goal,No,Continuous monitor,Yes,Absent,Unknown,Absent
SYN-DM-01912,Type 2,13.0,53.79,Above goal,No,Both,Yes,Absent,Unknown,Present
SYN-DM-01913,Type 1,22.6,42.48,At goal,Yes,Fingerstick,No,Absent,Absent,Present
SYN-DM-01914,Type 2,24.2,17.38,Above goal,Yes,Continuous monitor,No,Present,Present,Present
SYN-DM-01915,Type 2,17.6,15.33,Unknown,No,Continuous monitor,No,Absent,Present,Absent
SYN-DM-01916,Type 2,16.6,60.05,Above goal,No,Continuous monitor,No,Absent,Absent,Absent
SYN-DM-01917,Type 2,10.2,48.18,At goal,Yes,None,Unknown,Unknown,Unknown,Absent
SYN-DM-01918,Type 1,19.4,66.77,Unknown,Yes,Both,No,Absent,Absent,Absent
SYN-DM-01919,Other,16.6,58.72,Above goal,No,Both,Yes,Unknown,Absent,Absent
SYN-DM-01920,Other,8.5,38.68,Above goal,No,Both,Unknown,Present,Unknown,Absent
SYN-DM-01921,Type 2,8.2,56.34,Unknown,Yes,Fingerstick,Unknown,Present,Present,Present
SYN-DM-01922,Type 2,16.7,21.63,At goal,Yes,Fingerstick,No,Absent,Present,Absent
SYN-DM-01923,Type 2,18.9,19.3,Above goal,Yes,Both,Unknown,Present,Unknown,Present
SYN-DM-01924,Type 2,4.7,54.19,Unknown,No,Continuous monitor,Unknown,Present,Present,Absent
SYN-DM-01925,Type 2,0.2,18.34,Unknown,Yes,Both,Unknown,Present,Present,Present
SYN-DM-01926,Type 1,10.8,56.73,Above goal,Yes,Both,Yes,Unknown,Absent,Absent
SYN-DM-01927,Type 1,4.7,32.22,Unknown,Yes,Both,No,Absent,Unknown,Absent
SYN-DM-01928,Type 2,5.2,67.79,At goal,No,Both,No,Absent,Unknown,Unknown
SYN-DM-01929,Type 1,3.0,49.68,At goal,Yes,Fingerstick,Yes,Present,Unknown,Present
SYN-DM-01930,Type 2,16.1,43.12,Unknown,Yes,None,No,Present,Unknown,Present
SYN-DM-01931,Type 2,9.8,29.46,Unknown,No,Both,Yes,Present,Absent,Absent
SYN-DM-01932,Type 1,10.0,60.36,Above goal,Yes,Continuous monitor,No,Present,Unknown,Absent
SYN-DM-01933,Type 1,15.2,64.22,At goal,Yes,Both,No,Unknown,Present,Absent
SYN-DM-01934,Type 2,10.6,62.66,At goal,No,None,Unknown,Absent,Unknown,Unknown
SYN-DM-01935,Type 2,0.8,33.56,Unknown,No,Fingerstick,Yes,Present,Present,Unknown
SYN-DM-01936,Type 2,6.7,51.59,Above goal,Yes,Continuous monitor,No,Present,Present,Absent
SYN-DM-01937,Type 2,13.4,45.04,At goal,No,Continuous monitor,Unknown,Absent,Unknown,Absent
SYN-DM-01938,Gestational,18.3,40.72,Above goal,Yes,None,No,Present,Present,Absent
SYN-DM-01939,Type 2,13.6,18.97,Unknown,No,Fingerstick,Unknown,Unknown,Present,Absent
SYN-DM-01940,Type 2,15.4,62.24,Unknown,No,Fingerstick,Unknown,Present,Unknown,Absent
SYN-DM-01941,Type 2,0.2,18.83,Unknown,No,Both,No,Absent,Unknown,Present
SYN-DM-01942,Type 2,6.2,54.59,Unknown,Yes,Both,Yes,Absent,Present,Present
SYN-DM-01943,Type 2,14.8,14.44,Above goal,Yes,Both,No,Absent,Unknown,Absent
SYN-DM-01944,Type 2,14.0,41.69,Unknown,Yes,Both,No,Present,Absent,Present
SYN-DM-01945,Type 1,7.3,29.3,Above goal,Yes,Both,Unknown,Unknown,Absent,Absent
SYN-DM-01946,Type 2,10.3,20.11,Above goal,Yes,None,Unknown,Unknown,Present,Absent
SYN-DM-01947,Gestational,15.8,66.35,Above goal,No,Fingerstick,Unknown,Absent,Unknown,Unknown
SYN-DM-01948,Type 2,34.5,24.65,Unknown,No,None,Unknown,Present,Absent,Present
SYN-DM-01949,Type 2,5.9,38.58,Unknown,No,Fingerstick,No,Present,Absent,Unknown
SYN-DM-01950,Type 2,12.2,32.17,At goal,No,Continuous monitor,Yes,Present,Present,Absent
SYN-DM-01951,Other,14.5,42.8,At goal,No,Both,Yes,Present,Absent,Absent
SYN-DM-01952,Type 2,5.7,42.99,Above goal,Yes,Continuous monitor,Unknown,Present,Present,Absent
SYN-DM-01953,Type 2,14.8,12.71,At goal,Yes,Continuous monitor,Yes,Present,Absent,Absent
SYN-DM-01954,Type 2,7.5,62.85,Above goal,Yes,Continuous monitor,Unknown,Absent,Unknown,Present
SYN-DM-01955,Type 1,13.7,66.97,At goal,No,None,Unknown,Unknown,Present,Unknown
SYN-DM-01956,Type 2,15.1,39.42,Unknown,No,Continuous monitor,Unknown,Unknown,Unknown,Present
SYN-DM-01957,Type 2,14.4,57.78,At goal,No,Both,No,Present,Present,Present
SYN-DM-01958,Type 1,29.5,22.42,At goal,Yes,Both,Unknown,Absent,Absent,Unknown
SYN-DM-01959,Type 2,8.9,66.7,Unknown,No,Fingerstick,Yes,Unknown,Unknown,Absent
SYN-DM-01960,Type 2,15.8,12.49,Above goal,No,Continuous monitor,No,Absent,Unknown,Unknown
SYN-DM-01961,Type 2,16.2,61.24,Above goal,Yes,None,Unknown,Absent,Unknown,Unknown
SYN-DM-01962,Type 2,10.0,38.16,Unknown,Yes,Both,No,Present,Unknown,Unknown
SYN-DM-01963,Type 1,8.8,33.46,At goal,No,Fingerstick,Unknown,Absent,Unknown,Absent
SYN-DM-01964,Type 2,11.3,62.11,Above goal,Yes,None,No,Absent,Present,Present
SYN-DM-01965,Type 2,6.5,65.85,Unknown,Yes,None,Unknown,Unknown,Present,Unknown
SYN-DM-01966,Type 2,11.5,44.63,At goal,No,None,Unknown,Unknown,Unknown,Absent
SYN-DM-01967,Type 2,16.5,27.24,Above goal,No,Continuous monitor,Unknown,Absent,Present,Present
SYN-DM-01968,Type 2,10.5,53.51,Above goal,Yes,None,Unknown,Present,Absent,Present
SYN-DM-01969,Type 2,15.1,56.86,Unknown,Yes,Both,No,Unknown,Unknown,Present
SYN-DM-01970,Type 2,0.9,33.79,Unknown,Yes,Continuous monitor,No,Present,Present,Unknown
SYN-DM-01971,Type 2,8.6,61.19,At goal,No,Both,Yes,Absent,Absent,Absent
SYN-DM-01972,Type 2,24.0,51.11,At goal,Yes,Continuous monitor,No,Present,Absent,Present
SYN-DM-01973,Type 2,10.9,35.65,At goal,Yes,Fingerstick,Unknown,Present,Unknown,Present
SYN-DM-01974,Type 2,2.6,15.15,Unknown,Yes,Both,No,Unknown,Present,Present
SYN-DM-01975,Type 1,28.7,27.53,Above goal,Yes,Continuous monitor,Unknown,Unknown,Absent,Absent
SYN-DM-01976,Type 2,6.2,62.52,Above goal,Yes,Fingerstick,No,Absent,Absent,Unknown
SYN-DM-01977,Type 2,15.7,19.06,Unknown,Yes,None,Unknown,Absent,Absent,Absent
SYN-DM-01978,Type 2,4.9,21.15,Above goal,Yes,Continuous monitor,No,Present,Present,Absent
SYN-DM-01979,Type 2,15.5,55.53,Unknown,No,Both,Unknown,Absent,Present,Present
SYN-DM-01980,Type 1,6.8,59.47,Unknown,No,Continuous monitor,Yes,Present,Absent,Unknown
SYN-DM-01981,Type 1,13.0,59.76,At goal,No,Both,No,Absent,Present,Absent
SYN-DM-01982,Type 2,0.2,13.61,Unknown,Yes,Fingerstick,Yes,Present,Absent,Absent
SYN-DM-01983,Type 2,5.2,12.52,Unknown,Yes,Continuous monitor,Unknown,Present,Unknown,Present
SYN-DM-01984,Type 1,22.0,15.7,Unknown,Yes,None,Yes,Present,Present,Absent
SYN-DM-01985,Type 1,17.9,32.62,At goal,Yes,Fingerstick,Yes,Unknown,Absent,Unknown
SYN-DM-01986,Type 2,14.6,35.72,Above goal,No,Fingerstick,No,Absent,Present,Unknown
SYN-DM-01987,Type 2,5.1,63.76,Unknown,Yes,Continuous monitor,Unknown,Absent,Unknown,Present
SYN-DM-01988,Type 2,6.7,17.98,Unknown,Yes,Fingerstick,Unknown,Present,Unknown,Unknown
SYN-DM-01989,Type 2,23.6,47.79,Above goal,No,None,Yes,Absent,Absent,Unknown
SYN-DM-01990,Type 1,11.8,40.51,At goal,Yes,None,Unknown,Present,Absent,Unknown
SYN-DM-01991,Type 2,16.9,21.62,Above goal,No,Fingerstick,Unknown,Present,Absent,Unknown
SYN-DM-01992,Type 2,12.4,14.26,At goal,Yes,Both,Yes,Unknown,Unknown,Unknown
SYN-DM-01993,Type 1,11.4,27.93,Unknown,Yes,Fingerstick,No,Unknown,Present,Absent
SYN-DM-01994,Type 2,21.7,19.94,Above goal,Yes,None,Yes,Unknown,Unknown,Unknown
SYN-DM-01995,Type 2,6.5,49.77,Above goal,No,Continuous monitor,Unknown,Present,Unknown,Unknown
SYN-DM-01996,Type 2,12.8,22.57,At goal,Yes,Continuous monitor,Yes,Present,Unknown,Absent
SYN-DM-01997,Other,10.1,28.56,Unknown,Yes,Both,No,Unknown,Absent,Absent
SYN-DM-01998,Type 2,19.7,38.6,At goal,No,Fingerstick,Unknown,Present,Unknown,Unknown
SYN-DM-01999,Type 2,4.3,30.54,At goal,Yes,Both,Yes,Absent,Absent,Absent
SYN-DM-02000,Type 2,15.7,14.77,At goal,No,Both,Unknown,Absent,Absent,Unknown
SYN-DM-02001,Type 2,17.0,58.4,At goal,No,None,Unknown,Present,Unknown,Present
SYN-DM-02002,Type 2,21.5,15.13,At goal,No,Fingerstick,Unknown,Absent,Absent,Present
SYN-DM-02003,Type 2,10.0,28.5,Unknown,Yes,None,Yes,Absent,Absent,Present
SYN-DM-02004,Type 2,9.3,46.05,Above goal,Yes,Fingerstick,Yes,Absent,Absent,Unknown
SYN-DM-02005,Type 2,6.8,25.29,Unknown,Yes,None,No,Unknown,Absent,Unknown
SYN-DM-02006,Type 2,26.0,25.57,Unknown,No,Both,Yes,Absent,Absent,Unknown
SYN-DM-02007,Type 2,3.7,41.22,Unknown,Yes,None,No,Unknown,Unknown,Absent
SYN-DM-02008,Type 2,23.2,16.76,Above goal,Yes,Both,Yes,Absent,Absent,Present
SYN-DM-02009,Type 2,9.3,29.74,At goal,Yes,Continuous monitor,Yes,Unknown,Absent,Unknown
SYN-DM-02010,Type 2,13.2,37.07,At goal,Yes,None,No,Present,Unknown,Present
SYN-DM-02011,Type 2,17.7,39.8,Above goal,Yes,None,Unknown,Unknown,Present,Unknown
SYN-DM-02012,Type 1,6.9,44.88,Above goal,Yes,None,Unknown,Absent,Unknown,Absent
SYN-DM-02013,Type 2,21.6,32.17,At goal,Yes,None,Unknown,Unknown,Unknown,Present
SYN-DM-02014,Type 2,11.9,35.04,At goal,Yes,None,Yes,Unknown,Present,Unknown
SYN-DM-02015,Type 2,5.2,18.28,Unknown,No,Both,Unknown,Unknown,Present,Absent
SYN-DM-02016,Type 1,0.2,48.9,Above goal,No,None,Unknown,Unknown,Absent,Unknown
SYN-DM-02017,Type 2,0.2,65.63,Above goal,No,Continuous monitor,Yes,Absent,Absent,Unknown
SYN-DM-02018,Type 1,7.7,19.38,At goal,Yes,Both,No,Absent,Present,Present
SYN-DM-02019,Type 2,7.0,47.04,At goal,Yes,Continuous monitor,Unknown,Absent,Absent,Absent
SYN-DM-02020,Gestational,11.0,65.65,Above goal,Yes,Continuous monitor,No,Absent,Present,Present
SYN-DM-02021,Type 2,4.7,13.66,Above goal,Yes,Fingerstick,No,Present,Present,Unknown
SYN-DM-02022,Type 1,23.1,31.67,Above goal,Yes,Continuous monitor,No,Unknown,Absent,Absent
SYN-DM-02023,Type 2,0.2,36.03,Unknown,No,None,Yes,Absent,Present,Present
SYN-DM-02024,Type 2,21.9,41.59,At goal,Yes,Fingerstick,Unknown,Unknown,Present,Absent
SYN-DM-02025,Type 2,12.5,53.23,At goal,Yes,Both,Unknown,Absent,Absent,Present
SYN-DM-02026,Type 2,5.8,54.28,Above goal,No,Both,Unknown,Present,Present,Absent
SYN-DM-02027,Type 2,7.2,36.99,Above goal,No,Both,Yes,Unknown,Present,Present
SYN-DM-02028,Type 2,17.3,23.65,At goal,Yes,Both,Yes,Present,Present,Absent
SYN-DM-02029,Type 2,7.5,27.08,Above goal,Yes,None,Yes,Unknown,Present,Unknown
SYN-DM-02030,Type 2,12.9,21.3,Unknown,Yes,Continuous monitor,No,Absent,Unknown,Unknown
SYN-DM-02031,Type 2,8.0,50.18,Above goal,Yes,None,Yes,Absent,Unknown,Unknown
SYN-DM-02032,Type 2,4.0,44.36,Unknown,No,Continuous monitor,No,Absent,Unknown,Present
SYN-DM-02033,Type 2,6.3,29.65,Above goal,Yes,Fingerstick,Unknown,Unknown,Present,Absent
SYN-DM-02034,Type 2,20.8,29.5,Unknown,Yes,Both,Unknown,Absent,Absent,Absent
SYN-DM-02035,Type 2,18.1,17.72,Unknown,Yes,None,No,Unknown,Unknown,Absent
SYN-DM-02036,Type 1,15.7,52.07,Unknown,Yes,Continuous monitor,No,Present,Absent,Present
SYN-DM-02037,Type 2,14.2,52.48,Above goal,Yes,Fingerstick,No,Absent,Unknown,Absent
SYN-DM-02038,Type 2,5.6,14.63,Above goal,No,Continuous monitor,Unknown,Present,Unknown,Unknown
SYN-DM-02039,Type 2,4.4,28.19,At goal,No,Both,No,Unknown,Present,Unknown
SYN-DM-02040,Type 2,15.5,37.88,Above goal,No,None,No,Unknown,Present,Present
SYN-DM-02041,Type 2,13.2,23.55,Above goal,Yes,Both,No,Absent,Present,Absent
SYN-DM-02042,Type 2,10.0,41.74,At goal,Yes,Fingerstick,Yes,Present,Absent,Unknown
SYN-DM-02043,Type 1,0.2,13.16,At goal,Yes,Both,No,Present,Unknown,Present
SYN-DM-02044,Type 2,2.4,39.16,Unknown,Yes,Both,Unknown,Present,Present,Absent
SYN-DM-02045,Type 2,15.9,49.18,At goal,No,None,No,Absent,Unknown,Present
SYN-DM-02046,Type 2,16.0,30.69,Unknown,No,Fingerstick,Unknown,Present,Absent,Unknown
SYN-DM-02047,Type 2,16.6,25.14,At goal,Yes,Fingerstick,Yes,Present,Absent,Absent
SYN-DM-02048,Gestational,0.7,38.65,At goal,Yes,None,Unknown,Absent,Absent,Present
SYN-DM-02049,Type 2,15.7,49.08,Unknown,No,Both,Unknown,Absent,Absent,Absent
SYN-DM-02050,Type 2,27.8,39.35,At goal,Yes,Continuous monitor,Yes,Unknown,Absent,Present
SYN-DM-02051,Other,7.3,43.77,At goal,Yes,Continuous monitor,Unknown,Unknown,Present,Absent
SYN-DM-02052,Type 2,1.7,47.28,At goal,No,None,Yes,Unknown,Absent,Present
SYN-DM-02053,Type 2,5.5,35.14,Above goal,Yes,Continuous monitor,Unknown,Absent,Present,Absent
SYN-DM-02054,Type 2,6.8,38.01,Above goal,Yes,Both,No,Unknown,Present,Absent
SYN-DM-02055,Type 2,9.3,23.54,Above goal,No,Both,Yes,Unknown,Absent,Unknown
SYN-DM-02056,Type 2,18.1,60.29,Above goal,No,Fingerstick,Yes,Absent,Unknown,Present
SYN-DM-02057,Type 2,15.3,17.47,At goal,No,None,No,Present,Absent,Present
SYN-DM-02058,Type 1,13.5,47.55,At goal,Yes,Fingerstick,Unknown,Unknown,Present,Unknown
SYN-DM-02059,Type 2,19.2,23.17,Above goal,Yes,Continuous monitor,No,Present,Present,Present
SYN-DM-02060,Type 2,25.0,50.91,Unknown,No,None,Unknown,Unknown,Absent,Unknown
SYN-DM-02061,Type 1,8.4,22.76,Unknown,Yes,Fingerstick,Unknown,Present,Unknown,Present
SYN-DM-02062,Type 2,10.3,55.08,At goal,Yes,None,Unknown,Present,Present,Present
SYN-DM-02063,Type 1,15.6,24.38,Above goal,Yes,Fingerstick,No,Unknown,Present,Unknown
SYN-DM-02064,Type 2,11.0,33.14,Unknown,Yes,Both,No,Unknown,Unknown,Absent
SYN-DM-02065,Type 2,6.7,43.64,Above goal,Yes,Continuous monitor,Yes,Present,Present,Unknown
SYN-DM-02066,Type 1,39.7,43.7,Above goal,Yes,Both,Unknown,Unknown,Present,Present
SYN-DM-02067,Other,9.9,37.84,At goal,Yes,None,No,Unknown,Absent,Unknown
SYN-DM-02068,Type 2,0.2,26.27,Above goal,Yes,Continuous monitor,No,Absent,Present,Unknown
SYN-DM-02069,Type 2,18.4,50.03,Unknown,Yes,None,No,Absent,Present,Unknown
SYN-DM-02070,Type 2,3.5,52.63,Unknown,Yes,Fingerstick,Yes,Absent,Unknown,Present
SYN-DM-02071,Type 2,10.2,33.56,At goal,Yes,Both,No,Present,Unknown,Absent
SYN-DM-02072,Other,19.7,62.44,Above goal,Yes,Continuous monitor,Yes,Unknown,Unknown,Absent
SYN-DM-02073,Type 2,5.7,50.1,Unknown,No,None,Unknown,Unknown,Unknown,Absent
SYN-DM-02074,Type 2,11.1,23.59,Above goal,Yes,Continuous monitor,Unknown,Present,Absent,Unknown
SYN-DM-02075,Type 1,0.2,67.4,Above goal,Yes,Continuous monitor,No,Absent,Absent,Present
SYN-DM-02076,Type 2,13.0,52.88,Unknown,No,None,Unknown,Absent,Absent,Present
SYN-DM-02077,Type 2,14.5,63.01,Unknown,No,Fingerstick,No,Unknown,Unknown,Present
SYN-DM-02078,Type 2,8.4,45.25,Above goal,Yes,Continuous monitor,Yes,Absent,Present,Present
SYN-DM-02079,Type 2,11.3,13.55,Unknown,Yes,Continuous monitor,No,Absent,Present,Present
SYN-DM-02080,Type 2,2.4,61.31,Above goal,No,Both,Unknown,Present,Absent,Absent
SYN-DM-02081,Type 2,12.5,24.14,Above goal,Yes,Both,No,Absent,Unknown,Absent
SYN-DM-02082,Type 1,5.6,31.66,Above goal,Yes,Both,Yes,Absent,Unknown,Unknown
SYN-DM-02083,Type 1,13.8,58.18,Above goal,Yes,Both,Unknown,Present,Absent,Absent
SYN-DM-02084,Type 2,13.6,52.01,At goal,Yes,None,Unknown,Present,Unknown,Present
SYN-DM-02085,Type 1,15.9,36.65,Above goal,Yes,Continuous monitor,Unknown,Unknown,Present,Unknown
SYN-DM-02086,Type 2,9.2,57.71,Unknown,Yes,Both,Yes,Present,Absent,Unknown
SYN-DM-02087,Type 2,10.1,36.27,Unknown,Yes,Both,No,Present,Absent,Present
SYN-DM-02088,Type 2,8.6,59.72,Unknown,Yes,Both,No,Present,Present,Unknown
SYN-DM-02089,Type 2,3.1,37.4,At goal,Yes,None,No,Unknown,Present,Unknown
SYN-DM-02090,Type 2,6.6,66.94,At goal,No,Fingerstick,Unknown,Absent,Unknown,Absent
SYN-DM-02091,Other,4.5,30.95,Above goal,Yes,None,No,Unknown,Absent,Present
SYN-DM-02092,Type 2,4.4,61.64,Above goal,No,None,Unknown,Present,Absent,Absent
SYN-DM-02093,Type 1,5.3,61.57,At goal,No,Both,Yes,Unknown,Present,Present
SYN-DM-02094,Type 2,5.8,50.26,Above goal,No,Fingerstick,No,Unknown,Absent,Present
SYN-DM-02095,Type 2,17.6,53.04,Above goal,No,Continuous monitor,Unknown,Unknown,Absent,Absent
SYN-DM-02096,Type 2,9.8,39.45,Unknown,No,Fingerstick,Unknown,Absent,Present,Present
SYN-DM-02097,Type 2,10.0,35.89,At goal,No,Fingerstick,Yes,Absent,Absent,Unknown
SYN-DM-02098,Type 1,4.4,60.49,Unknown,No,Continuous monitor,Yes,Unknown,Absent,Absent
SYN-DM-02099,Type 2,10.1,66.97,Unknown,Yes,None,Unknown,Unknown,Unknown,Absent
SYN-DM-02100,Type 2,0.2,57.16,Above goal,Yes,None,No,Unknown,Present,Unknown
SYN-DM-02101,Type 1,4.7,63.78,Above goal,Yes,None,No,Unknown,Absent,Absent
SYN-DM-02102,Type 2,0.2,40.19,At goal,Yes,None,Unknown,Absent,Unknown,Absent
SYN-DM-02103,Type 2,10.7,67.37,Unknown,Yes,Continuous monitor,Unknown,Absent,Absent,Unknown
SYN-DM-02104,Type 2,13.1,59.78,Above goal,Yes,Both,Yes,Present,Present,Present
SYN-DM-02105,Type 2,0.2,57.15,At goal,Yes,Both,Yes,Present,Absent,Unknown
SYN-DM-02106,Type 2,0.2,62.77,At goal,No,None,Unknown,Unknown,Absent,Absent
SYN-DM-02107,Type 2,14.4,36.8,Above goal,Yes,Continuous monitor,Unknown,Present,Present,Unknown
SYN-DM-02108,Other,0.2,28.82,At goal,Yes,None,Unknown,Present,Absent,Present
SYN-DM-02109,Type 2,0.2,15.36,Above goal,Yes,Fingerstick,No,Present,Unknown,Absent
SYN-DM-02110,Type 1,2.4,15.87,At goal,Yes,Continuous monitor,Yes,Unknown,Absent,Present
SYN-DM-02111,Type 1,4.9,25.68,Above goal,Yes,Continuous monitor,No,Present,Present,Absent
SYN-DM-02112,Type 2,22.1,37.48,Unknown,Yes,Fingerstick,Yes,Present,Unknown,Absent
SYN-DM-02113,Type 2,12.0,50.2,Unknown,Yes,Both,Unknown,Absent,Unknown,Present
SYN-DM-02114,Type 2,13.8,15.72,Above goal,Yes,Continuous monitor,No,Absent,Unknown,Unknown
SYN-DM-02115,Other,11.5,37.61,At goal,Yes,Both,Unknown,Absent,Unknown,Present
SYN-DM-02116,Type 1,27.7,33.67,At goal,Yes,Fingerstick,Unknown,Unknown,Present,Present
SYN-DM-02117,Type 2,0.2,13.01,Above goal,No,None,Yes,Unknown,Absent,Absent
SYN-DM-02118,Type 2,14.5,38.05,Above goal,Yes,Both,No,Present,Unknown,Unknown
SYN-DM-02119,Type 2,14.1,55.01,Above goal,No,None,No,Present,Absent,Absent
SYN-DM-02120,Type 2,15.9,26.48,Above goal,Yes,Both,Yes,Present,Unknown,Unknown
SYN-DM-02121,Type 2,16.6,47.22,At goal,Yes,Fingerstick,Unknown,Absent,Absent,Unknown
SYN-DM-02122,Type 1,0.2,19.98,At goal,Yes,None,Unknown,Present,Absent,Unknown
SYN-DM-02123,Type 2,8.2,30.5,Unknown,No,None,Yes,Present,Present,Unknown
SYN-DM-02124,Type 2,0.9,17.79,Above goal,Yes,Fingerstick,Yes,Unknown,Present,Present
SYN-DM-02125,Gestational,18.0,62.37,At goal,Yes,Fingerstick,No,Absent,Present,Present
SYN-DM-02126,Type 2,8.2,15.02,At goal,No,None,Yes,Present,Absent,Absent
SYN-DM-02127,Type 2,12.3,62.0,Unknown,No,Both,No,Present,Absent,Unknown
SYN-DM-02128,Type 2,24.8,48.24,At goal,No,None,Unknown,Unknown,Present,Present
SYN-DM-02129,Type 2,7.3,51.85,Above goal,No,Both,No,Present,Present,Present
SYN-DM-02130,Type 2,8.7,18.22,Unknown,No,Fingerstick,Yes,Unknown,Present,Present
SYN-DM-02131,Type 2,20.2,26.29,At goal,Yes,Continuous monitor,No,Unknown,Absent,Unknown
SYN-DM-02132,Type 2,6.6,66.14,Unknown,No,Both,No,Unknown,Unknown,Unknown
SYN-DM-02133,Type 2,14.0,37.07,Unknown,No,Both,Unknown,Absent,Absent,Absent
SYN-DM-02134,Type 2,7.2,53.27,Above goal,No,Both,Yes,Absent,Absent,Absent
SYN-DM-02135,Type 2,4.9,63.87,At goal,No,Continuous monitor,Unknown,Absent,Present,Unknown
SYN-DM-02136,Type 2,11.5,20.65,At goal,No,Fingerstick,No,Present,Absent,Absent
SYN-DM-02137,Type 2,23.8,17.38,Unknown,No,Both,Yes,Present,Present,Unknown
SYN-DM-02138,Type 2,1.9,19.08,Unknown,Yes,Continuous monitor,No,Present,Unknown,Unknown
SYN-DM-02139,Type 2,15.4,59.65,Unknown,Yes,Both,Unknown,Present,Unknown,Present
SYN-DM-02140,Type 2,6.1,44.45,At goal,Yes,Fingerstick,Unknown,Present,Unknown,Absent
SYN-DM-02141,Type 2,8.6,57.34,Unknown,No,Fingerstick,Unknown,Absent,Present,Unknown
SYN-DM-02142,Type 2,12.6,67.21,Above goal,No,Continuous monitor,No,Absent,Present,Present
SYN-DM-02143,Type 2,12.1,52.89,Above goal,Yes,Continuous monitor,Yes,Present,Absent,Present
SYN-DM-02144,Type 2,15.4,58.14,At goal,No,Both,Yes,Unknown,Unknown,Present
SYN-DM-02145,Type 2,0.2,52.39,At goal,Yes,Fingerstick,No,Present,Present,Unknown
SYN-DM-02146,Type 1,6.4,29.1,At goal,Yes,None,No,Unknown,Unknown,Present
SYN-DM-02147,Type 2,11.0,13.7,Unknown,Yes,Both,Unknown,Present,Present,Absent
SYN-DM-02148,Type 1,18.7,29.73,Unknown,Yes,Both,Unknown,Absent,Present,Present
SYN-DM-02149,Type 2,25.1,37.48,At goal,Yes,None,Yes,Absent,Absent,Unknown
SYN-DM-02150,Type 2,0.2,59.12,At goal,Yes,Both,No,Absent,Absent,Unknown
SYN-DM-02151,Other,22.2,26.86,Unknown,Yes,Both,Yes,Absent,Absent,Absent
SYN-DM-02152,Type 2,10.4,34.9,At goal,No,None,No,Unknown,Unknown,Present
SYN-DM-02153,Type 2,5.5,18.9,Above goal,No,None,No,Unknown,Absent,Unknown
SYN-DM-02154,Type 2,8.2,58.35,Above goal,Yes,None,No,Absent,Absent,Unknown
SYN-DM-02155,Type 2,17.2,48.32,Unknown,Yes,Fingerstick,Unknown,Present,Present,Unknown
SYN-DM-02156,Other,12.4,54.1,At goal,Yes,Both,Unknown,Absent,Unknown,Absent
SYN-DM-02157,Type 2,0.2,18.19,Unknown,No,None,No,Present,Absent,Absent
SYN-DM-02158,Type 2,15.0,12.57,At goal,Yes,Both,Unknown,Present,Absent,Absent
SYN-DM-02159,Type 2,1.4,37.96,At goal,No,Fingerstick,Yes,Unknown,Present,Present
SYN-DM-02160,Type 2,0.2,27.73,Unknown,Yes,Fingerstick,Unknown,Absent,Present,Present
SYN-DM-02161,Type 2,13.2,67.21,Unknown,No,None,No,Absent,Unknown,Absent
SYN-DM-02162,Type 2,16.5,41.52,Above goal,Yes,None,No,Unknown,Unknown,Present
SYN-DM-02163,Type 2,23.7,46.54,Unknown,No,None,No,Present,Unknown,Present
SYN-DM-02164,Type 2,19.5,26.19,Above goal,Yes,Fingerstick,Yes,Absent,Unknown,Absent
SYN-DM-02165,Type 2,7.9,49.5,Unknown,Yes,None,Yes,Unknown,Absent,Present
SYN-DM-02166,Type 2,9.1,33.16,Above goal,Yes,Continuous monitor,Yes,Unknown,Absent,Unknown
SYN-DM-02167,Type 2,4.2,57.72,At goal,No,Continuous monitor,No,Unknown,Unknown,Unknown
SYN-DM-02168,Type 2,18.3,62.73,Unknown,Yes,Continuous monitor,No,Absent,Unknown,Absent
SYN-DM-02169,Type 2,0.2,67.1,Above goal,Yes,None,Unknown,Unknown,Unknown,Present
SYN-DM-02170,Type 2,15.3,37.84,Above goal,No,None,No,Unknown,Present,Present
SYN-DM-02171,Type 2,20.7,13.81,Unknown,Yes,Both,Yes,Present,Unknown,Absent
SYN-DM-02172,Type 2,9.4,64.08,Unknown,No,Fingerstick,No,Present,Absent,Present
SYN-DM-02173,Type 2,2.2,50.37,Above goal,Yes,Continuous monitor,Yes,Absent,Present,Present
SYN-DM-02174,Other,9.2,32.9,Above goal,Yes,None,Unknown,Unknown,Unknown,Unknown
SYN-DM-02175,Type 2,17.0,56.73,At goal,No,Fingerstick,Yes,Absent,Absent,Present
SYN-DM-02176,Type 2,15.6,62.74,Above goal,Yes,Both,No,Present,Unknown,Absent
SYN-DM-02177,Type 2,17.5,55.92,Unknown,No,Fingerstick,No,Present,Unknown,Absent
SYN-DM-02178,Type 2,24.6,22.67,Unknown,No,None,Yes,Absent,Present,Unknown
SYN-DM-02179,Type 2,10.9,37.54,Unknown,No,Fingerstick,Yes,Unknown,Absent,Present
SYN-DM-02180,Type 2,10.9,44.86,Unknown,No,Both,Unknown,Absent,Unknown,Absent
SYN-DM-02181,Type 2,0.8,47.72,Above goal,No,None,No,Present,Absent,Unknown
SYN-DM-02182,Type 2,3.3,14.25,At goal,No,Fingerstick,Yes,Absent,Present,Present
SYN-DM-02183,Type 1,7.2,27.71,At goal,Yes,Continuous monitor,Yes,Present,Absent,Present
SYN-DM-02184,Type 2,10.7,63.44,Unknown,Yes,Continuous monitor,Yes,Present,Unknown,Present
SYN-DM-02185,Type 2,20.2,31.52,Above goal,No,Continuous monitor,Yes,Unknown,Present,Absent
SYN-DM-02186,Gestational,24.8,59.53,Unknown,Yes,None,No,Present,Unknown,Unknown
SYN-DM-02187,Type 2,19.6,24.55,Above goal,No,Fingerstick,No,Present,Unknown,Present
SYN-DM-02188,Type 1,7.1,40.75,Unknown,Yes,Fingerstick,Unknown,Unknown,Absent,Unknown
SYN-DM-02189,Type 2,3.1,25.27,Above goal,No,Fingerstick,Unknown,Unknown,Unknown,Absent
SYN-DM-02190,Type 2,15.4,45.79,Unknown,Yes,Continuous monitor,Yes,Unknown,Absent,Present
SYN-DM-02191,Type 2,11.1,53.32,Above goal,No,Fingerstick,Unknown,Present,Unknown,Unknown
SYN-DM-02192,Type 1,9.8,40.4,Unknown,Yes,Both,Yes,Present,Absent,Absent
SYN-DM-02193,Type 1,5.1,40.43,At goal,Yes,Both,No,Unknown,Present,Absent
SYN-DM-02194,Type 2,3.3,12.5,Unknown,Yes,Continuous monitor,No,Unknown,Absent,Unknown
SYN-DM-02195,Other,15.0,34.22,At goal,No,Both,No,Absent,Absent,Unknown
SYN-DM-02196,Other,3.3,19.44,At goal,Yes,Continuous monitor,Yes,Absent,Present,Present
SYN-DM-02197,Type 2,14.4,63.16,Unknown,No,None,Yes,Unknown,Unknown,Absent
SYN-DM-02198,Type 2,3.4,37.67,Above goal,No,Fingerstick,Unknown,Present,Unknown,Unknown
SYN-DM-02199,Type 2,1.1,62.61,At goal,No,Both,Unknown,Absent,Present,Absent
SYN-DM-02200,Type 2,0.2,33.69,Unknown,Yes,Continuous monitor,No,Absent,Absent,Absent
SYN-DM-02201,Type 2,16.5,66.89,Unknown,No,Fingerstick,Unknown,Absent,Absent,Absent
SYN-DM-02202,Type 2,11.7,28.85,Above goal,Yes,Fingerstick,Yes,Present,Absent,Present
SYN-DM-02203,Type 2,0.2,35.56,Unknown,No,Fingerstick,Unknown,Absent,Absent,Present
SYN-DM-02204,Type 2,14.7,66.39,Unknown,No,Fingerstick,Unknown,Absent,Present,Present
SYN-DM-02205,Type 2,5.2,29.51,Above goal,No,Both,No,Present,Present,Unknown
SYN-DM-02206,Type 1,10.8,53.32,Unknown,Yes,Continuous monitor,Yes,Absent,Unknown,Absent
SYN-DM-02207,Type 2,14.4,15.62,At goal,Yes,Continuous monitor,Unknown,Present,Present,Present
SYN-DM-02208,Other,23.9,45.38,Unknown,No,None,Unknown,Present,Unknown,Unknown
SYN-DM-02209,Type 2,9.1,18.17,Above goal,No,Both,Yes,Present,Present,Present
SYN-DM-02210,Type 2,11.4,33.3,Above goal,Yes,Continuous monitor,Yes,Unknown,Unknown,Unknown
SYN-DM-02211,Type 1,4.9,58.98,Unknown,No,Continuous monitor,Yes,Absent,Absent,Present
SYN-DM-02212,Type 2,10.5,46.89,Unknown,No,Continuous monitor,Yes,Unknown,Unknown,Present
SYN-DM-02213,Type 2,19.6,29.74,Unknown,No,Continuous monitor,Unknown,Unknown,Unknown,Unknown
SYN-DM-02214,Other,20.9,62.98,Unknown,Yes,Both,Yes,Unknown,Present,Present
SYN-DM-02215,Type 2,8.0,40.78,Unknown,Yes,Continuous monitor,Unknown,Present,Unknown,Present
SYN-DM-02216,Other,9.5,58.36,Unknown,No,Both,No,Absent,Unknown,Present
SYN-DM-02217,Type 1,7.9,37.84,At goal,No,Fingerstick,Unknown,Unknown,Unknown,Unknown
SYN-DM-02218,Type 1,10.6,21.37,At goal,No,Continuous monitor,No,Absent,Unknown,Present
SYN-DM-02219,Type 2,15.5,30.66,Above goal,No,Both,Yes,Unknown,Present,Absent
SYN-DM-02220,Type 2,27.2,18.46,Unknown,Yes,None,Yes,Present,Unknown,Present
SYN-DM-02221,Type 2,27.7,58.26,Unknown,Yes,Both,Yes,Absent,Unknown,Absent
SYN-DM-02222,Type 2,11.1,47.04,Above goal,Yes,Continuous monitor,Unknown,Present,Present,Unknown
SYN-DM-02223,Type 1,4.4,50.07,Above goal,Yes,Continuous monitor,Yes,Present,Unknown,Unknown
SYN-DM-02224,Type 2,6.5,39.28,Unknown,Yes,Fingerstick,No,Present,Absent,Unknown
SYN-DM-02225,Type 2,3.2,16.3,Unknown,Yes,Fingerstick,Unknown,Present,Unknown,Unknown
SYN-DM-02226,Type 2,7.3,23.66,Above goal,No,Both,Unknown,Unknown,Absent,Present
SYN-DM-02227,Type 2,18.4,28.18,At goal,Yes,Continuous monitor,No,Present,Present,Absent
SYN-DM-02228,Type 2,25.5,44.36,Above goal,No,Fingerstick,Unknown,Absent,Present,Unknown
SYN-DM-02229,Type 2,13.1,62.54,Unknown,No,Both,No,Unknown,Absent,Present
SYN-DM-02230,Type 2,17.5,35.84,Above goal,No,None,Yes,Present,Present,Present
SYN-DM-02231,Type 2,13.8,46.53,Above goal,Yes,Fingerstick,No,Unknown,Present,Unknown
SYN-DM-02232,Type 2,3.9,14.73,Above goal,No,Both,Unknown,Absent,Present,Present
SYN-DM-02233,Type 2,9.1,55.66,Above goal,No,Both,Yes,Absent,Present,Unknown
SYN-DM-02234,Type 2,4.9,37.99,Unknown,Yes,None,Yes,Unknown,Absent,Unknown
SYN-DM-02235,Type 2,10.4,51.06,At goal,No,None,Yes,Present,Present,Present
SYN-DM-02236,Gestational,4.4,53.41,Unknown,No,Fingerstick,No,Unknown,Unknown,Present
SYN-DM-02237,Type 2,9.9,53.64,At goal,Yes,Continuous monitor,Unknown,Unknown,Present,Present
SYN-DM-02238,Gestational,18.5,37.03,Unknown,Yes,None,Unknown,Absent,Absent,Present
SYN-DM-02239,Other,0.2,34.97,Unknown,Yes,Continuous monitor,Yes,Present,Absent,Present
SYN-DM-02240,Other,9.4,56.13,At goal,Yes,Continuous monitor,Yes,Absent,Present,Unknown
SYN-DM-02241,Type 2,0.2,39.86,Above goal,Yes,Both,No,Unknown,Absent,Present
SYN-DM-02242,Type 2,11.5,67.25,At goal,Yes,Both,Yes,Present,Present,Absent
SYN-DM-02243,Type 1,5.6,45.9,Unknown,Yes,Fingerstick,Yes,Unknown,Unknown,Unknown
SYN-DM-02244,Type 1,9.5,14.2,Unknown,No,None,No,Present,Absent,Absent
SYN-DM-02245,Type 2,14.5,31.82,Unknown,No,None,No,Present,Present,Absent
SYN-DM-02246,Type 2,14.4,13.24,Above goal,No,Continuous monitor,Unknown,Absent,Unknown,Unknown
SYN-DM-02247,Type 2,19.6,58.46,Unknown,Yes,Continuous monitor,Yes,Present,Absent,Present
SYN-DM-02248,Type 1,12.0,22.26,At goal,Yes,Continuous monitor,No,Unknown,Absent,Absent
SYN-DM-02249,Type 2,14.4,45.24,Unknown,No,Continuous monitor,No,Absent,Absent,Present
SYN-DM-02250,Type 2,17.3,50.78,At goal,No,None,Yes,Unknown,Present,Absent
SYN-DM-02251,Type 2,7.0,55.94,Above goal,No,Both,Yes,Absent,Present,Absent
SYN-DM-02252,Type 2,14.0,58.37,At goal,No,Fingerstick,Unknown,Unknown,Present,Absent
SYN-DM-02253,Type 2,4.9,14.99,Unknown,Yes,Fingerstick,Unknown,Present,Absent,Present
SYN-DM-02254,Type 2,13.8,24.43,At goal,Yes,Continuous monitor,Yes,Unknown,Present,Unknown
SYN-DM-02255,Type 1,1.4,22.32,Above goal,Yes,Continuous monitor,Unknown,Unknown,Absent,Present
SYN-DM-02256,Type 2,0.2,34.1,Unknown,Yes,Both,No,Absent,Absent,Present
SYN-DM-02257,Type 2,7.2,67.8,Unknown,Yes,Continuous monitor,No,Unknown,Unknown,Absent
SYN-DM-02258,Other,19.9,64.14,Above goal,Yes,Fingerstick,Yes,Unknown,Unknown,Present
SYN-DM-02259,Type 2,9.9,52.35,Unknown,Yes,Fingerstick,No,Absent,Absent,Present
SYN-DM-02260,Type 2,6.8,35.16,Above goal,Yes,Continuous monitor,Yes,Present,Unknown,Unknown
SYN-DM-02261,Type 2,12.2,60.95,Above goal,No,Both,No,Absent,Absent,Absent
SYN-DM-02262,Type 2,13.7,36.61,Unknown,Yes,Continuous monitor,Unknown,Unknown,Present,Present
SYN-DM-02263,Type 2,9.0,60.79,Unknown,No,Fingerstick,Yes,Unknown,Present,Present
SYN-DM-02264,Type 2,0.2,63.89,At goal,Yes,None,Unknown,Unknown,Present,Present
SYN-DM-02265,Type 2,4.6,40.46,Above goal,Yes,Fingerstick,No,Unknown,Unknown,Present
SYN-DM-02266,Type 2,10.9,17.98,At goal,Yes,Continuous monitor,No,Absent,Present,Absent
SYN-DM-02267,Type 2,8.2,45.03,Above goal,Yes,Both,No,Present,Unknown,Present
SYN-DM-02268,Type 2,18.3,27.26,Unknown,Yes,Continuous monitor,Yes,Absent,Present,Unknown
SYN-DM-02269,Type 2,18.5,32.25,At goal,No,Both,Unknown,Unknown,Absent,Absent
SYN-DM-02270,Type 2,15.6,42.75,Unknown,Yes,Fingerstick,No,Unknown,Present,Absent
SYN-DM-02271,Type 2,21.2,24.16,Unknown,Yes,Fingerstick,No,Absent,Absent,Present
SYN-DM-02272,Type 2,1.6,22.21,Unknown,Yes,Fingerstick,Yes,Absent,Absent,Absent
SYN-DM-02273,Type 2,8.1,32.69,At goal,No,Continuous monitor,No,Present,Unknown,Present
SYN-DM-02274,Type 2,17.2,65.5,At goal,Yes,Continuous monitor,Unknown,Present,Unknown,Present
SYN-DM-02275,Type 2,30.2,47.2,Above goal,No,Both,Yes,Present,Unknown,Unknown
SYN-DM-02276,Type 2,14.9,16.81,Above goal,Yes,Fingerstick,Yes,Absent,Absent,Absent
SYN-DM-02277,Type 1,8.4,46.54,At goal,Yes,Continuous monitor,Yes,Absent,Present,Present
SYN-DM-02278,Type 2,13.4,26.21,At goal,No,Fingerstick,Unknown,Present,Unknown,Present
SYN-DM-02279,Other,14.6,53.21,At goal,Yes,Continuous monitor,No,Unknown,Present,Unknown
SYN-DM-02280,Type 2,0.2,26.83,Unknown,No,None,No,Unknown,Unknown,Present
SYN-DM-02281,Type 2,4.0,62.38,Above goal,Yes,None,Yes,Present,Absent,Present
SYN-DM-02282,Type 2,0.2,42.73,At goal,No,None,Yes,Absent,Absent,Absent
SYN-DM-02283,Type 2,11.7,24.6,Above goal,Yes,Both,Unknown,Present,Present,Absent
SYN-DM-02284,Type 2,5.3,43.62,At goal,Yes,Fingerstick,Unknown,Present,Unknown,Unknown
SYN-DM-02285,Type 2,0.2,24.87,Above goal,No,Both,Unknown,Present,Present,Unknown
SYN-DM-02286,Type 2,13.8,37.45,Unknown,Yes,None,Unknown,Present,Present,Present
SYN-DM-02287,Type 2,0.7,53.09,At goal,No,None,Yes,Present,Unknown,Present
SYN-DM-02288,Type 2,5.3,31.23,Unknown,Yes,Fingerstick,No,Present,Unknown,Present
SYN-DM-02289,Type 2,14.6,55.61,At goal,Yes,None,No,Absent,Present,Unknown
SYN-DM-02290,Type 2,10.8,12.98,Above goal,Yes,Fingerstick,Yes,Unknown,Unknown,Unknown
SYN-DM-02291,Type 1,14.8,38.19,Unknown,No,Fingerstick,Yes,Present,Present,Absent
SYN-DM-02292,Type 2,12.2,40.64,At goal,Yes,Fingerstick,Unknown,Unknown,Present,Absent
SYN-DM-02293,Type 2,0.2,52.78,Above goal,Yes,Fingerstick,Unknown,Unknown,Absent,Unknown
SYN-DM-02294,Type 1,5.2,54.28,At goal,Yes,Continuous monitor,No,Unknown,Present,Absent
SYN-DM-02295,Type 2,2.6,56.55,At goal,Yes,None,Yes,Unknown,Unknown,Unknown
SYN-DM-02296,Type 2,7.3,38.51,Unknown,Yes,None,Unknown,Unknown,Present,Unknown
SYN-DM-02297,Type 2,11.9,56.06,At goal,No,Both,Yes,Unknown,Absent,Present
SYN-DM-02298,Type 2,15.4,35.79,Above goal,Yes,None,Unknown,Present,Unknown,Present
SYN-DM-02299,Type 2,10.3,12.05,Above goal,Yes,Both,Yes,Unknown,Present,Unknown
SYN-DM-02300,Type 2,2.2,61.8,Above goal,Yes,None,Unknown,Unknown,Unknown,Unknown
SYN-DM-02301,Type 2,9.6,46.23,Unknown,Yes,None,Unknown,Absent,Unknown,Absent
SYN-DM-02302,Type 2,9.7,23.32,Unknown,Yes,Fingerstick,Unknown,Unknown,Absent,Present
SYN-DM-02303,Type 2,12.6,54.63,At goal,No,None,Yes,Unknown,Unknown,Present
SYN-DM-02304,Type 2,7.5,57.61,Unknown,No,None,Yes,Present,Present,Present
SYN-DM-02305,Type 2,0.6,12.73,Above goal,No,Fingerstick,No,Unknown,Absent,Present
SYN-DM-02306,Type 1,13.7,34.97,Unknown,Yes,Fingerstick,Yes,Unknown,Absent,Unknown
SYN-DM-02307,Type 2,12.3,26.81,Above goal,Yes,Continuous monitor,Unknown,Absent,Present,Absent
SYN-DM-02308,Type 1,11.9,17.33,At goal,Yes,None,No,Absent,Present,Present
SYN-DM-02309,Type 2,0.2,63.68,Above goal,Yes,Fingerstick,Yes,Present,Absent,Unknown
SYN-DM-02310,Type 2,11.6,34.21,Unknown,No,Fingerstick,Unknown,Unknown,Unknown,Present
SYN-DM-02311,Type 2,12.5,56.72,At goal,Yes,Fingerstick,Yes,Absent,Unknown,Unknown
SYN-DM-02312,Type 2,7.6,35.12,At goal,No,None,Yes,Present,Absent,Absent
SYN-DM-02313,Type 2,22.1,14.92,Above goal,Yes,Fingerstick,Yes,Absent,Unknown,Absent
SYN-DM-02314,Type 2,3.6,53.7,Above goal,Yes,Continuous monitor,Unknown,Absent,Present,Absent
SYN-DM-02315,Type 2,9.2,41.82,Above goal,Yes,Both,No,Absent,Unknown,Unknown
SYN-DM-02316,Type 2,13.8,38.38,Above goal,Yes,Continuous monitor,Unknown,Present,Unknown,Present
SYN-DM-02317,Type 2,11.7,33.12,Above goal,No,Continuous monitor,Yes,Present,Present,Absent
SYN-DM-02318,Type 2,13.6,46.44,Above goal,Yes,None,Yes,Unknown,Unknown,Absent
SYN-DM-02319,Type 2,11.5,38.3,At goal,No,None,Yes,Present,Present,Unknown
SYN-DM-02320,Type 2,14.6,12.17,Above goal,No,None,Unknown,Present,Absent,Absent
SYN-DM-02321,Type 2,6.7,60.34,At goal,Yes,Both,No,Present,Absent,Unknown
SYN-DM-02322,Type 2,12.6,52.37,At goal,Yes,Fingerstick,Yes,Unknown,Absent,Present
SYN-DM-02323,Type 2,18.6,42.47,At goal,No,Both,Unknown,Unknown,Unknown,Absent
SYN-DM-02324,Type 2,22.9,50.06,Above goal,No,None,Unknown,Absent,Unknown,Unknown
SYN-DM-02325,Type 2,13.8,30.37,Above goal,No,Continuous monitor,No,Unknown,Absent,Unknown
SYN-DM-02326,Type 2,32.7,55.39,At goal,Yes,Both,Unknown,Unknown,Present,Present
SYN-DM-02327,Type 2,0.2,45.48,Above goal,No,Fingerstick,Yes,Present,Absent,Unknown
SYN-DM-02328,Type 2,16.5,63.66,Above goal,No,None,Unknown,Unknown,Present,Absent
SYN-DM-02329,Type 2,16.9,18.35,Above goal,Yes,None,Unknown,Unknown,Absent,Present
SYN-DM-02330,Type 2,10.0,47.28,Above goal,Yes,Continuous monitor,No,Present,Present,Absent
SYN-DM-02331,Type 2,13.1,40.95,Above goal,Yes,Continuous monitor,Unknown,Absent,Present,Present
SYN-DM-02332,Type 2,0.2,34.26,Above goal,Yes,Continuous monitor,Unknown,Present,Unknown,Unknown
SYN-DM-02333,Type 2,13.1,16.7,Above goal,Yes,Fingerstick,Yes,Present,Unknown,Absent
SYN-DM-02334,Type 2,11.1,12.11,Above goal,Yes,Both,Unknown,Unknown,Absent,Absent
SYN-DM-02335,Other,4.8,51.87,Unknown,Yes,None,No,Present,Present,Present
SYN-DM-02336,Type 1,1.5,23.27,Unknown,Yes,Both,Yes,Present,Absent,Absent
SYN-DM-02337,Other,18.6,15.24,Unknown,No,Fingerstick,Yes,Unknown,Unknown,Present
SYN-DM-02338,Type 2,10.8,60.14,Above goal,No,Fingerstick,Yes,Absent,Present,Absent
SYN-DM-02339,Type 2,7.5,65.8,Above goal,Yes,Both,No,Absent,Absent,Absent
SYN-DM-02340,Type 2,3.7,26.97,At goal,No,Continuous monitor,Yes,Present,Absent,Present
SYN-DM-02341,Type 2,9.1,26.97,Unknown,No,Fingerstick,Yes,Present,Absent,Unknown
SYN-DM-02342,Type 2,11.3,30.06,At goal,No,Fingerstick,Yes,Unknown,Present,Absent
SYN-DM-02343,Type 2,21.0,16.19,At goal,Yes,None,Yes,Unknown,Unknown,Absent
SYN-DM-02344,Type 2,22.1,22.79,At goal,Yes,None,Yes,Absent,Absent,Present
SYN-DM-02345,Type 1,9.8,47.76,Unknown,Yes,Continuous monitor,Yes,Absent,Present,Absent
SYN-DM-02346,Type 2,3.2,27.16,Above goal,No,None,Unknown,Absent,Unknown,Unknown
SYN-DM-02347,Type 2,0.2,16.38,At goal,Yes,Continuous monitor,No,Unknown,Absent,Absent
SYN-DM-02348,Type 2,16.0,31.24,At goal,No,Fingerstick,Yes,Absent,Absent,Present
SYN-DM-02349,Type 2,13.6,66.65,Above goal,Yes,Continuous monitor,Yes,Present,Unknown,Unknown
SYN-DM-02350,Type 2,10.1,21.8,Above goal,Yes,None,No,Present,Absent,Unknown
SYN-DM-02351,Type 2,24.9,20.89,Above goal,Yes,Fingerstick,Yes,Absent,Absent,Present
SYN-DM-02352,Type 2,3.0,18.35,Above goal,No,Both,No,Present,Absent,Absent
SYN-DM-02353,Type 2,10.9,53.54,At goal,No,Continuous monitor,Yes,Present,Unknown,Absent
SYN-DM-02354,Type 1,0.2,30.65,Unknown,Yes,Fingerstick,No,Absent,Unknown,Absent
SYN-DM-02355,Type 2,26.1,58.73,Unknown,Yes,Both,Yes,Absent,Absent,Absent
SYN-DM-02356,Type 2,13.3,19.93,At goal,Yes,Both,Yes,Present,Present,Absent
SYN-DM-02357,Type 2,19.4,27.4,Unknown,No,Both,No,Absent,Unknown,Unknown
SYN-DM-02358,Type 2,1.4,31.97,Unknown,Yes,Continuous monitor,Yes,Present,Unknown,Present
SYN-DM-02359,Type 1,12.8,32.39,Above goal,Yes,Both,Unknown,Absent,Unknown,Unknown
SYN-DM-02360,Type 2,8.3,31.46,At goal,No,Continuous monitor,Unknown,Unknown,Present,Present
SYN-DM-02361,Type 2,11.1,53.02,Unknown,Yes,None,Unknown,Unknown,Absent,Unknown
SYN-DM-02362,Type 2,5.5,37.32,Unknown,No,Both,Unknown,Unknown,Absent,Present
SYN-DM-02363,Type 2,12.7,29.86,Above goal,Yes,Continuous monitor,Yes,Present,Unknown,Unknown
SYN-DM-02364,Other,16.0,25.86,Unknown,Yes,Fingerstick,Unknown,Present,Present,Present
SYN-DM-02365,Type 2,2.4,17.94,Unknown,No,Both,No,Absent,Present,Present
SYN-DM-02366,Type 2,2.8,28.63,Above goal,No,None,No,Absent,Absent,Present
SYN-DM-02367,Type 2,7.7,50.5,Above goal,Yes,Both,No,Unknown,Unknown,Absent
SYN-DM-02368,Type 2,15.7,29.96,At goal,Yes,None,Yes,Present,Absent,Present
SYN-DM-02369,Type 2,1.2,45.44,Above goal,Yes,Fingerstick,Yes,Unknown,Unknown,Present
SYN-DM-02370,Type 2,16.0,19.08,Unknown,Yes,Both,Yes,Unknown,Absent,Unknown
SYN-DM-02371,Type 2,20.0,43.24,At goal,Yes,Both,Unknown,Absent,Unknown,Absent
SYN-DM-02372,Type 2,7.3,44.14,At goal,Yes,Both,No,Unknown,Unknown,Absent
SYN-DM-02373,Type 2,4.5,40.79,At goal,No,Continuous monitor,No,Unknown,Unknown,Absent
SYN-DM-02374,Type 2,5.4,50.74,At goal,No,Continuous monitor,Unknown,Present,Unknown,Absent
SYN-DM-02375,Type 1,2.1,65.0,At goal,Yes,None,Yes,Absent,Present,Absent
SYN-DM-02376,Type 2,6.0,29.49,Above goal,No,Fingerstick,Unknown,Absent,Unknown,Present
SYN-DM-02377,Type 1,11.1,58.5,Above goal,Yes,Fingerstick,Yes,Unknown,Present,Absent
SYN-DM-02378,Type 2,13.5,49.46,Above goal,No,Fingerstick,Yes,Absent,Unknown,Unknown
SYN-DM-02379,Type 1,8.3,52.87,Unknown,Yes,Continuous monitor,No,Present,Absent,Present
SYN-DM-02380,Type 2,11.3,59.16,At goal,No,None,Unknown,Unknown,Present,Unknown
SYN-DM-02381,Type 2,11.6,12.97,At goal,No,Continuous monitor,No,Absent,Unknown,Unknown
SYN-DM-02382,Type 2,11.6,28.98,Unknown,Yes,Both,Yes,Absent,Unknown,Absent
SYN-DM-02383,Type 2,18.2,23.02,Unknown,No,None,Unknown,Present,Unknown,Absent
SYN-DM-02384,Type 2,13.0,13.2,Above goal,Yes,Continuous monitor,Unknown,Present,Present,Unknown
SYN-DM-02385,Type 2,7.1,58.11,At goal,Yes,Fingerstick,Unknown,Unknown,Present,Present
SYN-DM-02386,Type 2,13.3,65.46,At goal,No,Fingerstick,Yes,Unknown,Absent,Present
SYN-DM-02387,Type 1,22.0,60.35,Above goal,Yes,Fingerstick,Yes,Present,Absent,Unknown
SYN-DM-02388,Type 2,0.2,45.58,Above goal,No,Both,No,Unknown,Absent,Absent
SYN-DM-02389,Type 1,19.6,30.86,Unknown,Yes,Continuous monitor,No,Absent,Unknown,Absent
SYN-DM-02390,Type 2,37.2,37.97,Unknown,No,None,Unknown,Unknown,Absent,Absent
SYN-DM-02391,Type 1,12.5,53.67,Above goal,Yes,Both,Yes,Unknown,Present,Unknown
SYN-DM-02392,Type 2,5.4,52.05,At goal,No,None,Yes,Present,Absent,Present
SYN-DM-02393,Type 2,0.2,39.75,Unknown,Yes,None,Unknown,Absent,Unknown,Unknown
SYN-DM-02394,Type 2,9.7,53.59,Above goal,No,None,Unknown,Present,Unknown,Present
SYN-DM-02395,Type 2,10.4,44.44,Unknown,No,Fingerstick,Yes,Unknown,Absent,Absent
SYN-DM-02396,Type 2,10.7,58.08,At goal,No,Fingerstick,Yes,Absent,Present,Present
SYN-DM-02397,Type 2,17.9,14.03,At goal,No,Fingerstick,Unknown,Absent,Absent,Present
SYN-DM-02398,Type 2,12.3,52.37,At goal,No,Continuous monitor,Yes,Present,Present,Unknown
SYN-DM-02399,Type 2,20.5,60.86,At goal,Yes,None,Unknown,Unknown,Absent,Unknown
SYN-DM-02400,Type 2,12.8,33.56,Unknown,Yes,None,Yes,Present,Absent,Unknown
SYN-DM-02401,Other,9.4,20.06,Unknown,No,None,Yes,Absent,Unknown,Present
SYN-DM-02402,Type 2,5.4,37.97,Above goal,Yes,Both,Yes,Unknown,Present,Unknown
SYN-DM-02403,Type 1,14.9,14.21,Above goal,Yes,Both,No,Absent,Unknown,Unknown
SYN-DM-02404,Type 2,13.0,32.33,Unknown,No,Both,No,Unknown,Present,Absent
SYN-DM-02405,Type 1,2.0,67.14,At goal,Yes,Fingerstick,Yes,Absent,Present,Present
SYN-DM-02406,Type 2,15.1,43.26,Unknown,No,Fingerstick,No,Present,Absent,Unknown
SYN-DM-02407,Type 2,0.2,62.47,Unknown,No,Both,Yes,Absent,Unknown,Unknown
SYN-DM-02408,Gestational,10.0,16.67,At goal,No,Both,Yes,Present,Unknown,Unknown
SYN-DM-02409,Type 2,19.2,40.91,Unknown,Yes,Fingerstick,Unknown,Absent,Unknown,Unknown
SYN-DM-02410,Type 2,11.1,62.02,Above goal,No,None,Unknown,Absent,Present,Unknown
SYN-DM-02411,Type 2,20.9,37.66,Above goal,Yes,Both,No,Absent,Present,Present
SYN-DM-02412,Type 2,13.1,35.38,Above goal,Yes,Both,Yes,Present,Absent,Absent
SYN-DM-02413,Type 2,25.6,23.99,Unknown,Yes,None,Unknown,Absent,Absent,Present
SYN-DM-02414,Type 2,4.5,20.83,Above goal,No,Fingerstick,No,Unknown,Present,Absent
SYN-DM-02415,Type 2,11.9,16.67,At goal,Yes,Continuous monitor,No,Absent,Unknown,Present
SYN-DM-02416,Type 1,6.0,18.79,Above goal,Yes,Continuous monitor,Unknown,Unknown,Present,Present
SYN-DM-02417,Type 1,0.2,12.88,Above goal,No,Continuous monitor,No,Present,Unknown,Present
SYN-DM-02418,Type 2,21.2,53.38,Unknown,Yes,Both,Unknown,Unknown,Unknown,Absent
SYN-DM-02419,Type 2,20.0,66.9,Unknown,Yes,Fingerstick,Unknown,Absent,Absent,Unknown
SYN-DM-02420,Type 2,3.9,22.22,Above goal,Yes,Fingerstick,Unknown,Present,Unknown,Absent
SYN-DM-02421,Other,8.0,23.18,At goal,Yes,Both,No,Present,Absent,Unknown
SYN-DM-02422,Type 2,13.9,21.18,Above goal,No,Continuous monitor,Yes,Present,Unknown,Present
SYN-DM-02423,Other,8.6,66.97,Unknown,No,Fingerstick,No,Unknown,Unknown,Absent
SYN-DM-02424,Type 2,16.0,35.7,At goal,Yes,Both,Unknown,Present,Absent,Present
SYN-DM-02425,Type 2,20.7,63.39,At goal,No,Continuous monitor,No,Present,Absent,Unknown
SYN-DM-02426,Type 2,19.5,67.28,At goal,No,Both,Unknown,Present,Present,Absent
SYN-DM-02427,Type 2,18.2,27.19,At goal,Yes,Fingerstick,Yes,Absent,Present,Unknown
SYN-DM-02428,Type 1,9.9,41.15,Above goal,No,Continuous monitor,Unknown,Unknown,Unknown,Present
SYN-DM-02429,Type 2,7.1,23.99,Above goal,No,Continuous monitor,Yes,Absent,Unknown,Present
SYN-DM-02430,Type 2,8.0,47.32,Unknown,Yes,None,Unknown,Absent,Unknown,Unknown
SYN-DM-02431,Type 1,6.8,53.73,At goal,Yes,Both,Yes,Unknown,Unknown,Present
SYN-DM-02432,Type 2,16.5,50.13,At goal,No,Fingerstick,Yes,Absent,Absent,Present
SYN-DM-02433,Type 2,3.9,46.5,Unknown,Yes,Fingerstick,Unknown,Unknown,Present,Present
SYN-DM-02434,Other,16.7,56.75,Unknown,Yes,Continuous monitor,Unknown,Unknown,Absent,Absent
SYN-DM-02435,Type 2,10.4,60.32,At goal,Yes,Continuous monitor,No,Absent,Present,Unknown
SYN-DM-02436,Type 2,20.4,46.22,Unknown,No,Continuous monitor,No,Absent,Present,Unknown
SYN-DM-02437,Type 1,17.7,66.26,Above goal,Yes,None,Unknown,Absent,Present,Absent
SYN-DM-02438,Type 2,6.2,37.09,Above goal,Yes,None,Unknown,Absent,Absent,Absent
SYN-DM-02439,Type 2,3.3,29.77,Above goal,Yes,None,Yes,Unknown,Present,Absent
SYN-DM-02440,Type 2,4.9,55.57,Unknown,Yes,Continuous monitor,Yes,Unknown,Present,Absent
SYN-DM-02441,Type 1,8.3,54.87,At goal,Yes,Fingerstick,Yes,Present,Present,Present
SYN-DM-02442,Type 2,7.6,22.36,Above goal,Yes,Continuous monitor,No,Unknown,Unknown,Absent
SYN-DM-02443,Type 2,1.4,15.28,Above goal,Yes,Fingerstick,No,Absent,Present,Absent
SYN-DM-02444,Type 2,13.8,65.66,Above goal,Yes,None,No,Unknown,Unknown,Unknown
SYN-DM-02445,Type 1,5.5,50.09,At goal,Yes,Both,Yes,Unknown,Present,Present
SYN-DM-02446,Type 2,18.8,61.37,Above goal,Yes,Both,Yes,Present,Unknown,Absent
SYN-DM-02447,Type 2,24.3,62.58,At goal,Yes,Fingerstick,Unknown,Unknown,Unknown,Absent
SYN-DM-02448,Type 2,0.9,17.71,Unknown,No,Continuous monitor,Unknown,Absent,Present,Present
SYN-DM-02449,Type 2,10.6,28.59,At goal,Yes,Both,No,Present,Unknown,Present
SYN-DM-02450,Type 2,20.1,47.63,Unknown,No,Fingerstick,Yes,Present,Absent,Unknown
SYN-DM-02451,Type 2,1.0,46.96,At goal,Yes,Continuous monitor,No,Unknown,Present,Present
SYN-DM-02452,Other,11.0,29.57,At goal,Yes,Continuous monitor,Unknown,Absent,Present,Unknown
SYN-DM-02453,Type 2,23.0,18.36,Unknown,Yes,Both,Yes,Present,Present,Absent
SYN-DM-02454,Type 2,6.2,24.04,Above goal,Yes,Fingerstick,No,Present,Present,Absent
SYN-DM-02455,Type 2,10.1,36.23,Above goal,No,Continuous monitor,Unknown,Unknown,Unknown,Absent
SYN-DM-02456,Type 2,12.0,33.13,At goal,No,None,Unknown,Absent,Unknown,Unknown
SYN-DM-02457,Type 2,7.1,63.73,Above goal,Yes,Continuous monitor,Yes,Absent,Present,Unknown
SYN-DM-02458,Type 2,2.9,47.71,Above goal,Yes,Fingerstick,No,Absent,Unknown,Present
SYN-DM-02459,Type 2,11.9,57.32,Above goal,Yes,None,Unknown,Absent,Present,Unknown
SYN-DM-02460,Type 2,7.5,15.65,Unknown,No,Fingerstick,Unknown,Unknown,Present,Present
SYN-DM-02461,Type 1,18.3,52.76,Above goal,Yes,Fingerstick,Yes,Absent,Unknown,Present
SYN-DM-02462,Type 2,2.6,25.92,Unknown,No,None,Unknown,Present,Present,Absent
SYN-DM-02463,Type 2,8.4,62.79,Above goal,Yes,None,No,Unknown,Present,Absent
SYN-DM-02464,Type 2,10.5,35.78,Unknown,No,Fingerstick,No,Present,Unknown,Unknown
SYN-DM-02465,Other,5.3,15.2,Above goal,Yes,Continuous monitor,No,Absent,Absent,Absent
SYN-DM-02466,Gestational,0.2,47.78,Above goal,Yes,Continuous monitor,Yes,Absent,Unknown,Unknown
SYN-DM-02467,Other,10.9,19.76,Unknown,Yes,None,Yes,Absent,Present,Present
SYN-DM-02468,Type 2,4.6,60.17,Unknown,Yes,Both,Unknown,Present,Present,Absent
SYN-DM-02469,Type 2,15.7,67.84,Unknown,No,Fingerstick,Unknown,Absent,Absent,Unknown
SYN-DM-02470,Type 2,22.0,47.15,Unknown,Yes,Fingerstick,Unknown,Absent,Absent,Unknown
SYN-DM-02471,Type 2,8.8,17.74,Above goal,Yes,Fingerstick,No,Unknown,Unknown,Unknown
SYN-DM-02472,Type 2,10.6,26.94,At goal,No,None,Yes,Absent,Unknown,Absent
SYN-DM-02473,Type 2,18.8,23.07,Unknown,Yes,Fingerstick,Yes,Unknown,Unknown,Unknown
SYN-DM-02474,Type 2,28.2,33.2,Above goal,Yes,Both,No,Unknown,Present,Unknown
SYN-DM-02475,Type 2,8.9,40.07,Unknown,Yes,Both,Unknown,Absent,Unknown,Unknown
SYN-DM-02476,Type 2,11.9,17.99,Above goal,No,Continuous monitor,No,Present,Absent,Present
SYN-DM-02477,Type 2,17.7,16.66,Above goal,Yes,Fingerstick,No,Unknown,Present,Absent
SYN-DM-02478,Type 2,17.3,20.98,At goal,Yes,None,Unknown,Absent,Unknown,Absent
SYN-DM-02479,Type 2,0.2,16.61,At goal,Yes,Both,Yes,Absent,Absent,Unknown
SYN-DM-02480,Type 2,8.6,24.64,Unknown,Yes,None,Yes,Present,Absent,Absent
SYN-DM-02481,Type 2,28.1,44.84,Unknown,No,None,Yes,Unknown,Absent,Absent
SYN-DM-02482,Type 2,14.6,18.09,Above goal,Yes,None,No,Absent,Present,Absent
SYN-DM-02483,Type 2,0.5,20.83,Above goal,Yes,None,Yes,Unknown,Present,Present
SYN-DM-02484,Type 2,23.6,37.84,Above goal,No,Fingerstick,Unknown,Present,Unknown,Present
SYN-DM-02485,Gestational,2.8,55.81,At goal,Yes,Fingerstick,No,Unknown,Present,Unknown
SYN-DM-02486,Type 2,0.2,42.45,Unknown,No,None,Yes,Absent,Absent,Unknown
SYN-DM-02487,Type 2,7.0,34.02,At goal,No,Continuous monitor,No,Absent,Unknown,Present
SYN-DM-02488,Type 1,13.0,59.37,Unknown,Yes,Fingerstick,No,Unknown,Unknown,Unknown
SYN-DM-02489,Type 2,15.6,59.73,Above goal,No,Fingerstick,No,Present,Present,Present
SYN-DM-02490,Type 2,10.0,18.8,Unknown,No,Fingerstick,Unknown,Present,Absent,Unknown
SYN-DM-02491,Other,23.2,58.01,Above goal,Yes,Both,Unknown,Present,Unknown,Absent
SYN-DM-02492,Type 2,23.8,16.48,Above goal,Yes,Both,No,Present,Unknown,Present
SYN-DM-02493,Type 2,8.5,23.44,Above goal,No,Fingerstick,No,Present,Unknown,Absent
SYN-DM-02494,Type 2,6.0,45.75,Above goal,Yes,Both,No,Unknown,Present,Absent
SYN-DM-02495,Type 2,6.3,21.65,Unknown,No,Fingerstick,No,Present,Present,Absent
SYN-DM-02496,Type 2,21.2,29.13,Unknown,Yes,Both,No,Present,Unknown,Present
SYN-DM-02497,Type 2,7.4,23.37,Above goal,No,Continuous monitor,Unknown,Absent,Absent,Present
SYN-DM-02498,Type 1,0.2,48.02,Unknown,Yes,Continuous monitor,Yes,Absent,Unknown,Unknown
SYN-DM-02499,Type 1,6.8,17.65,Above goal,Yes,Both,No,Absent,Absent,Absent
SYN-DM-02500,Type 2,0.2,55.09,Above goal,Yes,Fingerstick,No,Unknown,Present,Present
SYN-DM-02501,Type 2,4.8,15.71,Unknown,No,None,No,Absent,Absent,Present
SYN-DM-02502,Type 2,3.6,45.02,At goal,Yes,Continuous monitor,No,Absent,Absent,Absent
SYN-DM-02503,Type 2,8.3,32.07,Unknown,No,Continuous monitor,Yes,Present,Unknown,Unknown
SYN-DM-02504,Type 2,2.2,20.59,Unknown,No,Fingerstick,No,Present,Present,Absent
SYN-DM-02505,Type 2,15.6,24.89,Above goal,Yes,Continuous monitor,No,Unknown,Unknown,Absent
SYN-DM-02506,Type 2,4.1,46.68,Unknown,No,Both,Unknown,Unknown,Unknown,Absent
SYN-DM-02507,Type 2,12.4,65.87,At goal,Yes,None,Unknown,Absent,Unknown,Unknown
SYN-DM-02508,Type 2,17.1,35.92,Unknown,Yes,Fingerstick,Yes,Absent,Absent,Present
SYN-DM-02509,Type 2,9.6,51.43,Unknown,No,Fingerstick,Unknown,Present,Absent,Present
SYN-DM-02510,Type 1,23,63.69,Unknown,Yes,Fingerstick,Yes,Unknown,Present,Absent
SYN-DM-02511,Type 1,8.4,21.08,Unknown,Yes,Continuous monitor,Unknown,Unknown,Present,Present
SYN-DM-02512,Type 2,11.0,13.65,Above goal,Yes,Fingerstick,Yes,Absent,Unknown,Unknown
SYN-DM-02513,Type 2,16.3,65.44,At goal,Yes,Continuous monitor,No,Absent,Absent,Present
SYN-DM-02514,Type 2,21.4,23.87,At goal,No,None,No,Present,Absent,Unknown
SYN-DM-02515,Type 1,14.6,52.08,Above goal,No,Both,No,Present,Present,Present
SYN-DM-02516,Type 2,14.3,53.29,At goal,No,Both,Yes,Absent,Unknown,Absent
SYN-DM-02517,Type 1,2.0,12.77,Above goal,Yes,Fingerstick,No,Unknown,Unknown,Present
SYN-DM-02518,Type 2,6.6,53.23,Unknown,No,Both,Unknown,Present,Unknown,Absent
SYN-DM-02519,Type 2,4.4,59.34,At goal,No,Fingerstick,Yes,Unknown,Present,Present
SYN-DM-02520,Type 2,2.1,44.54,Unknown,No,Fingerstick,Yes,Present,Unknown,Unknown
SYN-DM-02521,Type 2,6.4,46.05,Above goal,Yes,Fingerstick,Unknown,Unknown,Absent,Unknown
SYN-DM-02522,Type 2,18.6,29.67,Above goal,No,None,No,Unknown,Unknown,Absent
SYN-DM-02523,Type 2,17.5,14.94,Above goal,Yes,Continuous monitor,No,Absent,Present,Absent
SYN-DM-02524,Type 2,10.9,53.46,At goal,Yes,Fingerstick,Yes,Unknown,Unknown,Present
SYN-DM-02525,Type 1,4.9,13.9,At goal,Yes,Both,Yes,Unknown,Unknown,Absent
SYN-DM-02526,Type 2,11.4,60.04,Unknown,Yes,None,No,Absent,Absent,Absent
SYN-DM-02527,Type 2,19.4,51.93,At goal,Yes,Continuous monitor,No,Absent,Absent,Present
SYN-DM-02528,Type 1,0.2,57.3,Above goal,Yes,Fingerstick,No,Present,Present,Unknown
SYN-DM-02529,Type 2,10.5,25.11,At goal,No,Fingerstick,Yes,Unknown,Absent,Present
SYN-DM-02530,Type 2,24.0,44.06,Unknown,No,Fingerstick,Yes,Absent,Absent,Present
SYN-DM-02531,Type 2,20.9,55.28,Unknown,Yes,Fingerstick,No,Absent,Absent,Absent
SYN-DM-02532,Type 2,9.2,15.69,Unknown,Yes,None,Unknown,Unknown,Present,Absent
SYN-DM-02533,Type 2,4.1,27.06,At goal,No,Continuous monitor,Unknown,Present,Absent,Present
SYN-DM-02534,Type 2,10.7,15.11,Above goal,No,Continuous monitor,No,Present,Unknown,Absent
SYN-DM-02535,Type 2,0.2,21.23,At goal,Yes,None,Yes,Unknown,Present,Absent
SYN-DM-02536,Type 2,5.8,35.61,Unknown,Yes,Continuous monitor,No,Present,Unknown,Present
SYN-DM-02537,Type 2,4.4,55.33,At goal,Yes,Both,Yes,Absent,Present,Present
SYN-DM-02538,Type 2,2.1,40.07,Above goal,Yes,None,Yes,Absent,Present,Unknown
SYN-DM-02539,Type 2,20.5,58.27,Above goal,Yes,None,No,Present,Absent,Present
SYN-DM-02540,Type 2,16.4,20.02,At goal,No,None,Yes,Absent,Absent,Unknown
SYN-DM-02541,Type 2,12.3,12.37,Above goal,Yes,Continuous monitor,Unknown,Unknown,Absent,Unknown
SYN-DM-02542,Type 2,0.2,47.96,At goal,No,Fingerstick,No,Present,Absent,Present
SYN-DM-02543,Type 2,11.7,19.29,At goal,Yes,Continuous monitor,Unknown,Present,Absent,Present
SYN-DM-02544,Type 2,18.7,42.38,Unknown,No,Fingerstick,No,Present,Unknown,Unknown
SYN-DM-02545,Type 2,2.4,18.4,Above goal,Yes,Fingerstick,Yes,Unknown,Unknown,Unknown
SYN-DM-02546,Type 2,9.0,17.69,Above goal,No,Fingerstick,Yes,Absent,Unknown,Absent
SYN-DM-02547,Type 2,3.8,56.82,Above goal,Yes,Continuous monitor,No,Unknown,Unknown,Absent
SYN-DM-02548,Type 2,15.5,43.69,At goal,No,Fingerstick,Yes,Present,Present,Present
SYN-DM-02549,Type 2,18.8,37.37,Above goal,No,Continuous monitor,Unknown,Unknown,Absent,Unknown
SYN-DM-02550,Type 2,17.3,40.93,At goal,No,Fingerstick,Yes,Present,Unknown,Present
SYN-DM-02551,Type 2,5.2,46.04,Unknown,No,Both,No,Unknown,Present,Present
SYN-DM-02552,Type 1,12.3,42.96,At goal,Yes,Continuous monitor,Unknown,Absent,Present,Present
SYN-DM-02553,Type 2,19.9,27.35,At goal,Yes,Continuous monitor,No,Absent,Present,Present
SYN-DM-02554,Type 2,13.2,62.08,Unknown,Yes,None,Unknown,Present,Unknown,Present
SYN-DM-02555,Type 2,2.6,28.05,Unknown,Yes,Both,Unknown,Present,Absent,Unknown
SYN-DM-02556,Type 1,6.7,55.24,At goal,Yes,Continuous monitor,Yes,Present,Present,Absent
SYN-DM-02557,Type 2,5.5,45.75,Unknown,Yes,Both,Unknown,Absent,Present,Present
SYN-DM-02558,Gestational,17.3,36.54,Above goal,Yes,None,Unknown,Absent,Present,Unknown
SYN-DM-02559,Type 2,4.2,48.92,Above goal,Yes,Both,Yes,Present,Unknown,Present
SYN-DM-02560,Other,24.7,58.22,At goal,Yes,Both,Yes,Absent,Present,Absent
SYN-DM-02561,Type 1,17.3,54.95,Above goal,Yes,None,Yes,Absent,Present,Present
SYN-DM-02562,Type 2,26.1,44.41,At goal,Yes,Fingerstick,No,Unknown,Present,Present
SYN-DM-02563,Type 1,2.7,52.52,Unknown,No,None,Unknown,Absent,Absent,Absent
SYN-DM-02564,Type 2,11.5,46.53,Above goal,Yes,Fingerstick,Unknown,Unknown,Present,Absent
SYN-DM-02565,Type 2,12.6,66.87,Above goal,No,Fingerstick,Unknown,Unknown,Absent,Absent
SYN-DM-02566,Type 2,12.2,47.28,Unknown,No,Both,No,Present,Present,Absent
SYN-DM-02567,Type 2,12.2,61.25,Above goal,Yes,None,Unknown,Unknown,Present,Present
SYN-DM-02568,Type 2,15.9,61.49,Above goal,Yes,Both,Yes,Present,Unknown,Present
SYN-DM-02569,Type 2,4.5,56.02,Above goal,Yes,Fingerstick,No,Unknown,Absent,Unknown
SYN-DM-02570,Type 2,14.5,51.11,Unknown,Yes,None,Unknown,Absent,Present,Unknown
SYN-DM-02571,Type 2,16.3,14.08,Unknown,No,Both,Unknown,Absent,Unknown,Present
SYN-DM-02572,Type 2,17.5,18.24,At goal,Yes,Both,Yes,Present,Unknown,Absent
SYN-DM-02573,Type 2,9.6,61.84,Unknown,Yes,Fingerstick,No,Absent,Unknown,Unknown
SYN-DM-02574,Type 2,10.4,58.51,Above goal,Yes,Both,Yes,Absent,Absent,Unknown
SYN-DM-02575,Type 1,10.3,22.09,At goal,Yes,None,Yes,Unknown,Absent,Unknown
SYN-DM-02576,Type 2,21.8,63.16,Above goal,No,None,Yes,Absent,Unknown,Unknown
SYN-DM-02577,Type 2,13.0,49.75,Above goal,Yes,Both,Yes,Absent,Present,Present
SYN-DM-02578,Type 2,1.3,45.4,Above goal,Yes,None,Yes,Absent,Present,Unknown
SYN-DM-02579,Type 2,11.2,13.89,Above goal,Yes,Both,Unknown,Present,Unknown,Unknown
SYN-DM-02580,Type 2,27.2,16.06,At goal,No,Continuous monitor,No,Present,Present,Present
SYN-DM-02581,Type 2,5.0,62.82,Unknown,Yes,Fingerstick,Unknown,Unknown,Absent,Absent
SYN-DM-02582,Type 2,5.7,35.23,Above goal,No,Continuous monitor,No,Absent,Unknown,Present
SYN-DM-02583,Type 2,19.3,15.62,At goal,Yes,Continuous monitor,Yes,Present,Unknown,Absent
SYN-DM-02584,Type 2,11.8,67.15,Above goal,No,None,No,Absent,Present,Unknown
SYN-DM-02585,Gestational,9.4,64.93,Above goal,Yes,Fingerstick,Yes,Absent,Absent,Present
SYN-DM-02586,Type 2,0.2,65.29,Above goal,No,Continuous monitor,Unknown,Present,Unknown,Present
SYN-DM-02587,Type 1,18.3,53.45,Above goal,No,Both,Yes,Unknown,Present,Present
SYN-DM-02588,Type 1,5.6,44.66,At goal,Yes,None,Yes,Present,Unknown,Absent
SYN-DM-02589,Type 2,18.2,59.73,At goal,No,Continuous monitor,Unknown,Unknown,Present,Absent
SYN-DM-02590,Type 2,14.6,18.69,Above goal,Yes,Both,Unknown,Unknown,Absent,Present
SYN-DM-02591,Type 2,9.7,63.3,Above goal,No,Fingerstick,No,Absent,Present,Unknown
SYN-DM-02592,Type 2,12.9,18.52,At goal,Yes,Fingerstick,Yes,Present,Present,Present
SYN-DM-02593,Type 2,15.6,43.64,Above goal,No,None,Yes,Unknown,Absent,Present
SYN-DM-02594,Type 2,10.5,32.09,At goal,No,Continuous monitor,Unknown,Present,Present,Absent
SYN-DM-02595,Type 2,15.5,44.48,Unknown,No,Both,Unknown,Absent,Unknown,Present
SYN-DM-02596,Type 2,22.5,28.41,Unknown,Yes,Fingerstick,Yes,Absent,Unknown,Present
SYN-DM-02597,Type 1,19.5,13.05,Above goal,No,Continuous monitor,Yes,Absent,Absent,Present
SYN-DM-02598,Type 2,0.2,20.21,At goal,Yes,Continuous monitor,Yes,Present,Absent,Present
SYN-DM-02599,Type 2,9.9,48.36,At goal,No,Both,Unknown,Present,Absent,Present
SYN-DM-02600,Type 1,2.2,45.72,Above goal,Yes,None,No,Absent,Present,Present
SYN-DM-02601,Type 2,2.0,50.22,Above goal,Yes,Continuous monitor,Unknown,Unknown,Absent,Unknown
SYN-DM-02602,Type 1,17.8,29.04,Unknown,Yes,Continuous monitor,Unknown,Present,Unknown,Absent
SYN-DM-02603,Type 2,16.6,36.3,Unknown,Yes,None,Unknown,Present,Present,Unknown
SYN-DM-02604,Type 1,17.9,21.91,At goal,Yes,None,Yes,Absent,Absent,Present
SYN-DM-02605,Other,15.9,25.96,Unknown,Yes,Continuous monitor,Yes,Unknown,Present,Absent
SYN-DM-02606,Gestational,0.2,25.62,Unknown,Yes,Fingerstick,No,Present,Unknown,Absent
SYN-DM-02607,Type 2,2.7,13.89,Unknown,No,Both,Unknown,Present,Absent,Present
SYN-DM-02608,Type 2,6.9,40.51,Above goal,No,Fingerstick,No,Absent,Present,Absent
SYN-DM-02609,Type 1,0.2,16.96,Above goal,Yes,Fingerstick,Yes,Present,Absent,Absent
SYN-DM-02610,Type 2,0.2,45.93,At goal,Yes,Both,Unknown,Present,Present,Present
SYN-DM-02611,Type 2,8.2,48.9,Above goal,No,Fingerstick,No,Absent,Unknown,Present
SYN-DM-02612,Type 2,10.6,48.77,Unknown,Yes,None,Unknown,Present,Present,Absent
SYN-DM-02613,Type 2,13.8,19.96,At goal,No,None,No,Absent,Absent,Unknown
SYN-DM-02614,Type 2,0.2,33.85,Unknown,No,Continuous monitor,No,Present,Present,Unknown
SYN-DM-02615,Type 2,18.7,16.48,Above goal,No,Continuous monitor,No,Present,Unknown,Present
SYN-DM-02616,Other,1.8,33.32,Unknown,Yes,Both,No,Unknown,Present,Present
SYN-DM-02617,Type 2,13.6,45.12,Above goal,No,None,Unknown,Present,Absent,Present
SYN-DM-02618,Type 2,6.1,35.35,Above goal,Yes,None,Unknown,Present,Present,Absent
SYN-DM-02619,Type 2,6.3,41.81,Above goal,No,Both,Yes,Present,Unknown,Unknown
SYN-DM-02620,Other,14.5,22.86,Above goal,No,None,No,Present,Unknown,Unknown
SYN-DM-02621,Type 2,14.3,31.94,Above goal,No,Both,Yes,Absent,Present,Present
SYN-DM-02622,Type 1,5.8,55.17,Above goal,No,None,Unknown,Unknown,Absent,Unknown
SYN-DM-02623,Type 2,2.7,42.79,Unknown,Yes,Fingerstick,No,Unknown,Present,Absent
SYN-DM-02624,Type 2,7.5,62.9,Unknown,No,Fingerstick,Yes,Unknown,Present,Unknown
SYN-DM-02625,Type 2,10.3,17.99,Unknown,Yes,Fingerstick,Yes,Present,Present,Present
SYN-DM-02626,Type 2,9.3,50.28,Above goal,Yes,Both,Unknown,Present,Present,Unknown
SYN-DM-02627,Other,15.9,67.43,Unknown,Yes,None,Unknown,Present,Absent,Absent
SYN-DM-02628,Type 2,11.4,25.89,At goal,Yes,None,No,Present,Absent,Present
SYN-DM-02629,Type 2,3.3,60.58,Above goal,No,Both,Yes,Present,Present,Absent
SYN-DM-02630,Type 2,0.2,17.61,Above goal,Yes,Continuous monitor,Unknown,Unknown,Present,Unknown
SYN-DM-02631,Type 2,0.2,63.73,Unknown,Yes,None,Yes,Present,Absent,Unknown
SYN-DM-02632,Type 2,11.1,38.07,Unknown,Yes,Fingerstick,No,Present,Present,Unknown
SYN-DM-02633,Other,11.3,51.56,At goal,Yes,Both,Yes,Present,Unknown,Present
SYN-DM-02634,Other,20.7,46.98,Unknown,Yes,Both,No,Unknown,Unknown,Present
SYN-DM-02635,Type 2,19.3,50.39,At goal,Yes,Fingerstick,No,Unknown,Absent,Present
SYN-DM-02636,Type 2,4.1,58.82,Above goal,Yes,None,Yes,Unknown,Unknown,Present
SYN-DM-02637,Type 2,0.2,42.69,Unknown,Yes,Fingerstick,No,Absent,Absent,Absent
SYN-DM-02638,Type 1,17.3,29.87,Unknown,No,Fingerstick,Unknown,Absent,Absent,Unknown
SYN-DM-02639,Type 2,13.4,15.6,Unknown,No,None,Unknown,Present,Unknown,Present
SYN-DM-02640,Type 1,14.6,12.68,Above goal,Yes,Continuous monitor,Yes,Absent,Present,Present
SYN-DM-02641,Type 1,0.2,22.65,At goal,Yes,None,Yes,Unknown,Absent,Unknown
SYN-DM-02642,Type 2,16.4,21.02,At goal,No,Fingerstick,Yes,Unknown,Absent,Unknown
SYN-DM-02643,Type 2,12.5,25.85,Unknown,No,Both,Unknown,Unknown,Present,Present
SYN-DM-02644,Type 1,12.8,43.98,Above goal,No,Fingerstick,No,Unknown,Unknown,Absent
SYN-DM-02645,Type 2,0.2,63.32,Unknown,Yes,Continuous monitor,Yes,Present,Absent,Present
SYN-DM-02646,Type 2,28.2,41.69,Unknown,Yes,Continuous monitor,Unknown,Present,Unknown,Unknown
SYN-DM-02647,Gestational,3.8,31.44,At goal,No,Continuous monitor,Unknown,Absent,Unknown,Unknown
SYN-DM-02648,Type 2,6.6,66.26,Unknown,Yes,Fingerstick,No,Unknown,Unknown,Present
SYN-DM-02649,Type 1,10.2,14.26,Above goal,Yes,None,Unknown,Present,Present,Unknown
SYN-DM-02650,Type 2,1.0,43.04,At goal,Yes,None,No,Present,Unknown,Present
SYN-DM-02651,Type 2,17.4,61.07,Unknown,Yes,Fingerstick,No,Present,Absent,Present
SYN-DM-02652,Type 2,8.6,40.57,Above goal,Yes,Continuous monitor,No,Unknown,Unknown,Absent
SYN-DM-02653,Type 2,10.9,40.38,Unknown,Yes,Continuous monitor,No,Present,Present,Present
SYN-DM-02654,Type 1,16.2,59.73,Above goal,Yes,Continuous monitor,Yes,Present,Present,Unknown
SYN-DM-02655,Type 2,25.9,61.6,At goal,No,Fingerstick,Unknown,Unknown,Present,Present
SYN-DM-02656,Type 1,11.4,29.21,Unknown,Yes,Both,Yes,Absent,Absent,Unknown
SYN-DM-02657,Type 2,19.7,60.0,At goal,No,None,No,Unknown,Unknown,Unknown
SYN-DM-02658,Type 1,17.5,58.42,Above goal,Yes,None,Unknown,Present,Present,Unknown
SYN-DM-02659,Type 2,8.7,13.61,Above goal,Yes,Fingerstick,Unknown,Absent,Unknown,Unknown
SYN-DM-02660,Type 2,8.9,64.08,At goal,Yes,Fingerstick,Yes,Absent,Absent,Present
SYN-DM-02661,Type 2,2.7,30.39,Unknown,No,None,Yes,Present,Present,Present
SYN-DM-02662,Type 2,9.3,53.46,At goal,No,Both,No,Present,Absent,Present
SYN-DM-02663,Type 2,4.5,38.28,Above goal,No,Fingerstick,Yes,Unknown,Present,Present
SYN-DM-02664,Type 2,5.6,37.79,Unknown,No,Both,No,Present,Absent,Absent
SYN-DM-02665,Type 2,7.4,34.67,Unknown,No,None,No,Present,Present,Absent
SYN-DM-02666,Type 2,1.1,59.42,Above goal,Yes,None,Yes,Present,Present,Present
SYN-DM-02667,Other,4.2,67.33,Above goal,Yes,None,Yes,Unknown,Unknown,Unknown
SYN-DM-02668,Type 2,0.2,35.93,At goal,No,Continuous monitor,Unknown,Present,Present,Absent
SYN-DM-02669,Type 2,11.5,27.23,Above goal,Yes,Continuous monitor,Unknown,Absent,Unknown,Unknown
SYN-DM-02670,Type 2,11.7,40.99,Unknown,Yes,None,No,Unknown,Absent,Unknown
SYN-DM-02671,Type 2,11.7,14.06,Unknown,Yes,Both,Unknown,Absent,Unknown,Absent
SYN-DM-02672,Type 2,13.2,49.8,Above goal,No,Both,Unknown,Absent,Unknown,Present
SYN-DM-02673,Type 2,11.8,63.62,Above goal,Yes,None,No,Absent,Present,Absent
SYN-DM-02674,Type 2,9.4,20.11,Unknown,Yes,Fingerstick,Unknown,Unknown,Unknown,Present
SYN-DM-02675,Type 2,21.6,15.52,Above goal,Yes,None,No,Present,Unknown,Present
SYN-DM-02676,Type 2,13.0,25.4,Unknown,Yes,Fingerstick,Unknown,Unknown,Absent,Present
SYN-DM-02677,Type 2,18.4,66.08,At goal,Yes,Both,No,Unknown,Present,Present
SYN-DM-02678,Type 1,0.2,25.17,Above goal,No,Fingerstick,No,Unknown,Absent,Present
SYN-DM-02679,Type 2,21.5,48.37,Above goal,Yes,None,Unknown,Absent,Present,Unknown
SYN-DM-02680,Type 2,10.6,55.88,Above goal,No,Continuous monitor,No,Unknown,Absent,Present
SYN-DM-02681,Type 2,12.3,61.79,Unknown,No,None,Yes,Absent,Present,Unknown
SYN-DM-02682,Type 2,4.1,23.16,Above goal,Yes,Both,No,Present,Absent,Absent
SYN-DM-02683,Type 2,18.4,47.51,At goal,Yes,Fingerstick,No,Present,Absent,Present
SYN-DM-02684,Type 2,13.8,27.74,Above goal,Yes,Continuous monitor,Unknown,Absent,Present,Absent
SYN-DM-02685,Type 1,17.8,34.61,At goal,Yes,Continuous monitor,Yes,Absent,Present,Absent
SYN-DM-02686,Type 1,16.1,30.95,Above goal,Yes,None,Yes,Absent,Present,Absent
SYN-DM-02687,Type 2,6.6,28.11,Above goal,No,Continuous monitor,No,Unknown,Present,Absent
SYN-DM-02688,Type 2,15.5,58.53,Unknown,Yes,Both,Yes,Absent,Absent,Present
SYN-DM-02689,Type 2,12.9,37.0,Unknown,Yes,None,Unknown,Absent,Unknown,Present
SYN-DM-02690,Type 1,12.1,45.92,Unknown,Yes,Both,Unknown,Unknown,Absent,Unknown
SYN-DM-02691,Type 2,27.0,22.42,At goal,Yes,None,No,Present,Unknown,Present
SYN-DM-02692,Type 2,26.7,48.09,Above goal,No,Continuous monitor,Unknown,Unknown,Unknown,Unknown
SYN-DM-02693,Type 2,17.4,38.5,At goal,Yes,Fingerstick,No,Unknown,Present,Present
SYN-DM-02694,Type 2,7.0,48.04,Unknown,Yes,None,Yes,Absent,Present,Absent
SYN-DM-02695,Type 2,19.8,54.68,Unknown,Yes,Continuous monitor,Unknown,Unknown,Unknown,Absent
SYN-DM-02696,Type 2,7.0,39.43,Above goal,Yes,Both,No,Unknown,Unknown,Unknown
SYN-DM-02697,Type 2,12.8,63.91,Above goal,Yes,Both,No,Present,Present,Unknown
SYN-DM-02698,Type 2,10.3,30.64,Above goal,Yes,Continuous monitor,Unknown,Absent,Present,Absent
SYN-DM-02699,Type 2,15.2,17.22,Above goal,No,Fingerstick,Yes,Unknown,Present,Unknown
SYN-DM-02700,Type 2,14.2,59.97,At goal,Yes,Both,No,Present,Present,Unknown
SYN-DM-02701,Type 2,6.2,29.42,Unknown,No,Continuous monitor,No,Absent,Present,Unknown
SYN-DM-02702,Type 1,11.1,19.09,At goal,Yes,Both,Unknown,Absent,Absent,Absent
SYN-DM-02703,Type 2,5.5,62.38,Above goal,No,Both,Yes,Unknown,Present,Absent
SYN-DM-02704,Type 1,17.4,67.15,Above goal,Yes,Both,No,Absent,Unknown,Unknown
SYN-DM-02705,Type 2,0.2,59.1,Above goal,No,Fingerstick,Yes,Absent,Absent,Present
SYN-DM-02706,Type 1,7.9,29.78,At goal,Yes,Fingerstick,Yes,Present,Unknown,Unknown
SYN-DM-02707,Type 2,8.8,50.27,At goal,Yes,Both,Yes,Present,Present,Present
SYN-DM-02708,Type 1,6.1,53.09,Above goal,No,Continuous monitor,No,Unknown,Present,Unknown
SYN-DM-02709,Type 1,14.7,42.41,At goal,Yes,Fingerstick,Unknown,Absent,Absent,Present
SYN-DM-02710,Type 2,5.7,46.09,At goal,No,Continuous monitor,No,Absent,Unknown,Unknown
SYN-DM-02711,Type 2,9.3,32.79,Above goal,Yes,Fingerstick,No,Absent,Present,Absent
SYN-DM-02712,Type 2,4.5,41.71,Unknown,No,Continuous monitor,Unknown,Unknown,Unknown,Absent
SYN-DM-02713,Type 2,16.5,46.17,Above goal,Yes,None,Yes,Absent,Unknown,Unknown
SYN-DM-02714,Type 2,9.0,53.43,Unknown,Yes,Fingerstick,Yes,Absent,Present,Present
SYN-DM-02715,Type 1,24.5,14.17,At goal,Yes,None,Unknown,Unknown,Present,Absent
SYN-DM-02716,Type 2,21.1,52.25,Above goal,Yes,Fingerstick,Unknown,Present,Unknown,Absent
SYN-DM-02717,Type 1,9.8,19.3,Above goal,No,Continuous monitor,Yes,Unknown,Unknown,Present
SYN-DM-02718,Type 2,6.7,66.63,Unknown,No,Both,Yes,Absent,Unknown,Unknown
SYN-DM-02719,Type 2,9.5,25.17,At goal,No,None,Yes,Present,Present,Present
SYN-DM-02720,Type 2,10.0,38.82,At goal,No,None,Unknown,Present,Present,Absent
SYN-DM-02721,Type 2,0.2,57.97,Unknown,No,Both,Unknown,Present,Unknown,Unknown
SYN-DM-02722,Type 2,7.1,40.0,At goal,No,Fingerstick,Unknown,Absent,Present,Present
SYN-DM-02723,Type 2,14.1,36.2,Unknown,No,Continuous monitor,Unknown,Present,Present,Unknown
SYN-DM-02724,Type 1,18.1,32.7,Unknown,Yes,Fingerstick,Unknown,Absent,Present,Absent
SYN-DM-02725,Type 1,6.6,12.65,Above goal,Yes,Both,Yes,Absent,Present,Present
SYN-DM-02726,Type 2,6.3,45.34,Above goal,No,Fingerstick,Unknown,Absent,Unknown,Unknown
SYN-DM-02727,Other,10.1,23.88,Above goal,Yes,Both,Unknown,Absent,Present,Present
SYN-DM-02728,Type 2,5.9,15.53,At goal,Yes,Fingerstick,Unknown,Present,Present,Present
SYN-DM-02729,Type 2,12.9,46.44,Unknown,Yes,Continuous monitor,Unknown,Absent,Present,Absent
SYN-DM-02730,Type 2,4.8,54.54,At goal,Yes,Both,Yes,Present,Present,Present
SYN-DM-02731,Type 2,4.4,18.55,Unknown,No,None,Yes,Absent,Absent,Present
SYN-DM-02732,Other,12.6,63.67,Unknown,No,Continuous monitor,Unknown,Absent,Absent,Unknown
SYN-DM-02733,Type 1,15.7,24.39,At goal,Yes,None,Unknown,Unknown,Absent,Present
SYN-DM-02734,Type 1,5.9,66.9,At goal,Yes,None,Yes,Present,Present,Unknown
SYN-DM-02735,Type 1,9.9,62.24,Above goal,No,Fingerstick,Unknown,Unknown,Unknown,Unknown
SYN-DM-02736,Type 2,6.0,50.84,Above goal,No,None,Unknown,Present,Absent,Unknown
SYN-DM-02737,Type 2,12.8,40.96,Unknown,No,Both,Yes,Absent,Present,Present
SYN-DM-02738,Type 1,8.6,37.35,At goal,Yes,Continuous monitor,Unknown,Unknown,Absent,Unknown
SYN-DM-02739,Type 2,19.8,52.46,At goal,No,Both,No,Unknown,Absent,Present
SYN-DM-02740,Type 2,12.2,15.3,Above goal,Yes,Continuous monitor,Unknown,Unknown,Absent,Unknown
SYN-DM-02741,Type 2,3.3,55.32,Above goal,Yes,Fingerstick,No,Unknown,Absent,Present
SYN-DM-02742,Other,18.5,14.69,Unknown,Yes,None,Yes,Present,Unknown,Unknown
SYN-DM-02743,Type 2,11.1,25.42,At goal,No,None,No,Unknown,Absent,Unknown
SYN-DM-02744,Type 2,27.5,22.58,At goal,No,Continuous monitor,Yes,Absent,Unknown,Present
SYN-DM-02745,Type 2,23.3,51.62,Unknown,Yes,Continuous monitor,No,Absent,Absent,Present
SYN-DM-02746,Type 2,2.4,42.46,Above goal,No,Fingerstick,Yes,Present,Absent,Absent
SYN-DM-02747,Type 2,10.4,13.39,Unknown,No,None,Yes,Present,Unknown,Unknown
SYN-DM-02748,Type 1,6.7,64.54,At goal,Yes,Fingerstick,Yes,Present,Present,Absent
SYN-DM-02749,Type 2,18.7,52.41,At goal,Yes,Fingerstick,Yes,Present,Present,Unknown
SYN-DM-02750,Type 2,13.8,56.58,At goal,Yes,Continuous monitor,No,Unknown,Absent,Unknown
SYN-DM-02751,Type 2,14.3,65.03,Unknown,Yes,Both,Yes,Unknown,Present,Absent
SYN-DM-02752,Type 2,10.2,48.29,Above goal,Yes,Fingerstick,Unknown,Unknown,Unknown,Unknown
SYN-DM-02753,Type 2,11.6,16.82,At goal,Yes,Continuous monitor,No,Unknown,Absent,Present
SYN-DM-02754,Type 2,16.4,37.56,Unknown,Yes,Fingerstick,No,Unknown,Unknown,Present
SYN-DM-02755,Type 1,10.9,18.91,Above goal,Yes,Fingerstick,No,Unknown,Present,Unknown
SYN-DM-02756,Type 1,1.3,44.8,At goal,Yes,Continuous monitor,Unknown,Unknown,Unknown,Present
SYN-DM-02757,Type 2,22.8,38.53,Unknown,No,Both,No,Absent,Unknown,Present
SYN-DM-02758,Type 1,12.8,33.3,Unknown,Yes,Continuous monitor,No,Present,Unknown,Unknown
SYN-DM-02759,Type 2,11.6,14.67,Unknown,No,None,Yes,Present,Absent,Present
SYN-DM-02760,Type 1,19.1,45.52,Unknown,Yes,Both,No,Absent,Present,Present
SYN-DM-02761,Type 2,6.4,45.62,Unknown,Yes,Continuous monitor,Unknown,Absent,Absent,Present
SYN-DM-02762,Type 2,4.8,28.85,Above goal,Yes,None,Unknown,Present,Unknown,Unknown
SYN-DM-02763,Type 2,17.1,19.47,Above goal,Yes,Fingerstick,Unknown,Absent,Present,Absent
SYN-DM-02764,Type 2,14.1,55.32,At goal,No,Both,Unknown,Absent,Absent,Unknown
SYN-DM-02765,Type 1,17.7,53.1,Above goal,No,Both,Yes,Present,Absent,Absent
SYN-DM-02766,Type 2,17.1,54.91,At goal,Yes,Continuous monitor,No,Present,Absent,Present
SYN-DM-02767,Type 2,9.7,19.22,Unknown,Yes,Fingerstick,No,Present,Absent,Present
SYN-DM-02768,Type 2,14.1,29.36,Unknown,No,Continuous monitor,Yes,Absent,Present,Absent
SYN-DM-02769,Type 2,9.4,66.0,Unknown,No,Both,No,Absent,Unknown,Absent
SYN-DM-02770,Type 2,8.1,27.2,Above goal,No,Fingerstick,Yes,Present,Unknown,Absent
SYN-DM-02771,Type 2,6.1,12.64,Unknown,Yes,Fingerstick,Yes,Unknown,Present,Absent
SYN-DM-02772,Type 1,4.4,43.4,At goal,Yes,Fingerstick,Yes,Present,Absent,Present
SYN-DM-02773,Type 2,0.2,20.91,Above goal,Yes,Continuous monitor,Unknown,Unknown,Present,Unknown
SYN-DM-02774,Type 1,18.0,17.98,At goal,Yes,None,Yes,Absent,Absent,Unknown
SYN-DM-02775,Type 2,8.8,54.14,At goal,Yes,Both,No,Present,Absent,Present
SYN-DM-02776,Type 1,14.0,54.6,Unknown,Yes,None,Yes,Unknown,Unknown,Absent
SYN-DM-02777,Type 2,22.3,22.84,Above goal,Yes,Continuous monitor,Unknown,Unknown,Present,Absent
SYN-DM-02778,Type 2,10.5,41.2,At goal,Yes,Both,Yes,Unknown,Unknown,Unknown
SYN-DM-02779,Type 2,12.1,30.35,Above goal,No,None,Yes,Absent,Absent,Present
SYN-DM-02780,Type 2,23.0,61.08,Above goal,No,Continuous monitor,No,Present,Present,Present
SYN-DM-02781,Type 2,10.9,36.52,Above goal,Yes,None,Unknown,Present,Present,Present
SYN-DM-02782,Type 2,7.0,31.97,Above goal,Yes,None,Unknown,Unknown,Present,Absent
SYN-DM-02783,Type 2,14.0,50.45,Unknown,No,Continuous monitor,No,Unknown,Present,Present
SYN-DM-02784,Type 2,12.7,63.08,Above goal,No,Both,Yes,Unknown,Present,Unknown
SYN-DM-02785,Type 2,0.2,51.47,Unknown,Yes,Continuous monitor,Yes,Absent,Unknown,Unknown
SYN-DM-02786,Type 2,15.8,52.39,At goal,No,Both,Unknown,Absent,Unknown,Present
SYN-DM-02787,Type 1,6.4,46.46,Unknown,Yes,Both,Yes,Absent,Present,Absent
SYN-DM-02788,Type 1,14.4,59.08,Unknown,Yes,Fingerstick,Unknown,Present,Unknown,Unknown
SYN-DM-02789,Type 2,1.0,12.27,Unknown,Yes,Both,Yes,Unknown,Absent,Present
SYN-DM-02790,Type 2,14.1,62.13,At goal,No,Both,Yes,Present,Unknown,Unknown
SYN-DM-02791,Type 1,19.3,65.84,Above goal,No,Both,Yes,Present,Unknown,Absent
SYN-DM-02792,Other,3.9,67.06,Unknown,Yes,Continuous monitor,Unknown,Present,Unknown,Unknown
SYN-DM-02793,Type 2,9.6,49.48,Above goal,No,Both,No,Absent,Unknown,Absent
SYN-DM-02794,Type 2,19.5,17.76,Unknown,No,Fingerstick,Unknown,Present,Absent,Absent
SYN-DM-02795,Type 2,0.4,62.22,Above goal,No,None,Unknown,Unknown,Absent,Present
SYN-DM-02796,Type 2,0.2,56.04,Above goal,No,Both,Unknown,Absent,Present,Absent
SYN-DM-02797,Type 2,0.2,13.0,At goal,No,None,Unknown,Absent,Unknown,Present
SYN-DM-02798,Type 2,16.8,54.72,At goal,Yes,Continuous monitor,Yes,Unknown,Present,Unknown
SYN-DM-02799,Type 1,17.6,49.59,Unknown,No,Both,Unknown,Absent,Unknown,Present
SYN-DM-02800,Type 2,8.1,54.92,At goal,No,None,Unknown,Unknown,Unknown,Present
SYN-DM-02801,Type 2,10.1,48.25,Unknown,Yes,Both,No,Unknown,Present,Unknown
SYN-DM-02802,Type 1,5.5,56.88,Unknown,Yes,Both,No,Unknown,Present,Unknown
SYN-DM-02803,Type 2,2.8,42.89,Unknown,Yes,Fingerstick,No,Unknown,Absent,Present
SYN-DM-02804,Type 1,17.0,51.71,Unknown,Yes,Continuous monitor,No,Present,Present,Unknown
SYN-DM-02805,Type 2,9.6,53.93,Unknown,Yes,None,No,Unknown,Unknown,Unknown
SYN-DM-02806,Type 2,26.0,46.37,Unknown,No,Continuous monitor,No,Absent,Present,Unknown
SYN-DM-02807,Type 2,18.7,60.9,Above goal,No,Fingerstick,Yes,Present,Present,Absent
SYN-DM-02808,Type 2,22.2,34.09,Above goal,Yes,None,Yes,Present,Present,Present
SYN-DM-02809,Type 1,16.1,16.61,Above goal,Yes,None,No,Present,Absent,Present
SYN-DM-02810,Type 1,13.7,40.19,Above goal,Yes,Continuous monitor,Unknown,Absent,Present,Present
SYN-DM-02811,Type 1,2.5,54.4,Above goal,Yes,None,No,Unknown,Unknown,Absent
SYN-DM-02812,Type 2,14.5,43.34,At goal,Yes,Continuous monitor,Yes,Unknown,Absent,Present
SYN-DM-02813,Type 2,6.3,46.63,Unknown,Yes,Fingerstick,Unknown,Present,Absent,Present
SYN-DM-02814,Type 2,24.8,28.71,Unknown,No,Continuous monitor,Unknown,Present,Present,Unknown
SYN-DM-02815,Type 1,29.9,28.79,Unknown,Yes,Both,No,Present,Absent,Present
SYN-DM-02816,Gestational,21.4,50.07,Unknown,Yes,None,Yes,Unknown,Unknown,Absent
SYN-DM-02817,Type 2,16.4,19.01,At goal,No,Continuous monitor,No,Unknown,Absent,Absent
SYN-DM-02818,Type 2,13.6,39.11,Above goal,Yes,Both,Unknown,Absent,Present,Absent
SYN-DM-02819,Type 2,14.4,44.85,At goal,No,Both,No,Absent,Present,Unknown
SYN-DM-02820,Type 2,16.5,39.85,Above goal,Yes,Both,No,Present,Present,Unknown
SYN-DM-02821,Type 2,0.2,56.69,At goal,No,Continuous monitor,Unknown,Present,Present,Absent
SYN-DM-02822,Type 2,25.3,22.79,Above goal,Yes,None,Unknown,Present,Unknown,Present
SYN-DM-02823,Type 1,2.4,62.05,Unknown,Yes,None,No,Absent,Unknown,Absent
SYN-DM-02824,Type 1,5.4,26.67,At goal,Yes,None,Yes,Unknown,Unknown,Unknown
SYN-DM-02825,Type 2,13.0,30.16,At goal,No,None,Yes,Absent,Absent,Absent
SYN-DM-02826,Type 2,32.1,27.38,Above goal,No,Continuous monitor,No,Present,Unknown,Unknown
SYN-DM-02827,Type 1,16.6,67.02,Unknown,Yes,Continuous monitor,Yes,Unknown,Absent,Unknown
SYN-DM-02828,Type 1,18.2,53.27,At goal,Yes,Continuous monitor,Unknown,Unknown,Unknown,Absent
SYN-DM-02829,Type 2,9.9,42.45,Above goal,No,None,Unknown,Present,Absent,Unknown
SYN-DM-02830,Type 2,11.1,26.14,At goal,Yes,Fingerstick,Yes,Unknown,Absent,Present
SYN-DM-02831,Type 2,8.6,15.67,Above goal,No,Both,Unknown,Present,Absent,Absent
SYN-DM-02832,Type 2,0.2,18.97,Unknown,No,Continuous monitor,Yes,Unknown,Unknown,Absent
SYN-DM-02833,Type 2,0.2,63.77,Above goal,Yes,Continuous monitor,Unknown,Unknown,Present,Unknown
SYN-DM-02834,Type 1,12.0,52.71,At goal,No,None,Unknown,Absent,Present,Absent
SYN-DM-02835,Type 2,12.3,33.39,At goal,Yes,Both,Yes,Unknown,Absent,Present
SYN-DM-02836,Type 1,0.7,28.23,At goal,No,Continuous monitor,Unknown,Absent,Unknown,Unknown
SYN-DM-02837,Type 2,12.5,67.04,Above goal,Yes,Continuous monitor,Yes,Absent,Unknown,Unknown
SYN-DM-02838,Type 2,0.2,57.82,At goal,Yes,Continuous monitor,Unknown,Present,Present,Absent
SYN-DM-02839,Type 1,21.5,27.16,At goal,Yes,Both,No,Present,Absent,Unknown
SYN-DM-02840,Type 1,0.4,60.98,Above goal,No,None,Yes,Unknown,Absent,Unknown
SYN-DM-02841,Type 2,7.7,50.23,At goal,No,Fingerstick,Unknown,Unknown,Present,Absent
SYN-DM-02842,Type 2,2.3,38.23,At goal,Yes,Fingerstick,No,Unknown,Present,Unknown
SYN-DM-02843,Type 2,24.1,28.33,At goal,Yes,Fingerstick,Unknown,Present,Absent,Present
SYN-DM-02844,Type 2,19.7,53.34,Above goal,No,Continuous monitor,No,Present,Absent,Unknown
SYN-DM-02845,Type 2,0.2,27.74,Unknown,Yes,Fingerstick,Yes,Unknown,Unknown,Present
SYN-DM-02846,Type 2,11.6,14.31,Above goal,Yes,Continuous monitor,No,Absent,Present,Absent
SYN-DM-02847,Type 2,7.4,45.76,Above goal,No,None,Unknown,Unknown,Unknown,Absent
SYN-DM-02848,Type 2,17.7,61.43,Unknown,Yes,None,No,Absent,Absent,Absent
SYN-DM-02849,Type 2,14.3,21.98,Unknown,Yes,Fingerstick,No,Absent,Unknown,Present
SYN-DM-02850,Type 2,17.7,32.34,Above goal,Yes,Continuous monitor,Yes,Present,Absent,Unknown
SYN-DM-02851,Type 2,14.4,24.15,At goal,Yes,Both,No,Absent,Present,Absent
SYN-DM-02852,Type 2,0.2,38.82,Above goal,Yes,Continuous monitor,No,Unknown,Absent,Unknown
SYN-DM-02853,Type 1,17.8,39.4,Above goal,No,Continuous monitor,No,Unknown,Unknown,Unknown
SYN-DM-02854,Type 2,15.1,51.74,Above goal,Yes,Both,Yes,Absent,Present,Absent
SYN-DM-02855,Type 2,3.4,47.38,Unknown,Yes,Both,No,Present,Present,Present
SYN-DM-02856,Type 1,0.2,42.35,Above goal,Yes,Fingerstick,No,Present,Absent,Present
SYN-DM-02857,Type 2,0.2,61.25,Unknown,Yes,Fingerstick,No,Absent,Present,Absent
SYN-DM-02858,Type 2,2.1,17.25,Unknown,Yes,Continuous monitor,Yes,Unknown,Unknown,Unknown
SYN-DM-02859,Type 2,10.0,52.87,At goal,Yes,Continuous monitor,Yes,Absent,Unknown,Absent
SYN-DM-02860,Type 2,6.6,26.72,Unknown,Yes,None,Yes,Absent,Unknown,Unknown
SYN-DM-02861,Type 2,0.2,37.32,Above goal,Yes,Continuous monitor,No,Present,Unknown,Absent
SYN-DM-02862,Type 2,1.7,44.26,At goal,Yes,Continuous monitor,No,Absent,Unknown,Present
SYN-DM-02863,Type 1,0.2,21.54,Above goal,Yes,Continuous monitor,No,Present,Unknown,Present
SYN-DM-02864,Type 2,17.1,39.97,Unknown,Yes,Continuous monitor,Unknown,Unknown,Present,Unknown
SYN-DM-02865,Type 2,14.1,54.51,Above goal,Yes,Continuous monitor,Unknown,Unknown,Absent,Absent
SYN-DM-02866,Type 2,23.0,14.23,Unknown,Yes,Continuous monitor,No,Unknown,Unknown,Present
SYN-DM-02867,Type 2,0.2,21.61,Unknown,Yes,Both,No,Present,Absent,Present
SYN-DM-02868,Type 2,13.7,50.31,Above goal,No,Continuous monitor,Yes,Unknown,Unknown,Absent
SYN-DM-02869,Type 1,10.5,30.73,Above goal,Yes,Both,Yes,Unknown,Absent,Present
SYN-DM-02870,Type 2,16.8,16.42,Above goal,No,None,No,Present,Present,Absent
SYN-DM-02871,Type 2,25.5,49.57,Above goal,Yes,Continuous monitor,No,Unknown,Absent,Absent
SYN-DM-02872,Type 1,17.7,13.59,At goal,Yes,None,Unknown,Absent,Unknown,Present
SYN-DM-02873,Type 2,9.6,45.79,At goal,No,Continuous monitor,Unknown,Present,Unknown,Present
SYN-DM-02874,Type 2,17.8,14.75,Unknown,Yes,Both,Unknown,Absent,Present,Absent
SYN-DM-02875,Type 2,16.5,23.45,At goal,No,Fingerstick,Unknown,Absent,Present,Unknown
SYN-DM-02876,Type 1,13.0,36.38,Above goal,Yes,Both,Yes,Absent,Unknown,Unknown
SYN-DM-02877,Type 1,24.4,51.15,Unknown,Yes,None,Unknown,Absent,Present,Unknown
SYN-DM-02878,Type 2,8.1,61.46,At goal,No,Continuous monitor,Yes,Absent,Unknown,Present
SYN-DM-02879,Other,15.4,36.26,Above goal,Yes,Both,No,Unknown,Unknown,Present
SYN-DM-02880,Type 2,4.0,34.46,Unknown,Yes,None,Yes,Present,Unknown,Unknown
SYN-DM-02881,Type 1,17.7,15.95,Unknown,Yes,None,Yes,Unknown,Unknown,Absent
SYN-DM-02882,Other,14.7,52.03,At goal,No,Continuous monitor,No,Present,Present,Absent
SYN-DM-02883,Type 2,18.3,62.24,Above goal,Yes,Continuous monitor,No,Unknown,Unknown,Present
SYN-DM-02884,Type 2,1.1,20.15,Unknown,No,None,Yes,Absent,Present,Unknown
SYN-DM-02885,Type 2,6.7,15.58,Above goal,No,Continuous monitor,Unknown,Unknown,Present,Absent
SYN-DM-02886,Type 2,11.7,33.47,Unknown,Yes,Both,Yes,Absent,Unknown,Absent
SYN-DM-02887,Type 1,13.3,26.78,Unknown,Yes,None,No,Present,Unknown,Absent
SYN-DM-02888,Type 2,0.2,14.38,At goal,No,None,Unknown,Present,Present,Absent
SYN-DM-02889,Type 2,23.1,19.44,At goal,Yes,None,Unknown,Unknown,Present,Unknown
SYN-DM-02890,Type 2,7.9,59.0,Above goal,Yes,Fingerstick,No,Absent,Unknown,Present
SYN-DM-02891,Type 2,20.8,48.27,At goal,No,Fingerstick,Unknown,Absent,Unknown,Present
SYN-DM-02892,Other,17.5,64.33,Above goal,Yes,None,No,Unknown,Unknown,Present
SYN-DM-02893,Type 2,9.5,34.52,Above goal,Yes,None,Unknown,Present,Absent,Present
SYN-DM-02894,Type 2,20.9,43.23,Unknown,No,Fingerstick,Unknown,Absent,Absent,Absent
SYN-DM-02895,Type 1,14.6,49.74,At goal,Yes,None,Yes,Absent,Unknown,Absent
SYN-DM-02896,Type 2,5.5,42.35,At goal,Yes,Continuous monitor,Unknown,Present,Unknown,Absent
SYN-DM-02897,Type 1,12.7,41.25,Above goal,Yes,Fingerstick,Unknown,Unknown,Present,Absent
SYN-DM-02898,Gestational,5.5,50.49,At goal,Yes,Continuous monitor,Yes,Absent,Present,Unknown
SYN-DM-02899,Type 1,7.9,38.41,At goal,Yes,Both,No,Unknown,Absent,Absent
SYN-DM-02900,Type 2,17.5,63.04,Unknown,No,None,No,Present,Present,Unknown
SYN-DM-02901,Type 2,11.7,21.12,At goal,No,None,No,Absent,Absent,Present
SYN-DM-02902,Type 2,16.6,42.5,Above goal,Yes,Fingerstick,Yes,Unknown,Present,Unknown
SYN-DM-02903,Type 2,9.1,20.91,At goal,Yes,Fingerstick,No,Absent,Present,Present
SYN-DM-02904,Type 2,6.7,62.32,Above goal,No,Both,Yes,Absent,Unknown,Absent
SYN-DM-02905,Other,15.6,40.56,Above goal,Yes,None,No,Unknown,Absent,Absent
SYN-DM-02906,Type 1,15.1,66.36,Unknown,No,Fingerstick,Yes,Unknown,Unknown,Unknown
SYN-DM-02907,Type 2,14.0,13.48,At goal,Yes,Both,Yes,Absent,Unknown,Absent
SYN-DM-02908,Type 1,11.5,51.86,Above goal,Yes,None,Unknown,Unknown,Unknown,Present
SYN-DM-02909,Type 2,9.4,59.76,Unknown,Yes,None,Unknown,Present,Absent,Unknown
SYN-DM-02910,Type 2,8.7,33.64,At goal,No,None,Unknown,Present,Unknown,Present
SYN-DM-02911,Type 2,25.2,31.22,Unknown,Yes,None,Yes,Unknown,Unknown,Absent
SYN-DM-02912,Type 2,1.3,21.39,Unknown,No,None,Unknown,Present,Absent,Unknown
SYN-DM-02913,Type 2,0.2,55.73,Unknown,Yes,Continuous monitor,Yes,Present,Present,Unknown
SYN-DM-02914,Other,9.7,14.83,Above goal,Yes,None,Unknown,Present,Unknown,Present
SYN-DM-02915,Type 2,14.2,58.01,Unknown,No,None,Unknown,Absent,Unknown,Present
SYN-DM-02916,Type 2,12.0,61.86,Unknown,Yes,Continuous monitor,Yes,Absent,Absent,Unknown
SYN-DM-02917,Type 2,18.8,29.41,Above goal,Yes,Both,No,Present,Absent,Absent
SYN-DM-02918,Type 2,6.6,31.2,At goal,Yes,Fingerstick,Unknown,Absent,Present,Unknown
SYN-DM-02919,Type 2,15.7,21.5,Above goal,Yes,Both,No,Unknown,Unknown,Absent
SYN-DM-02920,Type 2,8.1,49.81,Above goal,Yes,Continuous monitor,Unknown,Unknown,Present,Present
SYN-DM-02921,Other,7.4,13.0,Above goal,Yes,Fingerstick,No,Absent,Unknown,Present
SYN-DM-02922,Type 2,14.1,40.57,Unknown,Yes,None,Yes,Absent,Present,Unknown
SYN-DM-02923,Type 2,26.9,22.01,At goal,No,Continuous monitor,No,Present,Present,Absent
SYN-DM-02924,Type 2,4.6,20.53,At goal,Yes,Continuous monitor,Unknown,Present,Unknown,Absent
SYN-DM-02925,Type 2,10.3,30.31,Unknown,No,Both,No,Absent,Present,Present
SYN-DM-02926,Type 1,10.7,45.33,Above goal,Yes,Both,Unknown,Absent,Present,Present
SYN-DM-02927,Type 2,0.2,46.54,At goal,Yes,Both,Yes,Unknown,Present,Absent
SYN-DM-02928,Type 2,4.1,62.32,Unknown,Yes,Both,Yes,Present,Unknown,Absent
SYN-DM-02929,Type 2,18.2,27.61,At goal,No,Continuous monitor,Yes,Unknown,Absent,Present
SYN-DM-02930,Type 2,12.1,57.19,Above goal,No,Fingerstick,No,Absent,Absent,Absent
SYN-DM-02931,Type 2,1.2,22.33,At goal,Yes,None,No,Unknown,Present,Unknown
SYN-DM-02932,Other,15.6,66.29,At goal,No,Fingerstick,Unknown,Present,Absent,Unknown
SYN-DM-02933,Other,1.1,45.81,Unknown,No,Both,Unknown,Absent,Present,Present
SYN-DM-02934,Type 1,16.6,30.28,Above goal,Yes,Fingerstick,Unknown,Absent,Unknown,Present
SYN-DM-02935,Type 2,4.1,67.72,Unknown,Yes,Both,No,Present,Unknown,Present
SYN-DM-02936,Type 2,3.9,17.27,Above goal,No,None,Unknown,Absent,Absent,Absent
SYN-DM-02937,Type 2,18.6,54.71,Unknown,Yes,Continuous monitor,Unknown,Absent,Absent,Absent
SYN-DM-02938,Type 2,1.2,19.94,Above goal,Yes,Continuous monitor,Unknown,Present,Unknown,Present
SYN-DM-02939,Type 2,11.4,29.78,At goal,No,Continuous monitor,Unknown,Unknown,Unknown,Present
SYN-DM-02940,Type 2,5.8,66.01,Unknown,Yes,Both,Yes,Present,Present,Absent
SYN-DM-02941,Type 2,15.8,28.02,Above goal,Yes,Continuous monitor,Unknown,Unknown,Present,Unknown
SYN-DM-02942,Type 2,13.5,59.53,At goal,No,Fingerstick,No,Unknown,Unknown,Absent
SYN-DM-02943,Type 1,0.2,37.46,Unknown,Yes,Fingerstick,Unknown,Unknown,Present,Present
SYN-DM-02944,Type 2,5.6,19.83,Unknown,Yes,Both,No,Absent,Unknown,Unknown
SYN-DM-02945,Type 2,16.2,12.81,Above goal,No,Both,No,Present,Absent,Present
SYN-DM-02946,Type 1,9.3,14.23,Above goal,Yes,None,No,Present,Absent,Present
SYN-DM-02947,Type 2,10.4,30.8,Unknown,No,Fingerstick,Yes,Unknown,Absent,Unknown
SYN-DM-02948,Type 2,5.5,54.26,Above goal,Yes,Continuous monitor,No,Absent,Present,Absent
SYN-DM-02949,Type 2,5.4,33.38,At goal,Yes,None,No,Unknown,Present,Unknown
SYN-DM-02950,Type 2,0.2,23.94,Unknown,Yes,Continuous monitor,Yes,Unknown,Unknown,Absent
SYN-DM-02951,Other,12.9,18.39,Above goal,Yes,Both,Unknown,Unknown,Unknown,Absent
SYN-DM-02952,Type 1,29.1,29.31,Unknown,Yes,None,No,Unknown,Absent,Unknown
SYN-DM-02953,Type 2,12.5,66.29,At goal,No,Both,Yes,Unknown,Absent,Present
SYN-DM-02954,Type 2,25.2,35.08,Above goal,No,Both,No,Present,Present,Absent
SYN-DM-02955,Type 2,15.3,17.7,At goal,Yes,None,Yes,Present,Absent,Present
SYN-DM-02956,Type 2,0.5,48.37,Unknown,Yes,None,Yes,Unknown,Unknown,Present
SYN-DM-02957,Type 1,21.2,16.68,Unknown,Yes,Fingerstick,Unknown,Absent,Unknown,Unknown
SYN-DM-02958,Type 2,4.5,62.47,Above goal,Yes,Both,Yes,Unknown,Absent,Absent
SYN-DM-02959,Type 2,9.3,22.38,Unknown,Yes,Continuous monitor,Yes,Present,Absent,Present
SYN-DM-02960,Type 2,22.6,21.61,At goal,Yes,Both,No,Absent,Unknown,Unknown
SYN-DM-02961,Type 2,0.2,12.14,Unknown,No,Continuous monitor,Unknown,Unknown,Unknown,Present
SYN-DM-02962,Type 2,13.0,59.71,Above goal,Yes,Continuous monitor,Unknown,Present,Unknown,Present
SYN-DM-02963,Type 2,2.0,21.04,Above goal,Yes,Both,No,Absent,Absent,Absent
SYN-DM-02964,Type 2,14.0,41.46,Above goal,No,Fingerstick,Unknown,Absent,Unknown,Present
SYN-DM-02965,Type 2,10.7,19.74,At goal,Yes,Both,Yes,Absent,Unknown,Absent
SYN-DM-02966,Type 2,21.9,63.24,Unknown,Yes,None,Yes,Present,Present,Absent
SYN-DM-02967,Type 2,13.1,42.31,Unknown,No,Fingerstick,Unknown,Unknown,Unknown,Absent
SYN-DM-02968,Type 2,11.8,29.77,At goal,No,Both,Yes,Unknown,Present,Unknown
SYN-DM-02969,Gestational,2.4,57.71,At goal,Yes,None,Unknown,Absent,Unknown,Present
SYN-DM-02970,Type 2,9.3,59.89,Above goal,Yes,Fingerstick,Yes,Absent,Absent,Present
SYN-DM-02971,Gestational,12.8,21.03,Above goal,Yes,Continuous monitor,Yes,Absent,Unknown,Unknown
SYN-DM-02972,Type 1,16.5,47.47,At goal,Yes,None,No,Absent,Absent,Unknown
SYN-DM-02973,Type 2,7.7,15.19,At goal,Yes,Both,Unknown,Absent,Present,Unknown
SYN-DM-02974,Type 1,11.4,62.29,Unknown,Yes,None,Unknown,Absent,Unknown,Present
SYN-DM-02975,Type 2,0.2,24.78,Unknown,Yes,Continuous monitor,No,Present,Absent,Absent
SYN-DM-02976,Type 1,1.7,37.3,Above goal,Yes,None,No,Unknown,Absent,Present
SYN-DM-02977,Type 2,0.2,61.29,Unknown,Yes,None,Yes,Unknown,Present,Absent
SYN-DM-02978,Type 2,14.2,25.47,At goal,Yes,Fingerstick,No,Present,Absent,Present
SYN-DM-02979,Type 2,6.3,43.06,Above goal,No,Continuous monitor,Unknown,Present,Present,Unknown
SYN-DM-02980,Type 2,4.3,66.7,At goal,No,Fingerstick,No,Present,Unknown,Present
SYN-DM-02981,Type 2,22.9,65.91,At goal,Yes,None,Unknown,Absent,Present,Unknown
SYN-DM-02982,Type 2,20.4,58.85,Above goal,Yes,Both,Yes,Absent,Absent,Absent
SYN-DM-02983,Type 2,17.1,20.82,Unknown,No,Continuous monitor,Yes,Absent,Present,Absent
SYN-DM-02984,Type 2,10.0,52.59,Above goal,Yes,Fingerstick,No,Present,Absent,Absent
SYN-DM-02985,Type 2,5.1,41.82,Above goal,Yes,Continuous monitor,Unknown,Unknown,Present,Present
SYN-DM-02986,Type 1,10.1,58.59,Above goal,Yes,None,Unknown,Present,Absent,Unknown
SYN-DM-02987,Type 2,0.9,27.92,Unknown,No,Continuous monitor,No,Unknown,Absent,Absent
SYN-DM-02988,Type 1,5.9,59.11,Unknown,Yes,Both,Unknown,Unknown,Unknown,Absent
SYN-DM-02989,Type 1,10.4,60.06,Unknown,Yes,Both,Yes,Present,Absent,Present
SYN-DM-02990,Type 1,21.8,13.81,At goal,Yes,None,No,Unknown,Absent,Unknown
SYN-DM-02991,Type 2,12.3,45.53,Unknown,Yes,Fingerstick,Yes,Absent,Absent,Unknown
SYN-DM-02992,Type 2,7.2,32.45,At goal,No,None,Unknown,Absent,Present,Absent
SYN-DM-02993,Type 2,6.8,20.25,At goal,Yes,Both,Unknown,Absent,Absent,Unknown
SYN-DM-02994,Type 2,11.7,61.71,At goal,No,None,Unknown,Absent,Unknown,Absent
SYN-DM-02995,Other,13.6,15.54,At goal,Yes,None,Unknown,Absent,Present,Absent
SYN-DM-02996,Type 2,0.9,38.31,Above goal,Yes,Both,No,Unknown,Absent,Unknown
SYN-DM-02997,Type 2,15.0,14.41,Above goal,No,None,Unknown,Present,Unknown,Unknown
SYN-DM-02998,Type 2,2.8,27.7,Above goal,Yes,None,Unknown,Absent,Present,Present
SYN-DM-02999,Type 2,6.7,57.16,At goal,Yes,Fingerstick,Yes,Unknown,Absent,Present
SYN-DM-03000,Type 2,13.8,53.97,Unknown,Yes,Fingerstick,No,Present,Unknown,Absent
SYN-DM-03001,Type 2,0.2,32.82,At goal,Yes,Both,Unknown,Unknown,Absent,Present
SYN-DM-03002,Type 2,3.9,14.73,Above goal,No,Fingerstick,Unknown,Present,Absent,Absent
SYN-DM-03003,Type 2,16.1,34.89,Above goal,Yes,Continuous monitor,No,Absent,Present,Unknown
SYN-DM-03004,Type 2,13.6,49.7,At goal,Yes,Fingerstick,Unknown,Absent,Absent,Present
SYN-DM-03005,Type 1,4.4,52.54,Unknown,Yes,Both,Unknown,Absent,Absent,Unknown
SYN-DM-03006,Type 1,23.6,60.3,Above goal,Yes,Continuous monitor,Unknown,Unknown,Present,Present
SYN-DM-03007,Type 1,10.8,41.47,At goal,No,Continuous monitor,Yes,Unknown,Unknown,Unknown
SYN-DM-03008,Type 2,10.2,58.96,Unknown,No,None,No,Absent,Present,Unknown
SYN-DM-03009,Type 2,1.0,58.2,Above goal,Yes,None,Yes,Present,Unknown,Unknown
SYN-DM-03010,Type 2,11.7,16.93,Above goal,Yes,None,Yes,Absent,Present,Unknown
SYN-DM-03011,Type 2,0.2,39.44,Unknown,No,None,No,Absent,Present,Absent
SYN-DM-03012,Other,10.8,23.67,Above goal,Yes,Continuous monitor,Unknown,Absent,Unknown,Absent
SYN-DM-03013,Other,14.0,28.18,At goal,Yes,Fingerstick,Yes,Unknown,Unknown,Unknown
SYN-DM-03014,Type 2,10.0,36.29,Above goal,No,Continuous monitor,Yes,Absent,Present,Unknown
SYN-DM-03015,Type 2,11.6,55.04,Above goal,No,Continuous monitor,Unknown,Present,Unknown,Unknown
SYN-DM-03016,Type 2,32.7,56.61,At goal,No,None,No,Present,Present,Unknown
SYN-DM-03017,Type 2,14.2,63.78,Above goal,No,Fingerstick,Unknown,Absent,Unknown,Absent
SYN-DM-03018,Other,4.8,46.13,Above goal,Yes,Continuous monitor,Unknown,Present,Unknown,Present
SYN-DM-03019,Gestational,18.7,22.04,Above goal,No,Continuous monitor,Yes,Present,Present,Unknown
SYN-DM-03020,Type 2,0.2,33.57,Unknown,Yes,Both,Unknown,Unknown,Absent,Absent
SYN-DM-03021,Type 1,6.9,53.63,Unknown,No,None,Yes,Absent,Absent,Present
SYN-DM-03022,Type 2,0.9,37.42,Unknown,Yes,Continuous monitor,No,Absent,Present,Unknown
SYN-DM-03023,Type 2,8.0,24.49,Above goal,No,None,Unknown,Unknown,Unknown,Unknown
SYN-DM-03024,Type 2,2.3,28.76,At goal,Yes,Both,Yes,Absent,Present,Present
SYN-DM-03025,Type 2,15.6,51.29,Unknown,Yes,Continuous monitor,No,Absent,Present,Absent
SYN-DM-03026,Type 2,6.4,56.06,Above goal,No,Fingerstick,Unknown,Absent,Absent,Absent
SYN-DM-03027,Type 2,0.5,27.82,Above goal,Yes,None,No,Present,Absent,Unknown
SYN-DM-03028,Type 2,15.4,29.07,At goal,Yes,Continuous monitor,Unknown,Absent,Absent,Present
SYN-DM-03029,Type 2,9.0,30.94,Unknown,Yes,None,Unknown,Unknown,Present,Unknown
SYN-DM-03030,Type 2,28.8,18.04,Above goal,No,Continuous monitor,Unknown,Absent,Unknown,Present
SYN-DM-03031,Type 1,11.1,62.06,At goal,Yes,Fingerstick,Unknown,Present,Present,Absent
SYN-DM-03032,Type 2,12.4,22.79,At goal,No,Fingerstick,Yes,Present,Unknown,Present
SYN-DM-03033,Type 2,20.9,59.82,Unknown,Yes,Fingerstick,Yes,Absent,Absent,Present
SYN-DM-03034,Type 1,9.0,54.49,Above goal,No,Fingerstick,Unknown,Unknown,Present,Unknown
SYN-DM-03035,Type 2,9.8,46.43,Unknown,No,Fingerstick,Yes,Absent,Absent,Unknown
SYN-DM-03036,Type 2,23.0,15.68,Above goal,Yes,None,Unknown,Present,Absent,Absent
SYN-DM-03037,Type 1,20.4,35.44,Unknown,Yes,None,Unknown,Present,Absent,Unknown
SYN-DM-03038,Type 2,0.2,27.88,At goal,No,Continuous monitor,Yes,Unknown,Unknown,Unknown
SYN-DM-03039,Type 2,9.2,58.11,At goal,No,None,Yes,Absent,Absent,Absent
SYN-DM-03040,Type 2,12.1,50.92,At goal,Yes,Fingerstick,Unknown,Unknown,Unknown,Unknown
SYN-DM-03041,Type 2,14.0,41.62,Unknown,No,None,Yes,Absent,Absent,Present
SYN-DM-03042,Type 2,18.1,55.3,Unknown,Yes,Fingerstick,Yes,Absent,Present,Present
SYN-DM-03043,Type 2,0.2,28.55,Above goal,Yes,Fingerstick,Yes,Absent,Unknown,Absent
SYN-DM-03044,Type 2,21.3,47.8,Above goal,Yes,Continuous monitor,Yes,Absent,Unknown,Unknown
SYN-DM-03045,Type 2,13.9,40.98,Unknown,No,None,Unknown,Present,Present,Absent
SYN-DM-03046,Type 1,2.4,66.76,At goal,Yes,Continuous monitor,No,Present,Present,Absent
SYN-DM-03047,Type 1,9.1,21.19,Unknown,No,None,No,Present,Unknown,Unknown
SYN-DM-03048,Type 2,2.4,50.65,Unknown,Yes,Both,Yes,Unknown,Unknown,Absent
SYN-DM-03049,Type 1,8.4,67.59,Unknown,No,Continuous monitor,Yes,Absent,Absent,Present
SYN-DM-03050,Type 2,16.0,51.43,Above goal,Yes,Continuous monitor,No,Present,Unknown,Absent
SYN-DM-03051,Type 1,18.6,32.63,At goal,No,None,Unknown,Absent,Present,Present
SYN-DM-03052,Type 2,14.8,52.26,At goal,Yes,Both,Yes,Present,Absent,Present
SYN-DM-03053,Type 2,14.5,52.56,Above goal,No,None,No,Absent,Unknown,Absent
SYN-DM-03054,Gestational,3.1,33.62,At goal,Yes,Both,Unknown,Unknown,Present,Present
SYN-DM-03055,Type 2,11.3,34.88,Above goal,No,Fingerstick,No,Absent,Unknown,Unknown
SYN-DM-03056,Type 2,15.3,26.53,At goal,No,None,No,Absent,Present,Present
SYN-DM-03057,Type 2,7.1,48.05,Above goal,No,Fingerstick,Unknown,Absent,Unknown,Present
SYN-DM-03058,Type 2,18.8,15.87,At goal,Yes,Continuous monitor,Yes,Absent,Absent,Unknown
SYN-DM-03059,Type 2,10.7,18.81,Unknown,No,None,Yes,Present,Absent,Present
SYN-DM-03060,Type 2,10.5,25.92,Unknown,Yes,None,No,Unknown,Absent,Absent
SYN-DM-03061,Type 1,18.4,39.74,At goal,Yes,Continuous monitor,Unknown,Unknown,Absent,Unknown
SYN-DM-03062,Type 2,3.8,15.17,At goal,Yes,None,Unknown,Unknown,Unknown,Present
SYN-DM-03063,Type 2,15.3,59.15,Unknown,No,Both,No,Present,Absent,Unknown
SYN-DM-03064,Type 2,15.8,25.67,Above goal,Yes,Both,No,Present,Present,Present
SYN-DM-03065,Type 1,12.7,60.34,Unknown,No,Continuous monitor,Unknown,Present,Absent,Present
SYN-DM-03066,Type 1,9.8,57.54,At goal,Yes,Both,Unknown,Absent,Unknown,Present
SYN-DM-03067,Type 1,11.0,66.9,Unknown,No,Fingerstick,Yes,Present,Absent,Absent
SYN-DM-03068,Type 1,1.1,29.66,Above goal,Yes,None,Yes,Unknown,Absent,Unknown
SYN-DM-03069,Type 1,13.8,36.25,Above goal,Yes,Fingerstick,No,Unknown,Absent,Unknown
SYN-DM-03070,Type 2,13.3,38.4,Above goal,Yes,Both,Yes,Unknown,Present,Present
SYN-DM-03071,Type 2,7.8,14.99,Unknown,Yes,Continuous monitor,No,Unknown,Absent,Absent
SYN-DM-03072,Type 2,0.6,26.71,Unknown,Yes,None,Unknown,Absent,Unknown,Unknown
SYN-DM-03073,Type 2,24.2,65.68,At goal,No,Fingerstick,No,Present,Present,Unknown
SYN-DM-03074,Gestational,5.5,18.7,Above goal,Yes,Both,No,Present,Unknown,Present
SYN-DM-03075,Type 2,18.5,30.6,Above goal,No,Continuous monitor,No,Unknown,Present,Absent
SYN-DM-03076,Type 2,12.6,54.09,Unknown,No,Fingerstick,Yes,Present,Present,Unknown
SYN-DM-03077,Type 2,1.6,35.11,Above goal,Yes,Both,Unknown,Unknown,Unknown,Present
SYN-DM-03078,Type 1,15.9,39.46,At goal,Yes,None,Yes,Present,Unknown,Present
SYN-DM-03079,Other,14.9,48.13,Unknown,No,None,Unknown,Absent,Absent,Absent
SYN-DM-03080,Type 2,2.8,29.51,Above goal,No,Continuous monitor,Yes,Unknown,Unknown,Present
SYN-DM-03081,Type 2,8.2,66.5,Unknown,No,Fingerstick,Yes,Present,Absent,Present
SYN-DM-03082,Type 2,14.8,67.22,At goal,Yes,Fingerstick,No,Unknown,Unknown,Absent
SYN-DM-03083,Type 1,27.3,34.79,Unknown,No,Both,Unknown,Absent,Absent,Present
SYN-DM-03084,Type 2,16.7,63.36,Unknown,No,Fingerstick,Unknown,Present,Present,Unknown
SYN-DM-03085,Type 2,15.4,32.47,Unknown,Yes,Fingerstick,No,Unknown,Unknown,Present
SYN-DM-03086,Type 2,4.3,58.95,Unknown,No,Fingerstick,Unknown,Present,Absent,Unknown
SYN-DM-03087,Type 1,2.9,27.56,Unknown,Yes,None,Unknown,Present,Absent,Absent
SYN-DM-03088,Type 2,23.7,54.18,Unknown,No,Both,Yes,Absent,Present,Unknown
SYN-DM-03089,Type 2,1.0,57.19,At goal,Yes,Fingerstick,Unknown,Present,Present,Absent
SYN-DM-03090,Type 2,13.6,19.21,Above goal,Yes,Both,Unknown,Unknown,Unknown,Absent
SYN-DM-03091,Type 2,13.8,24.23,Unknown,Yes,None,Unknown,Absent,Unknown,Unknown
SYN-DM-03092,Type 2,0.2,47.43,Above goal,Yes,Both,No,Present,Present,Present
SYN-DM-03093,Type 2,16.6,63.94,Above goal,Yes,None,Yes,Absent,Unknown,Unknown
SYN-DM-03094,Type 2,10.8,65.57,Unknown,Yes,None,Unknown,Absent,Unknown,Absent
SYN-DM-03095,Type 2,0.2,37.32,Unknown,No,Both,Unknown,Present,Absent,Present
SYN-DM-03096,Type 1,2.3,44.2,At goal,Yes,Both,Unknown,Unknown,Unknown,Present
SYN-DM-03097,Type 2,8.3,29.28,Unknown,Yes,Fingerstick,No,Present,Absent,Absent
SYN-DM-03098,Type 2,6.7,16.91,Above goal,Yes,None,Yes,Present,Absent,Present
SYN-DM-03099,Type 2,6.0,62.26,Above goal,No,Both,Yes,Unknown,Unknown,Absent
SYN-DM-03100,Type 2,8.3,40.01,At goal,Yes,Fingerstick,Unknown,Present,Present,Unknown
SYN-DM-03101,Type 1,13.3,18.24,Above goal,Yes,Continuous monitor,Unknown,Absent,Present,Unknown
SYN-DM-03102,Other,8.0,64.94,At goal,Yes,Fingerstick,No,Unknown,Unknown,Absent
SYN-DM-03103,Type 2,8.2,16.71,Unknown,Yes,None,Unknown,Absent,Absent,Present
SYN-DM-03104,Type 2,8.8,37.26,At goal,No,Both,No,Absent,Present,Unknown
SYN-DM-03105,Type 2,0.2,24.71,Unknown,Yes,None,Yes,Present,Unknown,Present
SYN-DM-03106,Type 2,10.0,49.64,Above goal,No,None,No,Unknown,Present,Absent
SYN-DM-03107,Type 2,12.3,64.0,Unknown,Yes,None,Unknown,Unknown,Unknown,Absent
SYN-DM-03108,Gestational,8.2,54.09,Unknown,No,None,Unknown,Present,Present,Unknown
SYN-DM-03109,Type 2,14.2,57.83,Above goal,No,Both,Yes,Unknown,Absent,Present
SYN-DM-03110,Type 2,0.2,47.22,Unknown,Yes,Continuous monitor,No,Absent,Absent,Present
SYN-DM-03111,Type 2,7.2,24.54,At goal,Yes,None,No,Present,Present,Absent
SYN-DM-03112,Type 2,0.2,51.3,At goal,Yes,Fingerstick,Unknown,Absent,Unknown,Present
SYN-DM-03113,Type 2,9.3,34.32,Above goal,Yes,None,No,Absent,Unknown,Present
SYN-DM-03114,Type 2,5.8,28.19,Unknown,Yes,Both,No,Absent,Absent,Unknown
SYN-DM-03115,Type 2,1.4,32.66,Above goal,Yes,Fingerstick,No,Absent,Present,Absent
SYN-DM-03116,Type 2,13.8,54.83,At goal,Yes,None,No,Present,Absent,Absent
SYN-DM-03117,Type 2,13.4,41.98,Above goal,Yes,None,Yes,Unknown,Unknown,Unknown
SYN-DM-03118,Type 1,4.9,31.9,At goal,No,Both,No,Present,Unknown,Absent
SYN-DM-03119,Gestational,10.2,56.71,At goal,Yes,None,No,Unknown,Present,Present
SYN-DM-03120,Type 1,14.2,29.31,Unknown,No,Continuous monitor,No,Unknown,Unknown,Present
SYN-DM-03121,Type 2,0.2,28.86,At goal,Yes,None,No,Present,Unknown,Present
SYN-DM-03122,Type 1,0.2,50.43,Above goal,No,Both,No,Unknown,Absent,Absent
SYN-DM-03123,Type 2,0.2,56.08,Above goal,Yes,Continuous monitor,No,Absent,Present,Present
SYN-DM-03124,Type 2,18.7,12.41,Above goal,Yes,Continuous monitor,Unknown,Absent,Unknown,Unknown
SYN-DM-03125,Type 2,6.7,36.86,Above goal,No,Continuous monitor,No,Unknown,Absent,Absent
SYN-DM-03126,Type 2,7.2,67.6,Above goal,Yes,Both,Yes,Absent,Absent,Absent
SYN-DM-03127,Type 2,9.1,45.5,Above goal,Yes,None,Unknown,Absent,Present,Unknown
SYN-DM-03128,Type 2,8.4,25.34,Unknown,Yes,Fingerstick,Yes,Absent,Unknown,Unknown
SYN-DM-03129,Type 2,4.4,51.72,At goal,No,None,No,Unknown,Absent,Present
SYN-DM-03130,Type 2,16.2,25.34,Unknown,No,None,No,Present,Absent,Present
SYN-DM-03131,Type 2,0.4,46.92,Unknown,Yes,Fingerstick,Unknown,Absent,Present,Unknown
SYN-DM-03132,Type 1,10.8,52.43,Unknown,No,Both,No,Present,Absent,Present
SYN-DM-03133,Type 2,1.7,27.83,At goal,Yes,Both,Unknown,Absent,Absent,Present
SYN-DM-03134,Type 1,0.2,29.98,Unknown,Yes,None,No,Present,Absent,Present
SYN-DM-03135,Type 2,7.9,57.6,At goal,Yes,Continuous monitor,Unknown,Unknown,Absent,Absent
SYN-DM-03136,Type 1,20.6,51.84,At goal,Yes,Fingerstick,Unknown,Absent,Unknown,Present
SYN-DM-03137,Type 2,3.9,14.12,Above goal,No,Fingerstick,Unknown,Unknown,Present,Present
SYN-DM-03138,Type 1,0.2,26.29,Above goal,Yes,Continuous monitor,No,Absent,Present,Present
SYN-DM-03139,Type 2,21.1,53.15,Above goal,Yes,Fingerstick,Unknown,Present,Present,Unknown
SYN-DM-03140,Type 1,7.6,66.57,At goal,Yes,Continuous monitor,Yes,Absent,Unknown,Absent
SYN-DM-03141,Type 2,10.4,28.55,Above goal,No,Continuous monitor,No,Unknown,Absent,Present
SYN-DM-03142,Type 2,7.4,64.06,At goal,Yes,Continuous monitor,Yes,Unknown,Present,Unknown
SYN-DM-03143,Type 1,8.0,23.39,Unknown,Yes,Continuous monitor,Unknown,Present,Present,Present
SYN-DM-03144,Type 1,0.2,38.68,Unknown,Yes,Fingerstick,Yes,Absent,Absent,Present
SYN-DM-03145,Gestational,21.1,45.23,Above goal,No,None,No,Present,Present,Present
SYN-DM-03146,Type 2,11.6,33.55,Above goal,Yes,Continuous monitor,Yes,Present,Present,Present
SYN-DM-03147,Type 2,8.3,23.66,At goal,No,Both,No,Present,Absent,Present
SYN-DM-03148,Type 2,22.4,41.95,At goal,No,None,No,Absent,Unknown,Present
SYN-DM-03149,Type 2,6.1,21.46,Unknown,No,Both,Yes,Unknown,Present,Unknown
SYN-DM-03150,Type 2,8.8,53.01,Above goal,Yes,Both,Yes,Unknown,Unknown,Unknown
SYN-DM-03151,Type 2,8.8,60.6,Above goal,Yes,None,Unknown,Present,Absent,Unknown
SYN-DM-03152,Type 2,8.5,25.75,Above goal,No,Both,Yes,Absent,Absent,Present
SYN-DM-03153,Type 2,10.4,49.62,Above goal,Yes,Continuous monitor,Yes,Unknown,Present,Unknown
SYN-DM-03154,Type 2,0.8,19.65,At goal,Yes,Fingerstick,Unknown,Unknown,Absent,Present
SYN-DM-03155,Type 2,11.2,66.37,At goal,Yes,Both,No,Unknown,Absent,Present
SYN-DM-03156,Type 1,5.3,61.85,At goal,Yes,Fingerstick,No,Absent,Present,Absent
SYN-DM-03157,Type 1,5.7,25.92,Unknown,Yes,Both,Yes,Unknown,Present,Present
SYN-DM-03158,Type 2,5.1,40.3,At goal,Yes,Fingerstick,Unknown,Unknown,Present,Unknown
SYN-DM-03159,Type 2,15.2,54.95,At goal,No,Fingerstick,Yes,Absent,Absent,Present
SYN-DM-03160,Type 2,17.3,45.41,Unknown,Yes,Both,No,Absent,Unknown,Present
SYN-DM-03161,Gestational,8.3,31.1,Unknown,Yes,None,Yes,Absent,Unknown,Absent
SYN-DM-03162,Type 2,17.5,38.21,Unknown,Yes,None,Yes,Unknown,Absent,Absent
SYN-DM-03163,Type 2,0.4,13.57,At goal,No,Both,Yes,Unknown,Present,Absent
SYN-DM-03164,Type 2,12.2,14.81,At goal,No,None,Yes,Present,Absent,Present
SYN-DM-03165,Type 1,7.6,38.9,At goal,Yes,None,Unknown,Absent,Unknown,Present
SYN-DM-03166,Type 2,2.9,55.21,Above goal,No,Both,Yes,Unknown,Absent,Absent
SYN-DM-03167,Type 2,8.7,66.5,Unknown,No,Both,Unknown,Unknown,Present,Unknown
SYN-DM-03168,Type 2,5.5,44.51,Above goal,Yes,None,Yes,Unknown,Absent,Present
SYN-DM-03169,Type 2,13.3,26.64,Unknown,Yes,Fingerstick,Unknown,Unknown,Present,Absent
SYN-DM-03170,Type 2,3.4,26.3,Unknown,No,Both,No,Present,Unknown,Absent
SYN-DM-03171,Type 2,4.7,65.14,Unknown,Yes,Continuous monitor,No,Unknown,Present,Absent
SYN-DM-03172,Type 2,0.9,50.99,At goal,Yes,Continuous monitor,No,Absent,Unknown,Unknown
SYN-DM-03173,Type 2,19.2,43.13,At goal,Yes,Both,Yes,Unknown,Present,Unknown
SYN-DM-03174,Type 2,17.4,65.13,Above goal,Yes,Both,No,Unknown,Present,Absent
SYN-DM-03175,Type 2,13.4,35.99,At goal,Yes,Continuous monitor,Yes,Present,Unknown,Absent
SYN-DM-03176,Type 2,10.0,18.89,At goal,No,None,Unknown,Unknown,Absent,Absent
SYN-DM-03177,Type 2,3.6,42.25,Unknown,No,None,Yes,Present,Absent,Present
SYN-DM-03178,Type 2,5.5,23.46,Unknown,Yes,None,No,Absent,Present,Unknown
SYN-DM-03179,Type 2,8.5,44.69,Unknown,No,None,Unknown,Present,Absent,Unknown
SYN-DM-03180,Type 1,16.1,35.56,Unknown,Yes,Fingerstick,Yes,Present,Present,Present
SYN-DM-03181,Type 2,13.4,59.1,Unknown,No,None,No,Present,Absent,Unknown
SYN-DM-03182,Type 1,14.5,47.85,Above goal,Yes,Continuous monitor,Yes,Present,Present,Present
SYN-DM-03183,Type 2,0.2,61.44,At goal,No,Fingerstick,Unknown,Absent,Unknown,Present
SYN-DM-03184,Type 2,13.2,38.49,At goal,Yes,Fingerstick,Yes,Absent,Absent,Present
SYN-DM-03185,Type 1,0.2,53.61,Above goal,Yes,None,Yes,Unknown,Present,Present
SYN-DM-03186,Type 2,21.6,45.34,Unknown,No,Both,Unknown,Present,Present,Present
SYN-DM-03187,Type 2,9.2,32.07,At goal,No,None,Unknown,Unknown,Absent,Absent
SYN-DM-03188,Type 2,3.4,44.53,Above goal,No,Continuous monitor,No,Absent,Absent,Unknown
SYN-DM-03189,Type 2,16.8,28.72,Above goal,Yes,Continuous monitor,Unknown,Unknown,Unknown,Absent
SYN-DM-03190,Type 2,7.7,66.35,Unknown,Yes,None,Yes,Absent,Present,Absent
SYN-DM-03191,Type 2,12.5,60.72,At goal,Yes,None,Unknown,Unknown,Present,Absent
SYN-DM-03192,Other,12.3,54.44,At goal,Yes,Both,No,Absent,Absent,Present
SYN-DM-03193,Type 2,11.5,56.5,Above goal,Yes,Fingerstick,No,Present,Unknown,Unknown
SYN-DM-03194,Type 2,11.1,60.22,Unknown,No,None,No,Absent,Present,Present
SYN-DM-03195,Type 1,0.2,32.59,Above goal,Yes,Fingerstick,Unknown,Present,Unknown,Present
SYN-DM-03196,Type 2,22.0,30.24,Unknown,Yes,Both,Unknown,Unknown,Unknown,Absent
SYN-DM-03197,Type 2,10.7,65.51,Unknown,No,Continuous monitor,No,Unknown,Present,Absent
SYN-DM-03198,Type 2,10.5,27.13,At goal,Yes,Both,Yes,Present,Unknown,Absent
SYN-DM-03199,Type 2,21.5,23.84,Above goal,No,Fingerstick,Yes,Unknown,Absent,Present
SYN-DM-03200,Type 1,16.2,37.16,Above goal,Yes,Fingerstick,Yes,Absent,Unknown,Absent
SYN-DM-03201,Type 2,22.7,45.07,At goal,No,Continuous monitor,Yes,Present,Absent,Present
SYN-DM-03202,Type 1,2.9,50.2,Unknown,Yes,Both,No,Absent,Present,Unknown
SYN-DM-03203,Type 2,4.7,32.23,Above goal,Yes,None,Yes,Absent,Present,Unknown
SYN-DM-03204,Type 2,5.6,27.26,Unknown,No,Both,Unknown,Present,Absent,Absent
SYN-DM-03205,Type 2,11.5,16.71,Unknown,No,None,No,Unknown,Absent,Unknown
SYN-DM-03206,Type 1,9.1,56.34,Above goal,No,Continuous monitor,Unknown,Present,Present,Present
SYN-DM-03207,Type 2,3.2,60.99,At goal,Yes,Fingerstick,No,Present,Present,Absent
SYN-DM-03208,Type 2,16.3,50.26,Unknown,Yes,Fingerstick,Unknown,Absent,Unknown,Unknown
SYN-DM-03209,Type 2,10.9,47.53,At goal,Yes,None,No,Unknown,Absent,Absent
SYN-DM-03210,Type 2,5.5,54.69,Unknown,Yes,Both,Unknown,Present,Present,Unknown
SYN-DM-03211,Type 2,5.7,56.87,Unknown,No,Continuous monitor,Yes,Unknown,Unknown,Unknown
SYN-DM-03212,Type 2,11.8,12.85,Above goal,No,None,Yes,Present,Present,Unknown
SYN-DM-03213,Type 2,24.6,12.43,Above goal,Yes,Both,No,Absent,Unknown,Present
SYN-DM-03214,Type 2,13.5,59.85,Unknown,No,None,Yes,Present,Unknown,Present
SYN-DM-03215,Gestational,0.2,53.72,Above goal,Yes,None,No,Absent,Unknown,Unknown
SYN-DM-03216,Type 1,10.2,32.95,Unknown,Yes,Fingerstick,No,Present,Unknown,Present
SYN-DM-03217,Type 2,9.2,32.15,Above goal,No,Both,Yes,Absent,Absent,Unknown
SYN-DM-03218,Type 2,1.9,43.37,Above goal,No,Both,No,Absent,Present,Present
SYN-DM-03219,Type 2,13.2,63.91,Above goal,No,None,Yes,Unknown,Unknown,Present
SYN-DM-03220,Type 1,8.5,25.79,Above goal,No,None,Yes,Absent,Present,Present
SYN-DM-03221,Type 2,15.9,25.66,At goal,Yes,Both,Yes,Present,Absent,Absent
SYN-DM-03222,Type 2,5.5,21.89,Unknown,Yes,Continuous monitor,Yes,Absent,Absent,Present
SYN-DM-03223,Type 1,4.0,52.52,Unknown,Yes,Fingerstick,Yes,Present,Present,Present
SYN-DM-03224,Type 2,14.3,21.36,Above goal,No,None,Unknown,Present,Absent,Absent
SYN-DM-03225,Type 1,19.0,45.73,At goal,Yes,Continuous monitor,No,Present,Present,Present
SYN-DM-03226,Type 2,24.9,27.76,Above goal,No,None,Unknown,Present,Absent,Unknown
SYN-DM-03227,Type 1,6.7,37.26,Unknown,Yes,Continuous monitor,Unknown,Unknown,Unknown,Unknown
SYN-DM-03228,Type 2,11.8,13.33,Above goal,No,None,No,Present,Present,Unknown
SYN-DM-03229,Type 2,14.6,44.7,Unknown,Yes,Both,Unknown,Unknown,Present,Present
SYN-DM-03230,Type 2,13.4,34.93,Above goal,Yes,Continuous monitor,Unknown,Present,Unknown,Present
SYN-DM-03231,Type 2,6.7,48.92,Unknown,Yes,None,Unknown,Unknown,Absent,Unknown
SYN-DM-03232,Type 2,12.6,43.77,Unknown,No,Both,Yes,Unknown,Present,Present
SYN-DM-03233,Type 2,2.9,23.29,Unknown,No,Continuous monitor,No,Unknown,Present,Unknown
SYN-DM-03234,Type 2,1.8,41.7,Above goal,No,Both,Yes,Absent,Present,Present
SYN-DM-03235,Type 2,22.1,47.83,Above goal,Yes,Fingerstick,Yes,Unknown,Present,Present
SYN-DM-03236,Type 1,9.0,30.95,Unknown,No,Both,Yes,Absent,Present,Absent
SYN-DM-03237,Type 2,20.8,42.35,Above goal,No,None,Unknown,Present,Present,Present
SYN-DM-03238,Type 2,12.8,17.32,Unknown,No,None,Unknown,Absent,Unknown,Absent
SYN-DM-03239,Type 2,16.7,14.52,At goal,Yes,Continuous monitor,Yes,Present,Absent,Absent
SYN-DM-03240,Type 2,0.2,60.87,At goal,No,Fingerstick,No,Present,Present,Present
SYN-DM-03241,Type 1,18.6,29.71,Unknown,Yes,Fingerstick,Yes,Unknown,Unknown,Unknown
SYN-DM-03242,Type 2,6.7,35.07,At goal,No,Continuous monitor,Yes,Present,Unknown,Unknown
SYN-DM-03243,Type 2,6.5,50.26,At goal,Yes,Both,Yes,Unknown,Absent,Absent
SYN-DM-03244,Type 1,18.5,33.77,At goal,Yes,None,Yes,Unknown,Present,Present
SYN-DM-03245,Type 2,7.5,46.25,At goal,Yes,Fingerstick,Yes,Unknown,Unknown,Absent
SYN-DM-03246,Other,0.2,67.65,At goal,Yes,Both,Unknown,Absent,Present,Absent
SYN-DM-03247,Type 1,15.0,39.44,Above goal,No,Fingerstick,Unknown,Present,Absent,Unknown
SYN-DM-03248,Type 2,14.0,50.39,Above goal,No,Continuous monitor,No,Present,Unknown,Absent
SYN-DM-03249,Type 2,4.3,36.66,Above goal,No,Continuous monitor,Unknown,Unknown,Present,Unknown
SYN-DM-03250,Type 2,11.3,13.63,Unknown,Yes,Fingerstick,No,Absent,Unknown,Present
SYN-DM-03251,Type 2,8.6,41.92,Above goal,Yes,None,Yes,Present,Absent,Present
SYN-DM-03252,Type 2,17.0,21.85,Unknown,Yes,Continuous monitor,No,Absent,Present,Unknown
SYN-DM-03253,Other,7.2,59.2,Unknown,Yes,None,Yes,Present,Absent,Absent
SYN-DM-03254,Type 2,6.8,12.08,Above goal,Yes,Both,Unknown,Unknown,Absent,Absent
SYN-DM-03255,Type 2,12.0,58.88,Above goal,No,Both,Yes,Absent,Absent,Present
SYN-DM-03256,Type 2,18.1,62.78,At goal,No,Continuous monitor,Unknown,Absent,Present,Absent
SYN-DM-03257,Type 2,25.2,66.69,Above goal,No,Fingerstick,No,Unknown,Absent,Absent
SYN-DM-03258,Type 2,1.1,12.71,Above goal,Yes,Both,No,Unknown,Unknown,Absent
SYN-DM-03259,Type 2,4.1,46.63,Unknown,Yes,Both,No,Unknown,Present,Absent
SYN-DM-03260,Type 2,9.2,62.95,At goal,Yes,Both,Unknown,Absent,Absent,Absent
SYN-DM-03261,Type 1,25.8,64.88,At goal,No,Fingerstick,Yes,Present,Present,Absent
SYN-DM-03262,Gestational,13.8,21.82,Above goal,Yes,None,Unknown,Absent,Absent,Present
SYN-DM-03263,Other,5.3,61.17,At goal,Yes,None,Yes,Present,Unknown,Unknown
SYN-DM-03264,Type 2,8.1,54.7,Above goal,Yes,Both,No,Present,Present,Absent
SYN-DM-03265,Type 2,0.2,65.66,Unknown,No,Continuous monitor,Yes,Unknown,Unknown,Unknown
SYN-DM-03266,Type 2,6.7,18.57,Above goal,No,Both,Unknown,Unknown,Unknown,Unknown
SYN-DM-03267,Type 2,14.0,55.14,Above goal,No,None,Yes,Present,Absent,Unknown
SYN-DM-03268,Type 1,17.5,37.06,Above goal,Yes,Both,Yes,Present,Unknown,Unknown
SYN-DM-03269,Type 2,11.9,29.51,At goal,Yes,Fingerstick,No,Absent,Unknown,Unknown
SYN-DM-03270,Type 2,21.4,29.01,At goal,Yes,None,Yes,Unknown,Unknown,Present
SYN-DM-03271,Type 2,6.5,17.66,Unknown,Yes,Continuous monitor,Yes,Absent,Present,Unknown
SYN-DM-03272,Type 2,19.6,42.43,Above goal,Yes,None,Yes,Absent,Present,Present
SYN-DM-03273,Type 2,12.2,65.5,At goal,No,None,No,Unknown,Absent,Unknown
SYN-DM-03274,Type 2,13.3,45.37,Above goal,Yes,Continuous monitor,Yes,Unknown,Unknown,Absent
SYN-DM-03275,Type 1,2.8,59.11,Unknown,Yes,Fingerstick,Unknown,Present,Present,Present
SYN-DM-03276,Gestational,6.1,41.3,Above goal,Yes,Fingerstick,Yes,Unknown,Absent,Unknown
SYN-DM-03277,Type 2,7.3,34.7,Above goal,No,Both,Unknown,Present,Unknown,Unknown
SYN-DM-03278,Type 2,7.7,39.32,Unknown,No,Continuous monitor,No,Unknown,Present,Absent
SYN-DM-03279,Type 2,15.8,28.67,Above goal,No,Both,Yes,Present,Unknown,Unknown
SYN-DM-03280,Type 2,18.7,28.24,Unknown,No,None,Unknown,Absent,Unknown,Present
SYN-DM-03281,Type 2,15.5,54.4,At goal,Yes,None,Yes,Unknown,Unknown,Unknown
SYN-DM-03282,Type 2,13.0,47.49,Above goal,No,None,Unknown,Present,Present,Unknown
SYN-DM-03283,Type 2,12.8,38.03,At goal,Yes,None,Unknown,Present,Present,Present
SYN-DM-03284,Type 2,14.9,52.02,Above goal,No,Both,Unknown,Unknown,Absent,Unknown
SYN-DM-03285,Type 2,20.7,65.46,Unknown,Yes,Fingerstick,Unknown,Unknown,Present,Unknown
SYN-DM-03286,Type 2,2.4,21.82,Unknown,Yes,None,Yes,Absent,Absent,Unknown
SYN-DM-03287,Type 2,4.4,50.86,Above goal,No,Fingerstick,No,Unknown,Absent,Unknown
SYN-DM-03288,Type 2,18.7,28.89,Above goal,Yes,None,Yes,Unknown,Absent,Present
SYN-DM-03289,Gestational,11.7,67.88,At goal,Yes,None,Yes,Present,Present,Present
SYN-DM-03290,Type 2,6.7,47.54,Above goal,Yes,Continuous monitor,Yes,Unknown,Present,Unknown
SYN-DM-03291,Type 2,9.3,16.53,At goal,Yes,Fingerstick,Yes,Present,Unknown,Unknown
SYN-DM-03292,Type 2,0.2,36.81,At goal,Yes,Fingerstick,Unknown,Absent,Present,Absent
SYN-DM-03293,Type 2,0.2,31.67,At goal,No,Both,Yes,Absent,Present,Absent
SYN-DM-03294,Type 1,4.4,24.92,Above goal,Yes,None,No,Absent,Unknown,Absent
SYN-DM-03295,Type 2,22.2,29.74,At goal,Yes,None,No,Absent,Absent,Absent
SYN-DM-03296,Type 1,1.6,20.26,Unknown,Yes,None,Yes,Present,Unknown,Absent
SYN-DM-03297,Type 2,4.8,54.33,At goal,No,Fingerstick,Unknown,Present,Absent,Unknown
SYN-DM-03298,Type 2,0.7,41.22,Unknown,Yes,None,No,Present,Absent,Absent
SYN-DM-03299,Type 2,12.5,39.86,Unknown,Yes,None,Unknown,Absent,Absent,Absent
SYN-DM-03300,Gestational,18.7,18.58,Unknown,Yes,None,No,Present,Unknown,Absent
SYN-DM-03301,Type 1,6.3,44.94,Above goal,Yes,None,Yes,Present,Present,Present
SYN-DM-03302,Type 2,7.5,36.66,At goal,Yes,None,Yes,Present,Present,Present
SYN-DM-03303,Other,25.4,47.35,Unknown,No,Both,Yes,Absent,Present,Unknown
SYN-DM-03304,Type 2,4.8,48.54,Unknown,Yes,None,Yes,Absent,Unknown,Unknown
SYN-DM-03305,Type 1,13.7,15.96,Unknown,No,None,No,Absent,Absent,Present
SYN-DM-03306,Type 2,10.5,22.06,Above goal,No,Both,Unknown,Present,Present,Absent
SYN-DM-03307,Type 1,13.2,50.19,Above goal,Yes,Both,Unknown,Unknown,Present,Absent
SYN-DM-03308,Type 2,16.9,25.59,Above goal,Yes,Both,Yes,Absent,Present,Absent
SYN-DM-03309,Type 2,9.4,47.74,Above goal,No,Continuous monitor,Yes,Present,Present,Present
SYN-DM-03310,Other,9.0,29.32,At goal,Yes,Continuous monitor,Unknown,Absent,Absent,Present
SYN-DM-03311,Gestational,18.9,16.48,At goal,No,Continuous monitor,Yes,Present,Present,Unknown
SYN-DM-03312,Type 2,5.7,58.47,Above goal,Yes,Fingerstick,Yes,Present,Present,Present
SYN-DM-03313,Type 1,20.9,60.75,At goal,Yes,Continuous monitor,Unknown,Absent,Absent,Present
SYN-DM-03314,Type 2,23.1,47.58,At goal,Yes,Fingerstick,Yes,Unknown,Unknown,Present
SYN-DM-03315,Type 2,13.8,55.67,Above goal,No,None,Yes,Unknown,Present,Present
SYN-DM-03316,Type 2,21.0,34.99,At goal,Yes,Continuous monitor,Yes,Unknown,Absent,Absent
SYN-DM-03317,Type 1,24.4,33.09,Unknown,Yes,Continuous monitor,Unknown,Present,Present,Absent
SYN-DM-03318,Type 2,4.9,67.87,At goal,Yes,Both,Yes,Absent,Absent,Absent
SYN-DM-03319,Type 2,8.3,44.72,Above goal,No,Both,No,Present,Unknown,Unknown
SYN-DM-03320,Type 2,6.1,26.36,At goal,Yes,Both,Yes,Present,Unknown,Present
SYN-DM-03321,Gestational,11.1,19.54,Unknown,Yes,Continuous monitor,No,Unknown,Present,Unknown
SYN-DM-03322,Type 2,24.8,29.89,At goal,No,Both,Yes,Present,Absent,Present
SYN-DM-03323,Type 2,25.9,14.74,Unknown,No,None,No,Unknown,Present,Present
SYN-DM-03324,Type 2,22.7,42.0,Unknown,Yes,None,Unknown,Absent,Unknown,Unknown
SYN-DM-03325,Type 2,19.9,21.17,Unknown,Yes,Continuous monitor,Unknown,Unknown,Present,Absent
SYN-DM-03326,Type 2,13.4,55.3,At goal,No,Fingerstick,Unknown,Unknown,Unknown,Unknown
SYN-DM-03327,Type 2,6.3,31.28,At goal,Yes,Continuous monitor,No,Unknown,Absent,Present
SYN-DM-03328,Type 2,28.5,24.14,Unknown,No,Both,Unknown,Present,Unknown,Present
SYN-DM-03329,Type 2,5.5,43.53,Above goal,Yes,Continuous monitor,Unknown,Absent,Unknown,Unknown
SYN-DM-03330,Other,3.8,61.94,Above goal,Yes,Continuous monitor,Unknown,Unknown,Present,Absent
SYN-DM-03331,Type 2,0.2,16.14,Unknown,Yes,Both,Unknown,Unknown,Present,Absent
SYN-DM-03332,Type 2,1.3,18.09,At goal,No,None,Unknown,Absent,Unknown,Present
SYN-DM-03333,Type 2,8.2,22.91,Above goal,No,Continuous monitor,Yes,Present,Unknown,Unknown
SYN-DM-03334,Type 2,8.1,20.97,At goal,Yes,Fingerstick,Yes,Unknown,Present,Present
SYN-DM-03335,Type 2,16.6,36.83,Above goal,Yes,None,Yes,Unknown,Present,Unknown
SYN-DM-03336,Type 1,12.7,32.61,At goal,No,Both,Unknown,Unknown,Absent,Present
SYN-DM-03337,Type 2,17.8,63.4,At goal,No,None,Yes,Present,Unknown,Present
SYN-DM-03338,Type 1,1.6,35.29,Unknown,Yes,Both,Yes,Absent,Present,Absent
SYN-DM-03339,Type 2,6.0,29.97,Above goal,No,Both,Yes,Present,Present,Present
SYN-DM-03340,Other,13.8,23.16,Unknown,Yes,None,No,Absent,Absent,Present
SYN-DM-03341,Type 2,9.7,15.68,At goal,No,None,No,Absent,Absent,Absent
SYN-DM-03342,Type 2,20.0,31.4,Unknown,No,Both,No,Unknown,Present,Absent
SYN-DM-03343,Type 2,0.6,52.6,Unknown,Yes,Continuous monitor,Yes,Unknown,Unknown,Absent
SYN-DM-03344,Type 2,4.7,24.01,Unknown,Yes,Continuous monitor,Yes,Present,Unknown,Present
SYN-DM-03345,Type 2,6.0,61.89,Above goal,Yes,Continuous monitor,Yes,Present,Present,Absent
SYN-DM-03346,Other,15.2,42.14,At goal,No,Both,Yes,Present,Present,Unknown
SYN-DM-03347,Other,6.0,52.43,At goal,Yes,Both,Unknown,Unknown,Absent,Unknown
SYN-DM-03348,Type 2,2.0,22.93,At goal,No,None,Yes,Unknown,Present,Unknown
SYN-DM-03349,Type 2,13.5,13.61,At goal,No,Both,Unknown,Present,Absent,Absent
SYN-DM-03350,Type 2,9.9,64.24,Above goal,No,Both,Yes,Unknown,Unknown,Unknown
SYN-DM-03351,Type 2,12.1,13.83,Above goal,No,Fingerstick,Unknown,Unknown,Present,Unknown
SYN-DM-03352,Type 2,6.5,56.88,At goal,No,Fingerstick,Yes,Absent,Present,Present
SYN-DM-03353,Type 2,16.0,12.18,Unknown,Yes,Continuous monitor,Yes,Unknown,Unknown,Present
SYN-DM-03354,Type 2,9.6,25.47,Above goal,Yes,Both,Unknown,Unknown,Present,Absent
SYN-DM-03355,Type 2,18.0,55.97,Unknown,No,None,No,Unknown,Absent,Absent
SYN-DM-03356,Type 2,16.7,17.3,Unknown,Yes,None,Yes,Absent,Unknown,Absent
SYN-DM-03357,Type 2,6.9,53.09,Above goal,Yes,None,Yes,Unknown,Unknown,Unknown
SYN-DM-03358,Type 2,9.8,29.12,Above goal,No,Continuous monitor,No,Present,Present,Absent
SYN-DM-03359,Type 2,9.3,46.28,At goal,No,None,No,Unknown,Unknown,Unknown
SYN-DM-03360,Type 2,0.9,52.4,At goal,No,Fingerstick,Unknown,Absent,Absent,Absent
SYN-DM-03361,Type 2,8.8,65.66,At goal,No,Both,Yes,Unknown,Absent,Absent
SYN-DM-03362,Type 2,8.2,13.3,Above goal,No,None,Unknown,Absent,Present,Present
SYN-DM-03363,Type 2,13.8,17.71,Unknown,Yes,Both,No,Absent,Present,Present
SYN-DM-03364,Type 2,15.0,44.97,Unknown,Yes,Both,No,Absent,Present,Absent
SYN-DM-03365,Type 2,7.4,55.95,At goal,No,Both,No,Absent,Unknown,Present
SYN-DM-03366,Type 2,7.2,28.94,Above goal,Yes,Both,Unknown,Unknown,Unknown,Present
SYN-DM-03367,Type 2,7.3,51.29,Unknown,No,None,No,Unknown,Unknown,Present
SYN-DM-03368,Type 1,15.3,54.86,Unknown,No,Fingerstick,Yes,Absent,Present,Absent
SYN-DM-03369,Type 2,6.5,31.21,Unknown,Yes,Continuous monitor,Unknown,Absent,Unknown,Unknown
SYN-DM-03370,Type 2,15.7,14.69,At goal,Yes,None,Yes,Unknown,Unknown,Present
SYN-DM-03371,Type 2,10.9,34.51,At goal,No,Continuous monitor,No,Absent,Absent,Absent
SYN-DM-03372,Type 2,9.9,22.79,Above goal,Yes,Both,Unknown,Unknown,Present,Unknown
SYN-DM-03373,Type 2,13.5,20.16,Above goal,No,Continuous monitor,Unknown,Unknown,Absent,Absent
SYN-DM-03374,Type 2,24.2,49.74,Above goal,Yes,Both,No,Unknown,Absent,Unknown
SYN-DM-03375,Type 2,12.0,18.3,At goal,No,None,Yes,Unknown,Absent,Present
SYN-DM-03376,Type 2,26.6,65.58,Unknown,Yes,Both,Unknown,Present,Unknown,Absent
SYN-DM-03377,Type 2,5.8,12.54,Above goal,No,Fingerstick,No,Present,Unknown,Absent
SYN-DM-03378,Type 2,1.9,44.55,Unknown,No,Both,Yes,Unknown,Present,Unknown
SYN-DM-03379,Type 2,0.2,12.01,Above goal,Yes,None,Unknown,Absent,Present,Unknown
SYN-DM-03380,Type 2,4.9,35.07,At goal,Yes,Continuous monitor,Unknown,Present,Absent,Unknown
SYN-DM-03381,Type 2,13.0,33.06,Unknown,Yes,Continuous monitor,Yes,Present,Absent,Unknown
SYN-DM-03382,Type 1,31.4,12.82,Above goal,Yes,Both,Yes,Unknown,Absent,Absent
SYN-DM-03383,Type 2,6.0,36.24,Unknown,Yes,Continuous monitor,Yes,Present,Unknown,Present
SYN-DM-03384,Type 2,9.4,41.2,Above goal,Yes,Both,No,Present,Present,Unknown
SYN-DM-03385,Type 1,18.5,45.6,Unknown,Yes,Both,Yes,Absent,Present,Unknown
SYN-DM-03386,Type 2,9.4,50.89,Above goal,No,Fingerstick,No,Absent,Unknown,Unknown
SYN-DM-03387,Type 1,13.5,43.61,Above goal,Yes,Continuous monitor,No,Unknown,Absent,Absent
SYN-DM-03388,Type 2,10.6,36.5,Above goal,No,Both,No,Present,Unknown,Absent
SYN-DM-03389,Type 2,12.1,55.25,Above goal,Yes,None,Yes,Unknown,Absent,Absent
SYN-DM-03390,Type 2,0.2,27.51,At goal,No,Fingerstick,Yes,Unknown,Unknown,Absent
SYN-DM-03391,Type 2,18.6,14.47,At goal,Yes,Both,Yes,Unknown,Unknown,Present
SYN-DM-03392,Type 2,16.6,40.89,At goal,No,None,Yes,Absent,Absent,Present
SYN-DM-03393,Type 2,0.2,48.51,At goal,Yes,Continuous monitor,No,Unknown,Unknown,Absent
SYN-DM-03394,Type 2,17.5,57.61,Unknown,Yes,Both,No,Absent,Unknown,Unknown
SYN-DM-03395,Type 2,0.2,17.29,Unknown,Yes,Fingerstick,No,Absent,Absent,Present
SYN-DM-03396,Type 2,7.6,39.2,At goal,Yes,Fingerstick,Unknown,Absent,Unknown,Present
SYN-DM-03397,Type 2,21.1,26.73,Unknown,No,Fingerstick,Yes,Unknown,Unknown,Unknown
SYN-DM-03398,Type 2,3.3,20.4,Above goal,Yes,None,Unknown,Absent,Unknown,Absent
SYN-DM-03399,Type 2,0.2,52.54,At goal,Yes,Continuous monitor,Yes,Unknown,Present,Absent
SYN-DM-03400,Other,17.4,56.32,Unknown,No,Fingerstick,Yes,Unknown,Absent,Absent
SYN-DM-03401,Type 2,12.4,33.43,Unknown,Yes,Fingerstick,No,Absent,Absent,Unknown
SYN-DM-03402,Type 2,13.2,55.32,Above goal,Yes,Continuous monitor,No,Present,Absent,Absent
SYN-DM-03403,Type 2,11.0,12.14,At goal,Yes,Continuous monitor,Yes,Absent,Absent,Absent
SYN-DM-03404,Type 2,0.2,18.22,Unknown,Yes,Both,Unknown,Unknown,Present,Unknown
SYN-DM-03405,Gestational,9.8,53.47,At goal,Yes,Continuous monitor,No,Present,Present,Present
SYN-DM-03406,Type 2,7.9,63.25,Above goal,Yes,None,Yes,Absent,Present,Unknown
SYN-DM-03407,Type 2,11.3,39.18,Unknown,No,Both,Unknown,Unknown,Unknown,Present
SYN-DM-03408,Type 1,3.6,54.01,Above goal,No,Continuous monitor,Yes,Absent,Unknown,Unknown
SYN-DM-03409,Type 2,12.6,18.27,At goal,Yes,Continuous monitor,Unknown,Absent,Absent,Present
SYN-DM-03410,Type 2,13.1,19.92,Unknown,No,None,No,Absent,Unknown,Present
SYN-DM-03411,Type 1,0.2,41.45,At goal,Yes,None,Unknown,Unknown,Present,Unknown
SYN-DM-03412,Type 2,10.2,51.2,Above goal,Yes,Fingerstick,Yes,Unknown,Absent,Unknown
SYN-DM-03413,Type 2,24.5,12.39,At goal,No,Continuous monitor,Unknown,Present,Absent,Unknown
SYN-DM-03414,Type 1,8.3,44.43,Unknown,Yes,Fingerstick,Yes,Present,Present,Present
SYN-DM-03415,Type 2,6.0,51.79,Above goal,No,Both,Yes,Unknown,Unknown,Present
SYN-DM-03416,Type 2,10.0,26.68,Above goal,Yes,Both,Unknown,Present,Unknown,Present
SYN-DM-03417,Type 2,8.9,17.42,Above goal,No,None,Unknown,Absent,Absent,Unknown
SYN-DM-03418,Type 2,9.4,49.51,Above goal,Yes,None,Yes,Present,Absent,Unknown
SYN-DM-03419,Type 1,16.3,32.72,At goal,Yes,Continuous monitor,No,Absent,Unknown,Absent
SYN-DM-03420,Type 1,6.8,16.54,At goal,Yes,Fingerstick,Yes,Unknown,Present,Present
SYN-DM-03421,Type 2,0.2,16.5,Unknown,No,Continuous monitor,Unknown,Unknown,Absent,Absent
SYN-DM-03422,Type 2,20.5,51.33,Above goal,No,Both,No,Unknown,Absent,Absent
SYN-DM-03423,Type 2,0.2,34.37,Above goal,No,None,Unknown,Present,Present,Present
SYN-DM-03424,Type 2,14.3,25.5,Above goal,Yes,Continuous monitor,No,Unknown,Unknown,Absent
SYN-DM-03425,Type 2,9.8,14.61,Unknown,Yes,None,Unknown,Absent,Unknown,Unknown
SYN-DM-03426,Type 2,12.4,21.43,Above goal,Yes,Fingerstick,Yes,Unknown,Unknown,Unknown
SYN-DM-03427,Type 2,5.5,42.83,Unknown,Yes,Both,Unknown,Present,Present,Present
SYN-DM-03428,Type 2,0.2,37.2,At goal,No,Both,No,Unknown,Unknown,Present
SYN-DM-03429,Type 2,0.2,59.04,Above goal,No,Both,No,Present,Present,Unknown
SYN-DM-03430,Type 2,18.3,17.01,Above goal,Yes,Fingerstick,Unknown,Present,Absent,Absent
SYN-DM-03431,Gestational,6.3,48.81,At goal,Yes,Fingerstick,Yes,Absent,Absent,Absent
SYN-DM-03432,Type 1,2.4,21.85,Above goal,No,Fingerstick,Unknown,Unknown,Unknown,Absent
SYN-DM-03433,Type 2,4.5,54.04,Above goal,Yes,Both,No,Unknown,Present,Present
SYN-DM-03434,Type 1,12.5,35.98,Unknown,Yes,None,Unknown,Present,Unknown,Present
SYN-DM-03435,Type 2,8.0,12.29,At goal,No,None,Yes,Present,Present,Present
SYN-DM-03436,Type 1,10.0,14.13,At goal,Yes,None,Unknown,Present,Unknown,Unknown
SYN-DM-03437,Type 2,10.2,51.58,Above goal,Yes,None,Unknown,Present,Absent,Unknown
SYN-DM-03438,Type 1,12.5,47.27,At goal,Yes,Fingerstick,Unknown,Unknown,Present,Unknown
SYN-DM-03439,Type 2,4.8,56.47,Unknown,Yes,Fingerstick,No,Absent,Unknown,Absent
SYN-DM-03440,Type 2,11.6,48.24,Unknown,Yes,Continuous monitor,Yes,Present,Present,Absent
SYN-DM-03441,Type 1,18.2,33.98,Unknown,Yes,Both,Yes,Present,Present,Present
SYN-DM-03442,Type 2,1.4,15.75,Above goal,No,Continuous monitor,Unknown,Absent,Absent,Unknown
SYN-DM-03443,Type 2,19.0,34.13,At goal,No,Continuous monitor,Unknown,Absent,Absent,Present
SYN-DM-03444,Type 2,20.9,48.71,Unknown,Yes,None,Unknown,Absent,Present,Present
SYN-DM-03445,Type 1,7.6,46.22,At goal,Yes,Both,No,Present,Absent,Present
SYN-DM-03446,Type 2,16.0,53.58,Above goal,Yes,Both,Yes,Present,Present,Unknown
SYN-DM-03447,Type 2,25.0,46.77,Above goal,No,Fingerstick,Yes,Present,Present,Unknown
SYN-DM-03448,Type 2,25.0,61.71,Unknown,Yes,Continuous monitor,No,Absent,Absent,Present
SYN-DM-03449,Type 1,6.5,22.52,Above goal,Yes,Both,Yes,Absent,Present,Absent
SYN-DM-03450,Other,15.5,46.05,At goal,No,Both,No,Absent,Unknown,Absent
SYN-DM-03451,Type 2,3.1,49.67,At goal,No,None,Yes,Absent,Unknown,Present
SYN-DM-03452,Type 2,0.8,39.83,At goal,No,Both,No,Present,Absent,Unknown
SYN-DM-03453,Type 2,10.1,66.68,Above goal,No,Both,No,Present,Present,Present
SYN-DM-03454,Type 2,0.2,59.27,At goal,Yes,None,No,Present,Present,Absent
SYN-DM-03455,Type 2,11.5,35.91,Above goal,Yes,None,No,Unknown,Unknown,Unknown
SYN-DM-03456,Type 2,4.6,58.7,At goal,Yes,Fingerstick,No,Absent,Unknown,Absent
SYN-DM-03457,Other,18.5,16.16,At goal,No,Fingerstick,Unknown,Unknown,Unknown,Present
SYN-DM-03458,Type 2,5.9,39.85,Above goal,No,Both,Yes,Absent,Unknown,Unknown
SYN-DM-03459,Type 2,16.2,29.51,Unknown,Yes,Continuous monitor,No,Present,Absent,Absent
SYN-DM-03460,Type 2,19.5,13.95,Above goal,No,None,Yes,Present,Absent,Absent
SYN-DM-03461,Type 1,6.9,40.26,Above goal,Yes,Both,Yes,Absent,Unknown,Present
SYN-DM-03462,Type 2,6.7,22.1,At goal,Yes,Fingerstick,Yes,Unknown,Present,Unknown
SYN-DM-03463,Type 2,14.5,61.67,At goal,No,Fingerstick,Yes,Absent,Unknown,Present
SYN-DM-03464,Type 2,25.2,27.36,At goal,No,None,Yes,Present,Unknown,Unknown
SYN-DM-03465,Type 2,8.0,53.38,Unknown,No,Continuous monitor,Yes,Present,Unknown,Absent
SYN-DM-03466,Type 2,14.6,62.86,Unknown,No,None,Yes,Absent,Absent,Present
SYN-DM-03467,Type 2,0.2,22.72,At goal,Yes,None,No,Unknown,Absent,Present
SYN-DM-03468,Type 1,12.8,21.89,At goal,Yes,None,Yes,Present,Present,Present
SYN-DM-03469,Type 2,13.1,59.92,Unknown,Yes,Continuous monitor,Unknown,Unknown,Present,Absent
SYN-DM-03470,Type 1,0.2,47.56,At goal,Yes,Both,No,Unknown,Absent,Absent
SYN-DM-03471,Type 2,8.8,12.71,At goal,No,Fingerstick,Unknown,Absent,Unknown,Present
SYN-DM-03472,Type 2,3.8,55.04,Above goal,No,None,No,Absent,Present,Absent
SYN-DM-03473,Type 2,5.3,26.36,At goal,Yes,Fingerstick,Yes,Absent,Absent,Unknown
SYN-DM-03474,Type 2,21.2,26.43,Unknown,Yes,Fingerstick,Unknown,Unknown,Unknown,Absent
SYN-DM-03475,Type 2,2.5,16.49,At goal,Yes,None,Yes,Unknown,Absent,Absent
SYN-DM-03476,Type 1,15.5,53.7,At goal,Yes,None,No,Present,Present,Unknown
SYN-DM-03477,Type 2,11.6,17.9,Above goal,No,Fingerstick,Yes,Absent,Absent,Present
SYN-DM-03478,Type 1,10.4,42.51,Above goal,No,Continuous monitor,Unknown,Present,Absent,Present
SYN-DM-03479,Type 2,3.2,55.11,Unknown,Yes,Continuous monitor,Unknown,Present,Unknown,Present
SYN-DM-03480,Type 2,13.5,55.24,Above goal,No,Continuous monitor,Unknown,Present,Present,Absent
SYN-DM-03481,Type 2,0.2,36.36,Unknown,No,Fingerstick,Yes,Unknown,Absent,Present
SYN-DM-03482,Type 2,0.8,47.42,At goal,No,Fingerstick,Unknown,Unknown,Unknown,Unknown
SYN-DM-03483,Type 2,6.9,27.58,At goal,Yes,Continuous monitor,No,Unknown,Unknown,Absent
SYN-DM-03484,Type 2,1.9,45.47,Above goal,Yes,Both,No,Unknown,Absent,Present
SYN-DM-03485,Gestational,19.4,14.53,Unknown,Yes,None,Unknown,Unknown,Present,Unknown
SYN-DM-03486,Type 2,10.0,12.11,Above goal,Yes,Fingerstick,Unknown,Absent,Absent,Absent
SYN-DM-03487,Type 2,12.0,54.22,At goal,No,Continuous monitor,Yes,Absent,Unknown,Absent
SYN-DM-03488,Type 2,10.7,46.92,Unknown,Yes,Fingerstick,Yes,Absent,Present,Absent
SYN-DM-03489,Type 1,8.0,53.54,Above goal,Yes,Continuous monitor,Unknown,Unknown,Present,Absent
SYN-DM-03490,Type 2,7.0,51.87,Above goal,Yes,Both,Yes,Present,Unknown,Unknown
SYN-DM-03491,Type 2,11.2,12.56,At goal,No,Fingerstick,Yes,Unknown,Present,Absent
SYN-DM-03492,Type 2,20.2,56.21,Unknown,No,None,Unknown,Absent,Unknown,Absent
SYN-DM-03493,Type 2,0.2,44.0,At goal,No,Both,Yes,Present,Absent,Absent
SYN-DM-03494,Type 1,11.3,49.9,Unknown,Yes,Continuous monitor,Unknown,Unknown,Absent,Present
SYN-DM-03495,Type 2,11.2,20.07,Above goal,Yes,Continuous monitor,Yes,Unknown,Unknown,Present
SYN-DM-03496,Type 2,0.2,39.42,Above goal,Yes,Both,No,Present,Present,Unknown
SYN-DM-03497,Type 2,0.2,16.16,Above goal,No,Fingerstick,No,Present,Absent,Present
SYN-DM-03498,Type 2,10.1,28.54,At goal,No,Continuous monitor,Yes,Present,Present,Absent
SYN-DM-03499,Type 2,2.3,37.14,Above goal,No,Both,Unknown,Unknown,Present,Absent
SYN-DM-03500,Type 2,0.2,28.18,Unknown,No,Continuous monitor,No,Absent,Unknown,Present
SYN-DM-03501,Type 2,4.2,63.49,Above goal,Yes,None,No,Unknown,Present,Absent
SYN-DM-03502,Type 2,12.3,39.35,At goal,No,None,Yes,Unknown,Unknown,Unknown
SYN-DM-03503,Type 2,5.6,36.7,At goal,No,Fingerstick,Yes,Present,Absent,Unknown
SYN-DM-03504,Type 1,9.4,18.05,Above goal,Yes,None,Yes,Absent,Present,Absent
SYN-DM-03505,Type 2,10.3,15.65,Unknown,No,Continuous monitor,No,Absent,Present,Present
SYN-DM-03506,Type 2,26.2,50.73,Above goal,Yes,Both,Unknown,Unknown,Unknown,Present
SYN-DM-03507,Type 2,17.7,48.75,Unknown,Yes,Both,No,Present,Present,Absent
SYN-DM-03508,Type 2,3.7,42.21,Above goal,Yes,Continuous monitor,No,Absent,Present,Absent
SYN-DM-03509,Type 2,5.1,14.38,Unknown,Yes,None,Yes,Unknown,Present,Absent
SYN-DM-03510,Type 2,1.6,40.64,Unknown,Yes,Fingerstick,Yes,Unknown,Present,Unknown
SYN-DM-03511,Type 1,5.1,40.94,Above goal,Yes,Fingerstick,Yes,Unknown,Absent,Present
SYN-DM-03512,Type 1,3.5,19.66,Unknown,Yes,Continuous monitor,Yes,Absent,Absent,Present
SYN-DM-03513,Type 1,18.5,29.84,At goal,No,None,No,Unknown,Unknown,Absent
SYN-DM-03514,Type 2,16.2,50.78,Unknown,Yes,None,Yes,Unknown,Present,Unknown
SYN-DM-03515,Type 2,1.7,43.25,At goal,Yes,Both,No,Absent,Unknown,Unknown
SYN-DM-03516,Type 2,25.0,49.82,At goal,No,Both,Unknown,Present,Absent,Present
SYN-DM-03517,Type 1,9.3,23.29,At goal,Yes,None,No,Unknown,Unknown,Absent
SYN-DM-03518,Type 2,13.8,19.07,Above goal,Yes,None,No,Absent,Present,Absent
SYN-DM-03519,Type 2,3.0,25.06,At goal,No,Both,Yes,Unknown,Unknown,Unknown
SYN-DM-03520,Type 2,11.5,61.53,Above goal,Yes,Continuous monitor,Unknown,Absent,Absent,Unknown
SYN-DM-03521,Type 2,7.0,60.18,At goal,No,None,No,Absent,Present,Absent
SYN-DM-03522,Type 2,13.9,37.49,Unknown,No,None,Unknown,Present,Absent,Absent
SYN-DM-03523,Type 2,11.4,12.79,Unknown,No,Fingerstick,Unknown,Present,Present,Unknown
SYN-DM-03524,Type 2,7.8,25.16,Above goal,Yes,None,Yes,Present,Absent,Unknown
SYN-DM-03525,Type 2,11.4,23.56,At goal,Yes,Fingerstick,Yes,Absent,Absent,Absent
SYN-DM-03526,Type 2,8.9,56.8,Above goal,Yes,None,Yes,Unknown,Absent,Unknown
SYN-DM-03527,Type 1,11.5,59.05,At goal,Yes,None,No,Absent,Unknown,Present
SYN-DM-03528,Type 2,8.4,44.78,Above goal,No,None,Yes,Absent,Absent,Unknown
SYN-DM-03529,Type 2,13.7,57.28,Above goal,Yes,Both,Yes,Absent,Unknown,Present
SYN-DM-03530,Gestational,9.8,14.54,At goal,Yes,None,No,Unknown,Absent,Present
SYN-DM-03531,Type 1,3.4,49.62,At goal,Yes,Fingerstick,Yes,Absent,Present,Absent
SYN-DM-03532,Type 2,7.3,14.58,At goal,Yes,None,Yes,Present,Unknown,Unknown
SYN-DM-03533,Type 2,25.7,41.46,At goal,Yes,Both,No,Unknown,Unknown,Present
SYN-DM-03534,Gestational,9.8,33.59,At goal,Yes,Fingerstick,Unknown,Present,Present,Unknown
SYN-DM-03535,Type 2,6.9,21.13,Unknown,No,Both,Unknown,Present,Unknown,Absent
SYN-DM-03536,Type 2,5.4,60.3,Unknown,Yes,Continuous monitor,Unknown,Present,Unknown,Present
SYN-DM-03537,Type 2,5.9,63.2,Unknown,Yes,Continuous monitor,No,Unknown,Unknown,Absent
SYN-DM-03538,Type 2,11.2,58.68,At goal,Yes,Continuous monitor,Yes,Present,Unknown,Present
SYN-DM-03539,Type 1,9.6,66.9,Unknown,Yes,Fingerstick,Yes,Absent,Unknown,Absent
SYN-DM-03540,Type 2,15.4,15.46,Unknown,Yes,Fingerstick,Yes,Unknown,Absent,Present
SYN-DM-03541,Type 2,7.1,19.31,At goal,Yes,None,Yes,Unknown,Unknown,Absent
SYN-DM-03542,Type 2,0.2,22.77,Above goal,No,None,Yes,Unknown,Present,Unknown
SYN-DM-03543,Type 2,17.2,47.01,At goal,No,Continuous monitor,Yes,Absent,Unknown,Unknown
SYN-DM-03544,Type 2,26.1,61.87,Unknown,No,None,Yes,Unknown,Unknown,Unknown
SYN-DM-03545,Type 2,14.6,12.21,At goal,Yes,Both,No,Absent,Unknown,Absent
SYN-DM-03546,Type 2,21.4,42.65,Unknown,No,Fingerstick,Yes,Absent,Unknown,Unknown
SYN-DM-03547,Type 2,0.5,65.13,Above goal,No,None,Unknown,Present,Unknown,Present
SYN-DM-03548,Type 2,4.5,17.55,Above goal,Yes,Continuous monitor,Unknown,Unknown,Present,Unknown
SYN-DM-03549,Type 2,9.7,51.78,Unknown,Yes,Continuous monitor,No,Present,Absent,Unknown
SYN-DM-03550,Type 1,6.4,28.53,At goal,Yes,Both,Unknown,Present,Present,Absent
SYN-DM-03551,Type 2,19.6,36.75,Unknown,No,Continuous monitor,No,Unknown,Absent,Present
SYN-DM-03552,Type 2,22,33.64,At goal,No,Fingerstick,Yes,Unknown,Present,Present
SYN-DM-03553,Type 2,5.0,45.75,Above goal,No,Continuous monitor,Yes,Unknown,Unknown,Absent
SYN-DM-03554,Type 2,35.1,59.58,Above goal,Yes,Both,No,Unknown,Present,Unknown
SYN-DM-03555,Type 2,6.8,18.75,At goal,No,Both,Yes,Unknown,Present,Unknown
SYN-DM-03556,Type 2,7.1,27.54,At goal,Yes,Continuous monitor,Unknown,Present,Absent,Present
SYN-DM-03557,Type 2,8.0,62.71,Above goal,No,Continuous monitor,Yes,Present,Absent,Unknown
SYN-DM-03558,Type 2,1.1,36.08,Unknown,No,Fingerstick,Unknown,Present,Absent,Present
SYN-DM-03559,Type 1,4.6,40.76,At goal,No,Fingerstick,No,Present,Present,Absent
SYN-DM-03560,Type 2,10.3,63.33,At goal,No,Fingerstick,No,Absent,Absent,Unknown
SYN-DM-03561,Other,19.5,52.64,Unknown,Yes,Fingerstick,Yes,Present,Unknown,Unknown
SYN-DM-03562,Gestational,11.2,45.04,Above goal,Yes,None,Unknown,Present,Absent,Unknown
SYN-DM-03563,Type 2,9.6,40.5,Above goal,No,None,Yes,Absent,Unknown,Present
SYN-DM-03564,Gestational,7.8,56.59,Above goal,Yes,Fingerstick,Unknown,Unknown,Absent,Present
SYN-DM-03565,Type 2,9.1,18.33,Above goal,Yes,Fingerstick,No,Present,Unknown,Absent
SYN-DM-03566,Type 1,12.3,38.93,Above goal,Yes,Both,Unknown,Absent,Unknown,Present
SYN-DM-03567,Type 1,8.3,36.66,Above goal,Yes,Fingerstick,Unknown,Present,Absent,Present
SYN-DM-03568,Type 1,4.7,52.54,At goal,No,None,No,Absent,Unknown,Present
SYN-DM-03569,Type 2,9.4,57.21,At goal,Yes,Both,No,Present,Present,Unknown
SYN-DM-03570,Type 1,5.8,41.63,Above goal,Yes,Both,Yes,Present,Unknown,Absent
SYN-DM-03571,Type 2,6.4,55.51,Unknown,Yes,None,No,Absent,Unknown,Present
SYN-DM-03572,Type 2,12.4,61.52,Above goal,Yes,Both,Unknown,Present,Absent,Present
SYN-DM-03573,Type 2,8.8,52.85,Unknown,No,None,Yes,Absent,Unknown,Unknown
SYN-DM-03574,Type 2,15.4,28.35,At goal,No,None,Yes,Absent,Unknown,Present
SYN-DM-03575,Type 2,21.1,55.43,At goal,No,Fingerstick,No,Unknown,Absent,Present
SYN-DM-03576,Type 2,10.0,56.04,At goal,No,Both,Yes,Unknown,Present,Present
SYN-DM-03577,Type 2,15.1,46.61,Unknown,No,Both,Yes,Absent,Absent,Unknown
SYN-DM-03578,Type 2,8.6,45.56,At goal,No,Fingerstick,No,Unknown,Present,Unknown
SYN-DM-03579,Type 1,0.7,13.13,Above goal,Yes,Continuous monitor,Unknown,Unknown,Unknown,Unknown
SYN-DM-03580,Type 2,0.2,64.93,Above goal,Yes,Both,No,Present,Present,Unknown
SYN-DM-03581,Gestational,21.1,27.49,Unknown,No,Both,Yes,Unknown,Absent,Present
SYN-DM-03582,Type 2,17.9,63.64,Above goal,No,None,Yes,Present,Present,Present
SYN-DM-03583,Type 2,25.4,34.8,Unknown,No,Fingerstick,Unknown,Absent,Unknown,Absent
SYN-DM-03584,Type 2,16.7,20.62,Above goal,No,Both,Yes,Absent,Present,Absent
SYN-DM-03585,Type 2,19.1,26.87,Above goal,Yes,Both,Unknown,Absent,Absent,Unknown
SYN-DM-03586,Type 2,5.8,58.93,Unknown,Yes,Fingerstick,Yes,Absent,Present,Present
SYN-DM-03587,Type 2,22.5,16.18,Above goal,No,Both,No,Absent,Present,Unknown
SYN-DM-03588,Type 2,0.2,13.47,Above goal,Yes,Both,No,Present,Unknown,Unknown
SYN-DM-03589,Type 2,7.3,44.26,Above goal,Yes,None,No,Unknown,Absent,Present
SYN-DM-03590,Type 2,20.4,41.98,At goal,No,Continuous monitor,No,Absent,Unknown,Unknown
SYN-DM-03591,Type 2,12.4,34.95,At goal,No,Fingerstick,No,Absent,Absent,Absent
SYN-DM-03592,Type 2,3.3,66.91,Above goal,Yes,Both,No,Absent,Present,Unknown
SYN-DM-03593,Other,16.1,66.13,Unknown,Yes,Continuous monitor,Unknown,Unknown,Present,Unknown
SYN-DM-03594,Type 2,8.4,18.67,Above goal,No,Continuous monitor,No,Absent,Absent,Absent
SYN-DM-03595,Type 2,4.0,56.68,Unknown,No,Continuous monitor,Unknown,Absent,Unknown,Absent
SYN-DM-03596,Type 2,4.5,42.79,Above goal,No,None,Yes,Absent,Unknown,Present
SYN-DM-03597,Type 2,10.7,20.22,Unknown,No,Fingerstick,No,Unknown,Unknown,Unknown
SYN-DM-03598,Type 2,10.0,20.24,Above goal,Yes,None,Yes,Unknown,Unknown,Present
SYN-DM-03599,Type 2,0.2,63.32,At goal,No,Continuous monitor,Yes,Unknown,Present,Present
SYN-DM-03600,Type 2,17.6,64.87,Unknown,No,None,Yes,Absent,Unknown,Present
SYN-DM-03601,Other,0.2,59.91,Above goal,Yes,Continuous monitor,Yes,Absent,Unknown,Unknown
SYN-DM-03602,Type 2,0.2,37.9,Above goal,Yes,Both,No,Unknown,Present,Unknown
SYN-DM-03603,Type 2,0.2,53.49,Unknown,No,Fingerstick,No,Unknown,Absent,Unknown
SYN-DM-03604,Type 2,0.2,40.07,Unknown,No,Fingerstick,Unknown,Unknown,Present,Absent
SYN-DM-03605,Type 2,0.6,60.86,At goal,Yes,Both,No,Absent,Present,Present
SYN-DM-03606,Type 2,10.5,60.58,Unknown,Yes,Continuous monitor,Unknown,Absent,Absent,Unknown
SYN-DM-03607,Type 2,6.5,28.35,Unknown,Yes,Fingerstick,No,Unknown,Present,Present
SYN-DM-03608,Type 2,4.0,14.87,At goal,No,Continuous monitor,Yes,Unknown,Present,Absent
SYN-DM-03609,Type 2,16.4,36.43,Above goal,No,Fingerstick,Yes,Unknown,Present,Absent
SYN-DM-03610,Type 2,7.2,43.42,Unknown,Yes,Continuous monitor,Yes,Absent,Unknown,Unknown
SYN-DM-03611,Type 2,5.0,23.67,At goal,No,Continuous monitor,Unknown,Present,Absent,Absent
SYN-DM-03612,Type 2,8.4,66.07,At goal,Yes,Continuous monitor,Unknown,Absent,Present,Absent
SYN-DM-03613,Type 2,21.6,37.14,Above goal,Yes,Continuous monitor,Yes,Present,Absent,Present
SYN-DM-03614,Type 2,2.4,34.93,At goal,Yes,Continuous monitor,Yes,Present,Present,Unknown
SYN-DM-03615,Type 2,4.8,63.0,Unknown,No,Both,No,Unknown,Present,Absent
SYN-DM-03616,Type 2,9.3,56.39,At goal,No,None,No,Present,Present,Unknown
SYN-DM-03617,Type 2,16.9,37.51,At goal,Yes,Fingerstick,Unknown,Present,Unknown,Unknown
SYN-DM-03618,Type 2,0.2,30.52,At goal,No,Continuous monitor,Unknown,Present,Absent,Present
SYN-DM-03619,Type 2,19.3,38.53,Unknown,Yes,Continuous monitor,No,Unknown,Present,Unknown
SYN-DM-03620,Type 2,9.3,36.33,Unknown,Yes,Both,No,Unknown,Absent,Unknown
SYN-DM-03621,Type 2,13.1,13.37,Above goal,No,Continuous monitor,Unknown,Unknown,Unknown,Present
SYN-DM-03622,Type 2,25.9,55.74,Unknown,Yes,Both,Yes,Present,Unknown,Unknown
SYN-DM-03623,Type 2,16.6,51.59,At goal,Yes,Fingerstick,No,Absent,Present,Absent
SYN-DM-03624,Type 2,0.2,55.9,Unknown,Yes,None,Unknown,Absent,Unknown,Unknown
SYN-DM-03625,Type 1,17.8,34.17,Unknown,Yes,None,Unknown,Present,Absent,Present
SYN-DM-03626,Type 2,6.0,52.14,At goal,Yes,Fingerstick,No,Present,Absent,Present
SYN-DM-03627,Type 2,17.9,41.92,At goal,No,Both,Yes,Present,Unknown,Present
SYN-DM-03628,Type 2,22.0,42.24,Unknown,Yes,Fingerstick,Unknown,Present,Present,Unknown
SYN-DM-03629,Type 1,18.0,13.27,Unknown,Yes,None,Yes,Absent,Unknown,Unknown
SYN-DM-03630,Type 2,0.9,57.04,At goal,Yes,None,Unknown,Present,Absent,Present
SYN-DM-03631,Type 2,4.9,44.04,Above goal,Yes,Both,No,Unknown,Present,Unknown
SYN-DM-03632,Type 1,3.0,51.5,Above goal,Yes,Both,Yes,Unknown,Present,Unknown
SYN-DM-03633,Type 2,10.8,66.78,At goal,Yes,Continuous monitor,Yes,Unknown,Absent,Unknown
SYN-DM-03634,Type 1,0.2,64.78,Above goal,No,Fingerstick,Unknown,Unknown,Absent,Absent
SYN-DM-03635,Type 1,31.2,24.1,At goal,Yes,None,Unknown,Present,Absent,Unknown
SYN-DM-03636,Other,3.5,24.32,At goal,No,None,No,Present,Unknown,Absent
SYN-DM-03637,Type 1,4.8,46.03,Unknown,Yes,Fingerstick,No,Absent,Absent,Absent
SYN-DM-03638,Gestational,2.2,37.31,Unknown,Yes,None,Yes,Unknown,Present,Present
SYN-DM-03639,Gestational,7.5,58.57,Above goal,Yes,None,No,Unknown,Absent,Absent
SYN-DM-03640,Type 2,6.3,32.4,At goal,Yes,None,Unknown,Absent,Present,Absent
SYN-DM-03641,Type 2,6.0,64.66,Above goal,Yes,Continuous monitor,Unknown,Present,Absent,Present
SYN-DM-03642,Type 1,21.5,33.65,Above goal,Yes,Both,Yes,Absent,Absent,Unknown
SYN-DM-03643,Type 2,11.7,66.53,At goal,Yes,Both,No,Present,Present,Present
SYN-DM-03644,Type 1,5.9,23.62,At goal,Yes,Fingerstick,Unknown,Absent,Present,Absent
SYN-DM-03645,Type 2,14.8,17.44,At goal,No,None,Unknown,Unknown,Unknown,Unknown
SYN-DM-03646,Type 1,12.3,49.74,Unknown,Yes,Continuous monitor,Unknown,Absent,Unknown,Unknown
SYN-DM-03647,Type 2,11.8,17.45,Above goal,Yes,None,Yes,Unknown,Absent,Present
SYN-DM-03648,Type 1,8.3,66.64,At goal,No,Both,Yes,Absent,Absent,Present
SYN-DM-03649,Type 2,13.7,28.66,Above goal,No,None,Yes,Present,Present,Absent
SYN-DM-03650,Type 2,13.1,33.65,Unknown,Yes,Continuous monitor,Yes,Unknown,Present,Unknown
SYN-DM-03651,Type 2,5.0,37.53,Above goal,No,None,Yes,Unknown,Present,Unknown
SYN-DM-03652,Type 2,20.7,27.34,At goal,Yes,None,No,Present,Absent,Absent
SYN-DM-03653,Type 2,5.4,37.29,Unknown,No,Both,Unknown,Unknown,Absent,Unknown
SYN-DM-03654,Type 2,4.5,16.11,Unknown,Yes,None,No,Unknown,Absent,Absent
SYN-DM-03655,Type 1,5.2,44.55,Unknown,Yes,None,Yes,Present,Present,Absent
SYN-DM-03656,Gestational,7.1,66.01,At goal,Yes,Both,No,Absent,Unknown,Present
SYN-DM-03657,Type 2,3.4,24.13,At goal,No,Fingerstick,No,Present,Unknown,Absent
SYN-DM-03658,Type 2,0.2,22.18,At goal,No,None,Unknown,Present,Absent,Present
SYN-DM-03659,Type 2,0.2,31.32,Unknown,Yes,None,Yes,Present,Absent,Absent
SYN-DM-03660,Type 2,12.3,26.63,At goal,Yes,Fingerstick,Yes,Absent,Unknown,Present
SYN-DM-03661,Type 2,8.3,52.82,At goal,Yes,Continuous monitor,No,Absent,Unknown,Absent
SYN-DM-03662,Type 2,14.9,19.75,At goal,No,Fingerstick,No,Present,Absent,Present
SYN-DM-03663,Type 1,11.6,59.38,Above goal,Yes,None,Yes,Present,Absent,Unknown
SYN-DM-03664,Type 2,13.7,60.98,Unknown,Yes,Fingerstick,Unknown,Present,Unknown,Absent
SYN-DM-03665,Type 2,22.7,39.38,Unknown,Yes,Both,Unknown,Unknown,Present,Present
SYN-DM-03666,Type 2,14.9,59.1,Above goal,No,Continuous monitor,Unknown,Absent,Present,Absent
SYN-DM-03667,Type 2,8.1,53.14,Above goal,Yes,Continuous monitor,Unknown,Absent,Present,Absent
SYN-DM-03668,Gestational,27.1,66.87,Unknown,Yes,None,Unknown,Unknown,Absent,Present
SYN-DM-03669,Type 2,15.2,22.43,Unknown,Yes,Continuous monitor,Yes,Present,Unknown,Absent
SYN-DM-03670,Type 2,8.6,36.02,Unknown,Yes,Both,No,Unknown,Unknown,Unknown
SYN-DM-03671,Type 2,8.7,16.69,Unknown,Yes,None,Unknown,Present,Present,Absent
SYN-DM-03672,Type 2,11.4,30.91,Unknown,No,Continuous monitor,No,Absent,Unknown,Unknown
SYN-DM-03673,Other,4.7,67.06,At goal,Yes,Both,No,Unknown,Unknown,Unknown
SYN-DM-03674,Type 2,13.5,24.63,At goal,Yes,Fingerstick,Unknown,Present,Absent,Present
SYN-DM-03675,Type 2,9.3,55.96,At goal,No,Both,No,Unknown,Present,Present
SYN-DM-03676,Type 2,15.2,57.93,Above goal,No,None,Unknown,Unknown,Unknown,Unknown
SYN-DM-03677,Type 2,16.1,39.04,Above goal,No,None,Unknown,Present,Unknown,Present
SYN-DM-03678,Type 1,8.3,51.23,Above goal,Yes,None,Unknown,Absent,Unknown,Unknown
SYN-DM-03679,Type 2,5.9,59.85,Above goal,Yes,None,Yes,Absent,Unknown,Present
SYN-DM-03680,Type 2,15.9,44.53,At goal,Yes,Continuous monitor,Unknown,Unknown,Present,Absent
SYN-DM-03681,Type 2,6.3,65.36,Above goal,Yes,Fingerstick,Yes,Unknown,Absent,Present
SYN-DM-03682,Type 1,4.9,19.44,At goal,Yes,None,Yes,Absent,Present,Unknown
SYN-DM-03683,Type 2,6.3,14.02,Above goal,Yes,Continuous monitor,Unknown,Present,Absent,Present
SYN-DM-03684,Type 1,18.7,57.1,Above goal,Yes,Both,Yes,Unknown,Unknown,Unknown
SYN-DM-03685,Type 2,20.4,14.09,Above goal,No,Fingerstick,Yes,Absent,Present,Absent
SYN-DM-03686,Type 2,6.4,12.04,Above goal,No,None,Yes,Absent,Absent,Present
SYN-DM-03687,Other,22.3,15.32,Above goal,No,None,Unknown,Unknown,Unknown,Absent
SYN-DM-03688,Type 1,7.1,53.89,At goal,Yes,None,No,Unknown,Absent,Absent
SYN-DM-03689,Type 2,3.8,25.12,Unknown,Yes,None,No,Absent,Absent,Absent
SYN-DM-03690,Type 2,17.9,46.28,Unknown,Yes,Continuous monitor,Yes,Absent,Present,Unknown
SYN-DM-03691,Type 2,17.0,32.68,Above goal,Yes,Both,Yes,Unknown,Unknown,Absent
SYN-DM-03692,Type 2,0.2,51.05,At goal,No,Continuous monitor,Yes,Absent,Unknown,Absent
SYN-DM-03693,Type 1,10.2,61.63,Above goal,Yes,Both,Yes,Present,Present,Present
SYN-DM-03694,Type 2,16.6,35.24,Above goal,No,Fingerstick,Yes,Unknown,Unknown,Unknown
SYN-DM-03695,Type 2,18.6,36.71,Above goal,No,Continuous monitor,Yes,Absent,Unknown,Unknown
SYN-DM-03696,Type 2,23.4,27.33,Unknown,No,None,No,Absent,Absent,Unknown
SYN-DM-03697,Type 2,6.8,67.98,Above goal,Yes,Both,Yes,Unknown,Present,Absent
SYN-DM-03698,Type 2,26.7,44.41,Above goal,Yes,Continuous monitor,Unknown,Unknown,Unknown,Unknown
SYN-DM-03699,Type 2,10.2,65.86,At goal,No,Continuous monitor,Yes,Present,Absent,Present
SYN-DM-03700,Type 2,14.4,29.29,Unknown,Yes,Both,No,Present,Unknown,Unknown
SYN-DM-03701,Type 2,10.5,43.77,At goal,Yes,Both,No,Absent,Present,Unknown
SYN-DM-03702,Type 1,16.6,18.53,Unknown,No,None,No,Present,Present,Unknown
SYN-DM-03703,Type 2,26.1,12.47,At goal,Yes,Both,Unknown,Unknown,Present,Present
SYN-DM-03704,Type 2,4.2,27.88,Unknown,No,Continuous monitor,Yes,Absent,Absent,Absent
SYN-DM-03705,Type 2,2.5,29.58,At goal,No,Fingerstick,Yes,Unknown,Absent,Absent
SYN-DM-03706,Type 2,8.2,39.89,At goal,Yes,Fingerstick,No,Unknown,Unknown,Unknown
SYN-DM-03707,Type 2,7.8,59.2,Above goal,No,None,No,Absent,Unknown,Absent
SYN-DM-03708,Type 2,8.8,60.83,At goal,No,None,No,Unknown,Absent,Present
SYN-DM-03709,Gestational,23.0,13.72,Above goal,No,Continuous monitor,Unknown,Unknown,Present,Absent
SYN-DM-03710,Other,0.2,49.97,Above goal,Yes,None,No,Present,Absent,Unknown
SYN-DM-03711,Type 2,5.8,54.28,At goal,Yes,Both,Yes,Present,Present,Present
SYN-DM-03712,Type 2,0.2,53.46,Unknown,Yes,Fingerstick,No,Absent,Unknown,Unknown
SYN-DM-03713,Type 2,19.0,14.68,Above goal,Yes,None,Yes,Absent,Unknown,Unknown
SYN-DM-03714,Type 2,9.9,63.56,At goal,Yes,Both,Yes,Unknown,Absent,Present
SYN-DM-03715,Type 2,0.2,28.73,Unknown,No,Both,No,Absent,Absent,Unknown
SYN-DM-03716,Other,9.7,18.63,Unknown,Yes,Fingerstick,Unknown,Absent,Unknown,Absent
SYN-DM-03717,Type 2,0.2,40.14,Above goal,Yes,None,Unknown,Present,Absent,Present
SYN-DM-03718,Gestational,33.8,64.7,At goal,No,Fingerstick,No,Present,Absent,Unknown
SYN-DM-03719,Type 2,7.3,62.54,Unknown,Yes,Fingerstick,Yes,Present,Absent,Absent
SYN-DM-03720,Type 2,12.6,45.11,Unknown,Yes,Fingerstick,Yes,Absent,Absent,Absent
SYN-DM-03721,Type 2,11.0,43.02,At goal,Yes,Both,No,Present,Unknown,Absent
SYN-DM-03722,Gestational,17.6,63.64,At goal,Yes,Both,Yes,Present,Unknown,Absent
SYN-DM-03723,Type 1,9.2,20.7,At goal,No,None,No,Unknown,Absent,Absent
SYN-DM-03724,Type 1,18.8,20.99,Unknown,No,None,Yes,Unknown,Present,Absent
SYN-DM-03725,Type 2,20.6,26.45,Unknown,No,None,Unknown,Present,Unknown,Absent
SYN-DM-03726,Type 1,5.9,42.79,At goal,Yes,None,No,Present,Absent,Unknown
SYN-DM-03727,Type 2,19.1,36.7,Unknown,No,Continuous monitor,Unknown,Present,Present,Absent
SYN-DM-03728,Type 2,4.7,40.62,Unknown,Yes,None,Yes,Absent,Present,Unknown
SYN-DM-03729,Type 2,13.4,37.98,Above goal,Yes,None,Unknown,Present,Present,Absent
SYN-DM-03730,Type 2,12.7,12.57,Above goal,Yes,Fingerstick,No,Absent,Absent,Unknown
SYN-DM-03731,Type 2,12.1,51.3,Unknown,No,Fingerstick,Unknown,Unknown,Present,Unknown
SYN-DM-03732,Type 2,23.3,12.57,Unknown,No,Both,No,Absent,Present,Absent
SYN-DM-03733,Type 1,13.1,29.36,Unknown,Yes,Both,No,Absent,Unknown,Present
SYN-DM-03734,Type 2,19.3,22.11,Unknown,Yes,Both,Yes,Unknown,Present,Unknown
SYN-DM-03735,Type 2,2.7,58.17,Above goal,Yes,None,No,Present,Absent,Unknown
SYN-DM-03736,Type 2,0.2,60.99,Above goal,Yes,None,Yes,Absent,Present,Present
SYN-DM-03737,Type 2,9.0,67.35,At goal,Yes,None,No,Present,Present,Absent
SYN-DM-03738,Type 2,12.1,49.49,Above goal,Yes,Continuous monitor,Yes,Present,Absent,Present
SYN-DM-03739,Type 2,9.9,53.73,At goal,No,Fingerstick,No,Absent,Unknown,Absent
SYN-DM-03740,Other,5.9,57.46,Above goal,Yes,Fingerstick,Yes,Unknown,Present,Present
SYN-DM-03741,Type 2,24.5,67.23,Unknown,Yes,Fingerstick,Yes,Unknown,Unknown,Absent
SYN-DM-03742,Type 2,5.8,36.87,At goal,Yes,Continuous monitor,Yes,Present,Unknown,Present
SYN-DM-03743,Type 2,5.0,32.83,At goal,Yes,Both,Yes,Present,Present,Unknown
SYN-DM-03744,Type 2,17.4,23.3,At goal,Yes,Continuous monitor,Unknown,Unknown,Present,Unknown
SYN-DM-03745,Type 2,25.0,37.13,Unknown,Yes,Both,No,Present,Unknown,Unknown
SYN-DM-03746,Type 2,8.8,46.82,Unknown,Yes,Both,Yes,Present,Present,Present
SYN-DM-03747,Gestational,13.3,37.0,At goal,No,Fingerstick,Yes,Unknown,Unknown,Unknown
SYN-DM-03748,Type 1,0.2,41.08,At goal,Yes,Both,Yes,Present,Unknown,Absent
SYN-DM-03749,Type 2,4.7,51.64,Above goal,Yes,Continuous monitor,Yes,Absent,Absent,Present
SYN-DM-03750,Type 2,17.9,62.16,At goal,Yes,None,No,Absent,Absent,Unknown
SYN-DM-03751,Type 2,22.7,25.58,At goal,No,None,Unknown,Absent,Unknown,Present
SYN-DM-03752,Type 2,12.1,17.06,At goal,Yes,None,No,Absent,Present,Present
SYN-DM-03753,Type 2,0.2,58.72,At goal,Yes,None,Unknown,Unknown,Present,Absent
SYN-DM-03754,Type 2,19.5,64.99,Unknown,Yes,Fingerstick,Yes,Present,Present,Absent
SYN-DM-03755,Type 2,13.6,42.91,Above goal,No,Fingerstick,Unknown,Absent,Unknown,Present
SYN-DM-03756,Type 2,5.7,40.67,Unknown,Yes,None,Unknown,Absent,Absent,Present
SYN-DM-03757,Type 2,0.2,25.89,Above goal,Yes,Both,Unknown,Absent,Absent,Absent
SYN-DM-03758,Type 2,10.3,43.68,At goal,No,Continuous monitor,Unknown,Present,Absent,Present
SYN-DM-03759,Type 1,10.7,44.5,Unknown,Yes,Fingerstick,No,Absent,Absent,Present
SYN-DM-03760,Type 2,0.2,57.41,Unknown,Yes,Continuous monitor,Yes,Unknown,Absent,Present
SYN-DM-03761,Type 1,0.2,63.32,Unknown,Yes,Both,Yes,Unknown,Present,Present
SYN-DM-03762,Type 2,8.4,15.59,Unknown,Yes,None,No,Absent,Present,Present
SYN-DM-03763,Gestational,0.2,54.72,Above goal,Yes,Continuous monitor,No,Present,Present,Unknown
SYN-DM-03764,Type 2,18.5,36.73,Above goal,Yes,Fingerstick,Yes,Absent,Absent,Unknown
SYN-DM-03765,Type 2,14.4,21.18,Unknown,No,Both,No,Absent,Present,Unknown
SYN-DM-03766,Type 2,0.2,61.79,At goal,Yes,Both,Yes,Absent,Unknown,Absent
SYN-DM-03767,Type 2,12.5,32.94,Above goal,Yes,Fingerstick,Yes,Present,Unknown,Unknown
SYN-DM-03768,Other,11.6,65.38,At goal,No,Fingerstick,No,Absent,Present,Absent
SYN-DM-03769,Type 2,5.5,52.02,Above goal,No,None,Unknown,Unknown,Unknown,Unknown
SYN-DM-03770,Other,0.2,64.66,Unknown,No,Fingerstick,Unknown,Absent,Unknown,Absent
SYN-DM-03771,Type 2,11.0,17.42,Unknown,Yes,None,Unknown,Unknown,Present,Absent
SYN-DM-03772,Type 2,9.1,30.72,Unknown,Yes,Continuous monitor,Unknown,Present,Absent,Present
SYN-DM-03773,Type 1,2.4,55.82,Unknown,Yes,None,Unknown,Present,Unknown,Absent
SYN-DM-03774,Type 2,3.5,23.51,Unknown,Yes,Fingerstick,Yes,Unknown,Absent,Unknown
SYN-DM-03775,Type 2,3.3,51.63,Above goal,No,Fingerstick,Yes,Present,Present,Absent
SYN-DM-03776,Type 2,8.7,52.52,Above goal,Yes,Both,Unknown,Present,Unknown,Present
SYN-DM-03777,Type 2,1.9,45.6,Above goal,No,Both,Unknown,Unknown,Present,Unknown
SYN-DM-03778,Other,10.2,37.95,Above goal,No,Fingerstick,No,Unknown,Present,Present
SYN-DM-03779,Other,11.2,18.09,At goal,No,None,Yes,Present,Absent,Absent
SYN-DM-03780,Type 2,14.0,37.88,Unknown,Yes,None,Yes,Present,Unknown,Unknown
SYN-DM-03781,Type 2,10.2,25.31,At goal,No,Fingerstick,Yes,Unknown,Absent,Unknown
SYN-DM-03782,Type 2,0.2,18.33,Unknown,Yes,None,No,Absent,Unknown,Absent
SYN-DM-03783,Type 2,8.0,40.42,Unknown,Yes,Both,No,Absent,Unknown,Unknown
SYN-DM-03784,Other,16.2,27.81,Unknown,Yes,Both,Unknown,Present,Absent,Unknown
SYN-DM-03785,Type 2,1.0,65.56,Unknown,Yes,Both,No,Unknown,Absent,Absent
SYN-DM-03786,Type 2,2.0,18.95,At goal,No,Both,Yes,Unknown,Present,Present
SYN-DM-03787,Type 2,4.3,17.32,At goal,Yes,Fingerstick,Yes,Present,Absent,Absent
SYN-DM-03788,Type 2,13.3,51.34,At goal,Yes,None,No,Absent,Present,Absent
SYN-DM-03789,Type 2,10.5,36.5,Above goal,No,Both,No,Present,Present,Present
SYN-DM-03790,Type 1,10.6,28.41,At goal,Yes,Both,Unknown,Absent,Present,Unknown
SYN-DM-03791,Type 2,3.4,65.45,At goal,No,None,Unknown,Absent,Unknown,Unknown
SYN-DM-03792,Type 2,8.5,39.62,Above goal,No,Fingerstick,Unknown,Absent,Absent,Present
SYN-DM-03793,Type 2,4.8,16.86,Unknown,Yes,Both,Yes,Present,Unknown,Present
SYN-DM-03794,Type 1,10.5,46.7,At goal,Yes,Both,Yes,Unknown,Present,Unknown
SYN-DM-03795,Type 2,18.7,29.2,Unknown,Yes,None,No,Present,Absent,Unknown
SYN-DM-03796,Type 2,15.6,45.93,At goal,No,Both,No,Present,Present,Unknown
SYN-DM-03797,Type 2,11.0,54.45,At goal,Yes,None,Yes,Unknown,Absent,Present
SYN-DM-03798,Type 2,12.5,34.76,Above goal,Yes,Both,Yes,Unknown,Present,Absent
SYN-DM-03799,Type 2,16.9,24.37,Above goal,No,None,Unknown,Unknown,Absent,Absent
SYN-DM-03800,Type 2,2.4,44.03,At goal,Yes,Fingerstick,Unknown,Absent,Absent,Present
SYN-DM-03801,Type 2,0.8,63.26,Above goal,No,Both,Yes,Absent,Unknown,Absent
SYN-DM-03802,Type 2,2.8,57.68,Above goal,No,Continuous monitor,Yes,Unknown,Present,Absent
SYN-DM-03803,Type 2,8.9,58.36,Unknown,Yes,Fingerstick,Unknown,Unknown,Unknown,Present
SYN-DM-03804,Type 2,3.5,30.78,At goal,No,Continuous monitor,Yes,Unknown,Absent,Unknown
SYN-DM-03805,Type 2,4.9,54.49,Above goal,Yes,None,No,Absent,Present,Unknown
SYN-DM-03806,Type 2,16.4,38.63,At goal,No,Fingerstick,No,Present,Absent,Present
SYN-DM-03807,Type 2,11.2,12.6,Above goal,Yes,Fingerstick,No,Absent,Absent,Unknown
SYN-DM-03808,Type 2,21.5,39.1,Above goal,No,Both,No,Absent,Unknown,Unknown
SYN-DM-03809,Type 2,17.3,64.55,Unknown,No,Continuous monitor,No,Absent,Present,Present
SYN-DM-03810,Type 1,1.0,61.77,Unknown,No,None,No,Present,Absent,Present
SYN-DM-03811,Type 2,7.5,47.09,Unknown,Yes,None,No,Absent,Unknown,Absent
SYN-DM-03812,Type 2,12.1,57.2,Unknown,No,Fingerstick,Yes,Absent,Absent,Present
SYN-DM-03813,Type 2,14.9,50.33,Above goal,No,Both,No,Present,Absent,Present
SYN-DM-03814,Gestational,10.4,18.99,Above goal,No,None,Yes,Present,Unknown,Absent
SYN-DM-03815,Type 1,14.4,64.73,Unknown,Yes,None,No,Unknown,Present,Unknown
SYN-DM-03816,Type 2,12.4,37.48,At goal,Yes,Fingerstick,No,Present,Present,Absent
SYN-DM-03817,Type 2,18.2,40.24,At goal,Yes,None,Yes,Absent,Present,Absent
SYN-DM-03818,Type 2,9.9,14.92,At goal,Yes,None,Unknown,Absent,Absent,Absent
SYN-DM-03819,Type 2,2.7,33.49,Above goal,No,Continuous monitor,No,Present,Present,Unknown
SYN-DM-03820,Type 2,13.9,62.92,At goal,Yes,Fingerstick,Yes,Absent,Absent,Unknown
SYN-DM-03821,Other,19.7,21.21,Above goal,No,Both,Yes,Present,Unknown,Unknown
SYN-DM-03822,Type 2,8.6,61.35,Unknown,No,Both,Yes,Present,Present,Unknown
SYN-DM-03823,Type 2,4.5,59.7,At goal,Yes,Both,No,Unknown,Absent,Unknown
SYN-DM-03824,Type 2,18.9,26.62,At goal,No,Both,Unknown,Unknown,Absent,Absent
SYN-DM-03825,Type 2,18.0,31.16,Unknown,Yes,Fingerstick,No,Present,Absent,Present
SYN-DM-03826,Type 2,1.6,50.26,Unknown,No,Both,No,Unknown,Absent,Present
SYN-DM-03827,Type 2,15.1,27.08,At goal,No,Both,Unknown,Unknown,Present,Unknown
SYN-DM-03828,Gestational,15.0,32.78,Above goal,Yes,Both,No,Absent,Unknown,Absent
SYN-DM-03829,Type 2,13.6,67.24,At goal,Yes,None,No,Absent,Absent,Absent
SYN-DM-03830,Type 2,10.6,31.97,Above goal,No,Both,No,Unknown,Present,Unknown
SYN-DM-03831,Type 2,1.4,59.92,At goal,Yes,None,Yes,Absent,Present,Unknown
SYN-DM-03832,Type 1,13.4,48.19,At goal,No,None,Unknown,Unknown,Unknown,Absent
SYN-DM-03833,Type 1,13.8,46.89,Unknown,Yes,Both,No,Unknown,Present,Present
SYN-DM-03834,Type 2,1.3,65.08,Above goal,No,Both,No,Present,Absent,Unknown
SYN-DM-03835,Type 1,11.7,38.84,Above goal,Yes,Continuous monitor,No,Absent,Absent,Absent
SYN-DM-03836,Type 2,0.2,29.76,Unknown,Yes,Fingerstick,Yes,Unknown,Unknown,Unknown
SYN-DM-03837,Type 1,11.0,60.4,Unknown,Yes,None,Yes,Present,Unknown,Unknown
SYN-DM-03838,Gestational,12.7,51.29,At goal,Yes,Continuous monitor,No,Unknown,Present,Absent
SYN-DM-03839,Type 2,28.2,22.77,Unknown,No,Both,No,Present,Present,Present
SYN-DM-03840,Type 2,0.2,67.72,Unknown,No,Fingerstick,Unknown,Present,Present,Unknown
SYN-DM-03841,Type 2,2.7,56.63,Above goal,Yes,None,No,Unknown,Unknown,Present
SYN-DM-03842,Type 2,17.6,15.69,Unknown,Yes,Continuous monitor,Unknown,Unknown,Unknown,Unknown
SYN-DM-03843,Gestational,9.9,67.15,Above goal,No,Both,Yes,Absent,Absent,Absent
SYN-DM-03844,Type 2,11.9,13.11,Unknown,No,Both,Yes,Unknown,Absent,Absent
SYN-DM-03845,Other,2.7,45.98,At goal,Yes,None,No,Absent,Unknown,Present
SYN-DM-03846,Type 2,12.4,24.04,Above goal,Yes,Fingerstick,No,Unknown,Unknown,Unknown
SYN-DM-03847,Type 1,13.2,43.96,Unknown,Yes,Both,Unknown,Unknown,Absent,Absent
SYN-DM-03848,Type 2,6.8,28.65,Above goal,Yes,Both,No,Unknown,Unknown,Absent
SYN-DM-03849,Type 1,13.8,16.55,Above goal,Yes,Continuous monitor,Yes,Unknown,Present,Unknown
SYN-DM-03850,Type 2,1.2,47.42,Above goal,Yes,Fingerstick,Unknown,Unknown,Unknown,Absent
SYN-DM-03851,Type 2,9.5,63.16,At goal,No,Both,Unknown,Present,Present,Absent
SYN-DM-03852,Type 2,5.7,29.76,Unknown,Yes,Both,Unknown,Unknown,Absent,Present
SYN-DM-03853,Type 2,18.4,41.42,At goal,Yes,Fingerstick,No,Absent,Present,Unknown
SYN-DM-03854,Type 2,0.2,31.58,Above goal,No,Fingerstick,Yes,Unknown,Unknown,Present
SYN-DM-03855,Type 2,12.6,30.02,Above goal,No,None,Unknown,Present,Absent,Present
SYN-DM-03856,Type 2,8.5,44.05,Unknown,No,None,Yes,Unknown,Absent,Unknown
SYN-DM-03857,Other,11.5,41.31,At goal,No,None,No,Absent,Absent,Unknown
SYN-DM-03858,Type 2,20.1,21.13,Unknown,No,None,Yes,Absent,Absent,Present
SYN-DM-03859,Other,2.1,28.57,At goal,Yes,None,Yes,Absent,Unknown,Unknown
SYN-DM-03860,Type 1,14.2,54.1,Above goal,No,None,Yes,Unknown,Unknown,Present
SYN-DM-03861,Type 2,11.6,15.39,Unknown,Yes,Both,Unknown,Absent,Present,Unknown
SYN-DM-03862,Type 2,8.9,37.64,Unknown,No,Continuous monitor,Yes,Unknown,Unknown,Absent
SYN-DM-03863,Type 2,0.2,18.85,Above goal,No,Both,Yes,Absent,Absent,Present
SYN-DM-03864,Type 2,4.0,13.92,Unknown,No,Fingerstick,No,Absent,Unknown,Unknown
SYN-DM-03865,Type 2,23.8,15.25,Above goal,No,None,Yes,Present,Present,Unknown
SYN-DM-03866,Type 2,17.7,13.69,Unknown,Yes,None,Unknown,Unknown,Present,Unknown
SYN-DM-03867,Type 2,11.9,55.24,At goal,Yes,None,Yes,Unknown,Absent,Unknown
SYN-DM-03868,Type 2,17.3,45.63,Unknown,No,Continuous monitor,Unknown,Unknown,Unknown,Absent
SYN-DM-03869,Type 2,11.2,53.27,Unknown,Yes,None,No,Absent,Unknown,Unknown
SYN-DM-03870,Type 2,9.5,48.29,Above goal,No,Fingerstick,Yes,Absent,Unknown,Unknown
SYN-DM-03871,Type 2,0.2,53.54,Unknown,Yes,None,Yes,Absent,Unknown,Unknown
SYN-DM-03872,Type 2,13.1,58.1,Above goal,Yes,Continuous monitor,Yes,Present,Unknown,Unknown
SYN-DM-03873,Type 2,6.9,64.74,Above goal,Yes,Continuous monitor,No,Unknown,Unknown,Present
SYN-DM-03874,Gestational,22.2,35.37,At goal,Yes,None,No,Present,Present,Unknown
SYN-DM-03875,Type 2,5.9,63.53,At goal,No,Fingerstick,Unknown,Present,Unknown,Absent
SYN-DM-03876,Type 2,12.2,67.67,Unknown,Yes,Fingerstick,No,Present,Absent,Unknown
SYN-DM-03877,Type 2,28.0,27.47,At goal,No,None,Yes,Present,Absent,Absent
SYN-DM-03878,Type 2,10.3,28.27,Above goal,Yes,Continuous monitor,No,Absent,Present,Present
SYN-DM-03879,Type 1,1.1,38.59,Above goal,No,Continuous monitor,Yes,Present,Unknown,Present
SYN-DM-03880,Type 2,13.7,39.36,Above goal,Yes,Continuous monitor,No,Absent,Unknown,Unknown
SYN-DM-03881,Type 2,12.8,31.29,Above goal,No,None,Yes,Unknown,Absent,Present
SYN-DM-03882,Type 2,8.5,38.45,Unknown,Yes,Continuous monitor,Unknown,Absent,Absent,Unknown
SYN-DM-03883,Gestational,24.8,47.64,At goal,No,Fingerstick,Unknown,Present,Present,Present
SYN-DM-03884,Type 2,23.4,18.8,Above goal,Yes,Continuous monitor,Yes,Present,Absent,Unknown
SYN-DM-03885,Type 2,0.2,33.09,At goal,Yes,Fingerstick,Yes,Unknown,Absent,Present
SYN-DM-03886,Type 2,20.7,29.0,Unknown,Yes,Fingerstick,Yes,Present,Absent,Present
SYN-DM-03887,Type 2,18.8,20.86,At goal,Yes,Fingerstick,No,Absent,Unknown,Absent
SYN-DM-03888,Type 2,12.9,35.05,At goal,Yes,Both,No,Absent,Present,Unknown
SYN-DM-03889,Type 2,11.6,67.1,Above goal,Yes,None,No,Present,Present,Unknown
SYN-DM-03890,Type 2,4.4,45.2,At goal,No,Continuous monitor,Yes,Present,Unknown,Present
SYN-DM-03891,Type 2,15.2,47.92,At goal,No,None,Yes,Present,Absent,Absent
SYN-DM-03892,Type 2,13.5,42.96,At goal,No,None,No,Present,Absent,Present
SYN-DM-03893,Type 2,14.7,38.51,Unknown,No,Fingerstick,No,Unknown,Present,Unknown
SYN-DM-03894,Type 1,0.2,56.26,At goal,Yes,Both,No,Absent,Present,Unknown
SYN-DM-03895,Type 2,0.2,27.77,Unknown,No,Continuous monitor,Unknown,Absent,Unknown,Unknown
SYN-DM-03896,Type 2,11.3,66.26,At goal,Yes,Both,Unknown,Unknown,Unknown,Absent
SYN-DM-03897,Type 2,13.9,16.11,Above goal,No,Both,Unknown,Unknown,Absent,Unknown
SYN-DM-03898,Type 2,11.0,36.16,Above goal,No,Both,Yes,Absent,Unknown,Unknown
SYN-DM-03899,Type 2,3.6,62.91,Unknown,No,Both,No,Unknown,Absent,Unknown
SYN-DM-03900,Type 2,25.2,18.48,Above goal,Yes,Both,No,Unknown,Unknown,Unknown
SYN-DM-03901,Type 2,15.7,20.65,Above goal,No,None,Yes,Absent,Present,Absent
SYN-DM-03902,Type 1,0.2,43.04,Unknown,Yes,Continuous monitor,Yes,Absent,Absent,Unknown
SYN-DM-03903,Type 2,12.1,57.85,Unknown,Yes,None,Yes,Absent,Absent,Present
SYN-DM-03904,Type 2,0.2,49.37,Above goal,Yes,Both,No,Absent,Unknown,Unknown
SYN-DM-03905,Type 2,5.9,47.21,Above goal,Yes,None,Unknown,Present,Present,Absent
SYN-DM-03906,Type 2,13.0,27.1,At goal,Yes,Continuous monitor,Unknown,Present,Absent,Absent
SYN-DM-03907,Type 2,23.1,18.5,At goal,Yes,None,Yes,Unknown,Absent,Present
SYN-DM-03908,Type 2,10.0,41.75,At goal,No,None,Unknown,Absent,Absent,Absent
SYN-DM-03909,Type 2,21.1,64.79,Unknown,No,Fingerstick,No,Unknown,Absent,Absent
SYN-DM-03910,Type 1,3.6,19.17,Above goal,Yes,None,Unknown,Absent,Present,Present
SYN-DM-03911,Type 2,7.1,37.27,At goal,Yes,Both,Yes,Unknown,Present,Absent
SYN-DM-03912,Type 2,2.6,64.0,Above goal,Yes,Both,No,Present,Absent,Absent
SYN-DM-03913,Type 2,16.9,55.16,At goal,No,Both,Yes,Present,Present,Unknown
SYN-DM-03914,Gestational,8.1,64.7,Unknown,No,Both,Unknown,Present,Absent,Absent
SYN-DM-03915,Other,3.9,43.09,Unknown,No,Continuous monitor,Yes,Absent,Absent,Unknown
SYN-DM-03916,Type 2,17.3,63.2,Unknown,No,None,Yes,Present,Unknown,Unknown
SYN-DM-03917,Type 1,12.3,56.96,Unknown,No,None,Yes,Present,Present,Present
SYN-DM-03918,Type 2,0.2,25.75,Above goal,No,Fingerstick,No,Present,Absent,Present
SYN-DM-03919,Type 2,26.8,60.72,At goal,No,None,Unknown,Unknown,Present,Unknown
SYN-DM-03920,Type 1,13.5,30.55,Above goal,Yes,Fingerstick,No,Unknown,Unknown,Absent
SYN-DM-03921,Type 2,16.8,16.59,Unknown,No,None,No,Present,Absent,Present
SYN-DM-03922,Type 2,0.2,57.29,Above goal,No,Both,Unknown,Unknown,Present,Unknown
SYN-DM-03923,Type 2,25.4,39.46,Unknown,Yes,Continuous monitor,Unknown,Unknown,Unknown,Present
SYN-DM-03924,Type 2,9.9,54.86,At goal,No,Fingerstick,Yes,Present,Unknown,Absent
SYN-DM-03925,Type 1,13.4,51.33,Above goal,Yes,None,Unknown,Present,Unknown,Present
SYN-DM-03926,Type 2,13.2,22.9,Above goal,Yes,Continuous monitor,Yes,Unknown,Present,Unknown
SYN-DM-03927,Type 2,0.2,14.81,Above goal,No,Continuous monitor,Yes,Unknown,Present,Absent
SYN-DM-03928,Type 2,5.5,61.36,Above goal,No,None,Yes,Present,Present,Unknown
SYN-DM-03929,Type 2,6.2,27.12,Unknown,Yes,Both,Unknown,Present,Unknown,Unknown
SYN-DM-03930,Type 2,20.3,61.01,At goal,Yes,Both,No,Absent,Present,Present
SYN-DM-03931,Type 2,14.8,17.21,Unknown,Yes,None,Unknown,Unknown,Unknown,Absent
SYN-DM-03932,Type 2,8.9,62.15,Unknown,Yes,Fingerstick,Yes,Absent,Present,Present
SYN-DM-03933,Type 2,4.6,57.2,At goal,Yes,Fingerstick,Unknown,Unknown,Present,Present
SYN-DM-03934,Type 2,12.3,42.35,At goal,No,None,Yes,Present,Absent,Unknown
SYN-DM-03935,Type 2,7.1,56.85,At goal,No,Continuous monitor,Yes,Absent,Unknown,Absent
SYN-DM-03936,Type 2,24.1,55.86,At goal,No,None,Yes,Present,Present,Absent
SYN-DM-03937,Type 1,0.2,44.64,Unknown,Yes,None,No,Absent,Unknown,Present
SYN-DM-03938,Type 2,13.7,35.23,Unknown,Yes,Continuous monitor,Yes,Absent,Present,Absent
SYN-DM-03939,Type 2,2.3,20.94,Above goal,Yes,Continuous monitor,No,Present,Absent,Absent
SYN-DM-03940,Type 2,2.7,60.88,At goal,Yes,Both,Unknown,Present,Present,Unknown
SYN-DM-03941,Type 2,21.0,52.63,Unknown,Yes,Both,No,Unknown,Absent,Present
SYN-DM-03942,Type 1,15.0,33.16,Above goal,Yes,Continuous monitor,Yes,Absent,Absent,Unknown
SYN-DM-03943,Type 2,6.4,20.2,At goal,Yes,None,Unknown,Present,Present,Unknown
SYN-DM-03944,Type 1,14.7,64.89,Unknown,Yes,None,Yes,Unknown,Present,Absent
SYN-DM-03945,Type 2,25.0,59.07,Unknown,Yes,Fingerstick,Yes,Present,Absent,Present
SYN-DM-03946,Type 2,1.3,23.91,Above goal,Yes,None,Unknown,Unknown,Absent,Unknown
SYN-DM-03947,Type 1,0.2,23.98,At goal,Yes,None,Unknown,Unknown,Absent,Unknown
SYN-DM-03948,Gestational,9.5,64.03,Unknown,No,Continuous monitor,Unknown,Absent,Absent,Present
SYN-DM-03949,Type 2,18.2,55.69,Above goal,No,None,Yes,Unknown,Absent,Present
SYN-DM-03950,Type 1,14.1,19.54,Above goal,Yes,Continuous monitor,Yes,Unknown,Absent,Absent
SYN-DM-03951,Type 2,0.2,38.17,Above goal,No,Fingerstick,No,Unknown,Absent,Unknown
SYN-DM-03952,Type 2,16.5,17.05,At goal,Yes,None,Yes,Unknown,Absent,Unknown
SYN-DM-03953,Type 2,5.0,51.18,Above goal,No,None,No,Absent,Present,Present
SYN-DM-03954,Type 2,4.4,41.85,Unknown,No,None,Unknown,Present,Present,Unknown
SYN-DM-03955,Type 2,14.3,38.06,Above goal,No,None,Unknown,Present,Present,Unknown
SYN-DM-03956,Type 2,0.4,67.56,Above goal,No,Fingerstick,Unknown,Unknown,Unknown,Present
SYN-DM-03957,Type 1,11.1,59.17,Unknown,Yes,None,Yes,Unknown,Absent,Present
SYN-DM-03958,Type 2,4.1,23.74,At goal,Yes,Both,Unknown,Present,Unknown,Unknown
SYN-DM-03959,Type 2,6.5,24.43,Above goal,Yes,Fingerstick,No,Absent,Present,Present
SYN-DM-03960,Type 2,17.8,31.83,At goal,Yes,Both,Unknown,Present,Unknown,Unknown
SYN-DM-03961,Type 2,11.5,38.15,At goal,Yes,None,No,Unknown,Present,Absent
SYN-DM-03962,Type 2,17.4,35.27,Above goal,Yes,Continuous monitor,No,Present,Present,Present
SYN-DM-03963,Type 1,9.4,60.57,At goal,Yes,None,Yes,Present,Unknown,Unknown
SYN-DM-03964,Type 2,22.9,17.28,At goal,No,None,Unknown,Present,Present,Unknown
SYN-DM-03965,Type 2,12.4,37.45,Above goal,Yes,Both,Yes,Unknown,Absent,Absent
SYN-DM-03966,Type 2,9.2,60.39,Unknown,No,Continuous monitor,Unknown,Absent,Absent,Unknown
SYN-DM-03967,Type 2,13.9,23.45,At goal,No,Fingerstick,Yes,Present,Present,Present
SYN-DM-03968,Type 2,15.2,44.61,At goal,No,Both,Unknown,Absent,Absent,Present
SYN-DM-03969,Type 1,11.4,37.19,At goal,Yes,Fingerstick,Yes,Present,Unknown,Absent
SYN-DM-03970,Type 2,18.8,60.04,Above goal,Yes,None,Unknown,Unknown,Absent,Present
SYN-DM-03971,Gestational,5.7,57.46,Above goal,Yes,Continuous monitor,Unknown,Absent,Absent,Absent
SYN-DM-03972,Type 2,9.2,54.03,At goal,No,Fingerstick,No,Present,Unknown,Absent
SYN-DM-03973,Type 2,0.2,57.56,Unknown,Yes,Continuous monitor,Unknown,Present,Present,Absent
SYN-DM-03974,Type 2,24.0,63.82,At goal,Yes,Continuous monitor,No,Present,Unknown,Absent
SYN-DM-03975,Type 2,0.5,55.93,Unknown,Yes,None,Unknown,Unknown,Absent,Absent
SYN-DM-03976,Type 2,0.2,61.98,At goal,Yes,Continuous monitor,Yes,Absent,Absent,Absent
SYN-DM-03977,Type 2,14.2,65.6,Unknown,Yes,Continuous monitor,No,Absent,Present,Present
SYN-DM-03978,Type 2,3.4,50.26,Above goal,Yes,Continuous monitor,No,Unknown,Unknown,Unknown
SYN-DM-03979,Type 2,12.0,27.06,Above goal,Yes,Both,Yes,Unknown,Unknown,Unknown
SYN-DM-03980,Type 2,12.3,43.42,At goal,Yes,None,No,Absent,Unknown,Present
SYN-DM-03981,Type 2,9.2,48.25,Above goal,Yes,Fingerstick,Yes,Unknown,Absent,Present
SYN-DM-03982,Type 2,23.4,37.33,Unknown,No,Both,No,Present,Unknown,Absent
SYN-DM-03983,Type 2,22.2,23.14,At goal,Yes,Fingerstick,Yes,Present,Unknown,Present
SYN-DM-03984,Type 2,3.7,32.72,At goal,Yes,Continuous monitor,Yes,Unknown,Absent,Unknown
SYN-DM-03985,Type 2,10.4,47.14,Above goal,No,Fingerstick,Yes,Present,Absent,Unknown
SYN-DM-03986,Type 2,11.4,25.87,At goal,Yes,Both,Unknown,Present,Unknown,Absent
SYN-DM-03987,Type 1,7.2,15.95,Above goal,Yes,Both,Unknown,Present,Unknown,Unknown
SYN-DM-03988,Type 2,10.3,38.27,Unknown,No,Fingerstick,Unknown,Absent,Absent,Unknown
SYN-DM-03989,Type 1,4.2,61.38,At goal,Yes,Both,Yes,Unknown,Unknown,Present
SYN-DM-03990,Type 2,14.3,16.15,Above goal,Yes,None,No,Unknown,Absent,Present
SYN-DM-03991,Type 2,15.6,53.28,Unknown,Yes,Both,No,Unknown,Present,Unknown
SYN-DM-03992,Type 2,5.6,32.69,Above goal,No,None,Unknown,Unknown,Absent,Unknown
SYN-DM-03993,Type 2,0.2,12.61,Unknown,No,Continuous monitor,Unknown,Absent,Present,Present
SYN-DM-03994,Type 2,15.1,16.77,Unknown,No,None,No,Absent,Present,Present
SYN-DM-03995,Type 2,20.2,28.53,Above goal,Yes,Continuous monitor,Yes,Absent,Absent,Present
SYN-DM-03996,Type 2,1.5,55.36,Above goal,No,None,No,Present,Present,Absent
SYN-DM-03997,Type 2,18.8,23.04,At goal,Yes,Both,No,Unknown,Present,Present
SYN-DM-03998,Type 2,11.0,63.53,Above goal,Yes,Fingerstick,Yes,Unknown,Present,Present
SYN-DM-03999,Type 2,5.5,24.16,Unknown,No,Continuous monitor,No,Unknown,Present,Absent
SYN-DM-04000,Type 2,12.7,60.56,Above goal,Yes,None,No,Unknown,Present,Unknown
SYN-DM-04001,Type 1,23.7,38.71,Unknown,Yes,None,Unknown,Unknown,Unknown,Absent
SYN-DM-04002,Type 1,6.6,27.74,Unknown,Yes,Continuous monitor,Yes,Unknown,Present,Present
SYN-DM-04003,Type 1,6.2,19.42,At goal,Yes,Continuous monitor,Yes,Absent,Absent,Absent
SYN-DM-04004,Type 2,0.2,40.61,Above goal,Yes,Fingerstick,Yes,Absent,Absent,Absent
SYN-DM-04005,Type 1,6.4,27.82,Above goal,Yes,None,Yes,Present,Unknown,Present
SYN-DM-04006,Type 2,7.3,28.59,Unknown,No,Continuous monitor,Unknown,Unknown,Absent,Present
SYN-DM-04007,Type 1,5.5,64.89,Unknown,No,Fingerstick,Yes,Present,Absent,Absent
SYN-DM-04008,Type 2,7.6,17.38,Above goal,No,Continuous monitor,Unknown,Present,Absent,Absent
SYN-DM-04009,Type 2,7.9,57.26,Unknown,No,Both,No,Present,Absent,Present
SYN-DM-04010,Type 2,5.6,62.78,Unknown,Yes,None,No,Present,Unknown,Absent
SYN-DM-04011,Type 1,0.8,44.55,Unknown,No,None,Yes,Present,Present,Absent
SYN-DM-04012,Type 2,4.2,61.85,Above goal,No,Continuous monitor,No,Absent,Unknown,Unknown
SYN-DM-04013,Type 1,9.9,41.86,Above goal,No,None,No,Absent,Absent,Absent
SYN-DM-04014,Type 2,16.4,19.74,Above goal,Yes,Fingerstick,No,Absent,Absent,Absent
SYN-DM-04015,Type 1,11.9,40.46,Unknown,Yes,None,No,Unknown,Unknown,Absent
SYN-DM-04016,Type 2,4.2,45.02,At goal,No,Continuous monitor,Yes,Present,Absent,Absent
SYN-DM-04017,Type 2,11.5,27.5,Unknown,Yes,Both,Unknown,Absent,Absent,Absent
SYN-DM-04018,Type 1,0.2,25.14,Above goal,Yes,Both,Yes,Absent,Unknown,Unknown
SYN-DM-04019,Type 2,9.1,47.15,Above goal,Yes,Both,Yes,Absent,Absent,Absent
SYN-DM-04020,Type 2,7.7,45.56,Above goal,Yes,None,Unknown,Absent,Absent,Absent
SYN-DM-04021,Type 2,11.1,30.13,Unknown,No,Fingerstick,Yes,Absent,Present,Unknown
SYN-DM-04022,Type 1,7.3,60.13,At goal,Yes,Both,Yes,Absent,Unknown,Absent
SYN-DM-04023,Type 1,4.9,37.22,At goal,Yes,Continuous monitor,No,Absent,Unknown,Absent
SYN-DM-04024,Type 1,12.2,22.42,Unknown,Yes,None,Unknown,Unknown,Absent,Present
SYN-DM-04025,Type 2,16.2,44.55,Above goal,Yes,None,Unknown,Absent,Unknown,Absent
SYN-DM-04026,Type 2,7.1,47.03,Above goal,No,Both,No,Present,Present,Present
SYN-DM-04027,Type 2,21.7,61.07,Unknown,Yes,Continuous monitor,No,Absent,Present,Absent
SYN-DM-04028,Type 2,22.9,28.65,Unknown,Yes,Both,Yes,Present,Absent,Unknown
SYN-DM-04029,Type 2,5.3,55.06,Unknown,Yes,Both,Unknown,Absent,Absent,Unknown
SYN-DM-04030,Type 2,20.9,49.8,Above goal,No,Continuous monitor,Unknown,Present,Absent,Present
SYN-DM-04031,Type 2,32.3,65.53,At goal,No,Fingerstick,Unknown,Present,Unknown,Present
SYN-DM-04032,Type 2,9.7,24.95,At goal,No,Fingerstick,Unknown,Present,Unknown,Unknown
SYN-DM-04033,Type 2,10.6,55.25,Unknown,No,Both,Unknown,Present,Unknown,Absent
SYN-DM-04034,Type 1,27.9,25.39,Above goal,Yes,Both,No,Present,Present,Absent
SYN-DM-04035,Type 1,7.6,43.13,Above goal,No,Both,Unknown,Present,Absent,Unknown
SYN-DM-04036,Type 2,6.0,31.28,Above goal,Yes,Fingerstick,No,Present,Present,Present
SYN-DM-04037,Type 2,8.6,24.95,Unknown,Yes,None,Unknown,Unknown,Present,Absent
SYN-DM-04038,Type 2,12.1,67.49,At goal,Yes,Both,Unknown,Absent,Present,Absent
SYN-DM-04039,Type 2,3.9,49.74,Unknown,Yes,Fingerstick,No,Present,Absent,Absent
SYN-DM-04040,Type 2,16.1,38.62,At goal,Yes,Fingerstick,No,Absent,Unknown,Unknown
SYN-DM-04041,Type 2,5.1,41.38,Unknown,No,Fingerstick,Unknown,Absent,Absent,Absent
SYN-DM-04042,Type 2,6.5,31.44,Unknown,No,None,Unknown,Absent,Present,Present
SYN-DM-04043,Type 1,20.6,61.77,Unknown,No,Both,Unknown,Absent,Absent,Absent
SYN-DM-04044,Type 1,7.2,27.17,At goal,No,Fingerstick,Unknown,Absent,Present,Absent
SYN-DM-04045,Type 1,28.6,56.01,Unknown,Yes,Both,Yes,Absent,Absent,Present
SYN-DM-04046,Type 1,2.4,39.13,Above goal,Yes,None,Yes,Unknown,Present,Unknown
SYN-DM-04047,Type 2,7.3,64.09,Above goal,Yes,Both,Yes,Present,Unknown,Absent
SYN-DM-04048,Type 2,18.6,42.91,At goal,No,Fingerstick,No,Unknown,Present,Present
SYN-DM-04049,Type 2,15.9,49.59,At goal,Yes,Fingerstick,Unknown,Present,Absent,Present
SYN-DM-04050,Type 2,0.2,65.49,Above goal,Yes,Both,No,Present,Unknown,Unknown
SYN-DM-04051,Type 1,8.1,14.95,Above goal,No,Continuous monitor,No,Present,Unknown,Unknown
SYN-DM-04052,Type 2,3.3,67.9,Unknown,Yes,None,Yes,Unknown,Present,Absent
SYN-DM-04053,Type 2,10.5,36.5,Unknown,Yes,None,Unknown,Present,Present,Unknown
SYN-DM-04054,Type 2,7.0,29.89,At goal,No,None,Yes,Unknown,Present,Absent
SYN-DM-04055,Type 2,19.0,15.53,At goal,Yes,Both,Unknown,Unknown,Unknown,Unknown
SYN-DM-04056,Type 1,8.2,61.08,At goal,Yes,Both,No,Absent,Absent,Present
SYN-DM-04057,Type 2,6.0,63.62,Above goal,Yes,Both,No,Unknown,Present,Present
SYN-DM-04058,Type 2,5.4,67.58,Unknown,Yes,Continuous monitor,No,Unknown,Unknown,Absent
SYN-DM-04059,Type 2,11.0,50.68,Unknown,Yes,Fingerstick,Unknown,Absent,Absent,Absent
SYN-DM-04060,Type 2,11.4,49.18,At goal,No,Both,No,Unknown,Absent,Absent
SYN-DM-04061,Type 2,18.4,21.99,Above goal,Yes,Fingerstick,Unknown,Unknown,Present,Absent
SYN-DM-04062,Type 2,11.7,56.23,Above goal,Yes,Continuous monitor,No,Present,Absent,Present
SYN-DM-04063,Type 2,0.2,34.53,Unknown,No,Both,Yes,Absent,Present,Present
SYN-DM-04064,Type 2,17.5,43.92,Above goal,No,Continuous monitor,Yes,Present,Unknown,Absent
SYN-DM-04065,Type 2,11.2,12.7,At goal,Yes,Fingerstick,Yes,Absent,Absent,Present
SYN-DM-04066,Type 2,10.0,46.63,At goal,No,Fingerstick,No,Absent,Unknown,Present
SYN-DM-04067,Type 2,2.5,21.9,Above goal,Yes,Both,Unknown,Present,Absent,Present
SYN-DM-04068,Type 2,19.5,49.14,At goal,Yes,Both,Yes,Absent,Present,Absent
SYN-DM-04069,Type 2,20.2,41.41,Above goal,No,Fingerstick,Unknown,Present,Unknown,Absent
SYN-DM-04070,Type 2,6.2,20.73,At goal,No,Both,No,Present,Present,Absent
SYN-DM-04071,Type 2,29.1,46.33,At goal,Yes,Continuous monitor,Yes,Absent,Unknown,Unknown
SYN-DM-04072,Type 2,0.2,51.92,Above goal,No,Continuous monitor,Yes,Absent,Present,Unknown
SYN-DM-04073,Type 1,17.5,25.6,Unknown,Yes,Continuous monitor,No,Unknown,Absent,Unknown
SYN-DM-04074,Type 2,12.0,21.53,Above goal,Yes,Fingerstick,Yes,Unknown,Absent,Absent
SYN-DM-04075,Type 2,18.6,28.8,Above goal,Yes,Both,Unknown,Unknown,Present,Unknown
SYN-DM-04076,Type 1,0.2,23.49,Above goal,Yes,Fingerstick,No,Present,Unknown,Absent
SYN-DM-04077,Other,17.0,49.32,Above goal,Yes,Continuous monitor,Yes,Absent,Absent,Present
SYN-DM-04078,Type 2,14.9,34.88,At goal,Yes,None,Unknown,Present,Present,Absent
SYN-DM-04079,Type 2,10.0,12.39,Unknown,No,None,Yes,Absent,Absent,Unknown
SYN-DM-04080,Type 1,12.8,42.24,At goal,Yes,Continuous monitor,No,Unknown,Absent,Absent
SYN-DM-04081,Other,0.2,19.38,Above goal,Yes,Fingerstick,No,Unknown,Present,Present
SYN-DM-04082,Type 2,21.9,29.24,At goal,Yes,Fingerstick,No,Present,Absent,Unknown
SYN-DM-04083,Type 2,23.3,33.32,Unknown,Yes,Fingerstick,Unknown,Absent,Present,Absent
SYN-DM-04084,Type 1,9.7,50.23,Unknown,Yes,Continuous monitor,Yes,Present,Absent,Absent
SYN-DM-04085,Type 2,2.5,25.95,Above goal,Yes,Both,Yes,Absent,Absent,Unknown
SYN-DM-04086,Type 2,0.2,33.03,At goal,No,Continuous monitor,Unknown,Unknown,Absent,Present
SYN-DM-04087,Type 2,11.1,21.2,At goal,No,None,Unknown,Unknown,Absent,Unknown
SYN-DM-04088,Type 2,20.5,13.1,At goal,Yes,Fingerstick,Yes,Present,Present,Absent
SYN-DM-04089,Type 1,4.0,67.47,At goal,Yes,None,No,Unknown,Unknown,Present
SYN-DM-04090,Type 2,23.7,26.17,Unknown,Yes,Fingerstick,Unknown,Unknown,Absent,Present
SYN-DM-04091,Type 1,16.9,45.58,Above goal,No,None,No,Unknown,Unknown,Present
SYN-DM-04092,Type 1,0.2,43.44,At goal,Yes,Fingerstick,No,Absent,Unknown,Unknown
SYN-DM-04093,Type 2,16.8,53.03,Unknown,No,Fingerstick,Yes,Unknown,Unknown,Absent
SYN-DM-04094,Other,9.8,37.35,Above goal,Yes,Fingerstick,No,Absent,Unknown,Present
SYN-DM-04095,Type 2,19.0,15.93,At goal,No,Continuous monitor,No,Unknown,Unknown,Present
SYN-DM-04096,Type 2,6.2,56.1,At goal,Yes,Continuous monitor,No,Unknown,Unknown,Absent
SYN-DM-04097,Type 2,16.3,63.05,At goal,Yes,None,No,Unknown,Absent,Unknown
SYN-DM-04098,Other,8.1,23.84,At goal,Yes,Fingerstick,No,Absent,Present,Absent
SYN-DM-04099,Type 2,16.7,29.23,Unknown,Yes,None,Yes,Absent,Absent,Absent
SYN-DM-04100,Type 2,0.2,35.58,Unknown,No,Continuous monitor,No,Unknown,Absent,Unknown
SYN-DM-04101,Type 2,10.8,50.72,Unknown,Yes,Continuous monitor,Unknown,Absent,Unknown,Present
SYN-DM-04102,Type 2,17.2,43.51,Unknown,Yes,Fingerstick,Yes,Absent,Absent,Present
SYN-DM-04103,Type 2,11.8,50.97,Unknown,No,Fingerstick,No,Absent,Present,Unknown
SYN-DM-04104,Gestational,6.4,56.08,Unknown,Yes,None,No,Absent,Unknown,Unknown
SYN-DM-04105,Type 2,13.2,32.26,Above goal,Yes,Both,Unknown,Present,Absent,Present
SYN-DM-04106,Type 2,5.1,12.84,At goal,Yes,Both,Unknown,Unknown,Absent,Unknown
SYN-DM-04107,Type 2,5.8,55.7,Above goal,No,None,No,Present,Absent,Present
SYN-DM-04108,Type 2,9.6,32.15,Unknown,Yes,Continuous monitor,No,Present,Present,Absent
SYN-DM-04109,Type 2,15.1,39.02,Above goal,Yes,Both,Yes,Unknown,Absent,Present
SYN-DM-04110,Type 2,11.3,47.72,Above goal,No,None,Unknown,Absent,Absent,Unknown
SYN-DM-04111,Type 2,1.4,49.72,At goal,Yes,Fingerstick,Yes,Present,Present,Present
SYN-DM-04112,Type 1,8.9,55.97,Unknown,Yes,Fingerstick,Unknown,Absent,Present,Absent
SYN-DM-04113,Type 2,17.1,30.28,At goal,Yes,Both,No,Absent,Present,Present
SYN-DM-04114,Type 2,5.8,24.12,Unknown,Yes,Fingerstick,Yes,Unknown,Absent,Unknown
SYN-DM-04115,Type 2,16.2,24.24,At goal,Yes,Continuous monitor,Yes,Present,Unknown,Unknown
SYN-DM-04116,Type 2,11.1,29.11,At goal,Yes,Both,Yes,Present,Unknown,Absent
SYN-DM-04117,Type 2,2.0,32.78,At goal,Yes,Both,Unknown,Unknown,Absent,Absent
SYN-DM-04118,Type 2,10.3,42.05,Unknown,Yes,None,No,Absent,Absent,Unknown
SYN-DM-04119,Type 2,15.9,66.23,Above goal,No,Both,Yes,Absent,Absent,Unknown
SYN-DM-04120,Type 1,16.7,42.17,Unknown,Yes,Fingerstick,Yes,Unknown,Absent,Unknown
SYN-DM-04121,Type 2,6.8,18.74,Above goal,No,Both,No,Unknown,Present,Unknown
SYN-DM-04122,Type 2,13.8,15.53,Above goal,Yes,Continuous monitor,No,Absent,Present,Present
SYN-DM-04123,Type 2,1.6,51.98,Unknown,Yes,Continuous monitor,Yes,Present,Absent,Unknown
SYN-DM-04124,Type 1,13.8,34.0,Above goal,No,Both,Unknown,Unknown,Unknown,Unknown
SYN-DM-04125,Type 2,21.5,33.55,At goal,No,Continuous monitor,Yes,Absent,Present,Unknown
SYN-DM-04126,Type 1,10.0,63.47,Above goal,Yes,Both,Yes,Unknown,Absent,Present
SYN-DM-04127,Type 2,12.0,53.82,Above goal,Yes,None,Yes,Unknown,Absent,Unknown
SYN-DM-04128,Type 2,14.9,46.63,Above goal,No,None,No,Present,Present,Present
SYN-DM-04129,Type 2,12.1,43.3,At goal,No,None,No,Present,Present,Unknown
SYN-DM-04130,Type 2,1.2,16.74,Unknown,Yes,Both,No,Unknown,Absent,Present
SYN-DM-04131,Type 2,15.5,25.92,Above goal,No,Fingerstick,No,Present,Present,Unknown
SYN-DM-04132,Type 2,1.3,27.84,Unknown,Yes,None,Yes,Unknown,Absent,Absent
SYN-DM-04133,Type 2,18.1,43.81,At goal,No,Continuous monitor,No,Present,Absent,Absent
SYN-DM-04134,Type 2,1.0,24.33,Unknown,Yes,Fingerstick,Unknown,Unknown,Unknown,Absent
SYN-DM-04135,Type 2,10.2,50.02,Unknown,Yes,None,Yes,Absent,Present,Present
SYN-DM-04136,Type 2,20.6,41.48,At goal,No,None,Yes,Unknown,Unknown,Absent
SYN-DM-04137,Type 1,12.6,27.48,Above goal,No,None,Yes,Unknown,Absent,Present
SYN-DM-04138,Type 1,7.8,34.72,Unknown,No,Both,Yes,Present,Unknown,Absent
SYN-DM-04139,Type 2,16.3,64.97,At goal,No,Both,No,Absent,Present,Absent
SYN-DM-04140,Type 1,17.0,18.74,Above goal,Yes,None,Unknown,Unknown,Present,Present
SYN-DM-04141,Type 2,4.4,59.39,At goal,Yes,Continuous monitor,No,Absent,Unknown,Absent
SYN-DM-04142,Type 2,19.4,60.19,Unknown,No,Continuous monitor,No,Present,Present,Present
SYN-DM-04143,Type 2,14.8,25.89,Above goal,Yes,Both,Yes,Unknown,Absent,Absent
SYN-DM-04144,Type 2,8.9,64.48,At goal,Yes,Fingerstick,Yes,Unknown,Absent,Absent
SYN-DM-04145,Other,17.0,41.96,Unknown,Yes,Both,Unknown,Present,Present,Present
SYN-DM-04146,Other,12.5,24.4,Unknown,No,Fingerstick,Yes,Unknown,Absent,Absent
SYN-DM-04147,Type 2,21.9,67.14,Unknown,Yes,Continuous monitor,No,Unknown,Present,Absent
SYN-DM-04148,Type 2,23.3,18.24,Above goal,No,Continuous monitor,Yes,Unknown,Present,Unknown
SYN-DM-04149,Type 2,2.3,37.99,Above goal,Yes,None,No,Absent,Unknown,Absent
SYN-DM-04150,Type 1,26.7,62.83,At goal,Yes,Fingerstick,No,Present,Present,Present
SYN-DM-04151,Type 2,4.7,16.31,Above goal,Yes,None,No,Unknown,Present,Unknown
SYN-DM-04152,Type 2,15.3,34.86,Above goal,Yes,Fingerstick,No,Absent,Unknown,Unknown
SYN-DM-04153,Other,18.2,16.3,Above goal,Yes,None,Unknown,Present,Unknown,Absent
SYN-DM-04154,Type 2,14.6,50.52,At goal,No,Both,Unknown,Present,Unknown,Absent
SYN-DM-04155,Other,10.1,35.06,At goal,Yes,Continuous monitor,No,Absent,Unknown,Unknown
SYN-DM-04156,Type 2,14.3,44.93,At goal,Yes,None,No,Present,Unknown,Unknown
SYN-DM-04157,Type 2,18.6,56.13,Above goal,Yes,Continuous monitor,Unknown,Present,Absent,Present
SYN-DM-04158,Type 2,15.3,38.1,Unknown,Yes,Both,Yes,Present,Present,Present
SYN-DM-04159,Type 2,8.1,57.12,Unknown,Yes,Fingerstick,No,Absent,Unknown,Absent
SYN-DM-04160,Type 2,12.8,12.13,Above goal,No,Both,Unknown,Present,Present,Unknown
SYN-DM-04161,Other,4.6,55.13,Unknown,No,Fingerstick,No,Present,Present,Absent
SYN-DM-04162,Type 2,4.9,66.63,Unknown,Yes,Both,Yes,Unknown,Present,Unknown
SYN-DM-04163,Type 1,12.6,17.94,Above goal,Yes,Both,No,Present,Absent,Unknown
SYN-DM-04164,Type 1,0.2,67.29,At goal,Yes,Fingerstick,No,Present,Unknown,Unknown
SYN-DM-04165,Type 2,11.9,34.37,Unknown,Yes,Fingerstick,Yes,Absent,Present,Unknown
SYN-DM-04166,Type 2,8.8,54.34,At goal,Yes,Both,Unknown,Unknown,Present,Unknown
SYN-DM-04167,Type 2,1.0,31.46,Above goal,Yes,None,Unknown,Unknown,Present,Absent
SYN-DM-04168,Type 2,17.9,46.19,Above goal,No,None,Unknown,Present,Unknown,Absent
SYN-DM-04169,Type 2,16.2,25.32,At goal,No,Both,Unknown,Absent,Present,Unknown
SYN-DM-04170,Type 1,5.0,42.11,Above goal,Yes,Both,Unknown,Unknown,Unknown,Absent
SYN-DM-04171,Type 2,11.1,34.36,Above goal,No,Both,No,Present,Unknown,Absent
SYN-DM-04172,Type 2,3.2,55.4,At goal,No,None,No,Absent,Unknown,Unknown
SYN-DM-04173,Type 1,10.3,45.29,At goal,No,Continuous monitor,Yes,Absent,Present,Present
SYN-DM-04174,Type 2,12.1,21.83,Unknown,No,Continuous monitor,No,Present,Unknown,Unknown
SYN-DM-04175,Type 1,4.4,67.03,Unknown,Yes,Both,Yes,Unknown,Absent,Absent
SYN-DM-04176,Type 1,11.3,49.28,At goal,Yes,Continuous monitor,Unknown,Unknown,Unknown,Absent
SYN-DM-04177,Type 2,14.0,62.37,At goal,No,Both,Unknown,Unknown,Unknown,Absent
SYN-DM-04178,Type 2,12.0,12.8,At goal,Yes,None,No,Unknown,Present,Absent
SYN-DM-04179,Type 2,13.0,30.7,At goal,No,Continuous monitor,No,Unknown,Absent,Absent
SYN-DM-04180,Type 1,17.6,19.89,Above goal,Yes,Both,Unknown,Present,Unknown,Present
SYN-DM-04181,Type 2,9.1,24.88,Unknown,No,Continuous monitor,Yes,Present,Present,Unknown
SYN-DM-04182,Type 2,0.2,26.99,Above goal,Yes,Both,No,Unknown,Absent,Present
SYN-DM-04183,Type 2,20.6,48.52,Unknown,No,None,No,Unknown,Unknown,Absent
SYN-DM-04184,Type 2,30.6,15.84,Unknown,No,Continuous monitor,No,Unknown,Unknown,Absent
SYN-DM-04185,Type 2,8.4,19.99,At goal,Yes,Fingerstick,No,Absent,Present,Present
SYN-DM-04186,Type 1,8.2,57.69,Above goal,Yes,Continuous monitor,Unknown,Unknown,Absent,Unknown
SYN-DM-04187,Type 2,9.3,48.77,Unknown,No,None,Yes,Unknown,Absent,Absent
SYN-DM-04188,Type 2,4.8,23.97,Unknown,No,Both,Yes,Absent,Unknown,Unknown
SYN-DM-04189,Type 1,10.8,25.64,Unknown,Yes,Continuous monitor,No,Present,Absent,Absent
SYN-DM-04190,Type 2,9.5,66.7,Unknown,Yes,Fingerstick,No,Absent,Absent,Unknown
SYN-DM-04191,Type 2,23.5,42.23,At goal,Yes,Both,No,Present,Present,Present
SYN-DM-04192,Type 1,11.3,20.86,Unknown,Yes,None,Unknown,Present,Absent,Absent
SYN-DM-04193,Type 1,10.3,43.82,Above goal,Yes,Fingerstick,Unknown,Present,Present,Present
SYN-DM-04194,Type 2,6.5,23.83,Above goal,Yes,Both,No,Absent,Present,Unknown
SYN-DM-04195,Type 2,0.2,54.86,Unknown,Yes,Fingerstick,Yes,Absent,Present,Present
SYN-DM-04196,Type 2,3.5,13.14,Unknown,Yes,Continuous monitor,Yes,Unknown,Absent,Present
SYN-DM-04197,Type 2,19.7,66.98,Unknown,No,Fingerstick,Yes,Unknown,Present,Unknown
SYN-DM-04198,Type 1,7.2,18.39,Above goal,Yes,Continuous monitor,Yes,Unknown,Unknown,Unknown
SYN-DM-04199,Type 1,10.7,50.54,Above goal,Yes,Fingerstick,Yes,Present,Present,Unknown
SYN-DM-04200,Type 2,21.6,26.63,At goal,Yes,None,Yes,Unknown,Absent,Absent
SYN-DM-04201,Other,18.4,14.7,Above goal,Yes,Both,Yes,Present,Absent,Unknown
SYN-DM-04202,Type 1,19.4,26.94,At goal,No,Fingerstick,No,Present,Absent,Present
SYN-DM-04203,Type 2,16.7,46.65,Above goal,Yes,Both,Unknown,Unknown,Absent,Unknown
SYN-DM-04204,Type 2,15.3,49.52,Unknown,No,None,No,Unknown,Unknown,Absent
SYN-DM-04205,Other,13.7,43.28,At goal,Yes,None,Unknown,Unknown,Absent,Present
SYN-DM-04206,Type 2,1.4,35.85,Above goal,Yes,Continuous monitor,No,Unknown,Unknown,Unknown
SYN-DM-04207,Type 2,0.2,59.64,Above goal,No,Continuous monitor,Yes,Present,Present,Present
SYN-DM-04208,Type 2,1.2,53.54,At goal,Yes,Fingerstick,No,Present,Unknown,Unknown
SYN-DM-04209,Type 2,12.5,64.96,Above goal,Yes,None,Unknown,Present,Unknown,Absent
SYN-DM-04210,Type 2,16.8,42.22,Unknown,Yes,Continuous monitor,No,Unknown,Unknown,Present
SYN-DM-04211,Type 2,22.8,28.87,At goal,Yes,Both,Yes,Unknown,Unknown,Absent
SYN-DM-04212,Type 2,6.3,60.8,Above goal,No,Continuous monitor,Yes,Absent,Absent,Unknown
SYN-DM-04213,Gestational,4.5,57.7,Above goal,Yes,Fingerstick,Yes,Present,Present,Unknown
SYN-DM-04214,Gestational,11.6,62.93,At goal,Yes,None,Unknown,Absent,Absent,Absent
SYN-DM-04215,Type 2,11.6,17.19,Above goal,Yes,Both,No,Unknown,Unknown,Absent
SYN-DM-04216,Type 2,20.5,62.96,Above goal,No,Fingerstick,Unknown,Absent,Present,Absent
SYN-DM-04217,Type 2,19.4,42.93,At goal,Yes,Fingerstick,Yes,Absent,Absent,Present
SYN-DM-04218,Type 2,14.1,56.77,At goal,No,Fingerstick,Yes,Present,Unknown,Absent
SYN-DM-04219,Type 2,22.1,47.16,At goal,Yes,None,Yes,Present,Unknown,Unknown
SYN-DM-04220,Type 2,10.7,18.59,At goal,Yes,Fingerstick,Unknown,Unknown,Unknown,Present
SYN-DM-04221,Type 1,5.1,63.98,At goal,No,Continuous monitor,No,Present,Present,Unknown
SYN-DM-04222,Type 2,11.9,19.25,Above goal,Yes,Continuous monitor,Yes,Present,Unknown,Unknown
SYN-DM-04223,Type 1,11.7,64.04,At goal,No,Fingerstick,No,Absent,Unknown,Unknown
SYN-DM-04224,Type 2,17.1,36.54,Above goal,Yes,None,No,Present,Absent,Unknown
SYN-DM-04225,Type 1,13.8,43.62,At goal,No,Continuous monitor,Unknown,Present,Absent,Present
SYN-DM-04226,Type 2,20.0,23.87,Above goal,Yes,None,Unknown,Present,Unknown,Unknown
SYN-DM-04227,Type 2,17.8,25.76,Unknown,No,None,Unknown,Unknown,Absent,Absent
SYN-DM-04228,Type 2,12.3,14.71,Unknown,No,Continuous monitor,No,Absent,Unknown,Absent
SYN-DM-04229,Type 2,3.5,42.84,Above goal,No,Both,No,Unknown,Present,Unknown
SYN-DM-04230,Type 2,2.5,54.88,Unknown,Yes,None,Yes,Unknown,Absent,Unknown
SYN-DM-04231,Type 2,7.3,47.71,Above goal,No,None,No,Present,Absent,Absent
SYN-DM-04232,Type 1,14.4,46.71,Above goal,No,Fingerstick,Unknown,Present,Absent,Absent
SYN-DM-04233,Type 2,15.7,33.49,Unknown,Yes,Continuous monitor,Unknown,Unknown,Unknown,Present
SYN-DM-04234,Type 2,13.6,54.78,Above goal,Yes,None,Unknown,Present,Unknown,Unknown
SYN-DM-04235,Type 2,14.1,53.15,Above goal,No,Both,No,Unknown,Absent,Absent
SYN-DM-04236,Type 2,17.5,41.86,Unknown,Yes,None,No,Absent,Unknown,Absent
SYN-DM-04237,Type 2,1.7,27.9,At goal,Yes,Fingerstick,Yes,Unknown,Present,Absent
SYN-DM-04238,Type 2,0.2,54.63,At goal,No,Both,Unknown,Absent,Unknown,Present
SYN-DM-04239,Type 2,19.5,40.28,Above goal,Yes,Fingerstick,Unknown,Present,Unknown,Absent
SYN-DM-04240,Type 2,9.6,52.59,At goal,Yes,Both,Unknown,Absent,Unknown,Present
SYN-DM-04241,Type 2,11.8,39.62,Above goal,No,Continuous monitor,Yes,Unknown,Absent,Present
SYN-DM-04242,Type 2,6.8,23.84,At goal,No,Fingerstick,Yes,Unknown,Unknown,Present
SYN-DM-04243,Type 1,17.4,27.86,At goal,Yes,None,Yes,Unknown,Present,Unknown
SYN-DM-04244,Type 2,4.4,30.57,Above goal,Yes,None,Unknown,Absent,Unknown,Unknown
SYN-DM-04245,Type 1,6.9,44.12,Unknown,Yes,Continuous monitor,Unknown,Unknown,Present,Unknown
SYN-DM-04246,Type 1,17.4,64.5,Unknown,No,Both,Unknown,Present,Present,Unknown
SYN-DM-04247,Type 2,15.5,57.61,At goal,Yes,None,Unknown,Unknown,Absent,Unknown
SYN-DM-04248,Type 2,5.4,56.99,Above goal,Yes,Both,No,Absent,Absent,Unknown
SYN-DM-04249,Type 1,14.5,44.24,At goal,Yes,Continuous monitor,No,Unknown,Present,Present
SYN-DM-04250,Type 2,11.7,31.66,Above goal,Yes,Both,No,Unknown,Unknown,Present
SYN-DM-04251,Type 1,1.5,54.89,Above goal,Yes,None,No,Present,Absent,Unknown
SYN-DM-04252,Gestational,15.9,12.65,At goal,Yes,Both,Yes,Absent,Absent,Absent
SYN-DM-04253,Type 2,11.1,56.85,At goal,Yes,Fingerstick,Unknown,Unknown,Absent,Present
SYN-DM-04254,Type 2,2.1,33.55,Above goal,Yes,Fingerstick,No,Absent,Present,Present
SYN-DM-04255,Type 2,16.4,26.45,At goal,No,Fingerstick,Unknown,Unknown,Unknown,Unknown
SYN-DM-04256,Type 1,4.0,49.77,Unknown,Yes,None,Unknown,Absent,Present,Absent
SYN-DM-04257,Type 1,0.2,55.8,Unknown,No,Both,Yes,Present,Absent,Absent
SYN-DM-04258,Type 2,10.2,42.09,Unknown,No,Continuous monitor,No,Unknown,Unknown,Absent
SYN-DM-04259,Type 2,5.2,34.6,Unknown,Yes,Both,No,Present,Unknown,Unknown
SYN-DM-04260,Type 2,23.9,37.88,Unknown,Yes,Continuous monitor,No,Unknown,Present,Absent
SYN-DM-04261,Type 2,10.0,37.61,Unknown,No,Both,Yes,Present,Unknown,Absent
SYN-DM-04262,Type 1,1.1,34.36,Above goal,Yes,Continuous monitor,Yes,Present,Unknown,Present
SYN-DM-04263,Other,2.0,19.84,Above goal,Yes,Fingerstick,No,Unknown,Present,Absent
SYN-DM-04264,Type 2,11.2,43.45,Above goal,Yes,Both,Yes,Absent,Absent,Absent
SYN-DM-04265,Type 2,13.7,15.9,Above goal,No,Both,Unknown,Present,Present,Absent
SYN-DM-04266,Type 2,0.2,65.83,Above goal,No,Both,No,Present,Present,Absent
SYN-DM-04267,Type 2,0.2,28.4,At goal,No,Both,Unknown,Absent,Present,Present
SYN-DM-04268,Type 2,4.2,30.96,At goal,No,Continuous monitor,Yes,Unknown,Absent,Present
SYN-DM-04269,Type 2,0.2,66.27,Unknown,Yes,None,Unknown,Present,Absent,Present
SYN-DM-04270,Type 2,7.1,26.82,At goal,Yes,None,No,Absent,Present,Unknown
SYN-DM-04271,Type 1,10.2,13.11,At goal,Yes,Fingerstick,Yes,Absent,Present,Unknown
SYN-DM-04272,Type 2,0.2,42.16,Unknown,No,Fingerstick,Unknown,Present,Absent,Absent
SYN-DM-04273,Type 1,7.3,18.16,At goal,No,Fingerstick,Yes,Unknown,Present,Absent
SYN-DM-04274,Type 2,14.6,44.24,Unknown,No,Both,Yes,Unknown,Unknown,Absent
SYN-DM-04275,Type 2,20.0,62.05,Above goal,No,Continuous monitor,Unknown,Absent,Absent,Absent
SYN-DM-04276,Type 2,20.1,49.7,Above goal,Yes,Continuous monitor,No,Absent,Absent,Absent
SYN-DM-04277,Other,14.6,30.82,At goal,Yes,Continuous monitor,No,Absent,Absent,Absent
SYN-DM-04278,Type 2,14.1,52.16,Above goal,No,Both,Unknown,Present,Unknown,Present
SYN-DM-04279,Type 2,27.0,59.98,At goal,No,Both,Yes,Present,Unknown,Unknown
SYN-DM-04280,Type 2,10.1,50.59,At goal,Yes,Both,Yes,Unknown,Unknown,Unknown
SYN-DM-04281,Type 2,22.2,62.91,At goal,Yes,Fingerstick,No,Present,Present,Present
SYN-DM-04282,Type 2,14.1,28.49,Above goal,Yes,Fingerstick,Yes,Unknown,Unknown,Absent
SYN-DM-04283,Type 2,9.8,16.2,At goal,No,Both,Yes,Present,Present,Unknown
SYN-DM-04284,Type 2,8.6,38.54,Unknown,No,Both,Yes,Present,Present,Unknown
SYN-DM-04285,Type 2,4.4,65.5,Unknown,No,Fingerstick,Unknown,Absent,Unknown,Present
SYN-DM-04286,Type 2,4.2,58.51,Above goal,No,Continuous monitor,Yes,Absent,Present,Unknown
SYN-DM-04287,Type 2,2.1,55.94,At goal,Yes,None,Unknown,Absent,Unknown,Unknown
SYN-DM-04288,Type 2,14.5,23.24,Unknown,Yes,Both,No,Unknown,Unknown,Unknown
SYN-DM-04289,Type 2,15.8,50.41,At goal,Yes,None,Yes,Present,Absent,Present
SYN-DM-04290,Type 2,2.4,52.55,Unknown,Yes,None,Yes,Absent,Absent,Absent
SYN-DM-04291,Type 2,28.6,12.64,Above goal,No,Both,Unknown,Absent,Unknown,Unknown
SYN-DM-04292,Type 2,0.2,25.76,Above goal,No,Fingerstick,Yes,Absent,Absent,Absent
SYN-DM-04293,Type 2,6.0,31.14,Above goal,Yes,Fingerstick,Unknown,Absent,Absent,Unknown
SYN-DM-04294,Type 1,12.9,59.42,Above goal,Yes,None,No,Present,Unknown,Present
SYN-DM-04295,Type 1,0.4,33.25,Above goal,No,Both,Unknown,Absent,Unknown,Unknown
SYN-DM-04296,Type 2,18.5,43.71,Above goal,No,Both,Unknown,Absent,Present,Unknown
SYN-DM-04297,Type 2,9.4,25.0,Unknown,No,Fingerstick,Yes,Absent,Present,Present
SYN-DM-04298,Type 2,10.5,42.76,At goal,Yes,Fingerstick,Unknown,Present,Absent,Absent
SYN-DM-04299,Type 2,11.6,21.22,At goal,Yes,Both,Yes,Unknown,Absent,Present
SYN-DM-04300,Type 2,18.9,61.0,At goal,No,Both,Unknown,Absent,Unknown,Unknown
SYN-DM-04301,Type 2,16.6,57.18,At goal,Yes,Both,Unknown,Absent,Unknown,Present
SYN-DM-04302,Type 2,7.6,50.63,At goal,No,Both,Unknown,Unknown,Unknown,Absent
SYN-DM-04303,Type 2,6.9,38.69,At goal,Yes,Continuous monitor,Unknown,Unknown,Unknown,Unknown
SYN-DM-04304,Type 2,0.2,60.56,Above goal,Yes,Fingerstick,Yes,Unknown,Unknown,Present
SYN-DM-04305,Type 2,10.6,42.4,At goal,Yes,Continuous monitor,Unknown,Unknown,Present,Present
SYN-DM-04306,Type 1,8.8,34.77,Above goal,Yes,Both,Unknown,Present,Present,Present
SYN-DM-04307,Type 2,17.3,50.59,At goal,No,Continuous monitor,Yes,Present,Unknown,Present
SYN-DM-04308,Type 2,10.3,17.54,At goal,No,Fingerstick,Unknown,Unknown,Unknown,Absent
SYN-DM-04309,Type 2,3.3,26.1,Unknown,No,Both,Unknown,Present,Absent,Unknown
SYN-DM-04310,Type 1,9.7,16.14,At goal,No,None,Unknown,Present,Unknown,Absent
SYN-DM-04311,Type 1,4.7,28.3,Unknown,Yes,Fingerstick,No,Absent,Absent,Unknown
SYN-DM-04312,Type 2,9.6,52.56,Unknown,Yes,Continuous monitor,Yes,Absent,Unknown,Present
SYN-DM-04313,Type 2,21.2,36.58,Unknown,Yes,Fingerstick,Yes,Absent,Present,Absent
SYN-DM-04314,Type 1,15.2,62.49,At goal,Yes,Fingerstick,Unknown,Present,Unknown,Present
SYN-DM-04315,Type 2,0.9,67.7,At goal,No,None,No,Unknown,Unknown,Absent
SYN-DM-04316,Type 2,10.7,57.4,Unknown,Yes,Continuous monitor,Unknown,Present,Absent,Present
SYN-DM-04317,Type 2,17.9,65.18,Above goal,Yes,None,Yes,Unknown,Absent,Unknown
SYN-DM-04318,Type 2,18.3,27.94,Above goal,Yes,Fingerstick,No,Absent,Absent,Unknown
SYN-DM-04319,Type 2,20.6,15.86,Unknown,Yes,None,Yes,Absent,Unknown,Present
SYN-DM-04320,Type 2,16.2,60.84,At goal,Yes,Both,Yes,Unknown,Absent,Unknown
SYN-DM-04321,Type 1,19.8,59.76,At goal,Yes,Continuous monitor,Yes,Present,Present,Absent
SYN-DM-04322,Type 2,20.3,34.34,Unknown,No,None,Yes,Absent,Present,Present
SYN-DM-04323,Type 2,16.0,31.12,At goal,No,Both,No,Absent,Absent,Unknown
SYN-DM-04324,Type 2,1.4,49.03,At goal,No,Continuous monitor,No,Unknown,Unknown,Absent
SYN-DM-04325,Type 2,7.3,13.72,Unknown,Yes,Continuous monitor,No,Unknown,Unknown,Unknown
SYN-DM-04326,Type 2,12.6,27.93,Above goal,No,Continuous monitor,Yes,Present,Present,Unknown
SYN-DM-04327,Type 2,7.9,53.7,Above goal,Yes,Both,No,Present,Absent,Unknown
SYN-DM-04328,Type 1,21.4,53.98,Unknown,No,Fingerstick,Yes,Unknown,Unknown,Unknown
SYN-DM-04329,Type 2,13.7,42.46,Above goal,Yes,Both,Yes,Absent,Present,Absent
SYN-DM-04330,Other,14.8,45.47,Unknown,Yes,Continuous monitor,Unknown,Present,Unknown,Absent
SYN-DM-04331,Type 2,12.7,37.04,Unknown,No,Continuous monitor,Yes,Absent,Present,Absent
SYN-DM-04332,Type 2,9.0,56.02,Above goal,No,Fingerstick,Unknown,Unknown,Unknown,Present
SYN-DM-04333,Other,14.4,48.86,At goal,Yes,None,No,Absent,Present,Absent
SYN-DM-04334,Type 2,15.2,31.37,At goal,No,Both,Yes,Present,Unknown,Present
SYN-DM-04335,Type 2,26.1,47.91,Above goal,Yes,None,Unknown,Absent,Unknown,Absent
SYN-DM-04336,Type 1,18.2,66.64,At goal,Yes,Continuous monitor,Yes,Unknown,Absent,Present
SYN-DM-04337,Type 2,11.6,41.01,Above goal,Yes,Continuous monitor,Unknown,Unknown,Absent,Present
SYN-DM-04338,Type 1,7.4,59.58,Above goal,Yes,Fingerstick,No,Present,Absent,Unknown
SYN-DM-04339,Type 1,8.7,40.87,At goal,Yes,Both,Yes,Present,Absent,Present
SYN-DM-04340,Type 2,6.4,13.73,At goal,Yes,Fingerstick,Yes,Unknown,Absent,Absent
SYN-DM-04341,Type 2,3.4,66.17,Unknown,No,Fingerstick,Unknown,Present,Unknown,Unknown
SYN-DM-04342,Type 2,20.3,22.66,Unknown,Yes,Fingerstick,Yes,Unknown,Present,Present
SYN-DM-04343,Type 2,0.2,47.24,Above goal,Yes,None,Yes,Unknown,Absent,Absent
SYN-DM-04344,Other,38.2,40.91,Above goal,Yes,Continuous monitor,No,Present,Unknown,Present
SYN-DM-04345,Type 2,13.2,41.05,Unknown,Yes,Both,No,Present,Present,Unknown
SYN-DM-04346,Gestational,0.2,59.98,Unknown,Yes,Continuous monitor,Yes,Present,Absent,Absent
SYN-DM-04347,Type 1,28.0,47.29,Above goal,Yes,Both,Unknown,Unknown,Present,Present
SYN-DM-04348,Type 2,7.1,25.66,Unknown,No,Both,Unknown,Absent,Absent,Present
SYN-DM-04349,Type 2,13.0,60.88,At goal,Yes,Fingerstick,Unknown,Unknown,Unknown,Unknown
SYN-DM-04350,Type 2,17.0,65.75,At goal,Yes,None,No,Present,Unknown,Absent
SYN-DM-04351,Type 1,0.4,61.52,Unknown,Yes,Both,Unknown,Absent,Present,Present
SYN-DM-04352,Gestational,10.4,22.86,Above goal,Yes,None,Yes,Present,Unknown,Unknown
SYN-DM-04353,Type 1,16.9,26.82,At goal,Yes,None,Yes,Unknown,Unknown,Present
SYN-DM-04354,Type 2,12.1,41.35,Unknown,Yes,None,Unknown,Unknown,Present,Unknown
SYN-DM-04355,Type 2,6.9,47.7,Unknown,Yes,None,No,Unknown,Present,Present
SYN-DM-04356,Type 2,17.0,17.73,Unknown,No,None,Unknown,Absent,Unknown,Absent
SYN-DM-04357,Type 2,10.9,47.49,Unknown,No,Continuous monitor,Unknown,Unknown,Unknown,Present
SYN-DM-04358,Type 2,11.2,54.35,Unknown,No,Continuous monitor,Unknown,Unknown,Unknown,Absent
SYN-DM-04359,Type 2,12.8,14.6,At goal,Yes,Both,Yes,Unknown,Unknown,Present
SYN-DM-04360,Type 2,6.4,60.93,At goal,No,Continuous monitor,Unknown,Unknown,Present,Present
SYN-DM-04361,Type 2,27.6,63.55,Unknown,No,Continuous monitor,Yes,Present,Present,Unknown
SYN-DM-04362,Type 1,6.2,48.1,Unknown,No,Continuous monitor,No,Unknown,Absent,Absent
SYN-DM-04363,Type 2,24.3,59.1,Unknown,Yes,None,Unknown,Absent,Absent,Present
SYN-DM-04364,Type 1,6.5,33.68,Above goal,No,None,No,Present,Unknown,Absent
SYN-DM-04365,Type 2,10.3,61.19,At goal,Yes,Continuous monitor,Unknown,Unknown,Present,Unknown
SYN-DM-04366,Type 2,0.2,30.91,Above goal,Yes,Fingerstick,Yes,Absent,Absent,Unknown
SYN-DM-04367,Type 2,10.6,12.51,Unknown,Yes,Both,Unknown,Present,Absent,Present
SYN-DM-04368,Type 2,16.2,17.08,Unknown,No,None,No,Unknown,Absent,Absent
SYN-DM-04369,Type 2,12.1,14.77,Above goal,Yes,Both,Unknown,Absent,Absent,Unknown
SYN-DM-04370,Type 2,8.3,59.3,Above goal,Yes,Fingerstick,Unknown,Unknown,Present,Absent
SYN-DM-04371,Type 2,3.1,54.21,Above goal,Yes,None,Unknown,Absent,Present,Absent
SYN-DM-04372,Type 2,3.4,17.71,Unknown,Yes,Continuous monitor,No,Present,Unknown,Unknown
SYN-DM-04373,Type 2,10.6,56.6,At goal,Yes,Both,Yes,Present,Absent,Present
SYN-DM-04374,Type 2,17.5,45.13,Above goal,Yes,Continuous monitor,No,Present,Present,Absent
SYN-DM-04375,Type 1,15.1,32.58,Unknown,Yes,Both,No,Present,Present,Absent
SYN-DM-04376,Type 2,19.9,40.22,Above goal,Yes,None,Unknown,Absent,Unknown,Absent
SYN-DM-04377,Type 2,5.9,61.95,At goal,Yes,Both,No,Absent,Absent,Unknown
SYN-DM-04378,Type 2,0.2,65.03,Above goal,No,None,No,Unknown,Absent,Unknown
SYN-DM-04379,Type 2,0.2,15.98,At goal,No,None,Unknown,Unknown,Unknown,Present
SYN-DM-04380,Other,13.5,59.15,Above goal,Yes,Continuous monitor,Yes,Absent,Present,Present
SYN-DM-04381,Type 1,5.4,29.89,Unknown,Yes,Both,No,Present,Present,Absent
SYN-DM-04382,Type 2,9.9,58.7,At goal,Yes,Fingerstick,Unknown,Unknown,Unknown,Present
SYN-DM-04383,Type 2,1.9,13.67,Unknown,No,Both,No,Absent,Present,Present
SYN-DM-04384,Type 1,0.2,41.95,At goal,No,Continuous monitor,Yes,Unknown,Present,Absent
SYN-DM-04385,Type 2,2.9,61.45,Above goal,Yes,Both,Unknown,Unknown,Unknown,Present
SYN-DM-04386,Gestational,14.4,54.69,Above goal,Yes,Continuous monitor,Unknown,Unknown,Present,Unknown
SYN-DM-04387,Other,12.6,53.04,Unknown,Yes,Fingerstick,No,Absent,Absent,Unknown
SYN-DM-04388,Other,12.3,38.4,Unknown,Yes,Both,Yes,Absent,Absent,Present
SYN-DM-04389,Type 1,0.2,48.75,At goal,Yes,Fingerstick,Unknown,Absent,Absent,Absent
SYN-DM-04390,Type 2,15.0,29.82,Above goal,No,None,Unknown,Unknown,Unknown,Absent
SYN-DM-04391,Type 2,12.2,25.68,Above goal,No,None,Yes,Absent,Unknown,Unknown
SYN-DM-04392,Type 2,3.5,20.44,At goal,No,Fingerstick,No,Present,Unknown,Unknown
SYN-DM-04393,Type 2,17.2,14.41,At goal,Yes,Continuous monitor,Unknown,Present,Unknown,Unknown
SYN-DM-04394,Other,12.3,17.95,Above goal,Yes,Both,Yes,Unknown,Unknown,Present
SYN-DM-04395,Type 2,2.7,45.46,Unknown,No,Fingerstick,Unknown,Unknown,Absent,Absent
SYN-DM-04396,Type 2,11.0,45.33,Above goal,No,Both,No,Absent,Absent,Present
SYN-DM-04397,Type 2,14.3,60.24,Above goal,Yes,None,No,Present,Unknown,Present
SYN-DM-04398,Type 2,12.4,32.58,Above goal,No,Both,No,Unknown,Unknown,Unknown
SYN-DM-04399,Type 1,7.4,44.14,Above goal,Yes,Both,Yes,Present,Present,Unknown
SYN-DM-04400,Gestational,37.4,24.0,Unknown,Yes,Continuous monitor,Unknown,Present,Absent,Present
SYN-DM-04401,Type 2,0.2,32.87,At goal,Yes,Continuous monitor,No,Present,Present,Unknown
SYN-DM-04402,Type 2,19.6,48.08,Above goal,Yes,Fingerstick,Unknown,Unknown,Unknown,Unknown
SYN-DM-04403,Type 2,1.6,14.59,Above goal,Yes,Fingerstick,No,Unknown,Unknown,Absent
SYN-DM-04404,Type 2,19.7,44.73,Unknown,No,Continuous monitor,Unknown,Present,Absent,Absent
SYN-DM-04405,Gestational,13.4,34.55,Unknown,Yes,Both,No,Present,Present,Absent
SYN-DM-04406,Type 2,9.4,37.57,At goal,No,Fingerstick,No,Present,Unknown,Present
SYN-DM-04407,Type 1,15.8,44.2,Unknown,Yes,Fingerstick,Unknown,Present,Unknown,Absent
SYN-DM-04408,Type 2,18.5,32.93,Above goal,No,None,Unknown,Absent,Absent,Unknown
SYN-DM-04409,Type 2,0.4,33.8,Above goal,Yes,Continuous monitor,Yes,Absent,Unknown,Absent
SYN-DM-04410,Type 1,9.8,35.17,Above goal,Yes,Both,Yes,Absent,Present,Unknown
SYN-DM-04411,Type 2,23.3,35.02,Above goal,No,Fingerstick,No,Absent,Unknown,Present
SYN-DM-04412,Other,21.4,24.9,At goal,No,Both,No,Present,Unknown,Absent
SYN-DM-04413,Type 1,7.9,39.1,Above goal,Yes,Continuous monitor,Yes,Unknown,Present,Present
SYN-DM-04414,Other,17.6,20.55,Unknown,Yes,None,Unknown,Present,Absent,Unknown
SYN-DM-04415,Other,4.1,53.09,Above goal,Yes,Continuous monitor,Unknown,Unknown,Present,Present
SYN-DM-04416,Type 2,8.1,16.83,Above goal,Yes,None,Yes,Absent,Present,Absent
SYN-DM-04417,Type 2,10.9,14.23,Above goal,No,Both,Yes,Present,Absent,Absent
SYN-DM-04418,Type 2,25.1,61.88,At goal,Yes,Continuous monitor,Yes,Absent,Absent,Unknown
SYN-DM-04419,Type 2,26.9,61.03,At goal,No,Fingerstick,Unknown,Absent,Absent,Present
SYN-DM-04420,Type 1,11.3,17.58,Unknown,Yes,None,No,Absent,Absent,Present
SYN-DM-04421,Type 2,13.7,40.22,Unknown,No,Fingerstick,No,Absent,Present,Unknown
SYN-DM-04422,Type 2,0.2,36.25,At goal,Yes,Fingerstick,No,Absent,Unknown,Present
SYN-DM-04423,Type 2,0.6,50.01,Unknown,No,Both,Unknown,Present,Present,Absent
SYN-DM-04424,Type 1,26.7,63.88,Above goal,No,None,Yes,Unknown,Unknown,Unknown
SYN-DM-04425,Type 2,7.1,13.34,At goal,No,None,No,Unknown,Unknown,Present
SYN-DM-04426,Type 2,5.9,23.16,At goal,Yes,Continuous monitor,No,Absent,Absent,Absent
SYN-DM-04427,Type 2,7.2,19.66,At goal,Yes,Continuous monitor,No,Present,Absent,Absent
SYN-DM-04428,Type 2,27.0,50.52,Unknown,Yes,Continuous monitor,Unknown,Unknown,Present,Present
SYN-DM-04429,Other,7.2,50.49,At goal,Yes,Both,Yes,Unknown,Present,Absent
SYN-DM-04430,Type 2,2.3,35.79,Above goal,No,Continuous monitor,Unknown,Absent,Unknown,Unknown
SYN-DM-04431,Type 2,12.2,64.71,Unknown,No,Continuous monitor,No,Unknown,Present,Unknown
SYN-DM-04432,Type 2,5.9,53.64,At goal,No,Continuous monitor,Unknown,Present,Present,Present
SYN-DM-04433,Type 2,8.8,35.93,Above goal,Yes,None,Yes,Unknown,Absent,Unknown
SYN-DM-04434,Type 2,0.2,34.61,Above goal,No,None,No,Present,Unknown,Absent
SYN-DM-04435,Type 2,0.2,21.27,Above goal,No,None,Yes,Absent,Absent,Unknown
SYN-DM-04436,Type 2,6.8,16.13,Above goal,Yes,Continuous monitor,Yes,Present,Unknown,Present
SYN-DM-04437,Other,10.2,20.82,At goal,Yes,Fingerstick,No,Present,Unknown,Present
SYN-DM-04438,Type 1,10.4,50.52,Unknown,Yes,Fingerstick,Yes,Absent,Unknown,Unknown
SYN-DM-04439,Type 1,17.2,25.18,At goal,Yes,Both,Yes,Present,Unknown,Unknown
SYN-DM-04440,Gestational,1.8,50.35,Unknown,Yes,Both,Yes,Unknown,Absent,Unknown
SYN-DM-04441,Type 2,10.9,16.85,Unknown,No,Continuous monitor,No,Absent,Unknown,Present
SYN-DM-04442,Type 2,0.2,15.3,At goal,Yes,Fingerstick,No,Present,Present,Unknown
SYN-DM-04443,Gestational,10.4,53.17,Above goal,Yes,Continuous monitor,No,Unknown,Present,Present
SYN-DM-04444,Type 2,10.7,39.1,At goal,No,None,Yes,Unknown,Present,Absent
SYN-DM-04445,Type 1,10.1,62.84,Unknown,Yes,Continuous monitor,Unknown,Absent,Absent,Unknown
SYN-DM-04446,Type 2,14.0,34.21,Unknown,Yes,Continuous monitor,No,Absent,Present,Absent
SYN-DM-04447,Type 1,0.2,23.13,Above goal,Yes,Fingerstick,Yes,Unknown,Present,Present
SYN-DM-04448,Other,9.8,27.24,Above goal,Yes,None,Yes,Unknown,Present,Present
SYN-DM-04449,Type 1,1.5,63.17,At goal,No,Both,No,Unknown,Present,Absent
SYN-DM-04450,Type 2,7.2,34.0,At goal,Yes,Continuous monitor,Yes,Unknown,Present,Present
SYN-DM-04451,Type 2,17.8,23.37,At goal,Yes,Fingerstick,Yes,Unknown,Absent,Unknown
SYN-DM-04452,Type 2,14.9,12.26,At goal,Yes,Continuous monitor,Yes,Unknown,Absent,Present
SYN-DM-04453,Type 2,6.6,16.58,Above goal,Yes,Continuous monitor,Yes,Unknown,Unknown,Absent
SYN-DM-04454,Type 2,14.4,13.38,Unknown,Yes,None,Yes,Absent,Unknown,Present
SYN-DM-04455,Type 2,22.7,56.85,Above goal,No,None,Yes,Absent,Present,Present
SYN-DM-04456,Type 2,15.5,14.59,At goal,Yes,None,No,Absent,Absent,Absent
SYN-DM-04457,Type 2,0.3,33.25,Unknown,No,Fingerstick,Unknown,Absent,Present,Unknown
SYN-DM-04458,Type 2,1.7,17.84,Unknown,Yes,Continuous monitor,Yes,Present,Unknown,Absent
SYN-DM-04459,Type 2,11.1,17.46,Unknown,Yes,Continuous monitor,No,Unknown,Present,Unknown
SYN-DM-04460,Other,11.3,67.32,Unknown,Yes,None,No,Unknown,Absent,Present
SYN-DM-04461,Type 1,14.3,63.24,Unknown,Yes,Fingerstick,No,Unknown,Absent,Absent
SYN-DM-04462,Type 2,10.9,31.75,Above goal,No,Continuous monitor,Yes,Present,Unknown,Unknown
SYN-DM-04463,Type 2,6.7,65.63,Above goal,No,Both,No,Present,Absent,Unknown
SYN-DM-04464,Type 2,3.7,25.98,Unknown,No,None,No,Absent,Absent,Absent
SYN-DM-04465,Type 2,6.0,57.76,Unknown,No,Fingerstick,No,Unknown,Absent,Present
SYN-DM-04466,Type 2,3.1,28.78,Above goal,No,Both,No,Absent,Unknown,Unknown
SYN-DM-04467,Type 2,0.2,22.84,At goal,No,None,Unknown,Present,Unknown,Absent
SYN-DM-04468,Type 2,16.3,64.9,Unknown,Yes,None,Yes,Absent,Unknown,Present
SYN-DM-04469,Type 2,0.2,53.23,Unknown,No,Continuous monitor,Unknown,Present,Absent,Unknown
SYN-DM-04470,Type 2,16.7,46.58,Unknown,No,Both,Yes,Present,Unknown,Absent
SYN-DM-04471,Type 2,7.1,29.03,At goal,No,Continuous monitor,Yes,Present,Absent,Present
SYN-DM-04472,Type 2,11.6,13.97,At goal,Yes,Both,Yes,Unknown,Absent,Absent
SYN-DM-04473,Type 2,4.6,57.04,Unknown,Yes,Continuous monitor,Yes,Unknown,Absent,Absent
SYN-DM-04474,Type 2,13.2,31.91,Above goal,Yes,Fingerstick,Yes,Absent,Unknown,Absent
SYN-DM-04475,Type 2,13.4,43.18,Above goal,Yes,Fingerstick,Yes,Absent,Absent,Present
SYN-DM-04476,Type 2,16.2,26.25,Above goal,Yes,Fingerstick,Unknown,Absent,Unknown,Absent
SYN-DM-04477,Type 2,10.2,48.74,Unknown,No,Continuous monitor,Yes,Unknown,Absent,Unknown
SYN-DM-04478,Type 2,4.9,67.97,Unknown,Yes,None,Unknown,Absent,Unknown,Absent
SYN-DM-04479,Type 1,6.8,67.16,Above goal,No,Both,Yes,Unknown,Present,Present
SYN-DM-04480,Type 2,4.3,50.09,At goal,Yes,Fingerstick,Yes,Present,Absent,Present
SYN-DM-04481,Type 2,22.2,63.95,Above goal,Yes,Continuous monitor,No,Absent,Present,Absent
SYN-DM-04482,Type 2,14.3,17.73,At goal,Yes,Both,Yes,Present,Absent,Present
SYN-DM-04483,Type 1,5.2,30.2,Unknown,Yes,Both,Yes,Absent,Unknown,Unknown
SYN-DM-04484,Type 2,25.3,51.12,Above goal,Yes,Continuous monitor,No,Present,Present,Unknown
SYN-DM-04485,Type 2,5.4,20.32,At goal,Yes,Fingerstick,Yes,Absent,Present,Absent
SYN-DM-04486,Gestational,8.8,30.19,Above goal,Yes,Fingerstick,No,Absent,Present,Absent
SYN-DM-04487,Type 2,8.8,64.83,Unknown,No,Continuous monitor,No,Absent,Absent,Absent
SYN-DM-04488,Type 2,10.4,63.69,Above goal,No,Continuous monitor,Yes,Unknown,Present,Absent
SYN-DM-04489,Type 2,11.8,61.2,Above goal,Yes,Both,Unknown,Absent,Unknown,Unknown
SYN-DM-04490,Type 1,17.6,51.0,At goal,Yes,Fingerstick,No,Absent,Unknown,Unknown
SYN-DM-04491,Type 2,14.5,15.91,Above goal,No,Fingerstick,Yes,Absent,Absent,Present
SYN-DM-04492,Type 2,13.4,26.9,Above goal,No,None,Unknown,Absent,Present,Absent
SYN-DM-04493,Type 2,13.2,45.83,Unknown,No,Fingerstick,Unknown,Present,Unknown,Present
SYN-DM-04494,Type 2,0.2,49.61,Unknown,No,None,Yes,Present,Unknown,Present
SYN-DM-04495,Type 2,13.6,22.97,At goal,Yes,None,No,Absent,Absent,Unknown
SYN-DM-04496,Type 2,10.0,19.34,Above goal,Yes,None,Unknown,Absent,Absent,Unknown
SYN-DM-04497,Type 2,11.0,43.92,Unknown,Yes,None,Yes,Unknown,Absent,Unknown
SYN-DM-04498,Type 2,4.7,34.79,Unknown,No,Both,No,Unknown,Unknown,Absent
SYN-DM-04499,Type 2,16.6,63.68,Above goal,No,Both,Yes,Unknown,Unknown,Absent
SYN-DM-04500,Type 2,19.3,27.45,Unknown,Yes,Fingerstick,Unknown,Present,Present,Absent
SYN-DM-04501,Type 2,17.2,38.41,Above goal,No,Both,No,Absent,Unknown,Absent
SYN-DM-04502,Type 1,17.1,60.29,Unknown,No,Both,Yes,Unknown,Unknown,Unknown
SYN-DM-04503,Type 2,14.1,56.73,Unknown,Yes,Fingerstick,Unknown,Unknown,Present,Unknown
SYN-DM-04504,Other,17.1,54.26,Above goal,Yes,None,No,Present,Present,Absent
SYN-DM-04505,Type 2,15.1,44.45,Above goal,No,Continuous monitor,Yes,Present,Present,Present
SYN-DM-04506,Type 2,0.2,20.93,Above goal,No,Fingerstick,Unknown,Present,Absent,Present
SYN-DM-04507,Type 2,11.9,47.27,Above goal,No,Both,Unknown,Absent,Unknown,Absent
SYN-DM-04508,Type 2,15.1,22.56,Unknown,Yes,Fingerstick,Yes,Unknown,Present,Absent
SYN-DM-04509,Type 2,18.1,13.81,At goal,Yes,None,Unknown,Unknown,Present,Present
SYN-DM-04510,Type 2,7.8,27.44,Above goal,No,None,No,Absent,Present,Absent
SYN-DM-04511,Type 2,10.8,12.9,Unknown,Yes,Fingerstick,Yes,Unknown,Absent,Absent
SYN-DM-04512,Type 1,0.2,47.78,Above goal,Yes,Fingerstick,Yes,Absent,Absent,Absent
SYN-DM-04513,Type 2,16.8,43.39,Unknown,No,Fingerstick,Unknown,Absent,Present,Present
SYN-DM-04514,Type 2,10.3,56.32,Above goal,Yes,Both,Yes,Present,Present,Present
SYN-DM-04515,Type 2,0.2,55.03,Above goal,Yes,None,Yes,Present,Absent,Present
SYN-DM-04516,Type 2,12.3,54.14,Above goal,Yes,Fingerstick,Unknown,Absent,Absent,Present
SYN-DM-04517,Type 2,31.4,62.01,Above goal,Yes,Fingerstick,Yes,Absent,Unknown,Absent
SYN-DM-04518,Type 2,21.5,50.06,Unknown,No,Both,Yes,Unknown,Absent,Present
SYN-DM-04519,Type 2,0.2,63.78,Unknown,Yes,Both,Unknown,Present,Absent,Present
SYN-DM-04520,Type 2,5.2,24.82,At goal,Yes,Both,No,Absent,Present,Absent
SYN-DM-04521,Type 2,9.6,22.14,Unknown,No,Continuous monitor,No,Unknown,Unknown,Present
SYN-DM-04522,Type 2,1.5,26.72,Unknown,No,Continuous monitor,No,Absent,Present,Present
SYN-DM-04523,Type 2,15.1,58.91,Above goal,No,None,No,Present,Unknown,Present
SYN-DM-04524,Type 2,4.1,18.12,At goal,Yes,Continuous monitor,No,Present,Unknown,Absent
SYN-DM-04525,Type 1,14.1,21.81,At goal,Yes,Continuous monitor,Yes,Unknown,Unknown,Unknown
SYN-DM-04526,Type 2,0.2,55.58,Above goal,Yes,Both,Yes,Unknown,Absent,Unknown
SYN-DM-04527,Type 2,2.4,34.08,Above goal,No,None,Yes,Present,Unknown,Unknown
SYN-DM-04528,Type 2,5.3,21.15,At goal,Yes,None,Yes,Absent,Present,Unknown
SYN-DM-04529,Type 2,18.4,12.1,Unknown,No,Both,Unknown,Unknown,Unknown,Absent
SYN-DM-04530,Type 2,16.5,35.67,Above goal,Yes,Continuous monitor,Yes,Present,Present,Unknown
SYN-DM-04531,Type 2,0.2,42.28,Above goal,Yes,Fingerstick,No,Present,Present,Unknown
SYN-DM-04532,Type 1,11.2,67.12,Unknown,Yes,Both,Yes,Present,Present,Unknown
SYN-DM-04533,Type 1,10.9,62.22,At goal,Yes,None,No,Absent,Present,Unknown
SYN-DM-04534,Type 2,0.2,36.99,Above goal,Yes,None,No,Absent,Absent,Absent
SYN-DM-04535,Type 2,5.3,36.89,At goal,No,Fingerstick,No,Unknown,Present,Absent
SYN-DM-04536,Gestational,8.7,48.15,Unknown,Yes,None,Yes,Unknown,Unknown,Absent
SYN-DM-04537,Type 2,20.3,65.85,At goal,Yes,None,Unknown,Absent,Absent,Unknown
SYN-DM-04538,Type 2,26.5,15.29,Above goal,No,Both,Unknown,Unknown,Present,Present
SYN-DM-04539,Gestational,7.6,34.78,Unknown,Yes,Both,No,Absent,Absent,Present
SYN-DM-04540,Type 2,6.1,29.46,Unknown,No,Both,No,Present,Absent,Unknown
SYN-DM-04541,Type 2,12.6,49.25,Unknown,No,None,Yes,Present,Absent,Present
SYN-DM-04542,Type 2,19.8,14.6,Above goal,No,Both,No,Present,Present,Unknown
SYN-DM-04543,Type 1,12.6,33.55,Above goal,Yes,None,No,Present,Present,Absent
SYN-DM-04544,Type 2,14.5,57.98,Unknown,No,Both,Unknown,Present,Present,Present
SYN-DM-04545,Type 1,17.8,67.24,Above goal,No,None,No,Present,Present,Absent
SYN-DM-04546,Type 2,5.8,23.95,Unknown,Yes,Fingerstick,Unknown,Present,Present,Absent
SYN-DM-04547,Type 2,23.0,48.18,At goal,Yes,Fingerstick,No,Absent,Absent,Unknown
SYN-DM-04548,Type 2,5.4,48.54,At goal,No,Continuous monitor,Unknown,Unknown,Absent,Present
SYN-DM-04549,Type 1,16.9,57.69,Unknown,No,Both,Yes,Unknown,Unknown,Unknown
SYN-DM-04550,Type 1,1.0,22.11,Unknown,Yes,Continuous monitor,No,Present,Unknown,Absent
SYN-DM-04551,Type 2,11.2,18.55,Unknown,No,Continuous monitor,No,Present,Absent,Unknown
SYN-DM-04552,Type 1,3.9,62.03,Unknown,No,Both,No,Present,Present,Unknown
SYN-DM-04553,Type 1,19.7,15.45,At goal,No,Both,Yes,Present,Present,Absent
SYN-DM-04554,Type 2,8.6,38.15,Unknown,No,Both,Yes,Unknown,Present,Unknown
SYN-DM-04555,Type 2,21.2,16.12,Unknown,No,Fingerstick,Yes,Absent,Absent,Absent
SYN-DM-04556,Type 2,3.6,24.38,Unknown,Yes,None,Yes,Absent,Present,Absent
SYN-DM-04557,Type 2,9.9,14.29,Above goal,No,Fingerstick,Yes,Absent,Absent,Present
SYN-DM-04558,Type 2,2.3,37.87,Unknown,Yes,Fingerstick,Unknown,Present,Present,Unknown
SYN-DM-04559,Type 2,1.8,39.63,Unknown,Yes,Both,Yes,Absent,Present,Present
SYN-DM-04560,Type 2,7.2,67.67,Unknown,Yes,None,Yes,Absent,Unknown,Absent
SYN-DM-04561,Type 2,12.3,43.9,Unknown,Yes,Fingerstick,Yes,Absent,Absent,Present
SYN-DM-04562,Type 1,20.5,65.48,At goal,Yes,Continuous monitor,Unknown,Present,Absent,Unknown
SYN-DM-04563,Type 2,8.0,15.27,Unknown,Yes,Continuous monitor,Unknown,Unknown,Present,Absent
SYN-DM-04564,Type 1,10.6,64.67,At goal,No,Both,No,Present,Present,Present
SYN-DM-04565,Type 2,15.7,34.07,Above goal,No,None,No,Unknown,Absent,Unknown
SYN-DM-04566,Type 1,8.3,50.47,At goal,Yes,Both,No,Present,Absent,Present
SYN-DM-04567,Type 2,4.8,49.18,At goal,Yes,Both,Unknown,Absent,Absent,Present
SYN-DM-04568,Type 2,11.0,62.16,Unknown,Yes,Continuous monitor,Yes,Absent,Unknown,Present
SYN-DM-04569,Type 2,15.5,40.86,Above goal,No,None,No,Absent,Absent,Unknown
SYN-DM-04570,Other,17.1,38.98,Above goal,Yes,None,Unknown,Present,Absent,Unknown
SYN-DM-04571,Type 2,11.9,54.15,At goal,No,Continuous monitor,No,Unknown,Absent,Absent
SYN-DM-04572,Type 1,3.4,32.75,Unknown,Yes,Fingerstick,No,Present,Present,Unknown
SYN-DM-04573,Type 2,6.8,52.24,Above goal,Yes,Continuous monitor,Unknown,Unknown,Unknown,Unknown
SYN-DM-04574,Type 2,0.8,15.46,At goal,Yes,Both,Yes,Present,Present,Unknown
SYN-DM-04575,Type 2,6.6,30.21,Unknown,No,None,No,Absent,Unknown,Unknown
SYN-DM-04576,Gestational,8.1,55.98,Above goal,No,Both,Unknown,Unknown,Unknown,Unknown
SYN-DM-04577,Type 2,6.5,12.11,Above goal,No,Both,No,Unknown,Absent,Present
SYN-DM-04578,Gestational,17.1,19.21,Unknown,No,Both,Yes,Unknown,Unknown,Present
SYN-DM-04579,Type 2,15.9,24.3,Above goal,No,None,Yes,Absent,Present,Unknown
SYN-DM-04580,Type 2,6.0,62.14,Above goal,Yes,None,Unknown,Absent,Present,Absent
SYN-DM-04581,Type 2,11.4,56.18,Unknown,No,None,Yes,Present,Unknown,Absent
SYN-DM-04582,Type 1,19.1,44.29,At goal,Yes,Continuous monitor,Yes,Present,Present,Present
SYN-DM-04583,Type 2,4.4,46.83,Above goal,No,Fingerstick,Yes,Present,Unknown,Unknown
SYN-DM-04584,Type 2,11.9,37.37,At goal,No,Both,Yes,Present,Present,Absent
SYN-DM-04585,Type 2,19.9,13.01,Above goal,No,Fingerstick,Yes,Absent,Unknown,Present
SYN-DM-04586,Type 2,16.0,17.49,Above goal,No,Fingerstick,Yes,Present,Absent,Absent
SYN-DM-04587,Type 2,4.6,25.8,Above goal,Yes,Both,Unknown,Unknown,Absent,Absent
SYN-DM-04588,Type 2,17.7,45.05,At goal,No,Fingerstick,Yes,Absent,Absent,Absent
SYN-DM-04589,Type 1,17.5,63.17,Above goal,Yes,Fingerstick,Unknown,Unknown,Absent,Present
SYN-DM-04590,Type 2,16.5,60.88,Unknown,No,None,Unknown,Present,Present,Absent
SYN-DM-04591,Type 2,20.4,46.08,At goal,Yes,Both,Yes,Absent,Unknown,Absent
SYN-DM-04592,Type 2,8.8,45.17,At goal,Yes,Continuous monitor,No,Unknown,Present,Absent
SYN-DM-04593,Type 2,9.3,29.54,Above goal,Yes,Continuous monitor,Yes,Present,Present,Present
SYN-DM-04594,Other,11.2,61.23,At goal,Yes,Continuous monitor,No,Present,Present,Absent
SYN-DM-04595,Type 2,26.6,27.11,Unknown,Yes,Both,Unknown,Absent,Absent,Absent
SYN-DM-04596,Type 2,7.1,46.39,Above goal,No,Fingerstick,Yes,Present,Absent,Present
SYN-DM-04597,Type 2,6.8,65.26,Above goal,Yes,Both,No,Absent,Absent,Absent
SYN-DM-04598,Type 2,0.2,19.88,Above goal,Yes,Continuous monitor,Unknown,Absent,Present,Absent
SYN-DM-04599,Type 2,22.5,34.51,Above goal,Yes,None,No,Present,Unknown,Unknown
SYN-DM-04600,Type 2,9.5,37.18,Unknown,Yes,Fingerstick,No,Unknown,Absent,Unknown
SYN-DM-04601,Type 2,17.8,34.81,Above goal,No,Fingerstick,Unknown,Unknown,Unknown,Absent
SYN-DM-04602,Type 2,3.8,25.19,Above goal,No,Both,No,Absent,Unknown,Absent
SYN-DM-04603,Type 2,8.1,29.22,Unknown,Yes,Continuous monitor,Unknown,Absent,Present,Present
SYN-DM-04604,Type 1,11.0,41.95,Unknown,Yes,None,Unknown,Absent,Unknown,Unknown
SYN-DM-04605,Type 2,14.9,48.46,At goal,No,Both,Yes,Unknown,Unknown,Absent
SYN-DM-04606,Type 1,13.5,39.09,At goal,No,Both,Unknown,Unknown,Present,Unknown
SYN-DM-04607,Type 2,8.8,61.14,Unknown,Yes,None,Unknown,Present,Absent,Present
SYN-DM-04608,Type 2,11.5,39.58,Above goal,Yes,None,Unknown,Present,Unknown,Present
SYN-DM-04609,Type 2,2.3,44.02,At goal,Yes,Continuous monitor,Yes,Unknown,Absent,Absent
SYN-DM-04610,Type 2,7.4,54.77,Unknown,Yes,Both,No,Unknown,Unknown,Unknown
SYN-DM-04611,Type 2,22.0,34.49,Unknown,No,Fingerstick,Unknown,Unknown,Unknown,Absent
SYN-DM-04612,Type 2,10.4,23.54,Unknown,No,Continuous monitor,Unknown,Present,Absent,Absent
SYN-DM-04613,Type 2,12.3,39.23,At goal,No,Fingerstick,Unknown,Absent,Absent,Unknown
SYN-DM-04614,Type 1,16.9,17.74,At goal,Yes,Both,No,Unknown,Unknown,Unknown
SYN-DM-04615,Type 2,2.7,59.95,Unknown,Yes,None,Yes,Present,Present,Unknown
SYN-DM-04616,Type 2,8.3,59.77,Unknown,Yes,Both,No,Present,Absent,Present
SYN-DM-04617,Gestational,9.5,15.0,Above goal,No,Both,Unknown,Present,Unknown,Unknown
SYN-DM-04618,Type 1,5.9,62.99,At goal,Yes,None,No,Unknown,Present,Absent
SYN-DM-04619,Type 2,9.3,40.32,At goal,Yes,Fingerstick,No,Absent,Present,Present
SYN-DM-04620,Type 2,4.2,54.31,At goal,No,Both,No,Unknown,Present,Unknown
SYN-DM-04621,Type 2,16.8,39.45,Unknown,No,None,Unknown,Present,Absent,Absent
SYN-DM-04622,Type 2,12.4,66.55,At goal,No,Fingerstick,Unknown,Present,Unknown,Unknown
SYN-DM-04623,Other,10.6,31.09,Above goal,No,Both,No,Unknown,Unknown,Present
SYN-DM-04624,Type 2,16.8,50.31,Above goal,Yes,Continuous monitor,Unknown,Absent,Unknown,Absent
SYN-DM-04625,Type 2,15.0,33.02,Above goal,No,Continuous monitor,Yes,Absent,Absent,Unknown
SYN-DM-04626,Type 2,17.5,12.84,Unknown,Yes,None,Yes,Unknown,Unknown,Absent
SYN-DM-04627,Type 2,7.9,14.87,Above goal,Yes,Fingerstick,No,Absent,Present,Present
SYN-DM-04628,Type 2,1.2,22.16,At goal,Yes,Fingerstick,Unknown,Absent,Absent,Unknown
SYN-DM-04629,Type 1,0.2,37.78,Above goal,Yes,None,No,Absent,Absent,Unknown
SYN-DM-04630,Type 2,7.6,34.89,Unknown,No,None,Unknown,Unknown,Unknown,Present
SYN-DM-04631,Type 2,21.0,16.64,At goal,No,None,Yes,Unknown,Present,Absent
SYN-DM-04632,Type 2,15.5,39.58,At goal,Yes,Continuous monitor,Unknown,Absent,Unknown,Absent
SYN-DM-04633,Type 2,6.7,50.51,At goal,Yes,None,No,Present,Unknown,Present
SYN-DM-04634,Type 1,13.8,37.34,Unknown,Yes,Both,Yes,Unknown,Present,Unknown
SYN-DM-04635,Type 2,12.3,19.55,At goal,Yes,Fingerstick,Unknown,Present,Present,Absent
SYN-DM-04636,Type 1,2.2,16.57,Above goal,No,Continuous monitor,Unknown,Present,Unknown,Present
SYN-DM-04637,Type 2,8.8,13.56,At goal,Yes,Continuous monitor,Yes,Present,Absent,Present
SYN-DM-04638,Type 2,19.9,66.08,Above goal,Yes,Both,No,Present,Absent,Unknown
SYN-DM-04639,Type 2,17.8,24.13,At goal,Yes,Continuous monitor,No,Absent,Unknown,Unknown
SYN-DM-04640,Type 2,20.5,26.22,At goal,No,Continuous monitor,Unknown,Present,Present,Absent
SYN-DM-04641,Type 2,24.3,49.54,At goal,Yes,Continuous monitor,Unknown,Unknown,Present,Present
SYN-DM-04642,Type 2,3.7,50.04,Above goal,No,Fingerstick,No,Unknown,Absent,Absent
SYN-DM-04643,Type 2,3.7,56.69,Unknown,No,Fingerstick,Yes,Present,Absent,Unknown
SYN-DM-04644,Type 2,19.0,55.6,Above goal,Yes,Continuous monitor,Unknown,Absent,Absent,Present
SYN-DM-04645,Type 2,13.4,42.87,Unknown,No,Both,Yes,Unknown,Present,Unknown
SYN-DM-04646,Type 2,20.2,42.49,Unknown,Yes,Both,No,Unknown,Unknown,Unknown
SYN-DM-04647,Type 2,11.2,33.26,Unknown,Yes,Both,Unknown,Present,Absent,Absent
SYN-DM-04648,Gestational,17.3,39.08,At goal,Yes,Fingerstick,Unknown,Present,Present,Present
SYN-DM-04649,Type 2,21.9,54.0,Unknown,Yes,None,Yes,Unknown,Unknown,Present
SYN-DM-04650,Type 1,6.7,47.9,Above goal,No,Continuous monitor,Unknown,Present,Absent,Present
SYN-DM-04651,Gestational,13.0,67.35,At goal,No,Fingerstick,Unknown,Present,Present,Present
SYN-DM-04652,Type 2,9.4,65.15,Above goal,Yes,Fingerstick,Unknown,Unknown,Absent,Unknown
SYN-DM-04653,Type 2,14.6,30.9,At goal,Yes,Both,No,Present,Absent,Present
SYN-DM-04654,Type 2,12.0,19.79,Unknown,Yes,Both,No,Unknown,Absent,Present
SYN-DM-04655,Type 2,16.1,44.85,At goal,Yes,Fingerstick,Yes,Unknown,Absent,Present
SYN-DM-04656,Type 2,0.2,45.42,At goal,Yes,Continuous monitor,Unknown,Present,Unknown,Present
SYN-DM-04657,Type 2,4.4,21.96,Above goal,Yes,Fingerstick,No,Unknown,Unknown,Absent
SYN-DM-04658,Type 2,13.9,66.0,At goal,Yes,Fingerstick,No,Present,Present,Unknown
SYN-DM-04659,Type 2,11.6,28.25,At goal,Yes,Fingerstick,Unknown,Absent,Absent,Absent
SYN-DM-04660,Type 2,14.2,22.96,At goal,Yes,None,No,Absent,Present,Present
SYN-DM-04661,Type 2,9.1,34.0,At goal,No,None,No,Absent,Unknown,Present
SYN-DM-04662,Type 2,3.3,37.19,Above goal,No,Fingerstick,No,Present,Present,Absent
SYN-DM-04663,Type 2,16.0,52.56,At goal,Yes,None,Yes,Unknown,Unknown,Absent
SYN-DM-04664,Type 2,16.9,51.04,Above goal,Yes,None,No,Present,Unknown,Present
SYN-DM-04665,Type 2,9.2,29.72,Above goal,Yes,Continuous monitor,Unknown,Unknown,Unknown,Unknown
SYN-DM-04666,Type 2,15.6,20.0,Unknown,No,Continuous monitor,No,Absent,Present,Unknown
SYN-DM-04667,Type 2,6.8,47.8,Above goal,Yes,Both,Unknown,Unknown,Present,Unknown
SYN-DM-04668,Type 2,2.8,49.66,At goal,Yes,Both,Unknown,Absent,Absent,Unknown
SYN-DM-04669,Type 2,6.0,24.15,Above goal,No,Both,Yes,Absent,Present,Present
SYN-DM-04670,Type 2,0.2,43.26,At goal,Yes,Continuous monitor,No,Present,Unknown,Unknown
SYN-DM-04671,Type 2,19.6,44.99,Above goal,No,Fingerstick,No,Unknown,Absent,Absent
SYN-DM-04672,Type 1,6.6,44.97,Unknown,Yes,None,No,Present,Unknown,Unknown
SYN-DM-04673,Type 1,18.0,28.15,Unknown,Yes,Continuous monitor,No,Present,Absent,Absent
SYN-DM-04674,Type 2,12.1,64.69,Above goal,No,Continuous monitor,Unknown,Absent,Absent,Present
SYN-DM-04675,Type 1,22.2,17.92,Unknown,Yes,None,No,Absent,Unknown,Present
SYN-DM-04676,Type 2,9.5,25.63,Unknown,Yes,None,No,Absent,Absent,Absent
SYN-DM-04677,Type 1,13.8,46.05,Unknown,Yes,None,No,Present,Present,Present
SYN-DM-04678,Type 1,10.2,15.93,Unknown,Yes,Fingerstick,Unknown,Unknown,Unknown,Absent
SYN-DM-04679,Type 2,12.1,47.5,At goal,Yes,Both,Yes,Present,Absent,Absent
SYN-DM-04680,Type 2,17.9,46.64,At goal,No,Both,Yes,Unknown,Absent,Absent
SYN-DM-04681,Type 2,28.7,67.05,Unknown,No,None,No,Unknown,Absent,Unknown
SYN-DM-04682,Type 2,20.6,43.69,Unknown,Yes,Fingerstick,Unknown,Absent,Absent,Absent
SYN-DM-04683,Type 2,23.6,20.56,At goal,Yes,Fingerstick,No,Present,Present,Present
SYN-DM-04684,Type 2,8.6,52.42,Unknown,Yes,Both,Unknown,Absent,Present,Unknown
SYN-DM-04685,Type 1,23.0,64.79,At goal,Yes,Continuous monitor,Unknown,Absent,Unknown,Present
SYN-DM-04686,Type 2,8.4,65.62,Above goal,No,Fingerstick,Yes,Absent,Absent,Absent
SYN-DM-04687,Type 2,13.9,36.95,At goal,No,Fingerstick,Unknown,Unknown,Present,Present
SYN-DM-04688,Type 2,15.2,26.64,Unknown,No,Fingerstick,Unknown,Unknown,Present,Present
SYN-DM-04689,Other,7.6,64.66,Unknown,Yes,Continuous monitor,Yes,Absent,Unknown,Present
SYN-DM-04690,Type 1,21.7,63.29,Unknown,No,Both,Unknown,Absent,Present,Absent
SYN-DM-04691,Type 2,6.1,25.93,At goal,Yes,Continuous monitor,Yes,Present,Unknown,Absent
SYN-DM-04692,Type 1,13.6,37.84,At goal,Yes,Both,No,Absent,Absent,Absent
SYN-DM-04693,Type 1,18.4,32.15,Unknown,Yes,None,No,Present,Absent,Unknown
SYN-DM-04694,Type 1,22.7,17.72,Unknown,Yes,Continuous monitor,No,Unknown,Unknown,Absent
SYN-DM-04695,Type 2,7.4,15.97,Unknown,Yes,Fingerstick,No,Unknown,Present,Absent
SYN-DM-04696,Type 2,12.2,19.0,Above goal,Yes,Continuous monitor,Unknown,Present,Unknown,Unknown
SYN-DM-04697,Type 2,7.3,57.11,Above goal,No,Both,No,Present,Unknown,Unknown
SYN-DM-04698,Type 2,5.5,64.46,Unknown,Yes,Fingerstick,Yes,Present,Present,Present
SYN-DM-04699,Type 2,2.2,59.77,Unknown,No,Continuous monitor,Yes,Present,Present,Unknown
SYN-DM-04700,Type 1,8.6,34.18,Above goal,No,Fingerstick,Yes,Unknown,Absent,Unknown
SYN-DM-04701,Type 2,10.7,50.7,Above goal,No,Continuous monitor,No,Unknown,Unknown,Present
SYN-DM-04702,Type 2,8.9,13.66,At goal,No,None,No,Present,Unknown,Present
SYN-DM-04703,Type 1,23.9,38.69,Above goal,Yes,Continuous monitor,Unknown,Present,Unknown,Absent
SYN-DM-04704,Type 2,4.0,30.12,Unknown,No,Fingerstick,Yes,Unknown,Unknown,Unknown
SYN-DM-04705,Type 2,10.9,23.81,Above goal,No,Fingerstick,Yes,Unknown,Present,Absent
SYN-DM-04706,Type 2,10.8,46.27,At goal,Yes,Both,Unknown,Absent,Present,Absent
SYN-DM-04707,Type 2,22.6,51.82,At goal,No,Fingerstick,Unknown,Unknown,Present,Absent
SYN-DM-04708,Type 2,14.9,57.06,At goal,No,Fingerstick,Yes,Unknown,Absent,Absent
SYN-DM-04709,Type 2,12.8,27.26,At goal,Yes,Both,Unknown,Present,Unknown,Unknown
SYN-DM-04710,Type 2,4.6,65.68,At goal,No,Both,Yes,Present,Present,Present
SYN-DM-04711,Other,10.0,65.67,At goal,No,Both,No,Present,Absent,Present
SYN-DM-04712,Type 2,15.6,26.93,Above goal,No,Both,Yes,Unknown,Present,Unknown
SYN-DM-04713,Type 2,17.9,67.32,Unknown,No,Continuous monitor,Unknown,Absent,Unknown,Present
SYN-DM-04714,Type 2,6.1,37.71,Unknown,Yes,None,No,Absent,Present,Absent
SYN-DM-04715,Type 1,7.9,33.41,At goal,Yes,None,Unknown,Unknown,Absent,Present
SYN-DM-04716,Type 2,17.3,20.84,Above goal,No,Continuous monitor,Yes,Unknown,Present,Absent
SYN-DM-04717,Type 2,16.0,49.58,At goal,No,Both,No,Present,Present,Present
SYN-DM-04718,Type 1,0.2,23.3,Unknown,Yes,Continuous monitor,No,Present,Unknown,Unknown
SYN-DM-04719,Type 2,4.8,14.55,Above goal,No,Continuous monitor,Unknown,Absent,Present,Absent
SYN-DM-04720,Other,12.2,64.96,At goal,No,Continuous monitor,Unknown,Present,Present,Absent
SYN-DM-04721,Type 2,8.6,26.98,Unknown,No,Fingerstick,Yes,Present,Present,Present
SYN-DM-04722,Type 2,16.0,28.82,Unknown,Yes,Continuous monitor,Yes,Absent,Present,Unknown
SYN-DM-04723,Type 1,3.5,52.97,Above goal,Yes,Fingerstick,No,Unknown,Present,Absent
SYN-DM-04724,Type 2,8.4,66.95,Unknown,Yes,None,Yes,Absent,Unknown,Absent
SYN-DM-04725,Type 2,8.5,50.93,Unknown,No,Both,Unknown,Absent,Absent,Present
SYN-DM-04726,Type 2,7.6,23.46,Unknown,No,None,Yes,Absent,Present,Absent
SYN-DM-04727,Other,4.3,18.72,Unknown,Yes,Both,Yes,Absent,Present,Present
SYN-DM-04728,Type 1,12.8,62.24,Unknown,Yes,Continuous monitor,Yes,Present,Absent,Unknown
SYN-DM-04729,Other,11.2,25.12,Unknown,Yes,Fingerstick,Unknown,Unknown,Unknown,Absent
SYN-DM-04730,Type 2,10.3,17.85,Above goal,No,Continuous monitor,Unknown,Absent,Present,Absent
SYN-DM-04731,Type 2,16.0,55.02,Above goal,Yes,Continuous monitor,Unknown,Present,Absent,Present
SYN-DM-04732,Type 1,1.1,18.04,At goal,Yes,None,No,Present,Unknown,Unknown
SYN-DM-04733,Type 2,9.2,29.08,Above goal,Yes,None,No,Present,Unknown,Absent
SYN-DM-04734,Type 1,19.4,52.41,Unknown,Yes,Both,Unknown,Absent,Unknown,Absent
SYN-DM-04735,Type 2,10.7,35.63,Above goal,Yes,Continuous monitor,Unknown,Absent,Absent,Present
SYN-DM-04736,Type 2,12.4,45.05,Unknown,No,Both,Unknown,Absent,Present,Unknown
SYN-DM-04737,Gestational,11.1,56.28,At goal,Yes,None,No,Unknown,Absent,Unknown
SYN-DM-04738,Type 1,14.2,37.35,At goal,Yes,None,No,Present,Absent,Absent
SYN-DM-04739,Gestational,1.3,17.43,At goal,Yes,Fingerstick,Unknown,Unknown,Present,Absent
SYN-DM-04740,Type 2,2.5,39.0,At goal,No,Fingerstick,Unknown,Present,Absent,Present
SYN-DM-04741,Type 2,2.8,17.49,At goal,Yes,Continuous monitor,Yes,Unknown,Unknown,Unknown
SYN-DM-04742,Type 2,14.6,64.6,At goal,No,Both,No,Unknown,Absent,Absent
SYN-DM-04743,Type 2,19.7,63.17,At goal,Yes,None,Yes,Present,Present,Present
SYN-DM-04744,Type 2,21.0,61.53,At goal,No,None,Yes,Absent,Unknown,Present
SYN-DM-04745,Type 2,11.6,33.35,Above goal,Yes,Both,Unknown,Absent,Unknown,Unknown
SYN-DM-04746,Type 2,11.7,46.73,At goal,Yes,Continuous monitor,Unknown,Present,Absent,Present
SYN-DM-04747,Type 2,18.7,17.19,Unknown,Yes,None,No,Present,Present,Absent
SYN-DM-04748,Type 2,11.7,59.33,Above goal,No,Continuous monitor,Unknown,Present,Present,Absent
SYN-DM-04749,Type 2,13.8,50.91,At goal,Yes,None,Yes,Present,Absent,Absent
SYN-DM-04750,Gestational,3.9,20.34,Unknown,Yes,Both,Yes,Present,Present,Absent
SYN-DM-04751,Type 2,9.8,41.16,At goal,No,None,No,Absent,Present,Present
SYN-DM-04752,Type 2,17.5,35.36,Above goal,Yes,Continuous monitor,Yes,Absent,Absent,Unknown
SYN-DM-04753,Type 1,10.6,66.98,Unknown,No,Both,No,Present,Present,Unknown
SYN-DM-04754,Type 2,13.6,58.35,Unknown,Yes,Continuous monitor,Unknown,Absent,Unknown,Unknown
SYN-DM-04755,Type 2,17.7,36.8,At goal,No,Both,Yes,Unknown,Present,Unknown
SYN-DM-04756,Type 2,0.2,22.02,At goal,Yes,Both,Unknown,Present,Absent,Present
SYN-DM-04757,Type 2,6.8,59.64,At goal,Yes,None,Unknown,Unknown,Present,Unknown
SYN-DM-04758,Type 2,11.6,45.15,At goal,No,None,Unknown,Unknown,Absent,Unknown
SYN-DM-04759,Type 2,5.3,64.21,At goal,No,Continuous monitor,Unknown,Present,Present,Unknown
SYN-DM-04760,Other,6.7,39.55,Unknown,Yes,None,Yes,Unknown,Unknown,Unknown
SYN-DM-04761,Type 2,22.3,44.76,Unknown,No,None,Yes,Present,Present,Unknown
SYN-DM-04762,Type 2,15.1,21.16,At goal,Yes,Fingerstick,No,Unknown,Unknown,Unknown
SYN-DM-04763,Type 2,4.4,67.52,Above goal,Yes,Fingerstick,No,Absent,Absent,Absent
SYN-DM-04764,Type 2,4.7,21.75,Unknown,Yes,Fingerstick,No,Present,Absent,Absent
SYN-DM-04765,Type 1,1.3,46.97,At goal,No,Continuous monitor,No,Absent,Unknown,Present
SYN-DM-04766,Type 1,0.2,19.59,Unknown,Yes,Fingerstick,No,Unknown,Unknown,Present
SYN-DM-04767,Type 2,17.7,41.46,At goal,Yes,None,No,Absent,Present,Unknown
SYN-DM-04768,Type 2,0.2,31.83,At goal,Yes,Both,Yes,Unknown,Present,Unknown
SYN-DM-04769,Type 2,0.2,56.39,Unknown,Yes,Continuous monitor,No,Absent,Present,Unknown
SYN-DM-04770,Type 2,7.3,42.1,Unknown,Yes,Both,No,Present,Absent,Absent
SYN-DM-04771,Type 1,14.7,27.2,Unknown,Yes,None,No,Present,Unknown,Present
SYN-DM-04772,Type 2,21.0,41.72,Above goal,No,Both,No,Absent,Present,Unknown
SYN-DM-04773,Type 2,27.7,54.5,Unknown,No,Continuous monitor,Yes,Absent,Absent,Unknown
SYN-DM-04774,Type 2,12.0,49.73,At goal,No,None,Yes,Absent,Present,Unknown
SYN-DM-04775,Type 2,28.5,66.28,Unknown,No,Continuous monitor,Unknown,Present,Present,Absent
SYN-DM-04776,Type 2,14.5,63.33,Unknown,Yes,Both,No,Present,Present,Absent
SYN-DM-04777,Type 2,19.5,14.2,Unknown,Yes,Both,Unknown,Present,Absent,Unknown
SYN-DM-04778,Other,10.0,52.34,Unknown,Yes,Fingerstick,Yes,Present,Unknown,Absent
SYN-DM-04779,Type 2,8.1,49.02,At goal,No,Fingerstick,No,Present,Present,Present
SYN-DM-04780,Type 2,10.2,21.64,At goal,No,None,Yes,Unknown,Unknown,Present
SYN-DM-04781,Type 2,9.2,63.78,At goal,No,Fingerstick,Unknown,Unknown,Present,Absent
SYN-DM-04782,Type 2,8.7,56.57,At goal,Yes,Continuous monitor,No,Absent,Present,Unknown
SYN-DM-04783,Type 1,21,28.07,Above goal,No,None,Yes,Present,Unknown,Unknown
SYN-DM-04784,Type 2,3.3,56.57,At goal,No,Continuous monitor,Unknown,Unknown,Present,Absent
SYN-DM-04785,Type 2,12.5,17.67,Unknown,Yes,Both,Unknown,Unknown,Unknown,Absent
SYN-DM-04786,Type 2,24.0,45.02,Above goal,No,Fingerstick,Unknown,Absent,Absent,Absent
SYN-DM-04787,Type 2,20.1,32.75,At goal,Yes,Both,Yes,Unknown,Present,Unknown
SYN-DM-04788,Type 1,9.2,26.6,At goal,No,Both,Yes,Unknown,Unknown,Unknown
SYN-DM-04789,Gestational,2.9,56.22,Above goal,Yes,Continuous monitor,Yes,Unknown,Present,Present
SYN-DM-04790,Type 2,9.6,18.36,Above goal,Yes,Continuous monitor,No,Present,Absent,Unknown
SYN-DM-04791,Type 1,17.2,40.28,Unknown,No,Fingerstick,Unknown,Unknown,Absent,Present
SYN-DM-04792,Type 2,10.7,56.85,Unknown,Yes,Fingerstick,No,Present,Absent,Unknown
SYN-DM-04793,Type 2,6.6,46.86,Unknown,No,Continuous monitor,Yes,Absent,Present,Present
SYN-DM-04794,Type 2,28.2,17.04,Above goal,No,None,No,Unknown,Absent,Absent
SYN-DM-04795,Other,14.0,13.69,Above goal,Yes,Both,Yes,Unknown,Present,Absent
SYN-DM-04796,Type 2,21.1,57.85,Above goal,Yes,Both,Yes,Present,Present,Absent
SYN-DM-04797,Type 2,17.0,35.53,Above goal,Yes,Fingerstick,Unknown,Absent,Present,Unknown
SYN-DM-04798,Type 2,0.2,14.95,Above goal,No,Fingerstick,Unknown,Unknown,Present,Unknown
SYN-DM-04799,Type 2,1.2,31.6,Unknown,No,Both,No,Unknown,Absent,Present
SYN-DM-04800,Type 2,16.5,67.95,Above goal,No,None,Unknown,Absent,Present,Unknown
SYN-DM-04801,Other,13.9,46.91,At goal,Yes,Continuous monitor,Unknown,Unknown,Unknown,Absent
SYN-DM-04802,Type 2,18.3,64.24,Above goal,Yes,None,Unknown,Unknown,Unknown,Unknown
SYN-DM-04803,Type 2,13.0,65.28,At goal,No,Continuous monitor,No,Present,Present,Present
SYN-DM-04804,Type 2,6.7,49.35,Unknown,Yes,Both,Unknown,Absent,Absent,Unknown
SYN-DM-04805,Type 2,13.9,55.23,Above goal,Yes,Both,Unknown,Absent,Absent,Unknown
SYN-DM-04806,Type 2,0.7,28.74,Unknown,Yes,None,No,Present,Absent,Present
SYN-DM-04807,Type 1,13.6,22.37,At goal,No,None,Yes,Unknown,Present,Present
SYN-DM-04808,Type 2,17.3,64.75,Unknown,No,Continuous monitor,Yes,Absent,Unknown,Absent
SYN-DM-04809,Type 2,10.0,64.16,Above goal,Yes,Continuous monitor,No,Unknown,Unknown,Unknown
SYN-DM-04810,Type 2,18.8,52.25,Unknown,No,Fingerstick,No,Present,Unknown,Present
SYN-DM-04811,Type 1,13.6,25.63,At goal,No,Both,Yes,Absent,Unknown,Absent
SYN-DM-04812,Type 2,6.2,15.78,Above goal,Yes,Both,Unknown,Absent,Absent,Unknown
SYN-DM-04813,Type 2,0.2,38.24,At goal,Yes,Continuous monitor,Yes,Absent,Absent,Present
SYN-DM-04814,Type 2,10.0,18.55,At goal,Yes,Both,No,Unknown,Unknown,Unknown
SYN-DM-04815,Type 2,17.3,51.69,Above goal,No,Continuous monitor,Yes,Unknown,Present,Present
SYN-DM-04816,Type 1,19.4,14.37,Unknown,Yes,Continuous monitor,Unknown,Unknown,Present,Unknown
SYN-DM-04817,Type 1,21.5,35.03,Above goal,Yes,Fingerstick,Unknown,Unknown,Absent,Unknown
SYN-DM-04818,Type 2,12.4,24.1,Unknown,No,Both,Yes,Unknown,Present,Unknown
SYN-DM-04819,Type 2,9.1,61.34,Above goal,Yes,Fingerstick,Unknown,Present,Present,Present
SYN-DM-04820,Type 2,14.5,27.74,At goal,No,Fingerstick,Yes,Unknown,Absent,Absent
SYN-DM-04821,Type 2,3.9,53.7,Above goal,No,Both,Yes,Absent,Present,Absent
SYN-DM-04822,Type 2,0.2,33.58,Unknown,No,Both,No,Absent,Unknown,Unknown
SYN-DM-04823,Type 1,14.7,45.29,Unknown,Yes,Fingerstick,Yes,Unknown,Absent,Absent
SYN-DM-04824,Type 2,5.2,54.89,Unknown,Yes,None,Yes,Unknown,Absent,Present
SYN-DM-04825,Type 1,4.7,47.27,At goal,Yes,Fingerstick,Unknown,Unknown,Unknown,Absent
SYN-DM-04826,Type 2,2.1,52.64,Unknown,Yes,None,Yes,Absent,Absent,Absent
SYN-DM-04827,Type 2,6.2,53.43,At goal,Yes,Fingerstick,No,Absent,Present,Absent
SYN-DM-04828,Type 2,0.2,53.11,Unknown,Yes,Continuous monitor,No,Unknown,Absent,Unknown
SYN-DM-04829,Type 2,0.2,66.39,At goal,Yes,None,Yes,Absent,Present,Present
SYN-DM-04830,Type 2,20.3,48.58,Unknown,Yes,Fingerstick,Unknown,Absent,Absent,Unknown
SYN-DM-04831,Type 2,6.1,26.66,Above goal,Yes,None,No,Present,Unknown,Unknown
SYN-DM-04832,Type 2,2.2,21.69,Unknown,Yes,Fingerstick,No,Present,Unknown,Absent
SYN-DM-04833,Type 1,11.6,17.02,At goal,Yes,None,No,Absent,Present,Unknown
SYN-DM-04834,Type 2,15.2,47.16,Above goal,Yes,None,Yes,Unknown,Present,Unknown
SYN-DM-04835,Type 2,13.4,14.18,Above goal,No,Both,Yes,Present,Unknown,Absent
SYN-DM-04836,Type 2,0.2,30.24,Above goal,No,Both,No,Absent,Absent,Present
SYN-DM-04837,Type 2,3.6,18.75,Above goal,No,None,Yes,Present,Absent,Present
SYN-DM-04838,Type 2,0.2,42.15,Above goal,No,None,Unknown,Present,Present,Present
SYN-DM-04839,Type 2,22.6,27.14,Unknown,No,None,Yes,Unknown,Unknown,Present
SYN-DM-04840,Type 1,5.2,12.08,Unknown,No,None,Unknown,Unknown,Present,Present
SYN-DM-04841,Type 2,2.7,66.38,At goal,Yes,None,No,Present,Absent,Present
SYN-DM-04842,Type 2,4.6,29.77,Unknown,No,Continuous monitor,No,Unknown,Unknown,Unknown
SYN-DM-04843,Type 2,3.7,30.48,Above goal,Yes,None,Yes,Unknown,Present,Present
SYN-DM-04844,Type 1,9.6,23.98,At goal,No,Fingerstick,Yes,Unknown,Unknown,Absent
SYN-DM-04845,Type 1,4.4,35.94,Above goal,Yes,Fingerstick,Unknown,Present,Present,Absent
SYN-DM-04846,Type 2,7.1,13.4,Above goal,No,Both,Yes,Present,Present,Present
SYN-DM-04847,Type 2,15.2,59.35,Above goal,No,Fingerstick,Yes,Absent,Absent,Present
SYN-DM-04848,Type 2,28.6,42.8,Unknown,No,Both,Unknown,Unknown,Absent,Present
SYN-DM-04849,Type 2,8.7,18.4,Above goal,No,None,No,Absent,Absent,Absent
SYN-DM-04850,Type 1,6.0,62.21,Unknown,Yes,Continuous monitor,No,Absent,Present,Absent
SYN-DM-04851,Type 2,18.8,49.71,Above goal,Yes,Both,Unknown,Unknown,Unknown,Unknown
SYN-DM-04852,Type 2,6.9,26.22,Unknown,Yes,Both,Yes,Unknown,Absent,Present
SYN-DM-04853,Type 1,11.1,59.75,Unknown,Yes,Both,Yes,Absent,Absent,Present
SYN-DM-04854,Type 2,10.4,46.53,Above goal,No,Fingerstick,Yes,Unknown,Present,Absent
SYN-DM-04855,Type 2,6.3,37.6,Unknown,No,Continuous monitor,No,Unknown,Present,Unknown
SYN-DM-04856,Gestational,8.2,39.43,Above goal,No,Continuous monitor,Unknown,Present,Present,Absent
SYN-DM-04857,Type 2,12.7,16.0,At goal,Yes,Continuous monitor,Unknown,Absent,Absent,Unknown
SYN-DM-04858,Type 2,0.2,58.72,At goal,Yes,None,Unknown,Present,Unknown,Present
SYN-DM-04859,Type 2,19.1,47.85,Unknown,Yes,Fingerstick,No,Absent,Unknown,Absent
SYN-DM-04860,Type 2,13.4,43.62,Unknown,Yes,Fingerstick,No,Unknown,Present,Absent
SYN-DM-04861,Type 2,15.2,24.57,At goal,Yes,Fingerstick,Unknown,Absent,Unknown,Present
SYN-DM-04862,Gestational,7.6,59.9,At goal,Yes,Both,Yes,Absent,Unknown,Unknown
SYN-DM-04863,Type 1,13.1,65.87,Above goal,Yes,Continuous monitor,Yes,Unknown,Unknown,Present
SYN-DM-04864,Type 1,0.2,59.91,At goal,No,None,Unknown,Unknown,Absent,Unknown
SYN-DM-04865,Type 2,14.4,21.8,At goal,Yes,None,Yes,Absent,Absent,Present
SYN-DM-04866,Type 2,8.2,40.03,At goal,Yes,Continuous monitor,Yes,Present,Absent,Present
SYN-DM-04867,Type 2,3.8,25.99,Above goal,Yes,Continuous monitor,Unknown,Unknown,Absent,Absent
SYN-DM-04868,Type 2,6.9,34.28,At goal,Yes,None,No,Absent,Present,Unknown
SYN-DM-04869,Type 1,9.1,12.33,At goal,Yes,Both,No,Present,Unknown,Present
SYN-DM-04870,Type 2,2.0,34.71,Unknown,No,Both,Yes,Unknown,Absent,Present
SYN-DM-04871,Type 2,24.8,48.53,Above goal,Yes,None,No,Absent,Unknown,Present
SYN-DM-04872,Type 2,3.4,59.45,Above goal,Yes,None,No,Absent,Present,Unknown
SYN-DM-04873,Type 2,11.7,31.11,Unknown,No,Continuous monitor,Yes,Unknown,Absent,Present
SYN-DM-04874,Type 2,8.5,36.46,At goal,No,Continuous monitor,Yes,Unknown,Unknown,Absent
SYN-DM-04875,Type 2,21.9,16.87,Unknown,Yes,None,No,Present,Absent,Unknown
SYN-DM-04876,Type 2,12.1,34.13,Above goal,No,None,No,Unknown,Unknown,Absent
SYN-DM-04877,Type 2,26.4,64.77,At goal,Yes,None,Unknown,Present,Absent,Present
SYN-DM-04878,Type 2,19.4,15.65,Unknown,No,Continuous monitor,No,Unknown,Absent,Present
SYN-DM-04879,Type 2,0.7,30.19,Above goal,Yes,None,Yes,Absent,Unknown,Absent
SYN-DM-04880,Type 1,20.6,35.75,At goal,Yes,Both,Yes,Unknown,Absent,Unknown
SYN-DM-04881,Type 1,27.0,40.19,Unknown,Yes,Continuous monitor,Yes,Unknown,Unknown,Unknown
SYN-DM-04882,Type 2,0.2,24.44,Above goal,Yes,Both,Unknown,Unknown,Present,Unknown
SYN-DM-04883,Type 2,5.1,48.22,Above goal,No,None,Unknown,Absent,Unknown,Absent
SYN-DM-04884,Type 2,0.2,57.45,Above goal,No,Fingerstick,No,Present,Unknown,Absent
SYN-DM-04885,Type 2,21.4,15.38,Unknown,No,Fingerstick,No,Unknown,Unknown,Present
SYN-DM-04886,Type 2,15.1,47.47,Above goal,Yes,Fingerstick,Yes,Unknown,Unknown,Unknown
SYN-DM-04887,Type 2,14.4,30.55,Above goal,No,Fingerstick,No,Absent,Present,Unknown
SYN-DM-04888,Type 2,4.1,14.5,Unknown,Yes,Both,Unknown,Absent,Unknown,Present
SYN-DM-04889,Type 2,16.2,46.04,At goal,Yes,Both,Yes,Absent,Unknown,Present
SYN-DM-04890,Type 2,7.8,37.88,Above goal,Yes,Fingerstick,Unknown,Unknown,Absent,Absent
SYN-DM-04891,Type 2,14.0,34.27,Above goal,Yes,Both,Yes,Unknown,Absent,Present
SYN-DM-04892,Type 2,10.8,18.64,Unknown,Yes,None,Unknown,Present,Absent,Present
SYN-DM-04893,Type 2,3.0,34.9,At goal,No,Both,Unknown,Absent,Unknown,Present
SYN-DM-04894,Type 1,11.4,31.11,At goal,No,Continuous monitor,No,Absent,Absent,Absent
SYN-DM-04895,Type 2,16.5,26.35,Unknown,No,Continuous monitor,No,Absent,Unknown,Present
SYN-DM-04896,Gestational,0.2,42.67,At goal,Yes,Fingerstick,Yes,Absent,Present,Unknown
SYN-DM-04897,Type 2,22.5,23.35,At goal,Yes,Continuous monitor,Yes,Unknown,Unknown,Present
SYN-DM-04898,Type 2,18.7,42.29,Above goal,No,Both,No,Present,Unknown,Absent
SYN-DM-04899,Type 2,3.5,22.43,Unknown,Yes,Continuous monitor,No,Unknown,Unknown,Unknown
SYN-DM-04900,Type 2,9.1,35.64,Unknown,Yes,None,Yes,Unknown,Absent,Unknown
SYN-DM-04901,Type 1,1.8,21.83,At goal,Yes,Continuous monitor,No,Present,Present,Unknown
SYN-DM-04902,Type 2,17.1,23.26,Above goal,No,Both,Yes,Absent,Unknown,Absent
SYN-DM-04903,Type 2,0.2,15.48,Unknown,Yes,Fingerstick,Yes,Absent,Unknown,Unknown
SYN-DM-04904,Type 2,14.1,67.38,At goal,Yes,Continuous monitor,No,Absent,Present,Unknown
SYN-DM-04905,Type 2,19.4,21.43,Unknown,Yes,Fingerstick,No,Present,Absent,Unknown
SYN-DM-04906,Type 2,11.0,29.34,At goal,No,Both,Unknown,Present,Absent,Present
SYN-DM-04907,Type 1,5.4,15.16,Above goal,Yes,None,Unknown,Present,Unknown,Present
SYN-DM-04908,Type 2,0.2,43.19,Unknown,No,Both,Yes,Present,Present,Absent
SYN-DM-04909,Type 2,0.2,21.09,Above goal,Yes,None,No,Absent,Present,Present
SYN-DM-04910,Type 1,9.9,41.55,Above goal,Yes,None,Yes,Unknown,Unknown,Present
SYN-DM-04911,Type 2,18.8,21.27,Unknown,No,Both,Yes,Absent,Unknown,Unknown
SYN-DM-04912,Type 2,22.6,21.31,At goal,No,Continuous monitor,No,Absent,Present,Unknown
SYN-DM-04913,Type 2,14.0,41.18,At goal,Yes,Both,No,Unknown,Present,Present
SYN-DM-04914,Other,22.1,31.31,Unknown,Yes,Fingerstick,No,Unknown,Present,Absent
SYN-DM-04915,Type 2,13.2,64.95,At goal,No,Both,No,Unknown,Unknown,Present
SYN-DM-04916,Type 2,11.2,13.57,Unknown,No,Continuous monitor,No,Present,Absent,Unknown
SYN-DM-04917,Type 2,15.5,52.26,At goal,No,Fingerstick,No,Unknown,Unknown,Absent
SYN-DM-04918,Type 2,8.6,66.05,At goal,No,Fingerstick,Unknown,Unknown,Present,Absent
SYN-DM-04919,Type 2,34.0,23.33,At goal,No,None,Yes,Absent,Absent,Unknown
SYN-DM-04920,Type 2,12.1,17.28,Above goal,Yes,Fingerstick,Unknown,Unknown,Unknown,Absent
SYN-DM-04921,Other,3.3,46.49,At goal,Yes,Fingerstick,Unknown,Present,Unknown,Unknown
SYN-DM-04922,Other,0.2,46.39,Unknown,Yes,Both,No,Absent,Absent,Unknown
SYN-DM-04923,Type 2,9.0,52.78,Above goal,Yes,Fingerstick,No,Absent,Unknown,Present
SYN-DM-04924,Type 1,18.3,52.15,At goal,No,Fingerstick,No,Present,Present,Unknown
SYN-DM-04925,Type 2,13.4,21.25,Unknown,Yes,Continuous monitor,Yes,Present,Present,Unknown
SYN-DM-04926,Type 2,17.1,60.51,At goal,No,None,No,Present,Absent,Present
SYN-DM-04927,Type 2,14.3,41.66,Above goal,No,Both,Unknown,Present,Unknown,Absent
SYN-DM-04928,Type 1,0.4,45.57,Above goal,Yes,Continuous monitor,No,Present,Unknown,Unknown
SYN-DM-04929,Type 1,9.0,60.27,At goal,Yes,Fingerstick,Yes,Present,Unknown,Present
SYN-DM-04930,Type 1,13.7,25.74,Unknown,Yes,Both,Unknown,Absent,Absent,Present
SYN-DM-04931,Type 2,15.1,31.71,At goal,Yes,Both,Yes,Present,Present,Absent
SYN-DM-04932,Type 1,4.4,51.49,At goal,No,None,No,Absent,Present,Present
SYN-DM-04933,Type 2,5.2,61.43,Above goal,No,Both,Unknown,Absent,Unknown,Present
SYN-DM-04934,Type 2,15.2,58.2,Unknown,No,Fingerstick,Yes,Unknown,Absent,Absent
SYN-DM-04935,Type 1,18.6,25.16,At goal,Yes,Both,Unknown,Unknown,Absent,Unknown
SYN-DM-04936,Type 2,15.9,52.93,Unknown,Yes,Both,Yes,Unknown,Unknown,Unknown
SYN-DM-04937,Gestational,4.7,25.26,Above goal,No,Both,No,Absent,Absent,Present
SYN-DM-04938,Type 2,9.1,45.6,Unknown,Yes,Both,No,Unknown,Present,Present
SYN-DM-04939,Type 2,2.8,13.35,At goal,Yes,Continuous monitor,No,Present,Absent,Present
SYN-DM-04940,Type 2,11.5,53.1,Above goal,Yes,Fingerstick,Unknown,Absent,Unknown,Unknown
SYN-DM-04941,Type 1,10.4,48.51,At goal,No,Continuous monitor,Unknown,Absent,Unknown,Unknown
SYN-DM-04942,Type 2,16.0,34.62,Above goal,Yes,Fingerstick,Yes,Unknown,Absent,Present
SYN-DM-04943,Type 2,5.1,63.71,At goal,Yes,Continuous monitor,Unknown,Absent,Present,Absent
SYN-DM-04944,Type 2,1.1,48.23,At goal,Yes,None,No,Absent,Absent,Unknown
SYN-DM-04945,Type 2,12.9,63.82,Unknown,No,Continuous monitor,Yes,Present,Absent,Absent
SYN-DM-04946,Type 2,1.4,28.61,At goal,No,Fingerstick,No,Absent,Unknown,Absent
SYN-DM-04947,Type 2,16.0,23.08,At goal,Yes,Fingerstick,Yes,Present,Absent,Unknown
SYN-DM-04948,Type 1,10.2,36.03,Unknown,Yes,Both,Yes,Present,Absent,Absent
SYN-DM-04949,Type 2,12.6,45.04,Above goal,Yes,Fingerstick,No,Unknown,Absent,Absent
SYN-DM-04950,Type 2,18.8,54.64,At goal,Yes,Both,No,Unknown,Present,Absent
SYN-DM-04951,Type 2,9.6,54.93,Unknown,Yes,None,Unknown,Present,Unknown,Present
SYN-DM-04952,Type 2,10.7,16.98,At goal,Yes,Fingerstick,No,Unknown,Present,Absent
SYN-DM-04953,Type 2,4.5,56.59,Unknown,No,Fingerstick,No,Unknown,Absent,Absent
SYN-DM-04954,Type 2,13.0,30.46,Above goal,No,Both,Yes,Present,Unknown,Absent
SYN-DM-04955,Type 2,1.5,24.96,Unknown,Yes,Both,Yes,Absent,Unknown,Present
SYN-DM-04956,Type 2,16.1,31.45,Above goal,Yes,Continuous monitor,No,Absent,Absent,Absent
SYN-DM-04957,Type 1,15.7,21.66,At goal,Yes,Both,Yes,Unknown,Present,Present
SYN-DM-04958,Type 2,7.1,23.38,Unknown,Yes,Continuous monitor,No,Present,Absent,Present
SYN-DM-04959,Type 2,13.0,57.61,Unknown,Yes,Continuous monitor,No,Absent,Unknown,Unknown
SYN-DM-04960,Type 2,14.0,50.23,At goal,Yes,None,Unknown,Unknown,Absent,Unknown
SYN-DM-04961,Type 2,10.4,16.16,Unknown,Yes,None,No,Present,Present,Absent
SYN-DM-04962,Type 2,8.8,22.67,Unknown,Yes,None,Yes,Unknown,Absent,Absent
SYN-DM-04963,Type 2,12.0,34.12,At goal,Yes,Continuous monitor,Yes,Present,Present,Present
SYN-DM-04964,Type 2,11.4,37.58,At goal,Yes,Continuous monitor,Yes,Unknown,Unknown,Present
SYN-DM-04965,Type 2,7.5,36.74,Above goal,No,Continuous monitor,Unknown,Absent,Absent,Absent
SYN-DM-04966,Type 2,6.9,33.75,Above goal,No,Continuous monitor,No,Unknown,Unknown,Present
SYN-DM-04967,Gestational,2.6,58.99,Above goal,Yes,Fingerstick,Yes,Absent,Absent,Unknown
SYN-DM-04968,Type 2,13.8,21.42,Unknown,Yes,Fingerstick,Unknown,Unknown,Absent,Present
SYN-DM-04969,Type 2,8.9,55.16,Unknown,Yes,Continuous monitor,Yes,Present,Unknown,Unknown
SYN-DM-04970,Type 2,14.5,24.97,Unknown,No,Both,Yes,Unknown,Present,Absent
SYN-DM-04971,Type 2,6.4,54.21,Unknown,No,Continuous monitor,Unknown,Unknown,Absent,Absent
SYN-DM-04972,Type 2,3.3,12.27,Above goal,No,Both,No,Unknown,Present,Present
SYN-DM-04973,Type 2,11.6,58.52,Above goal,No,Both,Unknown,Present,Unknown,Absent
SYN-DM-04974,Type 1,6.6,41.44,At goal,No,Continuous monitor,Unknown,Absent,Present,Present
SYN-DM-04975,Type 2,5.2,59.66,At goal,Yes,Both,Yes,Present,Unknown,Absent
SYN-DM-04976,Type 2,14.3,15.62,Above goal,No,Continuous monitor,Unknown,Absent,Unknown,Absent
SYN-DM-04977,Type 2,20.9,25.84,Unknown,No,Both,No,Unknown,Absent,Unknown
SYN-DM-04978,Type 2,9.3,16.6,Unknown,No,None,Unknown,Absent,Present,Unknown
SYN-DM-04979,Type 2,25.9,24.03,At goal,No,Fingerstick,Unknown,Absent,Present,Present
SYN-DM-04980,Type 2,26.6,67.89,At goal,No,Fingerstick,Unknown,Absent,Absent,Present
SYN-DM-04981,Type 2,1.6,19.61,Unknown,No,None,No,Unknown,Unknown,Unknown
SYN-DM-04982,Type 2,8.5,59.35,At goal,Yes,Fingerstick,Yes,Unknown,Absent,Unknown
SYN-DM-04983,Type 2,3.1,21.18,Above goal,No,None,Yes,Unknown,Present,Present
SYN-DM-04984,Type 2,28.7,47.27,Above goal,No,Both,Yes,Absent,Absent,Unknown
SYN-DM-04985,Type 2,8.9,50.04,At goal,No,Continuous monitor,No,Unknown,Absent,Unknown
SYN-DM-04986,Type 2,11.8,50.03,Above goal,No,Both,No,Unknown,Present,Unknown
SYN-DM-04987,Type 2,15.1,51.69,Above goal,Yes,None,No,Present,Absent,Unknown
SYN-DM-04988,Other,7.8,47.93,Above goal,Yes,None,No,Present,Absent,Present
SYN-DM-04989,Type 1,3.4,45.64,Unknown,Yes,Both,Unknown,Unknown,Unknown,Unknown
SYN-DM-04990,Type 2,7.2,16.76,Unknown,No,Fingerstick,Unknown,Present,Unknown,Unknown
SYN-DM-04991,Type 2,9.6,52.46,Unknown,Yes,None,No,Absent,Absent,Present
SYN-DM-04992,Type 2,0.2,50.36,At goal,Yes,Fingerstick,Yes,Absent,Unknown,Absent
SYN-DM-04993,Type 2,3.8,12.83,Unknown,Yes,Continuous monitor,Unknown,Absent,Unknown,Absent
SYN-DM-04994,Type 2,7.1,59.95,Above goal,No,Both,No,Absent,Absent,Unknown
SYN-DM-04995,Type 2,14.3,47.74,Unknown,Yes,Fingerstick,No,Present,Absent,Absent
SYN-DM-04996,Type 2,22.9,64.77,Above goal,No,Fingerstick,No,Absent,Unknown,Unknown
SYN-DM-04997,Type 2,18.6,57.63,Above goal,Yes,Both,No,Unknown,Absent,Present
SYN-DM-04998,Type 2,0.2,22.28,Unknown,Yes,Continuous monitor,Yes,Present,Present,Unknown
SYN-DM-04999,Type 1,4.9,63.9,Above goal,Yes,Fingerstick,Unknown,Absent,Present,Absent
SYN-DM-05000,Type 2,15.8,40.97,Unknown,Yes,None,Unknown,Present,Unknown,Absent
