patient_id,hba1c_percent,fasting_glucose_mg_dl,random_glucose_mg_dl,serum_creatinine_mg_dl,egfr_ml_min_1_73m2,urine_albumin_creatinine_ratio,ldl_cholesterol_mg_dl,hdl_cholesterol_mg_dl,triglycerides_mg_dl,laboratory_fasting_status
SYN-DM-00001,9.3,102.51,126.36,2.2,46.71,295.33,141.3,28.5,94.22,Non-fasting
SYN-DM-00002,9.97,232.33,253.84,2.07,38.31,412.93,98.13,37.7,281.02,Fasting
SYN-DM-00003,8.1,214.65,121.5,1.93,76.69,372.73,124.57,28.9,282.97,Unknown
SYN-DM-00004,8.28,220.85,132.49,0.85,96.03,42.08,69.48,51.3,99.12,Fasting
SYN-DM-00005,8.09,109.96,142.31,1.9,33.79,92.54,86.75,71.6,131.23,Non-fasting
SYN-DM-00006,9.48,101.08,215.45,1.46,71.82,354.66,117.25,46.4,207.84,Non-fasting
SYN-DM-00007,6.79,129.9,223.48,1.78,71.54,293.34,129.73,52.4,143.55,Non-fasting
SYN-DM-00008,6.35,202.27,218.34,1.08,90.4,389.78,127.93,40.2,314.12,Unknown
SYN-DM-00009,5.96,218.82,201.15,0.75,87.08,401.46,89.06,58.6,219.01,Fasting
SYN-DM-00010,6.39,115.26,209.54,1.97,87.88,242.43,146.61,44.3,198.24,Non-fasting
SYN-DM-00011,6.88,218.61,108.61,1.66,62.61,320.35,159.79,57.2,354.41,Fasting
SYN-DM-00012,7.86,109.5,271.25,1.14,96.96,106.35,105.29,57.5,260.06,Unknown
SYN-DM-00013,8.64,140.28,255.18,0.91,89.91,381.28,173.62,50.3,195.53,Non-fasting
SYN-DM-00014,6.65,154.78,228.67,0.78,101.33,118.69,90.53,40.2,123.86,Non-fasting
SYN-DM-00015,9.13,216.89,120.95,1.03,83.29,360.75,95.73,46.0,101.71,Unknown
SYN-DM-00016,9.96,102.74,219.81,2.11,58.66,246.83,118.35,42.4,229.76,Non-fasting
SYN-DM-00017,8.89,158.49,143.41,1.29,73.02,341.72,75.73,48.4,99.77,Non-fasting
SYN-DM-00018,9.04,113.44,222.82,1.18,78.26,20.58,147.06,34.1,326.49,Fasting
SYN-DM-00019,6.75,114.17,161.49,0.98,68.8,45.92,158.75,50.4,93.96,Fasting
SYN-DM-00020,10.19,99.5,192.75,1.42,34.51,33.61,71.8,40.1,129.56,Non-fasting
SYN-DM-00021,7.71,223.4,226.54,0.75,58.18,369.32,103.79,46.9,216.46,Unknown
SYN-DM-00022,7.13,133.25,161.06,2.28,70.4,240.28,87.11,55.3,400.57,Unknown
SYN-DM-00023,7.6,210.21,218.32,1.05,70.2,202.84,160.58,49.5,258.06,Unknown
SYN-DM-00024,9.28,223.49,155.78,1.22,100.63,233.71,75.43,60.3,305.3,Unknown
SYN-DM-00025,8.96,134.48,294.33,1.94,97.79,312.54,127.17,39.0,132.26,Fasting
SYN-DM-00026,9.06,122.3,249.33,1.09,40.91,224.71,75.32,56.7,246.01,Fasting
SYN-DM-00027,6.02,229.55,231.34,1.37,45.93,284.08,131.79,68.2,132.33,Non-fasting
SYN-DM-00028,9.91,219.63,241.68,1.26,78.02,172.71,135.21,69.1,108.1,Fasting
SYN-DM-00029,8.37,164.61,210.46,1.5,88.4,243.81,87.46,61.3,101.14,Unknown
SYN-DM-00030,9.4,155.5,144.92,1.57,50.06,289.8,155.83,52.6,186.79,Fasting
SYN-DM-00031,8.56,218.2,195.91,1.4,49.06,403.68,141.79,67.5,143.27,Fasting
SYN-DM-00032,7.41,112.09,251.32,1.7,60.54,310.31,63.37,54.6,409.04,Unknown
SYN-DM-00033,9.13,122.88,210.79,2.02,85.65,203.87,138.5,49.1,308.0,Fasting
SYN-DM-00034,10.06,95.46,309.12,0.8,30.07,340.19,160.84,53.4,107.33,Unknown
SYN-DM-00035,6.99,210.77,216.95,1.55,95.48,155.02,167.98,55.8,278.87,Non-fasting
SYN-DM-00036,7.55,199.51,259.4,1.3,62.14,229.8,93.09,49.7,303.6,Unknown
SYN-DM-00037,9.39,101.13,209.84,2.0,99.83,190.75,113.93,69.3,358.94,Unknown
SYN-DM-00038,7.44,219.23,172.52,0.93,46.92,338.43,150.53,70.5,117.1,Unknown
SYN-DM-00039,9.89,111.44,205.86,0.79,79.87,327.07,139.89,37.0,392.64,Unknown
SYN-DM-00040,10.09,229.09,237.57,1.28,68.96,403.12,97.22,54.2,97.14,Non-fasting
SYN-DM-00041,9.05,174.62,206.25,1.39,45.92,281.15,137.05,57.8,135.57,Unknown
SYN-DM-00042,9.73,150.23,109.67,1.65,48.72,129.63,94.48,50.1,245.17,Fasting
SYN-DM-00043,7.29,126.62,249.22,0.85,68.12,19.6,120.14,59.2,361.29,Fasting
SYN-DM-00044,7.49,234.83,135.04,1.59,82.7,129.75,94.04,54.5,174.02,Unknown
SYN-DM-00045,7.55,175.98,241.15,1.93,95.38,111.96,65.86,72.5,177.24,Non-fasting
SYN-DM-00046,9.69,173.91,208.13,1.22,85.1,198.53,150.61,44.7,255.64,Non-fasting
SYN-DM-00047,7.02,126.87,190.73,2.05,44.35,53.11,151.38,56.0,228.45,Non-fasting
SYN-DM-00048,8.29,207.06,305.77,0.91,101.08,166.95,131.39,49.2,146.63,Fasting
SYN-DM-00049,8.62,228.03,104.64,1.48,73.1,12.43,165.06,59.6,277.91,Fasting
SYN-DM-00050,7.59,108.26,200.92,0.72,92.52,204.65,90.31,74.1,290.46,Non-fasting
SYN-DM-00051,6.12,103.41,168.23,2.15,77.47,348.5,105.58,47.3,304.11,Non-fasting
SYN-DM-00052,7.9,175.25,102.62,1.99,38.39,187.24,154.02,35.2,337.11,Non-fasting
SYN-DM-00053,7.25,125.75,240.86,2.2,31.03,403.93,72.38,64.3,284.11,Unknown
SYN-DM-00054,9.88,219.08,234.54,0.93,81.52,91.28,132.57,39.3,146.67,Fasting
SYN-DM-00055,7.62,169.97,196.37,1.44,62.57,399.38,72.11,44.8,292.32,Unknown
SYN-DM-00056,6.42,226.25,298.42,1.04,49.11,373.16,143.61,44.0,385.24,Fasting
SYN-DM-00057,7.9,175.81,215.23,1.65,83.23,367.06,128.5,67.3,334.1,Fasting
SYN-DM-00058,6.87,129.79,298.37,0.94,40.94,78.4,124.57,47.9,243.48,Non-fasting
SYN-DM-00059,5.8,231.91,270.23,1.5,58.24,112.43,117.37,43.7,405.5,Non-fasting
SYN-DM-00060,9.75,128.04,221.76,1.55,83.72,114.73,151.25,54.7,317.63,Unknown
SYN-DM-00061,9.22,125.65,267.65,0.87,55.44,278.26,164.19,33.2,161.23,Unknown
SYN-DM-00062,6.86,164.04,188.88,0.93,49.82,345.09,146.3,44.2,378.11,Non-fasting
SYN-DM-00063,7.09,190.96,237.8,1.37,34.43,216.93,73.37,36.7,345.82,Non-fasting
SYN-DM-00064,7.32,198.39,200.9,0.96,43.48,202.85,108.04,41.9,108.63,Fasting
SYN-DM-00065,6.96,187.59,218.01,1.54,75.68,278.25,69.34,51.2,298.83,Unknown
SYN-DM-00066,6.71,191.93,290.06,1.94,40.28,255.79,152.47,39.3,96.11,Fasting
SYN-DM-00067,7.72,221.01,132.87,1.87,58.25,242.63,165.12,44.7,323.6,Non-fasting
SYN-DM-00068,6.7,216.84,178.57,1.45,35.93,302.86,160.53,23.4,195.61,Fasting
SYN-DM-00069,9.72,103.02,149.85,1.34,89.31,13.32,65.2,54.7,107.54,Non-fasting
SYN-DM-00070,9.51,145.73,228.66,1.56,31.9,403.48,147.49,55.3,294.1,Fasting
SYN-DM-00071,8.74,221.37,174.42,2.19,73.57,252.11,152.98,43.9,223.76,Fasting
SYN-DM-00072,8.91,112.15,262.42,2.02,59.03,305.63,94.28,55.0,308.22,Non-fasting
SYN-DM-00073,6.3,99.97,159.17,1.91,53.87,109.36,165.76,69.6,297.86,Non-fasting
SYN-DM-00074,9.55,222.33,201.01,1.41,44.97,192.54,77.59,60.6,254.52,Non-fasting
SYN-DM-00075,8.75,142.86,217.98,2.06,88.88,284.67,164.27,67.7,203.97,Unknown
SYN-DM-00076,5.97,164.07,281.93,0.75,45.4,192.39,91.01,33.0,209.2,Unknown
SYN-DM-00077,9.6,203.88,122.08,0.94,47.73,247.16,118.11,39.5,381.58,Unknown
SYN-DM-00078,8.71,167.04,198.73,1.14,46.72,309.53,93.95,79.8,163.13,Non-fasting
SYN-DM-00079,8.15,226.11,270.39,0.89,75.8,12.85,109.25,21.0,303.41,Non-fasting
SYN-DM-00080,10.17,231.01,302.4,1.46,70.35,148.68,66.61,46.7,156.86,Unknown
SYN-DM-00081,8.42,158.07,285.48,1.94,53.52,64.46,87.78,44.6,303.25,Non-fasting
SYN-DM-00082,6.37,140.74,238.78,1.86,77.05,21.12,137.22,35.2,362.94,Non-fasting
SYN-DM-00083,6.54,88.99,111.18,1.01,55.24,48.14,158.83,51.4,151.36,Non-fasting
SYN-DM-00084,8.37,111.67,124.73,1.17,65.15,162.31,67.58,20,385.22,Non-fasting
SYN-DM-00085,9.78,103.46,273.45,1.33,53.38,128.18,134.72,58.6,287.34,Non-fasting
SYN-DM-00086,10.0,163.05,276.98,0.77,61.31,361.14,84.26,53.8,356.65,Non-fasting
SYN-DM-00087,6.13,173.75,281.1,1.53,53.63,154.33,87.23,59.5,267.83,Unknown
SYN-DM-00088,7.3,107.62,259.39,2.19,51.87,77.63,78.98,57.6,165.85,Fasting
SYN-DM-00089,6.38,185.14,261.13,1.04,72.56,113.9,147.35,45.9,326.71,Fasting
SYN-DM-00090,6.1,88.51,198.74,1.03,61.67,216.14,89.23,60.9,94.56,Unknown
SYN-DM-00091,9.53,177.36,195.9,1.97,78.31,149.15,86.14,66.6,125.41,Fasting
SYN-DM-00092,8.95,138.9,266.26,1.03,36.58,218.68,107.09,48.4,191.28,Non-fasting
SYN-DM-00093,6.1,158.93,278.39,1.04,56.57,104.41,67.47,66.8,383.13,Non-fasting
SYN-DM-00094,7.83,194.56,214.25,0.99,55.62,417.92,138.46,42.7,355.65,Unknown
SYN-DM-00095,9.0,121.21,126.49,1.09,52.46,274.57,66.4,25.5,336.72,Non-fasting
SYN-DM-00096,6.51,150.24,156.23,1.44,79.44,44.77,150.72,48.0,108.05,Non-fasting
SYN-DM-00097,9.8,219.17,256.22,1.94,35.87,47.96,63.5,39.3,240.84,Fasting
SYN-DM-00098,7.67,188.54,226.73,0.88,39.18,89.34,121.39,44.6,180.41,Unknown
SYN-DM-00099,7.11,155.5,113.55,2.0,53.23,204.44,104.97,46.2,191.03,Fasting
SYN-DM-00100,9.06,99.31,108.84,1.03,99.17,403.09,165.46,44.8,351.96,Unknown
SYN-DM-00101,6.12,215.54,266.05,0.76,45.42,46.19,153.1,50.1,373.19,Unknown
SYN-DM-00102,8.74,176.73,262.74,1.85,65.2,113.5,102.88,26.1,302.61,Fasting
SYN-DM-00103,7.46,128.35,165.52,1.46,65.2,177.36,122.25,66.2,389.08,Fasting
SYN-DM-00104,8.7,191.4,305.34,1.25,79.28,341.68,67.37,65.9,160.36,Unknown
SYN-DM-00105,6.8,169.89,179.86,1.69,84.03,390.51,127.52,60.7,252.66,Fasting
SYN-DM-00106,6.52,160.46,180.11,0.91,87.42,174.94,78.46,63.3,363.0,Unknown
SYN-DM-00107,6.58,198.56,116.63,1.16,72.37,53.15,152.74,48.3,351.28,Unknown
SYN-DM-00108,6.32,91.75,171.89,2.25,30.86,183.08,140.64,39.3,285.12,Non-fasting
SYN-DM-00109,6.17,189.96,289.53,1.07,66.52,355.48,111.77,41.6,393.39,Unknown
SYN-DM-00110,6.41,190.82,121.86,1.24,39.53,275.69,109.52,37.4,194.78,Non-fasting
SYN-DM-00111,8.7,225.34,243.82,0.89,66.07,19.95,136.99,60.2,193.15,Unknown
SYN-DM-00112,7.61,143.04,249.36,1.94,54.27,86.54,95.67,59.3,151.0,Fasting
SYN-DM-00113,7.97,121.27,309.45,1.28,87.58,383.31,64.92,43.7,155.38,Non-fasting
SYN-DM-00114,6.12,184.25,168.87,0.91,100.21,417.73,134.89,59.6,404.88,Unknown
SYN-DM-00115,8.45,184.04,286.35,1.39,31.55,192.6,74.04,61.5,273.3,Non-fasting
SYN-DM-00116,6.51,180.22,224.43,0.83,81.89,215.21,100.04,33.8,138.73,Non-fasting
SYN-DM-00117,6.83,209.67,210.52,0.76,60.6,107.12,97.28,50.8,401.34,Non-fasting
SYN-DM-00118,6.09,160.47,226.26,1.13,50.75,233.51,126.94,70.9,292.06,Unknown
SYN-DM-00119,6.71,142.07,201.23,2.29,61.38,65.57,93.51,55.9,145.47,Non-fasting
SYN-DM-00120,6.36,176.22,248.88,1.5,98.57,30.86,159.88,27.2,350.89,Unknown
SYN-DM-00121,8.11,145.32,134.44,1.69,44.85,99.06,89.4,21.4,331.71,Non-fasting
SYN-DM-00122,8.62,175.48,193.32,1.65,63.25,354.18,130.46,45.4,113.46,Unknown
SYN-DM-00123,10.09,218.06,147.96,1.7,54.81,59.18,171.65,36.3,159.8,Non-fasting
SYN-DM-00124,7.69,202.78,204.07,1.66,96.29,265.58,149.94,43.1,391.6,Unknown
SYN-DM-00125,7.28,167.4,300.81,2.13,98.09,334.93,79.55,51.0,99.75,Fasting
SYN-DM-00126,8.23,177.03,145.85,2.27,57.02,13.3,136.44,48.7,378.34,Unknown
SYN-DM-00127,6.24,153.07,206.22,1.87,51.74,198.65,162.5,50.4,391.63,Fasting
SYN-DM-00128,8.7,144.0,211.67,1.79,53.6,331.68,126.76,44.3,220.63,Fasting
SYN-DM-00129,6.49,182.21,103.74,1.49,56.8,221.28,96.44,60.0,252.64,Unknown
SYN-DM-00130,9.66,133.66,117.18,0.96,34.94,248.88,69.69,38.9,385.74,Unknown
SYN-DM-00131,6.71,177.91,140.64,1.76,96.27,44.53,81.15,37.7,265.93,Non-fasting
SYN-DM-00132,6.7,210.0,161.72,1.93,89.85,163.02,119.48,74.6,407.3,Fasting
SYN-DM-00133,9.81,217.27,248.04,1.37,84.83,181.75,135.32,56.8,126.28,Fasting
SYN-DM-00134,7.12,232.85,127.22,0.79,55.34,244.22,152.63,57.5,376.8,Unknown
SYN-DM-00135,7.85,124.53,265.39,1.97,49.73,110.6,129.73,50.7,381.89,Unknown
SYN-DM-00136,10.12,130.44,203.97,1.44,48.02,352.5,111.21,46.8,306.93,Unknown
SYN-DM-00137,8.78,192.23,116.79,1.88,65.78,215.53,113.55,40.0,238.72,Non-fasting
SYN-DM-00138,7.0,119.05,133.79,1.48,67.85,142.63,123.24,74.1,268.58,Fasting
SYN-DM-00139,7.79,157.86,273.71,1.74,94.97,94.47,72.94,34.6,267.08,Non-fasting
SYN-DM-00140,8.72,197.21,272.12,1.04,86.68,413.19,126.25,77.0,352.15,Fasting
SYN-DM-00141,9.1,120.01,254.56,1.62,94.05,320.13,124.42,51.9,370.65,Fasting
SYN-DM-00142,5.85,181.65,297.35,0.77,61.29,12.12,80.77,62.8,218.18,Unknown
SYN-DM-00143,8.99,157.7,217.33,1.55,44.33,32.89,83.1,23.3,224.33,Unknown
SYN-DM-00144,8.69,210.32,144.31,1.81,45.74,61.53,100.39,31.4,153.09,Unknown
SYN-DM-00145,7.89,236.38,220.26,1.67,73.5,126.85,148.54,60.2,221.3,Fasting
SYN-DM-00146,7.69,235.86,169.69,1.53,35.09,409.43,120.08,29.1,406.91,Unknown
SYN-DM-00147,6.77,216.47,202.76,1.55,28.2,408.83,173.38,48.2,289.45,Unknown
SYN-DM-00148,8.14,156.9,105.91,2.1,85.46,108.79,124.63,43.8,307.35,Unknown
SYN-DM-00149,9.92,119.48,242.77,2.09,61.21,205.45,77.12,58.3,270.95,Fasting
SYN-DM-00150,7.21,119.78,247.46,1.89,49.15,136.19,96.63,41.8,269.71,Unknown
SYN-DM-00151,5.82,128.55,307.64,1.52,79.15,175.83,118.2,62.4,182.17,Fasting
SYN-DM-00152,10.07,187.46,264.09,1.08,29.93,24.25,134.28,46.8,267.06,Non-fasting
SYN-DM-00153,9.51,242.67,109.05,1.87,75.79,192.47,118.26,49.1,112.35,Unknown
SYN-DM-00154,8.97,212.43,150.4,1.61,34.29,218.31,157.73,48.3,309.57,Unknown
SYN-DM-00155,8.32,117.2,151.7,1.92,88.65,235.21,67.71,46.3,124.11,Unknown
SYN-DM-00156,9.83,236.49,232.11,2.27,76.89,361.9,165.23,55.5,161.27,Fasting
SYN-DM-00157,9.99,149.04,192.5,1.52,29.91,202.94,159.86,72.6,185.64,Fasting
SYN-DM-00158,9.97,115.93,174.99,0.89,44.88,348.91,74.34,50.7,147.64,Non-fasting
SYN-DM-00159,9.74,244.21,304.96,1.7,93.82,222.89,147.68,66.6,228.03,Non-fasting
SYN-DM-00160,7.44,118.94,107.1,1.4,52.01,331.23,125.08,47.0,214.49,Fasting
SYN-DM-00161,7.95,177.79,214.89,1.53,74.34,243.98,151.47,32.3,265.85,Non-fasting
SYN-DM-00162,7.64,194.32,148.08,1.25,91.82,207.56,149.18,42.7,356.72,Non-fasting
SYN-DM-00163,8.7,170.12,138.06,0.87,68.23,365.17,62.5,59.7,388.13,Non-fasting
SYN-DM-00164,5.91,195.33,120.99,0.8,44.32,240.7,105.02,40.0,297.24,Fasting
SYN-DM-00165,7.04,221.91,183.84,1.15,88.64,339.54,126.84,55.7,389.86,Unknown
SYN-DM-00166,6.93,103.48,255.85,0.8,101.7,264.93,79.59,46.4,392.36,Fasting
SYN-DM-00167,8.28,156.55,131.6,1.62,64.23,152.71,145.76,53.0,279.41,Fasting
SYN-DM-00168,8.5,121.16,253.34,1.9,72.98,408.05,149.75,57.0,264.74,Fasting
SYN-DM-00169,9.28,198.13,129.85,0.98,101.96,290.6,93.85,30.5,347.59,Fasting
SYN-DM-00170,9.8,233.06,183.67,1.98,88.68,327.09,137.62,51.2,258.36,Unknown
SYN-DM-00171,8.81,221.04,153.7,0.77,62.71,359.69,73.02,38.7,189.1,Non-fasting
SYN-DM-00172,5.92,227.78,113.2,1.71,61.54,418.48,75.97,29.2,233.94,Fasting
SYN-DM-00173,6.06,145.39,176.46,1.18,66.07,412.06,158.77,46.3,250.09,Unknown
SYN-DM-00174,6.4,130.86,184.97,1.96,93.34,228.23,68.21,47.5,274.37,Unknown
SYN-DM-00175,8.31,233.3,212.78,1.05,97.76,222.74,106.44,46.4,373.23,Non-fasting
SYN-DM-00176,7.13,107.13,137.32,1.57,96.38,342.98,160.63,30.1,346.81,Fasting
SYN-DM-00177,5.92,169.16,266.28,1.92,61.16,37.57,108.85,34.8,108.04,Unknown
SYN-DM-00178,9.26,163.97,269.73,1.86,81.35,256.39,127.1,43.1,103.82,Fasting
SYN-DM-00179,6.05,110.08,271.61,1.64,65.29,154.8,157.77,72.8,174.93,Unknown
SYN-DM-00180,6.62,112.54,140.73,2.07,94.95,127.91,121.07,31.1,159.17,Non-fasting
SYN-DM-00181,8.85,106.01,131.11,1.76,55.87,116.57,125.23,67.0,333.04,Non-fasting
SYN-DM-00182,8.04,204.2,130.37,2.19,51.14,213.43,141.49,52.0,140.8,Fasting
SYN-DM-00183,7.15,106.49,207.26,1.19,37.27,13.14,130.82,44.8,205.44,Non-fasting
SYN-DM-00184,9.92,98.98,176.67,0.94,65.06,410.29,75.32,59.8,244.23,Non-fasting
SYN-DM-00185,6.92,115.02,232.98,0.74,90.64,115.58,93.71,43.0,161.25,Unknown
SYN-DM-00186,9.29,179.06,125.79,2.03,46.73,325.03,121.56,35.2,175.03,Non-fasting
SYN-DM-00187,7.6,194.9,143.23,1.06,99.56,369.64,98.83,50.4,112.36,Non-fasting
SYN-DM-00188,6.34,153.98,146.17,1.83,61.44,178.4,107.06,57.6,215.01,Non-fasting
SYN-DM-00189,8.74,184.86,183.45,2.11,32.54,403.49,91.83,36.2,304.2,Fasting
SYN-DM-00190,9.79,213.37,174.85,1.21,72.42,282.54,86.15,54.1,150.55,Unknown
SYN-DM-00191,6.52,113.32,201.04,1.03,77.01,254.87,123.21,36.0,331.78,Unknown
SYN-DM-00192,9.2,199.26,265.52,2.0,33.19,335.27,78.83,42.7,123.86,Unknown
SYN-DM-00193,7.65,179.92,290.34,0.83,42.88,292.48,94.11,50.1,280.03,Fasting
SYN-DM-00194,9.85,203.88,255.96,0.74,73.35,244.34,131.21,35.8,361.84,Non-fasting
SYN-DM-00195,6.19,218.54,154.25,1.49,63.66,79.26,82.57,40.7,210.29,Fasting
SYN-DM-00196,8.03,101.38,150.33,0.96,70.72,156.42,142.89,66.0,299.7,Fasting
SYN-DM-00197,8.1,195.19,205.42,1.3,44.48,316.08,131.79,52.6,248.57,Unknown
SYN-DM-00198,5.94,195.68,242.24,0.71,74.72,342.6,75.1,68.6,205.39,Unknown
SYN-DM-00199,7.8,110.1,138.93,1.53,58.63,163.71,152.61,64.0,345.5,Fasting
SYN-DM-00200,7.15,217.93,148.12,0.92,78.7,314.75,66.49,41.3,264.81,Fasting
SYN-DM-00201,6.82,212.55,205.29,1.56,84.58,101.28,130.31,44.9,302.59,Non-fasting
SYN-DM-00202,9.2,100.47,289.22,2.29,54.34,256.4,98.92,43.4,244.45,Non-fasting
SYN-DM-00203,8.53,132.57,119.96,2.3,50.71,321.99,76.56,39.4,376.73,Unknown
SYN-DM-00204,8.04,211.02,102.12,0.8,57.89,333.25,93.61,46.3,90.41,Non-fasting
SYN-DM-00205,7.84,221.29,203.49,1.54,71.47,18.09,124.37,47.3,185.94,Fasting
SYN-DM-00206,9.0,110.49,188.69,1.34,101.75,145.5,120.73,43.3,179.83,Fasting
SYN-DM-00207,8.73,225.33,185.15,1.58,43.04,415.57,84.06,50.2,205.73,Fasting
SYN-DM-00208,7.95,115.55,207.12,1.8,61.24,17.2,152.91,33.9,317.3,Fasting
SYN-DM-00209,7.66,136.31,161.23,1.37,94.25,324.42,148.21,35.5,212.78,Non-fasting
SYN-DM-00210,8.16,135.19,270.33,1.29,32.16,152.24,75.13,47.0,392.92,Fasting
SYN-DM-00211,6.52,88.63,276.05,1.01,65.06,276.84,75.67,37.6,315.94,Unknown
SYN-DM-00212,9.59,162.64,213.56,0.93,54.93,76.29,94.02,40.9,266.69,Unknown
SYN-DM-00213,7.46,209.74,282.26,1.4,30.97,157.35,72.05,37.7,172.29,Unknown
SYN-DM-00214,5.87,201.8,297.65,1.87,44.34,351.41,163.38,33.5,346.82,Fasting
SYN-DM-00215,6.53,207.24,150.85,0.71,92.78,186.66,130.53,27.4,323.94,Unknown
SYN-DM-00216,6.89,112.58,116.47,2.08,37.87,346.15,159.57,64.7,354.44,Unknown
SYN-DM-00217,6.77,201.16,304.96,2.11,53.11,405.54,103.78,44.6,127.83,Non-fasting
SYN-DM-00218,9.09,233.45,208.23,0.88,40.22,215.21,86.95,56.9,143.93,Unknown
SYN-DM-00219,7.67,98.13,112.4,1.33,79.14,286.66,143.13,38.6,375.19,Unknown
SYN-DM-00220,9.68,227.07,303.65,2.13,74.31,309.41,75.3,68.4,153.66,Fasting
SYN-DM-00221,6.43,150.57,283.67,1.14,28.54,17.21,110.33,43.8,341.97,Non-fasting
SYN-DM-00222,7.55,238.41,151.46,1.15,80.93,300.27,148.26,56.4,275.5,Non-fasting
SYN-DM-00223,9.6,119.66,250.64,1.02,100.88,99.52,82.43,42.2,256.15,Non-fasting
SYN-DM-00224,6.92,99.05,111.46,1.03,31.03,22.19,70.28,39.3,197.37,Non-fasting
SYN-DM-00225,6.67,186.43,264.86,1.05,57.53,312.83,162.41,55.4,225.47,Non-fasting
SYN-DM-00226,7.44,139.5,154.15,1.35,30.05,318.34,130.99,29.8,97.67,Non-fasting
SYN-DM-00227,8.97,213.32,230.31,1.96,45.13,130.56,156.13,54.2,298.51,Non-fasting
SYN-DM-00228,7.01,189.96,144.18,1.98,83.7,159.36,166.02,39.1,222.83,Non-fasting
SYN-DM-00229,8.68,120.89,165.11,2.22,50.64,79.95,99.89,68.1,153.37,Fasting
SYN-DM-00230,8.45,207.53,272.99,1.97,44.72,287.58,128.33,28.7,332.77,Unknown
SYN-DM-00231,6.03,178.18,175.54,0.88,85.15,278.6,132.15,28.5,102.93,Fasting
SYN-DM-00232,6.84,189.61,108.71,1.45,67.71,49.04,82.46,53.8,252.33,Unknown
SYN-DM-00233,9.94,182.08,246.52,1.58,87.57,127.06,85.36,48.4,303.76,Non-fasting
SYN-DM-00234,8.09,239.8,302.9,1.93,35.69,233.63,165.45,20,234.96,Fasting
SYN-DM-00235,8.07,109.54,298.3,2.18,55.0,416.46,130.06,31.5,144.65,Fasting
SYN-DM-00236,8.12,230.43,291.4,2.24,45.29,376.57,145.77,46.2,197.09,Unknown
SYN-DM-00237,8.05,165.56,217.59,1.03,89.7,232.54,131.04,29.1,270.99,Non-fasting
SYN-DM-00238,7.98,233.43,237.52,2.25,36.13,416.71,98.28,54.1,233.75,Unknown
SYN-DM-00239,8.85,121.08,259.32,1.87,66.56,278.2,148.86,20,342.14,Fasting
SYN-DM-00240,7.35,235.25,295.0,1.37,57.85,43.2,87.41,22.6,122.9,Unknown
SYN-DM-00241,8.31,168.02,154.34,1.63,92.7,192.89,67.51,73.8,132.5,Fasting
SYN-DM-00242,8.49,190.57,196.68,0.72,35.45,278.6,103.76,43.4,109.56,Fasting
SYN-DM-00243,8.61,163.25,224.36,0.93,56.26,348.93,63.21,45.7,344.58,Unknown
SYN-DM-00244,9.98,109.94,214.17,1.0,51.4,83.13,122.14,54.3,310.02,Unknown
SYN-DM-00245,6.59,151.75,297.26,0.74,68.37,212.37,146.6,67.6,291.2,Fasting
SYN-DM-00246,5.82,181.22,265.89,1.28,69.52,313.49,78.96,47.9,172.66,Non-fasting
SYN-DM-00247,7.14,113.8,236.01,0.92,85.19,234.77,171.93,42.2,235.3,Non-fasting
SYN-DM-00248,7.34,172.97,308.49,2.07,40.15,40.68,148.84,51.1,390.59,Unknown
SYN-DM-00249,9.63,156.25,304.22,1.6,75.47,301.8,138.45,51.7,329.9,Fasting
SYN-DM-00250,7.21,167.89,200.8,0.7,50.82,350.69,65.84,34.3,291.71,Non-fasting
SYN-DM-00251,7.95,123.16,280.66,1.08,91.92,316.14,85.95,39.2,327.53,Unknown
SYN-DM-00252,10.17,92.93,115.36,1.09,81.89,140.25,113.34,63.7,330.69,Unknown
SYN-DM-00253,9.34,214.64,206.98,0.92,69.91,259.5,132.29,45.8,107.51,Non-fasting
SYN-DM-00254,6.11,234.47,233.4,1.18,69.57,145.95,157.02,43.9,290.71,Fasting
SYN-DM-00255,9.56,127.57,300.61,2.17,87.31,221.31,141.07,39.6,331.4,Unknown
SYN-DM-00256,8.73,233.64,294.61,2.13,35.76,128.57,119.61,60.2,255.22,Fasting
SYN-DM-00257,6.68,93.95,224.85,2.11,81.74,366.73,84.64,47.5,181.72,Unknown
SYN-DM-00258,10.18,113.19,192.3,1.95,55.39,10.62,98.44,42.1,361.86,Unknown
SYN-DM-00259,8.04,215.47,123.85,0.71,52.33,50.89,173.65,50.2,92.27,Non-fasting
SYN-DM-00260,7.14,159.28,172.79,2.13,74.78,48.64,86.28,56.7,217.17,Fasting
SYN-DM-00261,7.76,221.9,223.47,0.92,39.18,362.96,164.31,67.6,261.66,Fasting
SYN-DM-00262,6.41,222.27,291.68,0.82,83.85,339.84,91.04,48.5,184.11,Fasting
SYN-DM-00263,8.87,240.94,294.97,1.61,42.19,14.43,163.38,49.9,331.42,Non-fasting
SYN-DM-00264,6.61,176.53,188.21,1.93,72.32,346.17,143.01,54.8,399.58,Unknown
SYN-DM-00265,7.97,199.12,284.15,1.08,95.95,74.7,154.76,25.4,150.47,Fasting
SYN-DM-00266,6.24,134.29,238.96,1.98,58.71,385.59,156.03,57.2,138.21,Non-fasting
SYN-DM-00267,8.04,166.64,102.19,1.48,75.05,83.35,144.37,53.5,239.64,Fasting
SYN-DM-00268,7.64,104.98,245.82,1.13,44.52,371.89,86.74,27.3,298.45,Unknown
SYN-DM-00269,6.81,110.8,188.17,1.77,76.76,150.6,140.67,35.0,401.81,Non-fasting
SYN-DM-00270,9.99,136.25,113.28,1.13,28.74,353.38,133.46,35.3,119.51,Fasting
SYN-DM-00271,6.92,167.15,183.97,2.29,78.1,372.62,123.36,42.0,111.04,Non-fasting
SYN-DM-00272,9.78,92.44,156.7,2.1,79.71,126.91,71.39,39.5,247.23,Fasting
SYN-DM-00273,7.61,189.18,268.19,1.43,64.11,314.18,170.76,61.5,376.35,Unknown
SYN-DM-00274,9.25,237.11,127.48,1.74,32.86,30.87,154.53,37.6,104.67,Fasting
SYN-DM-00275,6.37,220.95,199.68,1.76,66.21,89.9,149.5,75.1,335.9,Non-fasting
SYN-DM-00276,7.85,101.97,177.15,0.87,77.94,199.88,107.61,66.5,400.89,Fasting
SYN-DM-00277,6.62,139.47,215.4,0.92,98.95,114.01,158.04,43.9,149.72,Unknown
SYN-DM-00278,6.93,96.51,188.92,0.85,96.37,42.44,80.99,38.0,162.02,Non-fasting
SYN-DM-00279,9.99,169.29,200.56,1.1,31.3,143.08,149.05,33.7,340.3,Non-fasting
SYN-DM-00280,7.49,116.27,169.69,1.1,101.74,25.16,117.93,36.7,161.62,Non-fasting
SYN-DM-00281,7.34,228.18,265.02,0.72,40.0,288.86,73.61,36.4,168.58,Fasting
SYN-DM-00282,6.66,138.9,271.56,1.55,84.93,259.65,88.58,26.9,400.48,Fasting
SYN-DM-00283,7.71,137.27,206.75,2.25,55.94,358.59,79.96,45.3,298.87,Unknown
SYN-DM-00284,8.69,238.29,224.12,0.91,86.82,150.06,79.23,45.7,318.1,Unknown
SYN-DM-00285,5.93,210.04,258.44,0.91,81.81,59.67,73.47,66.0,284.5,Non-fasting
SYN-DM-00286,8.04,110.15,251.46,2.01,30.37,331.61,124.51,28.4,105.78,Non-fasting
SYN-DM-00287,6.25,109.69,285.34,2.0,83.53,415.07,132.82,39.5,271.32,Fasting
SYN-DM-00288,8.78,227.08,222.08,1.66,47.04,346.18,143.17,25.8,183.96,Fasting
SYN-DM-00289,9.77,230.99,109.74,0.97,65.75,59.85,160.34,69.9,135.5,Unknown
SYN-DM-00290,7.03,134.82,221.78,1.35,77.14,87.5,118.14,58.2,332.99,Fasting
SYN-DM-00291,6.17,222.49,223.59,0.78,34.2,31.77,149.09,47.1,348.88,Unknown
SYN-DM-00292,9.06,101.7,177.63,1.8,73.42,361.9,171.78,20.9,108.47,Unknown
SYN-DM-00293,9.65,137.8,268.64,0.79,35.05,143.18,86.5,48.1,236.9,Unknown
SYN-DM-00294,6.09,109.32,213.63,2.04,70.67,359.43,146.18,60.5,335.51,Fasting
SYN-DM-00295,8.62,122.81,265.61,0.74,45.82,262.64,63.21,50.1,204.22,Non-fasting
SYN-DM-00296,6.7,196.65,202.31,1.54,70.93,351.67,116.4,59.7,304.18,Non-fasting
SYN-DM-00297,6.29,241.13,146.24,1.0,61.02,151.65,92.15,45.8,188.57,Unknown
SYN-DM-00298,9.61,222.36,117.27,1.8,81.43,348.68,140.39,44.5,197.31,Unknown
SYN-DM-00299,5.96,191.4,274.58,1.61,89.07,192.29,163.78,40.5,321.73,Non-fasting
SYN-DM-00300,9.46,114.99,147.44,1.53,95.03,175.54,74.53,27.4,270.76,Unknown
SYN-DM-00301,7.86,158.82,114.89,1.79,32.14,210.35,97.83,48.6,387.91,Unknown
SYN-DM-00302,8.09,90.73,266.5,0.85,84.23,201.78,119.74,53.0,315.08,Fasting
SYN-DM-00303,8.74,121.73,204.57,1.07,28.05,10.23,88.86,38.9,164.06,Non-fasting
SYN-DM-00304,7.66,181.4,106.23,2.28,98.17,207.38,80.86,43.2,176.01,Fasting
SYN-DM-00305,8.82,199.48,278.32,1.06,29.32,266.03,67.46,27.8,105.21,Unknown
SYN-DM-00306,9.56,152.67,177.1,2.09,31.09,283.17,145.04,57.3,319.9,Unknown
SYN-DM-00307,7.67,128.73,156.0,2.08,37.93,196.97,156.06,63.7,260.64,Non-fasting
SYN-DM-00308,6.11,136.25,150.49,1.06,43.95,57.85,76.98,58.8,243.4,Fasting
SYN-DM-00309,6.14,191.64,198.04,1.12,52.14,193.71,170.16,72.2,309.43,Fasting
SYN-DM-00310,6.57,227.14,279.37,1.78,36.17,217.69,172.83,47.8,177.1,Fasting
SYN-DM-00311,10.06,115.13,224.92,0.75,100.01,349.38,172.48,51.3,268.23,Non-fasting
SYN-DM-00312,7.3,238.36,250.29,1.11,89.43,401.78,100.21,36.3,196.76,Unknown
SYN-DM-00313,7.7,228.75,192.94,0.73,89.08,268.18,158.24,42.9,158.25,Fasting
SYN-DM-00314,7.44,109.07,206.5,1.42,89.01,326.17,109.81,35.3,217.79,Fasting
SYN-DM-00315,6.91,142.17,297.96,1.25,93.19,61.56,155.6,44.2,183.4,Fasting
SYN-DM-00316,9.97,244.96,266.27,0.83,66.05,259.35,87.92,33.1,289.17,Unknown
SYN-DM-00317,6.66,116.85,252.57,2.28,65.33,192.43,105.75,26.8,287.52,Fasting
SYN-DM-00318,7.09,140.31,298.43,1.39,84.21,406.35,159.49,63.3,290.62,Unknown
SYN-DM-00319,10.0,146.07,304.81,1.68,66.7,81.84,90.06,49.6,276.95,Unknown
SYN-DM-00320,8.48,109.25,184.12,2.3,35.54,182.65,126.42,51.9,301.15,Fasting
SYN-DM-00321,6.95,205.67,239.93,0.94,48.46,395.94,99.93,48.3,303.83,Non-fasting
SYN-DM-00322,8.2,206.83,221.56,1.3,45.74,262.46,141.32,20,174.41,Non-fasting
SYN-DM-00323,6.12,152.3,255.19,1.73,64.5,58.16,77.66,35.5,389.21,Fasting
SYN-DM-00324,9.76,244.54,108.03,0.78,69.72,278.11,160.43,29.0,136.34,Non-fasting
SYN-DM-00325,7.68,91.12,207.33,1.44,88.31,34.1,169.58,64.0,309.42,Unknown
SYN-DM-00326,8.92,185.08,177.68,1.15,92.31,306.41,121.97,46.7,261.98,Unknown
SYN-DM-00327,6.22,177.78,165.9,1.98,88.75,173.56,160.02,59.8,179.45,Unknown
SYN-DM-00328,8.53,187.48,253.83,2.23,85.61,195.59,95.46,39.1,281.06,Non-fasting
SYN-DM-00329,7.98,170.36,200.23,1.3,95.21,367.47,129.71,49.1,259.72,Fasting
SYN-DM-00330,7.63,223.32,118.64,0.93,80.42,110.36,87.55,62.2,355.42,Fasting
SYN-DM-00331,9.09,126.06,145.81,1.5,69.19,345.11,169.59,47.3,356.92,Fasting
SYN-DM-00332,9.54,106.72,117.18,2.04,39.1,249.05,126.1,47.4,284.44,Unknown
SYN-DM-00333,6.34,182.17,234.51,1.43,67.88,325.74,103.66,27.2,409.99,Non-fasting
SYN-DM-00334,9.99,144.47,212.97,2.12,70.55,80.36,158.17,60.9,400.95,Fasting
SYN-DM-00335,6.08,172.13,193.08,1.79,97.28,132.29,159.06,53.3,199.95,Unknown
SYN-DM-00336,6.51,120.03,196.52,0.82,88.82,55.66,132.69,49.4,232.59,Fasting
SYN-DM-00337,8.2,141.91,246.42,2.08,28.7,161.04,100.95,42.1,146.66,Unknown
SYN-DM-00338,6.32,115.71,263.8,1.14,100.79,185.04,91.52,52.6,408.17,Non-fasting
SYN-DM-00339,9.59,116.88,153.97,1.69,68.42,33.31,155.06,38.2,125.6,Non-fasting
SYN-DM-00340,7.32,203.51,113.66,1.17,44.54,38.52,145.02,51.6,403.38,Unknown
SYN-DM-00341,10.16,210.18,178.75,0.88,63.83,133.32,78.74,38.7,98.77,Fasting
SYN-DM-00342,5.96,118.38,162.61,1.28,79.51,195.73,98.56,53.5,308.04,Unknown
SYN-DM-00343,8.35,195.26,180.42,1.49,62.73,62.48,107.92,45.6,168.8,Fasting
SYN-DM-00344,8.98,218.73,270.63,1.62,28.58,84.74,69.53,20,131.72,Unknown
SYN-DM-00345,7.21,194.36,201.48,1.42,56.93,163.88,140.94,29.3,359.73,Fasting
SYN-DM-00346,8.7,240.36,220.77,1.99,80.93,298.52,147.75,27.6,189.35,Non-fasting
SYN-DM-00347,8.27,220.18,220.2,1.38,52.06,381.17,131.26,66.3,292.61,Unknown
SYN-DM-00348,10.03,131.88,119.79,1.86,95.18,312.13,109.79,31.5,134.0,Non-fasting
SYN-DM-00349,6.59,91.21,173.8,1.25,71.13,92.69,160.68,45.9,315.83,Fasting
SYN-DM-00350,7.87,225.48,202.25,1.85,61.31,156.94,100.94,49.7,154.75,Non-fasting
SYN-DM-00351,7.88,203.96,152.54,1.21,91.98,383.01,130.92,27.7,386.14,Non-fasting
SYN-DM-00352,8.74,206.52,172.13,0.85,40.35,26.41,128.79,42.6,383.71,Non-fasting
SYN-DM-00353,6.73,146.61,237.05,1.87,51.65,315.27,69.5,45.6,342.25,Fasting
SYN-DM-00354,6.16,150.76,139.84,1.85,52.76,261.8,96.21,63.4,226.21,Unknown
SYN-DM-00355,8.08,211.85,309.67,0.94,62.79,360.57,130.06,63.9,372.25,Fasting
SYN-DM-00356,9.36,129.7,211.24,1.12,98.35,253.82,82.52,52.4,377.76,Unknown
SYN-DM-00357,7.62,214.49,307.47,1.44,100.97,310.26,125.52,25.8,409.76,Non-fasting
SYN-DM-00358,6.63,128.56,272.59,1.43,100.2,34.65,73.17,55.3,184.17,Unknown
SYN-DM-00359,9.52,123.1,250.21,1.87,85.19,108.31,171.06,30.7,344.79,Unknown
SYN-DM-00360,9.29,189.71,196.47,1.6,71.08,131.76,69.76,67.9,385.32,Fasting
SYN-DM-00361,6.1,209.74,144.9,1.19,66.16,253.07,69.81,77.7,361.9,Fasting
SYN-DM-00362,6.47,214.24,184.76,0.71,65.5,179.46,118.51,30.0,162.57,Unknown
SYN-DM-00363,9.65,102.85,230.07,2.27,98.16,101.43,69.93,30.5,172.55,Fasting
SYN-DM-00364,8.02,187.0,209.18,1.55,91.02,48.77,134.14,46.9,392.79,Unknown
SYN-DM-00365,8.92,167.78,127.16,0.78,67.46,416.77,156.72,65.0,110.42,Unknown
SYN-DM-00366,7.13,88.64,201.18,0.92,81.9,397.44,163.0,37.4,306.23,Fasting
SYN-DM-00367,8.91,207.8,118.31,1.46,87.39,329.66,74.69,46.0,282.88,Non-fasting
SYN-DM-00368,6.56,232.47,260.25,1.36,32.36,305.89,106.65,30.6,210.46,Unknown
SYN-DM-00369,8.83,214.43,275.77,1.46,67.35,29.97,128.33,56.2,88.82,Unknown
SYN-DM-00370,6.98,223.64,179.36,2.02,42.49,413.29,74.23,39.0,197.82,Fasting
SYN-DM-00371,6.23,127.63,283.12,1.2,46.7,29.48,145.76,44.4,180.57,Fasting
SYN-DM-00372,6.48,165.58,204.61,2.04,53.21,100.15,62.31,27.7,132.27,Fasting
SYN-DM-00373,6.0,224.46,223.53,1.76,63.39,244.48,107.78,60.0,196.42,Fasting
SYN-DM-00374,9.43,88.96,199.34,1.72,53.04,287.03,89.78,54.9,366.12,Non-fasting
SYN-DM-00375,5.82,94.62,298.95,1.48,86.93,232.73,121.47,54.8,344.55,Fasting
SYN-DM-00376,6.13,113.77,275.61,1.15,44.66,285.95,65.11,44.8,88.84,Non-fasting
SYN-DM-00377,8.7,228.16,286.67,1.83,28.09,368.43,85.55,51.9,107.35,Non-fasting
SYN-DM-00378,9.89,111.99,172.73,0.89,44.3,170.68,85.39,43.0,241.68,Unknown
SYN-DM-00379,8.56,213.88,286.52,1.0,48.14,239.25,108.75,57.9,163.05,Non-fasting
SYN-DM-00380,7.7,194.8,124.28,1.36,60.4,45.26,165.93,51.3,196.5,Fasting
SYN-DM-00381,9.43,179.68,245.52,1.63,30.08,225.37,162.33,44.9,151.37,Non-fasting
SYN-DM-00382,5.83,227.76,248.71,1.8,79.97,138.78,94.68,49.4,190.21,Unknown
SYN-DM-00383,6.5,91.35,145.0,1.33,65.23,288.16,120.83,44.0,370.47,Unknown
SYN-DM-00384,10.11,206.87,306.52,2.12,28.82,125.55,161.32,42.1,166.93,Unknown
SYN-DM-00385,8.39,123.18,191.16,1.46,91.82,28.19,115.75,49.7,142.91,Fasting
SYN-DM-00386,10.2,157.18,191.36,2.12,56.71,51.83,88.6,42.5,312.58,Fasting
SYN-DM-00387,7.27,168.35,122.77,1.12,95.18,299.88,135.09,81.9,218.94,Unknown
SYN-DM-00388,8.55,184.7,264.89,1.04,71.55,262.48,83.47,57.4,95.76,Fasting
SYN-DM-00389,7.01,202.39,265.78,1.7,78.79,179.3,113.75,38.6,190.42,Non-fasting
SYN-DM-00390,5.98,196.64,207.65,1.87,98.55,204.17,84.87,59.4,386.5,Unknown
SYN-DM-00391,8.55,134.85,301.71,1.95,49.68,367.58,142.3,67.1,212.87,Fasting
SYN-DM-00392,8.91,136.41,177.05,1.56,80.41,370.31,155.31,54.4,253.27,Fasting
SYN-DM-00393,6.0,122.46,190.17,1.36,85.59,332.59,111.68,43.0,316.89,Non-fasting
SYN-DM-00394,8.93,100.26,221.9,1.3,48.92,396.35,74.08,62.4,370.4,Non-fasting
SYN-DM-00395,9.95,216.35,129.72,0.86,69.04,35.23,165.18,56.6,254.64,Fasting
SYN-DM-00396,6.92,195.36,278.49,1.81,86.48,284.05,82.78,63.3,218.51,Unknown
SYN-DM-00397,8.45,203.67,116.1,2.26,91.23,69.42,128.3,32.9,139.32,Fasting
SYN-DM-00398,8.26,93.6,308.44,1.94,78.6,409.53,95.25,54.3,316.63,Unknown
SYN-DM-00399,8.43,135.19,178.45,1.25,47.1,255.53,148.49,41.6,280.39,Fasting
SYN-DM-00400,8.43,127.19,185.18,1.79,94.6,350.75,120.04,20,383.43,Unknown
SYN-DM-00401,7.36,229.57,309.29,2.17,57.75,88.06,156.41,60.7,217.53,Unknown
SYN-DM-00402,8.09,119.17,177.38,1.0,68.33,283.18,103.21,32.3,126.05,Fasting
SYN-DM-00403,9.51,214.11,259.97,1.74,40.62,321.23,161.18,47.7,189.09,Non-fasting
SYN-DM-00404,7.33,138.24,133.21,1.3,60.89,229.18,150.05,41.4,88.72,Fasting
SYN-DM-00405,7.14,94.72,168.0,1.2,50.56,242.19,147.54,49.7,107.39,Non-fasting
SYN-DM-00406,9.17,114.41,285.1,1.2,46.58,103.3,83.85,41.4,243.69,Non-fasting
SYN-DM-00407,6.18,199.29,277.71,0.98,60.97,275.76,109.87,51.7,280.05,Non-fasting
SYN-DM-00408,6.66,149.18,147.45,1.05,82.63,379.61,69.24,53.6,377.0,Non-fasting
SYN-DM-00409,6.04,177.05,114.7,0.94,91.99,167.79,167.92,69.3,344.51,Non-fasting
SYN-DM-00410,8.84,226.36,194.35,0.97,68.24,61.41,85.83,35.8,104.47,Fasting
SYN-DM-00411,9.21,204.74,152.05,1.42,63.63,68.75,149.64,65.6,396.33,Non-fasting
SYN-DM-00412,9.05,141.34,178.29,1.23,58.92,220.97,86.19,62.6,304.67,Non-fasting
SYN-DM-00413,8.43,120.39,231.77,2.14,101.18,291.59,89.69,25.7,295.72,Non-fasting
SYN-DM-00414,9.18,174.34,217.42,1.46,63.35,67.98,163.96,50.6,190.16,Non-fasting
SYN-DM-00415,9.78,136.72,143.87,1.99,62.99,10.72,139.29,51.4,316.09,Fasting
SYN-DM-00416,8.17,210.81,283.38,1.08,83.5,231.45,133.91,48.1,223.15,Non-fasting
SYN-DM-00417,10.08,168.89,173.12,2.29,81.38,124.07,108.93,40.4,180.33,Unknown
SYN-DM-00418,8.77,182.24,267.4,1.13,58.08,318.7,122.74,31.4,398.85,Fasting
SYN-DM-00419,7.92,148.32,230.42,1.43,67.66,390.8,122.1,27.3,329.17,Non-fasting
SYN-DM-00420,8.88,110.47,173.71,0.91,40.0,49.76,118.77,65.1,399.25,Non-fasting
SYN-DM-00421,10.05,136.58,308.05,2.08,73.41,400.8,130.37,46.8,239.52,Fasting
SYN-DM-00422,9.23,237.65,150.82,0.95,91.42,306.04,118.48,57.9,159.31,Unknown
SYN-DM-00423,8.7,220.04,133.17,1.77,66.9,296.16,146.36,50.1,408.4,Unknown
SYN-DM-00424,7.78,195.29,243.2,0.89,74.94,372.11,152.04,24.4,121.96,Fasting
SYN-DM-00425,9.91,224.03,174.04,0.95,94.38,202.89,80.63,50.7,330.88,Fasting
SYN-DM-00426,6.83,147.73,147.78,0.82,83.08,189.73,82.77,47.9,345.21,Unknown
SYN-DM-00427,6.25,224.69,283.02,0.81,35.08,395.59,119.54,62.3,345.28,Unknown
SYN-DM-00428,9.72,109.08,298.58,2.06,51.49,395.83,109.69,54.7,176.61,Non-fasting
SYN-DM-00429,9.92,198.53,174.78,1.63,67.47,152.13,67.67,51.8,395.18,Unknown
SYN-DM-00430,10.08,119.3,307.3,1.54,89.87,195.53,122.11,48.6,401.46,Fasting
SYN-DM-00431,7.54,182.72,107.91,0.8,86.37,367.05,77.05,64.1,250.01,Non-fasting
SYN-DM-00432,9.17,209.06,165.1,1.49,99.4,383.16,169.93,70.8,294.91,Unknown
SYN-DM-00433,9.12,232.31,294.7,2.11,71.57,23.61,145.74,53.6,119.33,Fasting
SYN-DM-00434,8.98,108.13,118.91,2.28,69.75,394.44,159.45,49.2,296.88,Fasting
SYN-DM-00435,7.65,123.07,145.85,1.3,57.06,355.84,160.88,52.7,375.81,Unknown
SYN-DM-00436,7.53,96.47,246.37,1.26,50.43,351.54,105.25,41.6,189.12,Non-fasting
SYN-DM-00437,7.27,198.88,144.44,0.87,92.36,221.08,170.55,53.7,265.35,Unknown
SYN-DM-00438,5.81,221.54,297.45,1.9,51.63,152.35,75.34,36.6,352.49,Non-fasting
SYN-DM-00439,9.95,229.23,289.83,1.01,77.19,400.85,132.29,62.8,261.22,Non-fasting
SYN-DM-00440,9.97,130.95,254.12,2.29,100.33,33.18,93.4,42.6,367.46,Fasting
SYN-DM-00441,7.47,159.37,262.57,1.36,40.56,284.4,139.52,30.1,403.17,Unknown
SYN-DM-00442,7.55,157.42,134.85,1.23,36.42,402.91,172.67,49.7,181.79,Fasting
SYN-DM-00443,6.22,242.3,148.11,1.18,76.85,151.35,118.41,64.9,233.24,Non-fasting
SYN-DM-00444,5.96,174.54,296.77,0.74,41.53,418.31,143.71,60.5,229.02,Unknown
SYN-DM-00445,10.17,130.24,119.12,1.04,76.91,352.05,153.52,20,380.28,Unknown
SYN-DM-00446,8.17,226.24,126.19,1.12,39.69,201.47,134.02,43.3,98.43,Fasting
SYN-DM-00447,8.47,95.57,208.59,2.06,32.52,177.11,172.39,50.3,407.38,Unknown
SYN-DM-00448,9.72,100.1,126.4,1.92,31.3,311.48,67.59,59.7,362.66,Non-fasting
SYN-DM-00449,7.75,205.36,286.96,1.18,93.98,26.6,109.73,49.8,215.81,Fasting
SYN-DM-00450,9.45,137.1,301.31,1.68,39.29,391.02,74.99,41.5,320.54,Non-fasting
SYN-DM-00451,9.83,200.09,190.85,1.95,76.54,250.81,160.35,46.4,180.53,Fasting
SYN-DM-00452,8.86,174.12,301.07,0.82,60.25,394.08,153.36,29.8,343.26,Non-fasting
SYN-DM-00453,9.75,178.47,217.94,1.24,71.45,273.73,93.92,51.1,371.33,Fasting
SYN-DM-00454,7.96,238.72,169.39,2.18,29.05,123.55,108.21,39.6,157.64,Fasting
SYN-DM-00455,9.94,242.27,219.75,1.27,43.46,297.98,121.54,36.2,365.32,Non-fasting
SYN-DM-00456,9.77,116.47,272.39,1.78,43.45,341.87,132.95,33.0,310.82,Fasting
SYN-DM-00457,9.7,98.99,143.56,0.9,72.89,80.46,62.95,36.7,268.27,Unknown
SYN-DM-00458,10.16,98.15,195.67,1.81,50.74,24.97,97.1,60.5,408.77,Non-fasting
SYN-DM-00459,7.69,124.72,227.43,2.06,84.83,81.18,159.79,38.0,396.21,Fasting
SYN-DM-00460,8.55,176.78,209.78,0.74,45.6,417.09,86.65,35.8,208.39,Non-fasting
SYN-DM-00461,9.94,103.57,118.39,2.21,78.33,130.77,142.45,35.2,145.01,Fasting
SYN-DM-00462,7.71,242.95,293.69,0.79,44.83,60.58,85.93,37.4,375.88,Non-fasting
SYN-DM-00463,9.94,100.89,185.34,0.7,83.08,230.58,108.52,67.6,122.77,Fasting
SYN-DM-00464,9.23,118.43,303.47,0.85,95.15,206.26,70.07,45.6,253.14,Non-fasting
SYN-DM-00465,8.62,128.59,135.72,1.77,92.31,391.56,94.69,40.8,94.8,Non-fasting
SYN-DM-00466,7.61,143.75,289.77,1.25,56.92,358.75,165.58,37.8,255.06,Non-fasting
SYN-DM-00467,7.94,189.51,185.35,2.2,59.03,55.6,118.81,45.1,221.83,Non-fasting
SYN-DM-00468,6.13,156.34,237.31,2.18,30.17,298.15,162.14,70.8,206.65,Fasting
SYN-DM-00469,6.88,130.55,163.51,1.22,40.04,135.44,94.98,53.1,362.91,Non-fasting
SYN-DM-00470,6.71,179.12,236.64,2.15,85.9,363.37,93.6,59.3,223.31,Fasting
SYN-DM-00471,6.48,98.63,253.37,2.11,36.01,177.54,144.99,57.5,179.7,Unknown
SYN-DM-00472,6.26,124.29,245.36,0.84,31.78,226.67,125.86,48.4,122.79,Fasting
SYN-DM-00473,6.27,151.68,162.37,1.26,88.63,195.96,155.47,69.3,301.04,Fasting
SYN-DM-00474,6.81,177.21,172.17,1.47,75.26,33.2,146.8,37.9,376.85,Unknown
SYN-DM-00475,8.09,237.98,177.97,2.28,73.77,254.38,79.14,51.6,181.84,Fasting
SYN-DM-00476,10.1,202.06,245.48,1.4,44.52,63.99,165.68,54.5,272.78,Non-fasting
SYN-DM-00477,5.91,224.8,246.96,1.61,68.45,295.6,66.38,52.4,279.82,Fasting
SYN-DM-00478,9.28,181.58,122.93,1.73,92.03,262.63,143.87,42.4,266.07,Fasting
SYN-DM-00479,5.98,124.55,278.59,1.64,47.59,403.4,157.42,57.8,129.67,Non-fasting
SYN-DM-00480,8.8,222.05,218.22,1.87,73.09,86.17,149.38,54.5,221.59,Fasting
SYN-DM-00481,6.29,242.52,128.34,1.19,67.4,274.02,123.79,24.6,375.33,Non-fasting
SYN-DM-00482,8.75,169.1,292.59,1.61,98.94,99.31,115.76,65.0,98.02,Fasting
SYN-DM-00483,6.85,103.36,302.96,1.21,82.99,176.25,86.73,24.9,248.77,Fasting
SYN-DM-00484,5.98,110.96,292.16,2.25,82.56,137.06,157.12,29.1,329.31,Non-fasting
SYN-DM-00485,8.11,217.19,299.56,0.84,28.51,298.1,119.38,37.6,344.49,Fasting
SYN-DM-00486,6.46,219.11,258.99,1.69,80.48,154.31,80.77,43.0,337.41,Non-fasting
SYN-DM-00487,9.75,137.51,144.07,0.8,42.22,227.32,124.32,63.3,250.29,Unknown
SYN-DM-00488,9.58,171.0,103.93,1.71,50.58,418.35,158.34,49.0,302.82,Non-fasting
SYN-DM-00489,9.65,114.67,275.85,0.73,85.09,238.68,108.67,37.8,305.96,Non-fasting
SYN-DM-00490,6.55,165.28,293.76,2.2,75.79,157.76,160.85,56.6,315.23,Fasting
SYN-DM-00491,5.83,148.9,267.19,2.16,35.58,202.42,80.18,75.2,272.92,Non-fasting
SYN-DM-00492,6.07,216.21,266.25,1.86,65.42,295.93,70.96,38.7,406.48,Unknown
SYN-DM-00493,8.32,95.31,133.22,1.85,78.67,58.37,143.26,28.5,340.11,Non-fasting
SYN-DM-00494,8.0,162.03,200.33,0.93,95.11,91.5,77.58,43.5,385.51,Fasting
SYN-DM-00495,10.18,132.63,110.6,1.3,84.61,135.29,92.07,51.3,88.9,Unknown
SYN-DM-00496,10.06,121.61,178.0,1.53,57.3,204.53,91.79,57.2,311.67,Non-fasting
SYN-DM-00497,8.13,196.78,289.31,1.81,39.48,167.78,157.61,69.7,289.56,Unknown
SYN-DM-00498,7.07,109.1,291.04,2.29,64.24,121.18,167.41,89.7,351.99,Non-fasting
SYN-DM-00499,9.49,113.55,281.67,2.25,46.81,359.1,114.33,34.5,379.41,Non-fasting
SYN-DM-00500,5.89,117.18,172.01,1.01,29.1,333.69,136.54,47.6,314.12,Fasting
SYN-DM-00501,7.33,175.3,272.57,1.72,95.6,41.7,152.06,29.2,174.44,Non-fasting
SYN-DM-00502,7.25,161.57,287.7,1.8,49.8,83.48,155.01,39.9,214.48,Fasting
SYN-DM-00503,9.42,99.81,246.3,0.94,86.05,147.46,140.84,44.5,226.02,Non-fasting
SYN-DM-00504,7.73,223.93,195.72,1.06,61.49,189.88,138.35,54.8,118.44,Unknown
SYN-DM-00505,8.32,142.34,296.91,1.52,64.55,355.73,93.01,74.1,384.09,Non-fasting
SYN-DM-00506,8.76,104.65,126.94,0.91,48.97,377.39,159.66,45.7,407.83,Non-fasting
SYN-DM-00507,6.34,173.29,177.55,0.93,80.93,90.3,147.7,58.6,105.54,Fasting
SYN-DM-00508,6.59,211.02,168.87,1.96,62.56,268.0,83.08,61.7,256.69,Fasting
SYN-DM-00509,6.58,229.76,180.46,1.22,37.34,30.26,69.41,60.9,170.6,Fasting
SYN-DM-00510,8.27,120.6,199.97,1.95,54.75,262.39,138.26,33.3,249.56,Non-fasting
SYN-DM-00511,6.72,234.85,125.17,1.3,71.05,27.77,160.87,42.7,204.51,Unknown
SYN-DM-00512,6.53,192.88,270.65,1.91,41.51,386.76,90.7,28.4,100.14,Fasting
SYN-DM-00513,6.01,176.85,207.28,1.83,34.65,328.39,113.59,45.0,242.38,Fasting
SYN-DM-00514,9.17,203.51,133.96,1.47,77.07,312.3,106.38,41.9,182.57,Fasting
SYN-DM-00515,7.37,151.16,206.64,2.1,69.75,47.74,152.63,48.0,117.13,Fasting
SYN-DM-00516,9.75,154.09,155.28,2.02,48.98,74.23,83.67,49.8,166.8,Non-fasting
SYN-DM-00517,7.87,168.62,307.85,1.32,46.83,206.86,116.56,73.9,142.04,Non-fasting
SYN-DM-00518,6.34,198.99,197.29,1.35,89.94,317.45,78.91,48.8,326.36,Non-fasting
SYN-DM-00519,6.41,200.62,108.51,1.21,55.2,172.32,161.27,20,161.6,Unknown
SYN-DM-00520,9.04,208.57,125.03,1.17,91.42,306.57,155.24,40.1,155.19,Non-fasting
SYN-DM-00521,9.55,189.39,203.5,0.75,86.22,27.98,90.2,48.8,396.78,Non-fasting
SYN-DM-00522,6.19,106.07,243.45,1.36,53.85,11.91,144.34,53.7,335.45,Fasting
SYN-DM-00523,6.0,223.96,262.31,1.33,99.3,382.37,168.58,39.2,147.33,Unknown
SYN-DM-00524,9.15,198.67,170.3,1.27,43.02,75.21,63.25,76.5,319.55,Fasting
SYN-DM-00525,7.57,202.83,184.85,0.91,80.98,120.09,117.63,34.8,104.16,Non-fasting
SYN-DM-00526,8.29,163.43,162.11,0.81,34.17,237.3,161.29,35.0,94.43,Non-fasting
SYN-DM-00527,7.8,129.45,122.28,0.92,50.31,70.34,159.86,36.3,190.24,Non-fasting
SYN-DM-00528,9.75,215.18,298.75,1.88,46.07,47.02,128.19,37.8,186.54,Non-fasting
SYN-DM-00529,8.73,211.31,257.57,1.64,78.69,287.02,166.48,58.8,292.89,Unknown
SYN-DM-00530,10.13,133.28,162.1,1.06,39.03,383.97,82.73,47.6,239.56,Unknown
SYN-DM-00531,7.55,215.06,308.01,0.75,74.92,58.1,135.17,41.6,323.56,Non-fasting
SYN-DM-00532,8.7,161.44,151.82,2.15,45.86,45.27,83.99,51.1,389.75,Unknown
SYN-DM-00533,8.88,137.3,239.62,1.66,38.55,17.4,115.71,21.2,299.72,Unknown
SYN-DM-00534,8.58,103.06,275.54,1.05,45.45,237.15,86.18,39.4,339.46,Fasting
SYN-DM-00535,6.12,119.21,110.04,2.23,83.99,374.65,87.52,40.1,248.67,Non-fasting
SYN-DM-00536,5.83,138.64,122.5,1.07,64.62,268.1,126.24,30.5,328.5,Unknown
SYN-DM-00537,7.77,182.97,125.31,1.13,86.66,187.49,66.88,41.7,89.93,Non-fasting
SYN-DM-00538,6.71,119.28,192.16,1.56,82.55,418.67,63.12,40.0,132.42,Non-fasting
SYN-DM-00539,10.18,225.27,266.24,1.05,65.66,12.3,75.22,26.6,101.74,Unknown
SYN-DM-00540,9.77,174.39,289.87,0.94,96.2,27.41,151.64,35.0,121.5,Non-fasting
SYN-DM-00541,6.23,219.28,151.01,1.8,84.88,216.97,131.73,43.5,258.93,Fasting
SYN-DM-00542,6.63,139.78,159.51,1.93,56.19,325.34,164.05,54.7,289.86,Non-fasting
SYN-DM-00543,8.56,181.5,139.37,0.94,38.92,60.63,121.51,32.7,286.97,Fasting
SYN-DM-00544,8.97,191.28,186.83,1.93,31.16,109.4,141.18,56.5,290.49,Fasting
SYN-DM-00545,6.35,88.51,156.93,1.03,77.51,132.99,146.22,54.5,115.44,Non-fasting
SYN-DM-00546,7.45,122.76,142.83,1.0,67.45,368.8,162.31,22.7,100.15,Fasting
SYN-DM-00547,8.07,190.82,254.73,1.01,38.25,20.06,79.55,72.0,352.0,Non-fasting
SYN-DM-00548,5.97,148.59,159.39,2.07,67.49,116.54,105.51,41.4,103.84,Non-fasting
SYN-DM-00549,9.46,198.07,236.53,0.75,81.31,139.21,169.31,44.7,371.89,Non-fasting
SYN-DM-00550,5.83,178.21,157.66,1.05,48.78,275.66,99.76,48.0,126.45,Unknown
SYN-DM-00551,10.12,180.11,142.94,1.47,91.86,373.67,107.71,22.5,97.08,Non-fasting
SYN-DM-00552,6.8,242.65,172.09,1.28,96.6,365.58,106.16,54.7,108.28,Fasting
SYN-DM-00553,5.81,154.15,200.23,1.26,71.47,78.69,62.46,49.1,274.11,Non-fasting
SYN-DM-00554,8.26,213.87,126.49,1.38,61.36,123.97,123.39,36.3,90.37,Unknown
SYN-DM-00555,7.32,167.87,253.95,1.06,85.29,269.97,141.16,72.1,404.99,Unknown
SYN-DM-00556,9.77,154.75,187.31,0.73,54.53,42.05,141.9,44.6,338.37,Non-fasting
SYN-DM-00557,8.02,137.26,115.23,2.25,40.16,252.99,149.6,46.8,393.36,Unknown
SYN-DM-00558,9.63,169.75,128.97,1.41,95.2,107.79,112.3,62.4,206.17,Fasting
SYN-DM-00559,7.6,229.42,172.57,1.64,89.08,150.85,117.91,43.6,294.53,Unknown
SYN-DM-00560,6.67,169.28,232.83,1.72,93.18,253.21,118.51,42.1,338.9,Unknown
SYN-DM-00561,10.03,218.41,202.75,1.55,29.34,361.59,99.31,46.7,329.5,Non-fasting
SYN-DM-00562,6.07,225.46,235.91,2.21,68.06,225.27,102.68,51.4,393.8,Fasting
SYN-DM-00563,7.05,218.09,307.93,1.26,41.17,407.94,94.87,63.4,122.97,Fasting
SYN-DM-00564,6.57,171.16,184.35,1.56,53.94,162.99,152.46,59.5,379.65,Fasting
SYN-DM-00565,10.04,125.72,267.48,1.85,46.92,92.03,143.76,52.6,381.26,Fasting
SYN-DM-00566,5.99,131.97,180.26,0.8,54.91,283.64,85.13,40.0,373.15,Fasting
SYN-DM-00567,8.56,159.26,147.41,0.88,77.21,64.68,143.17,71.2,322.81,Non-fasting
SYN-DM-00568,5.99,151.29,239.49,2.05,33.38,290.73,165.05,60.1,300.68,Non-fasting
SYN-DM-00569,7.91,172.57,162.95,2.2,89.9,209.88,104.02,73.2,143.37,Non-fasting
SYN-DM-00570,8.64,170.56,181.97,2.02,50.39,371.9,87.05,56.6,143.16,Non-fasting
SYN-DM-00571,9.3,101.88,186.33,1.72,29.69,115.78,142.12,27.4,258.73,Non-fasting
SYN-DM-00572,10.18,135.36,273.69,1.26,46.78,417.12,141.07,62.9,112.68,Unknown
SYN-DM-00573,7.45,116.72,273.3,1.07,101.51,370.93,86.66,63.2,354.26,Non-fasting
SYN-DM-00574,7.82,164.85,288.68,1.32,87.72,38.74,83.89,56.7,315.84,Unknown
SYN-DM-00575,7.66,150.54,173.6,1.37,65.72,406.78,159.75,80.9,343.85,Fasting
SYN-DM-00576,8.89,231.78,237.01,1.69,73.95,161.74,112.06,44.9,390.62,Non-fasting
SYN-DM-00577,6.58,212.74,229.78,1.59,42.25,262.17,107.32,53.7,159.39,Non-fasting
SYN-DM-00578,6.31,156.33,165.62,1.52,60.06,122.46,147.7,52.6,181.95,Unknown
SYN-DM-00579,9.5,158.43,245.02,1.65,82.98,181.59,68.0,57.8,198.53,Unknown
SYN-DM-00580,7.46,217.06,111.05,2.24,51.38,131.64,86.3,42.4,236.1,Unknown
SYN-DM-00581,6.82,113.87,176.76,0.8,59.57,28.05,132.04,59.3,274.98,Fasting
SYN-DM-00582,7.6,138.19,253.31,0.92,57.57,70.39,72.96,61.7,252.96,Fasting
SYN-DM-00583,6.73,96.68,228.52,1.38,55.16,286.58,135.18,43.6,313.14,Non-fasting
SYN-DM-00584,9.53,172.95,271.47,1.95,42.05,129.04,135.33,31.4,286.08,Non-fasting
SYN-DM-00585,10.02,148.81,284.96,0.92,80.45,347.75,89.02,57.9,406.89,Fasting
SYN-DM-00586,7.3,164.41,281.45,0.95,42.23,239.86,86.05,49.3,357.3,Fasting
SYN-DM-00587,6.05,191.71,170.27,1.24,101.9,31.18,169.54,22.9,355.98,Non-fasting
SYN-DM-00588,9.39,110.74,258.39,2.3,62.64,187.17,159.5,48.8,123.8,Fasting
SYN-DM-00589,7.33,243.24,228.24,1.71,84.15,389.27,141.94,36.7,98.19,Fasting
SYN-DM-00590,6.18,215.9,288.68,2.29,80.64,99.9,142.48,22.4,342.72,Fasting
SYN-DM-00591,8.88,88.68,201.4,1.04,81.58,147.79,98.22,45.2,409.22,Non-fasting
SYN-DM-00592,6.68,112.5,282.74,1.53,35.63,334.75,140.94,31.7,388.39,Fasting
SYN-DM-00593,7.65,204.14,307.85,2.26,81.92,215.38,110.82,51.4,149.57,Unknown
SYN-DM-00594,8.83,154.7,184.61,1.34,65.56,289.36,101.74,59.6,257.17,Non-fasting
SYN-DM-00595,6.05,219.93,260.98,0.85,43.8,287.06,168.51,50.3,333.88,Unknown
SYN-DM-00596,8.16,225.17,227.29,1.07,50.28,47.54,108.25,48.9,307.45,Fasting
SYN-DM-00597,8.33,179.3,286.02,1.31,39.38,162.1,102.89,35.9,406.16,Unknown
SYN-DM-00598,7.15,179.28,187.73,1.25,31.79,163.17,114.09,46.7,352.31,Unknown
SYN-DM-00599,7.21,145.34,269.86,2.16,54.19,155.88,110.16,64.7,191.0,Unknown
SYN-DM-00600,6.06,223.92,115.67,1.15,92.97,359.43,121.07,29.5,155.81,Unknown
SYN-DM-00601,6.4,111.23,289.65,1.44,39.69,277.69,146.68,49.2,350.91,Fasting
SYN-DM-00602,8.3,137.88,194.79,1.36,82.82,221.15,95.87,68.0,152.95,Non-fasting
SYN-DM-00603,6.72,202.02,180.93,1.59,99.56,105.4,139.63,70.1,226.08,Unknown
SYN-DM-00604,6.16,117.22,105.44,1.77,57.51,172.97,101.99,29.0,99.54,Fasting
SYN-DM-00605,9.9,108.34,168.84,2.18,37.32,70.84,135.23,62.0,238.51,Unknown
SYN-DM-00606,6.61,91.82,138.71,1.86,43.15,364.37,163.28,50.9,337.95,Unknown
SYN-DM-00607,6.23,222.41,299.11,0.72,45.84,28.45,79.94,53.3,399.64,Fasting
SYN-DM-00608,9.81,194.81,114.58,0.73,51.49,301.56,153.63,48.6,361.15,Fasting
SYN-DM-00609,8.01,186.19,286.59,0.96,57.68,48.33,66.75,47.9,173.24,Non-fasting
SYN-DM-00610,10.07,240.16,240.86,1.45,35.37,295.79,134.5,45.4,365.2,Unknown
SYN-DM-00611,9.93,102.41,138.49,1.01,59.23,374.47,82.44,48.8,201.63,Unknown
SYN-DM-00612,7.43,181.21,104.77,1.88,89.67,152.8,102.99,66.7,177.52,Non-fasting
SYN-DM-00613,5.83,201.4,162.22,1.76,64.47,37.72,152.47,37.2,389.56,Fasting
SYN-DM-00614,8.94,187.27,140.49,2.15,43.47,147.8,67.38,45.5,323.76,Fasting
SYN-DM-00615,6.59,211.15,217.07,1.57,45.24,288.58,94.43,43.1,367.11,Unknown
SYN-DM-00616,8.99,99.68,132.03,1.49,97.94,413.84,100.18,43.3,333.6,Unknown
SYN-DM-00617,7.6,164.39,304.54,1.48,76.49,118.27,82.78,40.3,309.2,Non-fasting
SYN-DM-00618,6.3,127.7,262.5,1.19,101.78,360.93,104.17,51.8,302.78,Fasting
SYN-DM-00619,8.04,156.48,199.74,0.93,33.49,178.08,65.68,40.8,276.88,Fasting
SYN-DM-00620,6.26,202.39,139.8,1.8,52.54,250.61,71.42,70.6,277.07,Unknown
SYN-DM-00621,8.29,188.17,218.66,0.88,34.1,322.36,80.01,53.0,241.02,Fasting
SYN-DM-00622,5.95,143.79,235.02,1.29,85.1,184.69,106.49,51.0,242.4,Fasting
SYN-DM-00623,6.9,235.79,155.39,2.19,66.27,335.75,74.0,62.8,379.81,Fasting
SYN-DM-00624,6.69,120.67,209.83,0.92,68.69,392.96,87.56,20,147.96,Fasting
SYN-DM-00625,7.71,133.63,213.28,0.96,94.69,388.15,171.13,40.6,272.75,Non-fasting
SYN-DM-00626,7.5,237.04,179.6,1.57,61.27,254.58,70.68,27.6,375.22,Non-fasting
SYN-DM-00627,9.99,170.69,307.61,1.76,52.27,280.49,98.17,61.3,400.45,Unknown
SYN-DM-00628,6.89,197.57,257.88,0.85,46.8,182.25,165.54,50.4,206.27,Non-fasting
SYN-DM-00629,9.23,100.01,192.12,0.93,43.55,118.03,86.32,49.9,230.79,Fasting
SYN-DM-00630,7.9,218.61,268.55,0.81,72.57,339.03,63.65,43.2,338.02,Non-fasting
SYN-DM-00631,9.76,136.88,139.35,1.75,100.83,391.39,70.68,31.0,213.68,Unknown
SYN-DM-00632,10.16,125.4,305.01,1.14,51.92,319.29,157.53,43.4,347.63,Fasting
SYN-DM-00633,9.97,151.69,127.0,1.31,34.58,75.7,76.82,44.7,192.5,Unknown
SYN-DM-00634,6.04,189.65,280.26,1.61,91.48,127.37,158.91,35.1,345.02,Fasting
SYN-DM-00635,7.35,243.53,276.35,0.96,41.47,391.31,87.17,57.3,232.56,Unknown
SYN-DM-00636,7.8,223.43,264.56,1.62,31.77,118.87,123.85,33.5,348.12,Unknown
SYN-DM-00637,6.33,221.9,112.24,1.37,57.5,392.52,111.72,58.0,103.91,Fasting
SYN-DM-00638,6.09,242.98,177.13,0.89,100.04,20.17,109.69,55.6,138.66,Unknown
SYN-DM-00639,7.17,148.87,248.91,1.05,30.08,17.21,80.26,35.2,215.94,Non-fasting
SYN-DM-00640,9.95,150.24,165.76,1.42,98.9,54.04,110.83,53.3,326.91,Unknown
SYN-DM-00641,9.05,239.57,306.92,1.13,32.05,102.22,165.3,52.6,122.94,Unknown
SYN-DM-00642,6.98,237.4,262.0,1.53,88.53,384.21,87.11,60.2,399.19,Fasting
SYN-DM-00643,7.27,213.23,124.16,0.99,84.5,357.55,96.97,53.1,230.65,Non-fasting
SYN-DM-00644,6.75,226.27,261.61,1.09,100.68,327.57,69.69,32.0,158.32,Fasting
SYN-DM-00645,9.18,226.28,229.2,2.09,73.83,358.77,82.96,58.5,161.56,Fasting
SYN-DM-00646,8.16,159.18,279.02,1.53,82.1,267.71,138.28,35.2,278.86,Fasting
SYN-DM-00647,7.44,147.4,194.07,1.84,85.67,13.72,159.06,28.0,111.84,Fasting
SYN-DM-00648,7.31,120.23,170.99,2.28,82.7,173.7,71.1,85.6,186.22,Non-fasting
SYN-DM-00649,6.92,152.49,115.34,0.78,70.13,47.33,168.85,64.1,159.2,Non-fasting
SYN-DM-00650,10.04,111.79,254.35,1.16,88.42,50.84,86.55,47.7,339.77,Non-fasting
SYN-DM-00651,6.54,242.61,196.61,2.08,67.96,242.92,173.39,58.4,218.08,Non-fasting
SYN-DM-00652,6.99,144.88,279.1,0.92,37.13,232.57,89.8,77.6,358.17,Non-fasting
SYN-DM-00653,8.63,186.14,294.55,1.9,30.99,246.12,70.49,36.8,112.86,Fasting
SYN-DM-00654,6.05,109.58,271.89,0.96,31.89,303.21,84.82,60.1,407.31,Non-fasting
SYN-DM-00655,9.76,109.65,244.31,1.01,58.11,204.6,76.54,45.8,343.86,Fasting
SYN-DM-00656,10.1,117.09,139.9,1.75,47.83,263.03,70.24,44.3,346.07,Non-fasting
SYN-DM-00657,9.99,154.63,160.61,1.76,63.09,88.93,173.03,40.4,384.61,Fasting
SYN-DM-00658,6.27,166.16,271.01,1.16,72.95,194.72,102.25,62.8,279.08,Non-fasting
SYN-DM-00659,9.07,199.85,259.37,2.05,50.1,407.78,145.65,38.7,185.66,Fasting
SYN-DM-00660,7.02,150.45,199.79,1.8,55.07,127.22,151.19,28.5,305.37,Unknown
SYN-DM-00661,10.03,137.98,265.9,0.8,84.45,334.93,90.62,45.4,332.13,Non-fasting
SYN-DM-00662,7.35,155.83,148.98,1.21,86.78,11.77,109.16,38.4,107.71,Non-fasting
SYN-DM-00663,6.53,162.75,175.12,1.04,35.64,251.3,137.51,53.5,397.6,Unknown
SYN-DM-00664,8.58,137.06,243.3,1.05,76.58,61.71,63.92,68.6,245.43,Non-fasting
SYN-DM-00665,6.22,202.38,162.08,1.26,38.65,9.66,67.94,34.5,155.32,Fasting
SYN-DM-00666,7.15,200.84,285.48,1.33,40.59,324.66,99.04,55.8,97.88,Fasting
SYN-DM-00667,9.83,225.93,208.08,1.89,92.38,323.31,138.52,66.9,185.66,Unknown
SYN-DM-00668,8.4,186.62,264.54,1.79,85.09,382.17,156.21,52.5,89.59,Unknown
SYN-DM-00669,8.79,151.49,180.02,0.82,94.17,411.29,90.77,54.6,161.3,Unknown
SYN-DM-00670,7.66,181.8,111.85,2.06,83.93,347.05,111.95,34.0,349.8,Non-fasting
SYN-DM-00671,9.17,197.53,129.8,1.74,38.67,392.59,168.3,46.3,257.75,Non-fasting
SYN-DM-00672,8.21,193.56,294.3,1.42,39.36,35.06,148.31,24.7,130.92,Non-fasting
SYN-DM-00673,6.17,199.5,308.88,1.16,52.36,196.45,104.6,41.6,152.62,Non-fasting
SYN-DM-00674,9.21,169.22,166.17,1.91,59.87,391.36,101.24,46.8,143.54,Unknown
SYN-DM-00675,8.88,118.98,112.8,1.45,83.07,78.83,170.94,37.9,382.07,Unknown
SYN-DM-00676,7.03,109.61,262.41,2.14,80.55,395.38,109.56,20,214.12,Non-fasting
SYN-DM-00677,6.06,199.39,210.63,1.6,38.0,145.4,67.86,30.1,353.66,Fasting
SYN-DM-00678,8.75,147.02,281.8,1.17,55.74,39.82,121.09,68.9,315.19,Unknown
SYN-DM-00679,8.11,158.92,166.58,1.16,36.59,255.79,115.75,49.6,301.78,Unknown
SYN-DM-00680,6.86,188.37,264.68,0.84,55.9,165.68,131.36,53.4,256.94,Unknown
SYN-DM-00681,9.14,196.1,248.36,1.71,72.51,239.4,123.48,52.4,146.97,Non-fasting
SYN-DM-00682,8.38,139.06,231.39,1.83,50.04,402.19,134.65,31.2,112.42,Non-fasting
SYN-DM-00683,9.24,216.83,140.63,1.23,84.18,257.14,119.02,37.7,179.75,Fasting
SYN-DM-00684,8.6,167.33,189.39,1.22,30.33,247.92,141.36,50.8,200.09,Non-fasting
SYN-DM-00685,9.71,163.87,174.65,2.1,41.34,318.63,115.96,40.1,126.77,Unknown
SYN-DM-00686,9.56,154.44,237.93,1.33,28.43,108.25,129.2,42.9,190.04,Unknown
SYN-DM-00687,6.91,125.24,114.03,1.23,52.11,330.16,79.37,34.5,350.16,Unknown
SYN-DM-00688,8.28,142.45,223.67,1.42,39.62,67.79,95.83,58.8,395.46,Non-fasting
SYN-DM-00689,9.81,204.86,279.6,2.02,45.86,378.86,149.87,49.8,357.61,Non-fasting
SYN-DM-00690,9.16,126.47,296.43,0.94,97.9,33.5,120.37,27.9,172.02,Fasting
SYN-DM-00691,5.94,90.52,286.84,1.58,44.53,211.51,93.66,37.6,372.29,Fasting
SYN-DM-00692,7.7,231.77,205.01,2.28,76.65,375.01,144.51,36.5,372.1,Fasting
SYN-DM-00693,8.89,123.53,111.69,1.34,62.82,358.45,91.24,33.0,118.69,Unknown
SYN-DM-00694,9.09,215.74,175.28,2.13,78.98,76.73,82.48,71.1,317.49,Fasting
SYN-DM-00695,7.01,115.02,273.85,1.54,89.91,392.52,99.61,41.2,218.43,Unknown
SYN-DM-00696,9.69,125.63,183.18,1.11,38.5,250.83,126.06,53.5,336.27,Unknown
SYN-DM-00697,8.93,99.09,141.42,1.5,93.54,99.9,135.06,47.6,180.29,Non-fasting
SYN-DM-00698,6.31,164.02,250.91,1.37,28.77,196.71,83.46,53.7,306.94,Fasting
SYN-DM-00699,9.9,215.15,188.91,1.73,82.49,263.41,65.17,45.2,318.36,Fasting
SYN-DM-00700,6.37,205.68,305.12,2.21,64.85,20.36,88.63,70.7,350.9,Non-fasting
SYN-DM-00701,8.54,157.67,172.47,1.38,92.49,69.37,173.38,52.2,405.8,Fasting
SYN-DM-00702,7.18,212.71,229.33,1.14,66.91,206.53,132.02,30.0,320.26,Non-fasting
SYN-DM-00703,8.31,205.58,296.21,1.29,83.04,59.32,83.26,34.7,101.61,Fasting
SYN-DM-00704,10.17,237.89,138.1,1.57,39.52,324.68,119.19,68.7,398.91,Fasting
SYN-DM-00705,8.77,88.69,175.42,1.47,40.5,347.94,66.39,63.3,159.85,Non-fasting
SYN-DM-00706,6.03,147.62,304.74,0.96,58.77,152.22,136.61,39.1,227.79,Fasting
SYN-DM-00707,8.01,192.48,253.89,0.78,42.36,49.1,172.2,53.4,157.63,Non-fasting
SYN-DM-00708,8.84,211.7,117.12,1.91,76.46,53.44,133.3,47.1,148.72,Fasting
SYN-DM-00709,8.18,119.94,160.1,0.86,86.66,79.63,128.11,64.4,401.15,Non-fasting
SYN-DM-00710,6.57,243.79,272.25,1.72,92.08,218.84,69.43,53.8,324.54,Non-fasting
SYN-DM-00711,6.51,199.41,157.52,0.88,97.42,73.7,78.13,36.7,249.08,Non-fasting
SYN-DM-00712,9.3,127.65,270.59,2.04,80.92,388.07,67.63,66.2,136.13,Fasting
SYN-DM-00713,6.14,136.39,123.8,1.55,47.45,404.57,86.46,49.2,354.82,Non-fasting
SYN-DM-00714,8.88,178.74,147.55,1.74,91.35,238.23,139.34,44.0,298.6,Fasting
SYN-DM-00715,9.32,104.63,189.12,2.28,84.84,226.71,132.58,37.4,251.77,Unknown
SYN-DM-00716,6.77,142.76,233.78,0.99,99.31,8.43,79.28,53.7,219.09,Unknown
SYN-DM-00717,8.55,156.15,269.85,2.19,55.71,67.8,74.61,57.7,268.18,Non-fasting
SYN-DM-00718,6.79,242.35,153.05,2.09,64.23,265.46,104.12,44.9,330.01,Unknown
SYN-DM-00719,8.87,130.97,131.45,1.4,83.05,197.36,77.48,41.1,344.67,Fasting
SYN-DM-00720,7.66,156.83,147.29,1.47,56.11,132.85,168.46,55.0,167.01,Non-fasting
SYN-DM-00721,6.62,166.05,176.84,2.28,32.55,53.16,62.94,46.7,178.61,Unknown
SYN-DM-00722,8.66,233.68,128.04,0.85,92.46,322.84,74.6,44.7,234.76,Fasting
SYN-DM-00723,9.37,122.55,195.98,1.85,36.33,413.08,173.52,31.6,331.68,Non-fasting
SYN-DM-00724,8.93,135.3,105.36,2.09,36.07,379.66,144.95,73.6,221.71,Non-fasting
SYN-DM-00725,5.84,222.38,290.25,1.1,96.73,343.24,116.0,55.5,306.0,Unknown
SYN-DM-00726,5.88,111.15,127.19,2.29,76.08,255.29,135.55,53.8,123.21,Unknown
SYN-DM-00727,6.97,192.54,193.11,1.19,43.32,315.18,141.34,42.1,341.93,Unknown
SYN-DM-00728,9.38,206.15,164.54,1.16,32.49,393.46,147.3,36.6,93.75,Non-fasting
SYN-DM-00729,9.08,209.47,254.54,2.05,55.62,168.36,94.11,50.8,375.23,Fasting
SYN-DM-00730,7.5,202.35,254.32,0.93,56.83,20.7,160.83,51.3,121.65,Fasting
SYN-DM-00731,7.64,131.8,269.19,0.7,86.58,104.7,130.97,49.5,361.09,Unknown
SYN-DM-00732,7.74,113.42,308.94,1.03,60.48,51.51,167.38,38.4,321.08,Fasting
SYN-DM-00733,6.64,98.62,126.67,1.48,79.87,134.96,84.04,33.0,103.39,Non-fasting
SYN-DM-00734,7.07,165.62,237.12,1.04,74.33,366.61,109.03,40.3,404.04,Unknown
SYN-DM-00735,9.63,173.07,162.71,1.19,31.21,368.44,83.31,35.7,359.34,Fasting
SYN-DM-00736,5.85,138.15,216.81,0.91,62.98,167.3,71.64,66.3,165.05,Non-fasting
SYN-DM-00737,7.43,200.46,261.04,1.37,88.17,362.85,151.37,40.2,380.55,Unknown
SYN-DM-00738,6.19,166.34,110.3,2.15,29.7,37.88,105.29,34.2,102.18,Non-fasting
SYN-DM-00739,7.0,216.72,259.5,1.38,83.43,53.17,105.51,67.2,91.71,Non-fasting
SYN-DM-00740,8.75,89.23,142.25,1.58,32.96,230.03,96.5,28.1,129.36,Unknown
SYN-DM-00741,5.82,144.04,116.59,1.73,51.8,233.17,113.45,60.7,184.85,Unknown
SYN-DM-00742,6.85,96.49,125.69,1.76,51.72,145.44,171.7,71.0,106.7,Non-fasting
SYN-DM-00743,5.97,99.54,124.5,2.21,31.38,254.83,139.37,35.2,147.18,Fasting
SYN-DM-00744,5.89,171.46,300.08,1.51,75.03,177.21,89.27,24.6,97.17,Non-fasting
SYN-DM-00745,7.06,202.13,133.66,2.26,33.47,418.3,158.24,28.9,113.54,Non-fasting
SYN-DM-00746,9.47,232.7,245.77,2.16,78.57,45.59,170.97,45.6,165.39,Unknown
SYN-DM-00747,8.67,223.1,168.06,1.34,62.25,339.94,149.25,76.0,104.03,Fasting
SYN-DM-00748,8.66,133.22,189.19,1.35,37.21,249.65,113.57,40.6,189.41,Unknown
SYN-DM-00749,6.2,243.21,142.45,2.05,58.27,220.26,70.32,51.1,186.0,Fasting
SYN-DM-00750,9.53,122.04,290.57,1.5,72.86,29.11,76.02,50.9,120.39,Fasting
SYN-DM-00751,10.1,162.37,279.31,1.28,96.53,213.37,105.74,36.7,392.97,Fasting
SYN-DM-00752,6.17,134.61,105.15,0.87,57.25,374.56,127.18,32.6,342.47,Fasting
SYN-DM-00753,6.25,120.79,154.08,1.86,69.93,24.06,104.87,59.8,226.18,Unknown
SYN-DM-00754,9.55,232.26,305.9,1.41,83.35,143.44,81.4,30.5,187.16,Fasting
SYN-DM-00755,7.17,106.19,165.73,1.68,70.0,367.82,159.9,44.3,386.78,Non-fasting
SYN-DM-00756,10.2,137.83,200.78,0.94,69.44,312.99,109.55,38.8,292.33,Non-fasting
SYN-DM-00757,6.83,229.75,161.66,1.04,75.11,42.79,166.07,48.7,193.74,Unknown
SYN-DM-00758,6.5,156.36,213.62,1.13,69.76,98.35,79.72,64.7,275.47,Fasting
SYN-DM-00759,7.61,222.88,307.6,1.21,33.41,233.91,107.24,40.5,177.83,Non-fasting
SYN-DM-00760,9.45,116.13,181.0,1.87,76.65,48.7,64.19,33.0,182.41,Non-fasting
SYN-DM-00761,9.66,119.64,208.86,1.96,42.58,325.46,73.96,25.1,160.01,Unknown
SYN-DM-00762,8.56,129.62,231.07,2.25,37.56,125.08,131.23,52.2,309.49,Non-fasting
SYN-DM-00763,9.64,211.01,235.51,1.34,40.57,198.35,102.74,57.7,223.82,Unknown
SYN-DM-00764,5.83,176.86,160.13,1.99,66.88,379.98,146.14,48.9,263.39,Unknown
SYN-DM-00765,7.37,166.48,248.93,1.6,90.19,313.83,101.21,59.6,239.75,Fasting
SYN-DM-00766,9.31,129.68,189.47,1.94,52.22,271.26,84.53,36.1,93.52,Fasting
SYN-DM-00767,8.24,95.06,304.37,1.56,91.36,11.11,146.44,59.8,162.81,Fasting
SYN-DM-00768,8.5,208.36,115.4,1.23,65.94,251.98,125.41,28.9,262.13,Unknown
SYN-DM-00769,10.2,202.28,188.23,1.75,96.88,243.7,84.28,51.8,181.43,Unknown
SYN-DM-00770,9.75,104.55,259.15,1.05,44.68,274.26,140.14,50.5,368.33,Unknown
SYN-DM-00771,6.09,243.67,175.35,1.15,40.02,67.68,152.04,65.5,123.86,Non-fasting
SYN-DM-00772,7.61,182.86,220.82,1.73,74.96,222.67,92.17,65.0,184.33,Non-fasting
SYN-DM-00773,8.96,150.0,299.47,1.75,40.49,24.4,72.4,54.4,103.91,Fasting
SYN-DM-00774,10.04,149.3,235.25,1.66,33.44,352.8,96.34,22.7,197.98,Fasting
SYN-DM-00775,10.13,117.58,244.24,1.04,83.79,60.81,123.9,62.5,300.54,Non-fasting
SYN-DM-00776,9.78,154.79,235.06,0.93,68.97,126.35,135.01,56.1,346.09,Fasting
SYN-DM-00777,9.43,229.99,230.16,1.34,96.18,17.58,124.6,37.7,177.53,Unknown
SYN-DM-00778,6.45,199.37,191.24,0.96,77.28,40.33,110.59,63.7,374.53,Non-fasting
SYN-DM-00779,9.28,240.58,296.35,1.46,42.73,213.72,73.74,58.4,276.59,Fasting
SYN-DM-00780,8.55,226.01,258.93,0.81,38.58,390.91,121.82,66.8,216.75,Fasting
SYN-DM-00781,9.1,88.81,147.65,1.52,60.48,326.92,140.33,48.4,244.79,Non-fasting
SYN-DM-00782,7.24,229.31,175.42,1.57,78.89,42.53,96.94,56.0,367.72,Unknown
SYN-DM-00783,7.8,136.26,169.88,2.0,52.48,138.26,131.58,50.6,309.37,Unknown
SYN-DM-00784,7.03,88.23,173.84,1.9,47.5,118.81,95.33,56.1,106.85,Unknown
SYN-DM-00785,7.19,165.32,297.67,0.87,90.27,155.08,140.83,43.0,108.54,Fasting
SYN-DM-00786,5.91,90.59,266.24,0.92,41.46,77.35,141.02,50.1,263.81,Unknown
SYN-DM-00787,6.48,144.29,106.18,0.88,69.13,191.16,135.27,53.9,350.19,Unknown
SYN-DM-00788,6.83,242.39,273.45,1.53,96.27,215.05,96.66,60.6,157.44,Unknown
SYN-DM-00789,7.44,115.51,149.13,1.01,59.39,113.06,93.75,51.1,141.15,Fasting
SYN-DM-00790,6.57,203.79,190.35,2.02,75.84,74.81,110.35,43.7,337.86,Non-fasting
SYN-DM-00791,8.39,192.72,115.25,1.18,79.12,12.45,80.4,38.0,126.54,Fasting
SYN-DM-00792,9.31,201.21,161.81,1.36,86.07,82.72,107.05,38.7,127.25,Fasting
SYN-DM-00793,6.05,111.16,200.41,1.16,78.67,182.45,109.47,45.1,354.58,Non-fasting
SYN-DM-00794,6.54,105.17,268.03,2.0,95.7,281.51,116.16,35.1,209.16,Fasting
SYN-DM-00795,8.33,129.72,179.3,1.97,31.81,181.63,160.22,77.3,211.67,Fasting
SYN-DM-00796,9.61,147.28,115.21,0.92,101.21,50.56,78.73,42.3,129.92,Non-fasting
SYN-DM-00797,7.04,176.06,254.0,1.91,78.91,34.98,132.5,40.5,264.47,Fasting
SYN-DM-00798,6.85,153.84,141.39,1.51,69.43,368.63,148.74,49.2,151.15,Unknown
SYN-DM-00799,6.81,176.65,209.54,1.42,75.29,211.1,95.6,76.5,384.97,Fasting
SYN-DM-00800,8.76,207.06,255.02,1.52,95.04,346.86,103.46,24.2,327.46,Non-fasting
SYN-DM-00801,6.43,98.93,195.77,1.77,42.45,93.42,138.99,50.0,104.02,Unknown
SYN-DM-00802,6.03,146.92,168.84,1.09,85.72,250.53,64.72,29.7,180.9,Fasting
SYN-DM-00803,6.59,179.85,276.32,1.03,74.81,181.63,112.3,56.3,280.23,Unknown
SYN-DM-00804,7.83,190.35,217.41,2.29,62.59,120.48,147.63,43.5,159.82,Unknown
SYN-DM-00805,6.42,210.14,285.82,1.87,59.05,46.64,173.06,43.2,164.42,Fasting
SYN-DM-00806,6.5,166.57,129.19,2.24,83.31,217.4,111.35,36.7,302.75,Fasting
SYN-DM-00807,10.04,160.1,234.68,1.29,84.58,248.41,117.16,44.5,214.71,Non-fasting
SYN-DM-00808,9.69,106.84,302.32,2.01,80.41,268.32,114.5,65.7,116.18,Non-fasting
SYN-DM-00809,7.63,142.91,289.08,1.55,30.91,130.28,115.79,40.5,214.12,Fasting
SYN-DM-00810,6.37,216.62,161.62,1.68,82.95,61.24,159.95,55.9,152.14,Unknown
SYN-DM-00811,6.97,92.72,279.61,2.01,82.38,214.0,126.72,51.1,204.24,Unknown
SYN-DM-00812,7.84,219.09,218.69,0.87,81.26,195.57,143.41,37.2,170.68,Non-fasting
SYN-DM-00813,9.8,200.16,143.37,1.04,64.53,283.96,145.93,49.2,142.06,Fasting
SYN-DM-00814,9.16,212.46,237.85,1.22,76.56,233.95,86.85,37.2,344.98,Unknown
SYN-DM-00815,6.78,189.77,128.18,1.42,71.97,30.75,71.69,61.0,337.45,Unknown
SYN-DM-00816,7.6,127.99,127.4,1.14,76.13,169.3,90.26,20,230.04,Non-fasting
SYN-DM-00817,6.19,118.32,283.35,2.19,75.29,242.8,151.8,21.7,96.35,Fasting
SYN-DM-00818,7.84,162.93,268.64,2.11,93.95,157.25,111.07,37.3,251.27,Unknown
SYN-DM-00819,9.74,161.66,269.89,1.04,75.77,333.63,107.49,30.4,157.28,Unknown
SYN-DM-00820,8.21,129.79,203.42,1.72,29.78,345.97,152.47,56.4,370.7,Non-fasting
SYN-DM-00821,7.88,146.25,170.0,0.93,52.19,405.46,128.01,66.3,315.18,Fasting
SYN-DM-00822,8.71,173.36,158.98,1.38,93.31,80.65,72.15,47.0,358.25,Fasting
SYN-DM-00823,9.31,164.84,159.52,2.16,84.36,272.77,171.2,54.4,359.86,Unknown
SYN-DM-00824,10.14,118.62,249.97,1.7,35.66,101.53,170.06,50.2,222.05,Unknown
SYN-DM-00825,9.33,151.55,145.34,1.6,52.14,189.41,63.43,48.9,325.82,Unknown
SYN-DM-00826,7.19,150.23,234.21,1.32,55.68,208.46,67.05,56.0,268.47,Fasting
SYN-DM-00827,9.67,197.36,236.48,1.79,62.13,279.03,112.53,52.7,396.32,Non-fasting
SYN-DM-00828,6.86,99.63,179.19,1.38,75.23,281.47,88.84,56.7,232.95,Unknown
SYN-DM-00829,9.64,145.27,105.23,0.86,32.96,164.88,148.83,34.6,329.76,Fasting
SYN-DM-00830,6.94,224.08,282.65,1.78,33.31,186.38,93.53,67.0,186.48,Fasting
SYN-DM-00831,6.47,97.37,144.48,1.36,38.44,166.31,81.86,47.8,381.54,Fasting
SYN-DM-00832,7.98,230.82,211.6,1.08,42.1,199.67,109.06,50.3,100.84,Unknown
SYN-DM-00833,6.37,133.2,226.28,1.09,30.54,334.82,129.83,48.7,168.07,Fasting
SYN-DM-00834,8.37,106.54,133.19,1.8,61.61,142.15,125.11,48.1,220.37,Unknown
SYN-DM-00835,7.8,109.25,262.19,1.15,58.35,137.68,138.76,52.1,208.52,Fasting
SYN-DM-00836,8.03,175.56,287.62,1.42,78.75,210.78,136.07,50.5,102.63,Unknown
SYN-DM-00837,9.47,112.21,241.86,2.07,82.16,320.37,148.42,54.3,123.97,Fasting
SYN-DM-00838,7.52,186.75,273.55,2.2,41.02,407.03,73.68,64.6,318.42,Fasting
SYN-DM-00839,8.76,161.86,291.43,0.91,77.07,165.26,81.14,65.7,219.15,Unknown
SYN-DM-00840,9.69,189.28,127.36,2.18,41.9,342.61,171.61,41.1,386.28,Fasting
SYN-DM-00841,8.88,233.77,136.81,1.05,29.43,62.28,117.06,71.4,252.66,Non-fasting
SYN-DM-00842,6.82,172.36,130.06,2.23,81.62,99.73,80.95,20.6,279.06,Fasting
SYN-DM-00843,8.38,103.12,204.15,1.5,63.36,124.49,143.74,65.0,201.72,Non-fasting
SYN-DM-00844,7.13,190.57,188.3,1.19,98.03,284.26,132.51,37.2,163.47,Unknown
SYN-DM-00845,8.47,131.5,234.84,1.07,37.34,17.17,141.9,36.0,244.8,Non-fasting
SYN-DM-00846,6.43,174.55,108.16,2.18,85.13,230.55,62.68,41.4,103.23,Fasting
SYN-DM-00847,6.09,222.15,287.31,1.19,88.89,26.07,149.13,36.6,220.59,Fasting
SYN-DM-00848,6.66,119.07,267.63,1.63,34.82,384.9,73.29,34.6,382.07,Unknown
SYN-DM-00849,6.4,240.99,290.83,1.41,77.37,23.71,136.91,61.5,190.89,Unknown
SYN-DM-00850,7.68,213.21,221.17,2.17,36.19,29.83,109.37,47.5,98.05,Non-fasting
SYN-DM-00851,6.27,143.87,274.45,1.6,85.74,118.53,88.99,39.0,219.79,Unknown
SYN-DM-00852,7.43,237.53,250.14,1.52,58.68,400.31,94.98,56.7,153.57,Fasting
SYN-DM-00853,9.65,95.92,232.75,1.5,29.25,389.38,135.25,50.7,250.79,Fasting
SYN-DM-00854,5.93,125.22,158.77,1.91,42.01,172.23,111.08,62.7,258.89,Non-fasting
SYN-DM-00855,8.19,141.67,127.59,2.28,29.5,149.42,77.91,41.7,274.5,Non-fasting
SYN-DM-00856,9.26,167.16,299.2,2.13,57.92,91.83,134.73,32.3,257.1,Fasting
SYN-DM-00857,9.8,111.3,245.68,2.15,30.4,349.61,88.62,62.5,400.91,Non-fasting
SYN-DM-00858,8.43,208.58,256.69,2.29,75.41,93.84,99.48,58.1,211.66,Non-fasting
SYN-DM-00859,6.94,94.19,284.56,2.2,53.24,390.32,128.91,72.3,165.16,Non-fasting
SYN-DM-00860,7.07,125.64,156.21,1.51,39.79,308.15,84.12,65.1,127.91,Non-fasting
SYN-DM-00861,9.55,184.17,175.52,2.24,29.38,174.63,87.56,35.3,295.62,Non-fasting
SYN-DM-00862,8.73,94.3,226.41,0.91,38.68,288.61,128.89,47.2,391.2,Unknown
SYN-DM-00863,7.57,140.74,264.36,1.98,48.34,263.71,89.21,46.2,316.11,Fasting
SYN-DM-00864,9.26,241.14,293.45,0.86,32.06,361.03,105.91,59.8,148.53,Unknown
SYN-DM-00865,7.55,98.53,237.82,2.11,42.53,417.52,146.8,34.0,362.22,Fasting
SYN-DM-00866,8.43,144.83,117.22,2.11,54.4,386.53,164.55,45.8,391.21,Non-fasting
SYN-DM-00867,9.89,197.68,296.54,2.1,55.22,156.89,109.86,20,377.63,Fasting
SYN-DM-00868,10.07,155.16,243.01,1.46,79.28,124.29,87.7,58.1,195.53,Non-fasting
SYN-DM-00869,8.06,199.79,103.16,0.79,69.35,184.77,125.55,25.4,352.02,Fasting
SYN-DM-00870,9.72,144.86,283.89,1.69,63.98,308.82,138.24,39.0,285.7,Fasting
SYN-DM-00871,7.3,91.34,217.8,1.26,36.52,357.27,166.46,49.1,140.85,Fasting
SYN-DM-00872,8.48,197.5,222.83,1.44,63.43,207.4,87.52,20,397.9,Non-fasting
SYN-DM-00873,6.63,140.98,135.91,1.88,76.43,311.44,105.94,72.2,388.85,Fasting
SYN-DM-00874,10.08,210.99,124.58,1.06,49.18,269.09,132.53,59.2,157.18,Unknown
SYN-DM-00875,7.33,213.95,239.03,1.3,39.46,273.96,118.35,45.2,282.96,Unknown
SYN-DM-00876,8.48,228.37,103.67,1.48,62.16,159.11,90.23,45.9,376.3,Unknown
SYN-DM-00877,6.67,167.15,211.37,1.15,80.37,167.15,107.23,40.5,285.04,Non-fasting
SYN-DM-00878,9.65,165.13,228.3,2.12,92.4,363.07,138.87,49.9,295.42,Fasting
SYN-DM-00879,6.98,134.96,296.98,1.27,34.26,284.75,116.4,65.8,295.28,Non-fasting
SYN-DM-00880,9.16,159.02,129.54,2.09,82.0,61.76,131.69,50.6,306.38,Non-fasting
SYN-DM-00881,8.69,94.74,218.6,2.21,30.92,38.23,86.29,37.2,192.87,Non-fasting
SYN-DM-00882,6.6,220.24,279.06,2.06,97.73,211.87,108.31,39.0,293.61,Non-fasting
SYN-DM-00883,7.43,115.7,186.03,1.62,39.07,83.73,107.7,55.7,260.58,Unknown
SYN-DM-00884,6.68,235.12,261.66,2.05,51.46,382.76,127.82,57.6,296.39,Unknown
SYN-DM-00885,6.49,243.51,268.73,2.11,80.66,374.9,140.67,34.1,301.55,Fasting
SYN-DM-00886,9.73,151.55,188.81,0.95,46.88,397.58,151.54,55.7,114.47,Non-fasting
SYN-DM-00887,9.15,114.96,273.49,1.49,62.91,312.34,136.47,52.4,217.22,Fasting
SYN-DM-00888,7.41,153.57,279.79,1.16,63.11,213.73,170.48,57.9,354.84,Fasting
SYN-DM-00889,6.59,236.37,186.35,1.18,35.75,124.74,155.66,67.9,254.69,Fasting
SYN-DM-00890,7.02,221.02,245.89,1.77,58.81,139.82,81.76,45.0,277.74,Fasting
SYN-DM-00891,5.99,233.19,300.24,0.84,35.36,301.27,93.82,59.1,220.17,Fasting
SYN-DM-00892,9.86,121.7,165.68,0.93,57.36,328.58,171.51,66.2,213.46,Fasting
SYN-DM-00893,6.98,191.12,158.0,1.09,96.14,277.44,119.51,60.7,304.94,Fasting
SYN-DM-00894,6.3,137.56,140.66,1.42,77.62,188.51,77.46,60.3,137.31,Fasting
SYN-DM-00895,6.65,108.93,178.51,1.38,44.29,143.79,172.92,54.6,104.82,Non-fasting
SYN-DM-00896,10.18,210.75,275.19,1.15,66.36,305.61,170.61,48.5,184.69,Fasting
SYN-DM-00897,6.91,118.61,297.1,1.11,53.64,366.81,129.61,46.3,295.63,Unknown
SYN-DM-00898,8.42,167.45,193.45,1.69,86.95,109.66,95.02,20,107.97,Fasting
SYN-DM-00899,8.65,144.53,116.52,1.32,96.31,51.05,121.21,31.6,199.7,Fasting
SYN-DM-00900,8.78,103.34,237.98,1.52,54.75,352.29,141.24,32.8,170.97,Unknown
SYN-DM-00901,7.0,148.52,173.51,1.52,67.21,36.14,110.76,29.2,273.77,Fasting
SYN-DM-00902,9.56,117.06,195.07,1.73,88.85,303.02,106.92,60.0,389.03,Non-fasting
SYN-DM-00903,7.07,240.62,239.22,0.91,76.83,168.07,143.28,52.8,403.71,Unknown
SYN-DM-00904,8.89,159.32,248.55,1.46,62.33,100.0,118.7,52.6,101.24,Fasting
SYN-DM-00905,5.98,229.7,260.62,1.69,42.68,65.41,93.43,35.6,324.7,Non-fasting
SYN-DM-00906,9.96,196.17,124.68,1.57,43.06,95.52,67.29,45.4,96.54,Non-fasting
SYN-DM-00907,8.2,227.2,177.52,1.68,31.54,90.01,147.92,44.1,377.47,Non-fasting
SYN-DM-00908,8.06,107.71,154.22,2.13,65.36,289.01,95.96,50.8,405.85,Non-fasting
SYN-DM-00909,9.85,124.25,230.32,1.01,46.94,400.67,81.81,40.5,301.48,Fasting
SYN-DM-00910,6.41,96.58,250.08,1.54,69.39,125.82,160.97,43.7,253.82,Unknown
SYN-DM-00911,7.65,90.47,260.7,1.2,61.08,412.15,86.01,48.5,285.96,Unknown
SYN-DM-00912,6.28,106.96,262.66,1.25,40.61,16.99,88.09,40.6,320.63,Fasting
SYN-DM-00913,7.79,130.49,115.87,1.93,43.58,132.6,144.99,44.3,354.18,Fasting
SYN-DM-00914,7.53,117.9,119.07,1.55,46.02,22.23,143.13,58.4,352.46,Non-fasting
SYN-DM-00915,7.41,232.09,191.84,0.73,52.41,165.38,147.54,35.8,145.74,Non-fasting
SYN-DM-00916,7.43,120.0,133.57,1.27,37.93,233.62,160.59,50.5,234.5,Fasting
SYN-DM-00917,8.2,103.76,262.74,2.18,69.87,13.7,93.93,63.5,140.49,Fasting
SYN-DM-00918,8.04,182.27,181.84,1.59,96.12,323.04,170.77,30.0,187.9,Fasting
SYN-DM-00919,8.23,169.52,108.73,1.58,89.58,176.48,173.59,61.7,224.27,Non-fasting
SYN-DM-00920,6.74,101.05,254.42,1.25,75.9,31.73,75.4,75.3,395.24,Fasting
SYN-DM-00921,6.86,164.7,193.88,1.63,55.89,202.81,138.58,44.0,213.54,Fasting
SYN-DM-00922,8.97,234.06,248.24,0.81,74.59,102.12,112.77,22.5,170.31,Unknown
SYN-DM-00923,6.94,139.06,231.5,0.91,85.3,103.01,136.33,43.9,163.36,Unknown
SYN-DM-00924,5.88,244.51,279.75,1.96,49.94,21.17,167.88,39.5,314.4,Unknown
SYN-DM-00925,8.49,126.15,106.37,1.83,93.88,210.68,95.41,56.6,101.13,Non-fasting
SYN-DM-00926,9.8,241.03,166.52,2.15,46.4,138.32,142.18,54.4,216.53,Fasting
SYN-DM-00927,7.05,111.85,262.43,2.09,59.73,59.9,139.96,45.0,268.1,Fasting
SYN-DM-00928,8.74,168.49,195.62,0.9,39.0,366.67,165.73,39.4,183.18,Non-fasting
SYN-DM-00929,7.8,152.21,297.05,1.47,81.81,86.93,104.14,44.3,356.89,Unknown
SYN-DM-00930,6.26,212.35,185.48,1.6,90.01,386.89,91.57,51.6,368.56,Non-fasting
SYN-DM-00931,6.82,123.54,199.89,1.93,58.82,226.81,111.56,40.9,348.53,Unknown
SYN-DM-00932,7.05,119.55,140.22,2.13,89.09,281.54,163.6,32.0,381.29,Unknown
SYN-DM-00933,7.26,234.43,131.6,1.08,101.6,374.68,110.95,48.7,294.63,Unknown
SYN-DM-00934,7.97,234.44,198.97,1.26,87.63,61.86,158.55,51.1,309.01,Unknown
SYN-DM-00935,9.87,172.48,190.11,0.9,81.96,53.5,66.02,49.8,300.56,Fasting
SYN-DM-00936,6.51,148.54,165.14,0.83,77.18,166.35,120.26,48.1,116.6,Non-fasting
SYN-DM-00937,6.58,141.17,293.44,1.6,55.1,389.34,151.85,60.0,399.79,Unknown
SYN-DM-00938,6.84,129.4,260.67,1.0,68.15,133.41,87.46,59.9,201.7,Non-fasting
SYN-DM-00939,5.86,160.1,223.23,2.23,60.93,311.04,62.64,29.3,186.27,Fasting
SYN-DM-00940,7.71,114.08,194.07,2.13,29.61,278.17,101.68,60.9,287.2,Non-fasting
SYN-DM-00941,9.02,208.52,258.65,1.49,64.36,137.06,110.71,54.1,115.56,Fasting
SYN-DM-00942,9.3,206.59,267.29,1.23,99.23,134.14,106.36,39.9,229.03,Non-fasting
SYN-DM-00943,9.51,185.31,107.2,1.52,95.27,53.42,82.28,31.7,253.28,Non-fasting
SYN-DM-00944,6.65,165.11,278.74,1.16,63.06,164.95,108.56,50.5,251.14,Unknown
SYN-DM-00945,9.33,206.94,207.32,1.19,34.95,131.44,93.72,21.8,163.82,Fasting
SYN-DM-00946,6.74,176.16,133.1,1.75,36.75,215.12,95.76,40.4,187.25,Non-fasting
SYN-DM-00947,9.47,224.74,160.16,1.58,28.81,193.87,97.98,44.6,227.36,Unknown
SYN-DM-00948,6.42,214.44,102.34,1.88,65.48,307.0,106.03,54.9,346.43,Non-fasting
SYN-DM-00949,9.54,241.71,149.17,2.09,76.74,142.98,103.95,52.4,315.88,Unknown
SYN-DM-00950,10.02,137.96,153.82,1.68,81.56,339.56,146.88,39.2,373.31,Unknown
SYN-DM-00951,8.18,194.66,167.37,2.16,29.8,123.34,161.94,37.7,185.76,Non-fasting
SYN-DM-00952,9.18,148.13,255.28,1.0,93.96,13.22,124.97,61.5,399.62,Unknown
SYN-DM-00953,7.92,159.25,143.16,1.76,38.96,347.3,142.65,54.1,364.01,Fasting
SYN-DM-00954,6.76,218.25,308.95,0.8,42.43,181.06,143.91,61.9,315.97,Non-fasting
SYN-DM-00955,7.05,88.46,271.02,1.63,42.98,195.33,63.93,36.6,371.01,Non-fasting
SYN-DM-00956,7.25,225.57,292.09,1.71,77.85,172.34,81.3,57.0,268.39,Unknown
SYN-DM-00957,6.16,133.57,263.6,0.88,45.28,188.59,72.32,49.3,196.79,Non-fasting
SYN-DM-00958,7.55,209.68,173.57,1.21,75.39,266.74,89.84,45.2,369.18,Fasting
SYN-DM-00959,6.61,193.66,140.69,0.92,43.54,311.2,70.97,45.9,301.24,Fasting
SYN-DM-00960,6.26,112.03,190.32,1.28,48.49,119.81,75.34,49.7,105.39,Non-fasting
SYN-DM-00961,9.71,157.91,204.02,1.84,59.29,391.37,99.6,65.3,246.75,Non-fasting
SYN-DM-00962,8.05,95.94,156.22,2.07,54.76,340.8,165.66,52.4,153.89,Non-fasting
SYN-DM-00963,9.61,163.47,234.13,2.05,84.44,201.01,151.96,50.2,105.56,Fasting
SYN-DM-00964,6.08,174.85,176.32,2.0,70.13,235.39,150.94,24.4,238.41,Non-fasting
SYN-DM-00965,8.42,152.48,172.58,2.22,47.64,27.03,159.98,46.0,162.84,Fasting
SYN-DM-00966,9.74,227.85,168.5,1.64,40.95,153.27,172.94,37.3,296.2,Non-fasting
SYN-DM-00967,8.67,149.07,163.67,2.21,95.46,202.73,147.44,47.1,156.72,Non-fasting
SYN-DM-00968,6.64,133.46,129.8,2.2,38.41,318.82,129.32,29.5,194.01,Non-fasting
SYN-DM-00969,8.82,98.1,273.37,2.27,94.92,63.19,108.71,20,162.67,Unknown
SYN-DM-00970,7.36,228.48,114.03,1.6,28.89,63.46,164.37,45.3,254.16,Fasting
SYN-DM-00971,8.31,177.38,270.97,2.09,55.08,353.01,150.5,71.1,324.23,Unknown
SYN-DM-00972,6.37,150.84,157.66,0.76,55.76,43.0,151.17,42.9,133.91,Fasting
SYN-DM-00973,6.43,98.98,184.79,0.99,63.28,413.83,127.37,66.5,225.36,Fasting
SYN-DM-00974,7.48,128.93,214.59,1.58,67.37,257.45,155.16,54.8,362.0,Fasting
SYN-DM-00975,6.52,212.67,147.2,1.69,62.19,281.99,100.92,30.7,363.75,Fasting
SYN-DM-00976,8.37,131.52,240.78,1.16,93.17,274.77,134.08,20,218.34,Non-fasting
SYN-DM-00977,7.58,164.43,143.24,1.33,63.26,405.68,136.57,66.2,368.87,Fasting
SYN-DM-00978,6.2,143.23,119.41,1.92,50.08,80.08,152.58,40.9,295.52,Fasting
SYN-DM-00979,9.25,239.85,195.26,1.82,88.59,162.37,84.25,31.1,152.38,Unknown
SYN-DM-00980,9.82,162.15,196.5,2.18,63.23,251.94,112.26,55.4,186.86,Fasting
SYN-DM-00981,7.54,111.35,159.21,1.82,82.93,234.02,130.23,47.0,324.0,Unknown
SYN-DM-00982,7.03,88.17,194.88,1.47,35.1,273.92,103.31,56.4,244.98,Fasting
SYN-DM-00983,9.34,224.04,198.2,2.26,99.63,329.01,92.07,37.3,186.89,Unknown
SYN-DM-00984,6.01,147.81,224.73,1.9,70.91,314.17,137.6,55.9,302.22,Non-fasting
SYN-DM-00985,5.97,209.3,112.7,0.88,50.82,172.7,153.46,37.5,112.31,Unknown
SYN-DM-00986,7.65,130.34,164.19,2.04,34.01,390.28,129.87,74.2,322.04,Unknown
SYN-DM-00987,7.78,205.7,174.38,1.48,87.16,125.63,118.1,21.1,312.01,Unknown
SYN-DM-00988,7.71,239.91,202.81,1.97,58.5,143.62,119.58,40.9,215.23,Unknown
SYN-DM-00989,6.3,92.58,271.44,1.32,97.56,231.62,98.61,64.1,272.14,Non-fasting
SYN-DM-00990,7.34,110.39,265.86,0.75,40.64,193.57,86.47,20,92.97,Unknown
SYN-DM-00991,9.39,225.08,272.82,1.01,42.69,26.64,121.34,57.4,403.64,Fasting
SYN-DM-00992,6.43,124.48,263.91,1.58,80.47,257.49,144.22,40.5,303.41,Fasting
SYN-DM-00993,9.68,196.5,123.97,1.77,99.2,191.37,69.56,43.9,168.2,Non-fasting
SYN-DM-00994,9.66,120.79,226.96,2.19,77.72,386.73,91.67,44.3,189.45,Fasting
SYN-DM-00995,6.87,242.78,219.39,1.7,85.32,9.8,124.27,52.0,338.7,Unknown
SYN-DM-00996,7.69,122.19,182.92,1.65,99.29,295.02,63.0,45.4,350.93,Fasting
SYN-DM-00997,8.21,133.46,205.95,1.02,77.5,226.12,165.28,22.8,401.15,Fasting
SYN-DM-00998,7.66,243.89,256.95,1.5,40.53,303.61,91.95,40.1,199.65,Non-fasting
SYN-DM-00999,10.13,182.12,245.39,1.16,76.82,204.84,69.43,58.8,269.72,Unknown
SYN-DM-01000,8.44,131.22,206.45,1.28,76.31,348.66,109.34,56.9,332.43,Unknown
SYN-DM-01001,7.74,145.45,291.34,0.96,94.95,139.05,114.84,57.7,201.32,Fasting
SYN-DM-01002,9.82,219.91,126.16,0.81,97.22,156.62,137.34,47.4,171.15,Non-fasting
SYN-DM-01003,8.85,177.65,161.56,1.36,34.81,170.23,155.7,44.0,393.01,Non-fasting
SYN-DM-01004,7.48,169.6,235.55,2.19,73.68,310.17,86.22,49.5,154.35,Unknown
SYN-DM-01005,8.68,198.46,300.05,0.84,44.82,133.93,82.43,46.3,272.86,Unknown
SYN-DM-01006,9.17,175.7,196.32,0.98,70.84,76.58,96.85,65.7,303.12,Unknown
SYN-DM-01007,8.2,93.0,159.27,1.06,91.72,100.17,101.1,57.4,120.45,Unknown
SYN-DM-01008,7.27,133.16,182.4,1.28,61.91,230.69,135.73,20,295.23,Fasting
SYN-DM-01009,10.16,181.68,208.48,1.02,45.73,320.6,95.74,43.7,149.16,Unknown
SYN-DM-01010,7.12,182.81,155.75,1.89,58.56,376.39,140.57,40.6,155.47,Fasting
SYN-DM-01011,6.34,103.85,221.81,1.21,50.53,129.73,65.1,45.4,136.53,Unknown
SYN-DM-01012,8.03,172.74,107.23,1.23,46.65,369.23,128.82,45.1,315.73,Fasting
SYN-DM-01013,9.16,164.27,195.69,2.03,39.23,53.45,99.87,51.3,355.71,Fasting
SYN-DM-01014,9.23,236.45,182.42,1.51,76.29,135.43,117.73,40.4,141.26,Fasting
SYN-DM-01015,7.7,172.91,183.93,1.48,59.71,377.29,82.19,32.9,406.26,Unknown
SYN-DM-01016,5.97,221.11,155.86,1.04,42.89,110.91,134.34,61.5,365.79,Non-fasting
SYN-DM-01017,9.5,224.32,226.55,1.47,55.0,124.64,129.95,52.2,127.39,Fasting
SYN-DM-01018,5.95,230.32,251.39,1.28,67.77,19.2,113.3,64.8,116.39,Fasting
SYN-DM-01019,7.67,124.79,289.88,1.96,73.22,61.07,91.66,58.2,267.29,Non-fasting
SYN-DM-01020,6.29,172.96,229.09,2.13,64.02,196.58,100.95,76.2,194.4,Unknown
SYN-DM-01021,6.06,156.81,297.37,1.24,50.84,328.66,160.96,37.4,322.54,Non-fasting
SYN-DM-01022,5.81,111.86,248.49,2.11,58.76,52.13,116.81,35.1,349.36,Non-fasting
SYN-DM-01023,8.34,148.41,115.33,1.16,67.15,19.18,145.4,64.0,154.17,Non-fasting
SYN-DM-01024,9.29,143.82,197.4,1.92,79.57,262.06,150.38,52.9,281.19,Unknown
SYN-DM-01025,10.07,169.01,165.23,1.24,100.28,224.07,170.1,39.6,323.78,Fasting
SYN-DM-01026,8.18,230.28,308.84,1.12,29.34,28.32,100.98,52.8,196.48,Unknown
SYN-DM-01027,6.09,163.25,103.24,1.77,73.42,228.64,146.54,53.2,354.34,Unknown
SYN-DM-01028,8.82,240.02,300.76,0.87,39.98,49.34,87.49,68.1,259.93,Non-fasting
SYN-DM-01029,6.69,211.59,282.5,1.28,59.64,395.08,103.26,74.9,356.56,Non-fasting
SYN-DM-01030,9.24,124.87,115.39,1.6,70.41,13.89,97.99,51.5,390.14,Unknown
SYN-DM-01031,5.92,242.66,117.81,1.67,99.16,313.37,108.23,62.6,144.21,Non-fasting
SYN-DM-01032,6.74,213.29,148.78,1.8,51.97,55.73,81.5,58.9,236.47,Non-fasting
SYN-DM-01033,9.38,233.74,174.22,0.92,61.65,325.28,96.96,33.9,362.88,Fasting
SYN-DM-01034,9.26,206.53,272.55,1.67,46.57,103.5,101.33,20,373.1,Non-fasting
SYN-DM-01035,6.77,98.13,288.6,0.91,86.7,279.11,97.11,36.7,278.31,Non-fasting
SYN-DM-01036,7.2,148.99,289.15,1.6,67.4,220.44,143.78,38.9,211.95,Unknown
SYN-DM-01037,6.85,92.74,223.5,2.27,95.74,302.37,90.71,47.1,358.48,Unknown
SYN-DM-01038,10.01,108.72,199.73,1.45,40.6,243.31,66.41,38.4,224.09,Non-fasting
SYN-DM-01039,8.49,223.0,109.88,1.82,42.43,135.38,115.44,70.4,177.73,Fasting
SYN-DM-01040,7.35,103.91,203.32,2.12,33.55,202.3,77.8,36.4,244.73,Unknown
SYN-DM-01041,7.33,130.6,181.09,1.71,89.6,177.04,111.52,52.9,101.27,Fasting
SYN-DM-01042,10.04,199.48,145.91,1.64,76.71,25.21,62.16,58.7,148.07,Non-fasting
SYN-DM-01043,6.13,126.22,131.5,1.03,93.45,275.31,171.78,47.8,91.1,Fasting
SYN-DM-01044,9.55,94.37,265.96,0.85,88.19,76.73,91.25,33.3,228.16,Fasting
SYN-DM-01045,8.87,88.03,248.3,0.99,44.79,348.03,83.24,43.3,152.31,Fasting
SYN-DM-01046,7.02,157.9,309.27,2.16,28.7,114.98,129.7,63.1,335.88,Fasting
SYN-DM-01047,8.94,199.64,227.16,1.92,91.27,8.61,71.58,39.1,274.06,Non-fasting
SYN-DM-01048,6.62,184.25,161.86,1.18,31.49,306.57,157.1,66.8,295.92,Fasting
SYN-DM-01049,6.03,164.06,102.0,1.84,92.66,320.32,102.02,21.4,130.94,Fasting
SYN-DM-01050,5.99,199.52,151.19,1.14,69.54,239.22,107.24,34.0,149.62,Non-fasting
SYN-DM-01051,6.43,240.63,291.9,1.99,99.12,50.14,98.69,45.5,358.74,Non-fasting
SYN-DM-01052,7.19,101.93,212.82,1.64,55.66,19.91,103.86,51.1,153.35,Fasting
SYN-DM-01053,9.24,190.81,201.56,1.97,92.83,321.21,106.35,58.5,159.71,Fasting
SYN-DM-01054,7.55,104.47,284.82,0.8,39.72,27.67,80.55,30.6,261.69,Non-fasting
SYN-DM-01055,6.17,207.56,172.64,1.14,31.16,108.26,173.89,31.4,274.61,Unknown
SYN-DM-01056,7.64,135.5,183.53,1.29,50.51,398.47,65.85,35.1,184.57,Unknown
SYN-DM-01057,8.1,148.9,114.94,1.62,100.0,39.18,65.6,45.7,317.05,Unknown
SYN-DM-01058,8.78,116.56,296.75,1.28,28.83,400.39,93.05,29.6,330.84,Non-fasting
SYN-DM-01059,7.39,112.28,226.36,1.93,74.5,342.71,101.57,77.6,403.02,Non-fasting
SYN-DM-01060,9.69,180.15,148.86,1.18,86.72,140.28,159.27,28.0,326.92,Non-fasting
SYN-DM-01061,9.71,156.51,107.54,2.22,52.53,77.54,111.61,61.2,285.94,Non-fasting
SYN-DM-01062,8.74,232.04,153.02,2.17,55.44,251.96,101.84,55.4,334.71,Non-fasting
SYN-DM-01063,6.2,125.38,233.79,1.33,91.92,229.18,92.47,52.0,223.49,Fasting
SYN-DM-01064,9.39,196.89,169.07,1.79,33.54,374.55,109.22,48.8,289.33,Non-fasting
SYN-DM-01065,6.23,204.32,282.6,1.68,96.51,376.85,71.44,65.3,248.34,Unknown
SYN-DM-01066,6.4,125.61,284.53,1.38,59.03,256.84,127.53,56.9,179.67,Fasting
SYN-DM-01067,6.95,237.12,268.61,1.0,61.87,376.64,94.61,50.5,393.57,Fasting
SYN-DM-01068,7.38,224.48,148.73,0.96,66.43,17.57,125.11,31.8,337.37,Fasting
SYN-DM-01069,8.55,127.49,116.08,2.22,91.34,328.41,84.76,33.0,402.98,Unknown
SYN-DM-01070,8.32,114.09,151.38,2.29,57.07,26.76,156.9,57.3,127.02,Unknown
SYN-DM-01071,5.82,233.36,166.14,1.68,55.31,171.93,97.07,63.2,229.22,Non-fasting
SYN-DM-01072,9.31,123.33,303.75,1.3,42.65,306.82,92.5,71.0,220.41,Fasting
SYN-DM-01073,10.17,173.66,162.45,0.84,28.7,366.86,119.24,44.0,119.89,Unknown
SYN-DM-01074,10.11,121.16,276.28,1.42,44.51,133.09,136.05,47.9,205.11,Non-fasting
SYN-DM-01075,9.33,242.15,128.06,2.16,78.09,286.65,118.36,48.8,358.6,Unknown
SYN-DM-01076,6.54,223.34,249.97,0.93,62.54,138.49,86.68,42.9,167.43,Non-fasting
SYN-DM-01077,8.03,159.55,199.44,1.21,90.01,312.59,77.64,38.0,341.04,Fasting
SYN-DM-01078,9.28,184.94,126.2,1.84,81.95,280.26,173.2,69.2,230.02,Fasting
SYN-DM-01079,6.55,102.58,104.82,2.25,76.83,247.1,141.64,53.3,314.74,Fasting
SYN-DM-01080,8.69,220.22,223.76,1.05,98.51,407.58,113.36,42.1,180.87,Fasting
SYN-DM-01081,10.14,164.7,243.11,2.29,54.0,83.61,172.27,44.4,290.13,Fasting
SYN-DM-01082,8.86,126.01,146.29,2.06,28.14,352.32,117.14,46.0,127.01,Fasting
SYN-DM-01083,7.71,231.02,231.77,1.03,35.99,180.76,120.84,21.7,226.64,Unknown
SYN-DM-01084,9.79,199.28,228.28,1.47,100.45,192.67,80.36,47.4,186.91,Unknown
SYN-DM-01085,5.96,235.64,238.26,1.19,89.18,58.85,62.91,62.0,306.31,Unknown
SYN-DM-01086,8.38,196.9,234.36,1.33,72.72,405.82,155.13,32.6,302.42,Non-fasting
SYN-DM-01087,7.94,140.47,145.48,1.2,68.25,103.56,138.44,35.5,153.96,Fasting
SYN-DM-01088,9.2,158.02,193.44,1.21,83.07,348.21,125.79,44.7,337.79,Fasting
SYN-DM-01089,5.96,123.94,260.83,1.36,31.45,140.73,101.21,46.1,230.25,Fasting
SYN-DM-01090,8.98,240.36,281.88,1.83,45.18,398.21,98.22,37.8,331.88,Non-fasting
SYN-DM-01091,6.06,170.38,228.63,0.98,81.69,59.11,147.88,63.7,89.14,Non-fasting
SYN-DM-01092,6.13,182.4,212.81,1.62,94.52,164.68,81.71,26.6,340.48,Fasting
SYN-DM-01093,9.36,226.29,270.4,0.85,40.13,380.4,128.04,43.4,145.92,Non-fasting
SYN-DM-01094,8.17,221.35,209.22,1.3,50.15,268.87,69.78,33.2,216.75,Fasting
SYN-DM-01095,8.4,203.16,170.44,1.35,85.98,186.82,79.85,38.0,191.84,Fasting
SYN-DM-01096,6.53,130.66,206.64,1.31,70.55,280.68,155.37,37.9,181.24,Fasting
SYN-DM-01097,8.96,166.38,194.65,0.8,90.92,343.71,137.27,35.4,94.92,Unknown
SYN-DM-01098,10.12,225.0,111.39,2.11,100.1,387.38,76.99,41.6,285.24,Non-fasting
SYN-DM-01099,9.77,173.85,118.99,2.15,68.42,393.35,69.89,35.7,396.37,Non-fasting
SYN-DM-01100,6.27,244.32,269.21,2.09,84.31,205.77,70.63,48.7,284.3,Fasting
SYN-DM-01101,6.33,227.09,256.69,0.8,101.65,326.61,132.19,36.6,155.38,Fasting
SYN-DM-01102,7.34,170.21,120.66,1.28,44.18,38.26,117.28,40.5,114.39,Non-fasting
SYN-DM-01103,6.79,148.57,202.28,2.27,69.6,250.79,106.83,51.4,404.2,Fasting
SYN-DM-01104,9.52,236.99,168.08,0.71,92.76,249.88,136.69,49.5,168.94,Non-fasting
SYN-DM-01105,9.71,238.03,206.0,2.0,61.35,59.95,128.6,55.3,175.7,Unknown
SYN-DM-01106,8.42,92.63,193.98,0.97,95.56,344.32,131.9,68.3,160.95,Non-fasting
SYN-DM-01107,6.29,242.42,126.77,1.64,41.48,389.93,156.71,31.3,301.04,Fasting
SYN-DM-01108,6.47,147.55,183.9,1.69,97.76,236.44,83.88,65.3,245.75,Non-fasting
SYN-DM-01109,6.85,102.84,204.07,2.02,43.73,146.25,83.98,31.1,266.28,Non-fasting
SYN-DM-01110,6.17,226.87,173.75,1.49,66.18,399.21,74.49,51.0,102.64,Fasting
SYN-DM-01111,9.03,146.45,290.9,1.33,29.31,22.6,143.84,54.7,170.85,Unknown
SYN-DM-01112,7.49,128.24,161.91,1.09,64.96,309.15,68.57,65.2,188.47,Fasting
SYN-DM-01113,6.28,208.0,192.64,0.92,48.89,213.99,132.03,39.6,164.51,Unknown
SYN-DM-01114,8.12,100.05,106.95,0.88,63.59,289.84,131.99,51.6,142.54,Non-fasting
SYN-DM-01115,8.78,143.7,248.28,1.71,65.17,195.43,166.61,71.0,328.99,Unknown
SYN-DM-01116,7.54,115.38,124.35,1.61,48.88,222.29,97.81,38.6,247.55,Unknown
SYN-DM-01117,7.0,98.47,269.4,1.26,38.48,377.27,118.14,43.7,149.36,Fasting
SYN-DM-01118,9.61,160.78,211.96,1.17,63.79,300.75,62.88,59.3,93.78,Unknown
SYN-DM-01119,6.18,213.02,240.13,1.4,58.72,316.88,137.23,42.5,93.2,Unknown
SYN-DM-01120,10.16,189.36,134.88,1.49,78.4,381.57,85.66,71.8,363.1,Unknown
SYN-DM-01121,8.98,124.34,231.15,1.23,91.53,61.37,159.01,67.5,256.2,Fasting
SYN-DM-01122,6.88,181.75,160.44,1.12,98.88,206.35,140.38,50.2,377.93,Fasting
SYN-DM-01123,7.89,130.7,108.16,1.87,62.09,196.74,93.42,53.5,311.35,Fasting
SYN-DM-01124,10.17,140.12,302.21,0.87,73.34,129.08,167.09,66.6,284.79,Fasting
SYN-DM-01125,8.22,204.36,298.21,1.07,95.48,76.0,152.85,42.4,325.43,Non-fasting
SYN-DM-01126,8.54,143.28,143.21,0.9,94.09,199.31,84.65,33.4,329.58,Unknown
SYN-DM-01127,6.0,114.98,298.69,1.64,34.67,393.77,147.96,53.4,361.73,Non-fasting
SYN-DM-01128,9.74,219.18,257.58,1.51,93.61,224.78,147.25,34.9,228.37,Fasting
SYN-DM-01129,7.19,109.82,206.99,2.25,74.42,30.31,74.01,47.6,158.19,Unknown
SYN-DM-01130,9.55,224.6,265.34,1.23,34.29,321.74,93.13,41.1,318.81,Fasting
SYN-DM-01131,6.31,171.07,265.16,2.14,89.34,12.22,140.05,37.7,257.39,Fasting
SYN-DM-01132,9.24,216.93,198.99,1.76,87.21,265.81,124.88,46.5,169.14,Unknown
SYN-DM-01133,9.27,93.28,197.47,2.18,93.16,350.55,82.77,55.4,135.21,Unknown
SYN-DM-01134,8.34,206.02,224.85,1.96,93.25,270.71,162.47,34.2,356.21,Fasting
SYN-DM-01135,7.83,178.0,241.94,1.55,68.43,237.21,94.59,36.3,285.43,Fasting
SYN-DM-01136,6.82,100.6,108.61,1.94,29.11,207.93,115.86,56.4,286.15,Unknown
SYN-DM-01137,9.75,221.16,217.13,2.3,77.94,286.23,93.54,50.6,187.69,Non-fasting
SYN-DM-01138,6.65,230.23,165.39,0.79,74.5,373.59,71.44,53.1,171.66,Fasting
SYN-DM-01139,7.59,166.41,235.65,1.63,68.25,389.18,77.72,50.0,143.11,Unknown
SYN-DM-01140,7.97,89.7,292.34,0.85,66.51,271.53,121.69,56.0,404.75,Unknown
SYN-DM-01141,8.1,117.25,298.54,1.9,97.7,182.32,127.69,53.0,383.42,Non-fasting
SYN-DM-01142,6.83,144.46,256.48,2.14,47.64,280.25,133.89,30.4,158.49,Non-fasting
SYN-DM-01143,8.99,226.76,157.82,1.9,59.93,32.71,141.61,50.1,202.57,Fasting
SYN-DM-01144,9.99,109.28,197.16,1.41,54.0,280.19,145.22,40.3,122.86,Fasting
SYN-DM-01145,7.75,186.1,254.36,2.17,75.42,39.64,71.92,54.8,163.63,Fasting
SYN-DM-01146,6.8,162.0,271.16,2.05,97.31,322.19,70.13,43.9,250.14,Fasting
SYN-DM-01147,9.49,215.83,266.81,1.66,78.8,399.65,79.27,75.4,102.0,Non-fasting
SYN-DM-01148,8.44,235.41,199.43,1.0,75.73,316.1,119.37,43.0,154.36,Unknown
SYN-DM-01149,6.83,90.74,196.84,2.13,80.35,52.46,96.58,31.3,211.57,Unknown
SYN-DM-01150,7.47,162.06,288.56,1.32,77.33,231.64,132.01,47.2,110.8,Non-fasting
SYN-DM-01151,9.99,109.03,307.84,1.12,87.41,324.19,143.59,48.1,373.56,Unknown
SYN-DM-01152,6.8,233.59,198.08,2.25,92.57,221.73,92.27,50.7,305.65,Fasting
SYN-DM-01153,7.31,205.31,305.79,2.08,39.54,213.12,131.62,44.2,254.45,Non-fasting
SYN-DM-01154,9.75,193.07,269.63,1.25,67.49,211.31,134.19,49.3,398.45,Unknown
SYN-DM-01155,9.4,164.83,154.86,1.98,101.88,363.9,108.27,37.3,224.49,Fasting
SYN-DM-01156,8.55,186.53,213.69,1.07,64.73,245.33,161.6,38.9,358.58,Fasting
SYN-DM-01157,6.72,137.19,157.73,0.86,64.74,385.61,94.04,34.4,409.6,Fasting
SYN-DM-01158,7.27,244.31,267.07,1.69,58.26,250.04,159.78,31.2,388.1,Non-fasting
SYN-DM-01159,8.42,220.65,237.87,1.86,66.28,186.62,154.01,58.1,127.03,Unknown
SYN-DM-01160,6.15,215.85,263.35,0.86,35.69,144.09,144.96,41.8,183.53,Fasting
SYN-DM-01161,7.78,109.84,108.09,1.92,70.51,397.15,85.13,66.7,209.3,Non-fasting
SYN-DM-01162,7.6,115.43,108.9,1.58,73.51,206.02,119.97,58.8,250.95,Unknown
SYN-DM-01163,8.15,214.44,281.91,1.24,62.57,260.93,111.75,59.8,231.98,Non-fasting
SYN-DM-01164,7.09,198.85,257.49,1.44,63.26,176.58,157.0,62.8,327.01,Non-fasting
SYN-DM-01165,6.33,235.74,261.52,0.83,44.71,283.81,95.12,30.5,153.94,Fasting
SYN-DM-01166,10.13,90.37,137.16,2.23,92.5,259.34,72.65,39.3,242.78,Fasting
SYN-DM-01167,7.75,187.08,238.86,0.8,72.06,410.79,101.57,29.0,255.39,Non-fasting
SYN-DM-01168,5.94,204.99,286.42,0.76,96.34,322.11,69.39,35.7,127.39,Fasting
SYN-DM-01169,8.75,167.02,186.08,0.89,60.93,179.8,157.38,55.1,379.88,Fasting
SYN-DM-01170,9.2,217.41,278.27,1.7,54.68,173.79,86.99,73.9,201.68,Unknown
SYN-DM-01171,6.25,212.04,267.67,1.88,99.33,10.72,82.93,57.8,189.93,Unknown
SYN-DM-01172,9.02,104.73,244.34,1.48,75.09,399.41,101.16,52.3,248.74,Unknown
SYN-DM-01173,9.53,244.67,275.35,1.43,76.12,115.61,125.84,62.3,304.88,Unknown
SYN-DM-01174,7.86,141.27,145.96,1.59,76.64,252.64,76.84,38.7,334.44,Fasting
SYN-DM-01175,8.06,163.89,137.57,2.18,98.5,32.77,155.28,56.1,316.41,Unknown
SYN-DM-01176,7.39,229.69,215.63,2.06,74.32,298.13,120.53,60.7,346.77,Fasting
SYN-DM-01177,7.92,233.9,167.89,1.09,86.43,280.5,135.82,38.1,231.29,Non-fasting
SYN-DM-01178,9.28,166.07,262.25,1.67,30.36,184.79,65.93,20,186.51,Unknown
SYN-DM-01179,8.66,114.64,187.27,1.48,41.22,185.71,160.73,47.4,350.85,Non-fasting
SYN-DM-01180,9.89,160.57,308.29,0.88,34.47,118.55,84.63,20,230.15,Non-fasting
SYN-DM-01181,6.0,93.64,154.94,1.54,59.01,144.84,70.35,67.8,287.51,Non-fasting
SYN-DM-01182,6.89,214.41,159.31,1.0,31.94,114.04,163.97,30.8,117.08,Non-fasting
SYN-DM-01183,7.21,233.47,228.03,2.14,86.51,309.45,131.29,42.9,103.05,Non-fasting
SYN-DM-01184,9.42,207.93,303.5,1.92,31.73,370.42,81.4,62.1,395.34,Unknown
SYN-DM-01185,8.79,106.79,250.24,2.11,38.28,389.08,125.7,57.9,376.24,Unknown
SYN-DM-01186,8.79,225.15,145.15,1.41,72.35,402.76,91.07,63.3,400.1,Unknown
SYN-DM-01187,6.19,221.17,133.34,2.19,51.91,59.4,169.65,57.2,366.36,Fasting
SYN-DM-01188,6.69,226.55,139.89,0.89,43.7,124.77,143.89,47.4,276.86,Unknown
SYN-DM-01189,8.8,102.17,288.0,1.95,52.35,339.58,156.6,54.0,378.93,Fasting
SYN-DM-01190,8.39,109.23,293.63,1.16,40.21,231.33,122.86,44.8,217.19,Fasting
SYN-DM-01191,6.41,207.72,244.87,1.3,98.67,240.97,67.56,29.8,93.22,Non-fasting
SYN-DM-01192,7.3,215.11,167.73,0.87,67.03,311.25,170.31,50.3,311.47,Unknown
SYN-DM-01193,8.04,200.72,267.66,1.69,36.92,283.12,80.22,53.8,335.94,Unknown
SYN-DM-01194,9.92,95.43,271.22,1.93,91.58,95.21,101.56,58.5,90.56,Non-fasting
SYN-DM-01195,8.6,105.7,233.86,0.86,70.8,324.83,138.04,53.3,279.07,Fasting
SYN-DM-01196,6.31,107.33,275.09,1.01,58.27,104.66,141.17,77.0,241.89,Unknown
SYN-DM-01197,8.81,179.88,188.88,1.55,29.95,340.63,70.12,39.9,235.62,Non-fasting
SYN-DM-01198,7.25,224.07,278.0,2.1,37.37,179.95,109.34,45.5,311.42,Fasting
SYN-DM-01199,7.8,213.44,136.21,1.24,71.92,362.85,105.5,36.7,316.93,Fasting
SYN-DM-01200,9.74,161.32,146.03,0.99,99.99,12.83,165.0,50.1,178.62,Unknown
SYN-DM-01201,8.32,228.08,123.25,1.6,76.07,371.83,63.43,50.6,106.26,Unknown
SYN-DM-01202,6.93,104.04,253.44,1.49,67.6,292.89,112.99,45.6,292.85,Non-fasting
SYN-DM-01203,9.3,137.99,149.21,1.0,95.28,348.85,129.79,47.1,100.99,Unknown
SYN-DM-01204,5.94,108.75,123.77,2.0,30.74,253.88,164.51,53.8,193.79,Fasting
SYN-DM-01205,8.9,108.4,117.53,2.05,69.96,123.78,93.23,45.6,101.89,Non-fasting
SYN-DM-01206,6.74,192.82,167.76,1.03,59.91,416.87,136.01,33.4,164.56,Non-fasting
SYN-DM-01207,8.58,142.58,148.25,1.8,39.87,24.94,71.17,34.8,204.49,Non-fasting
SYN-DM-01208,7.13,166.54,283.54,0.96,60.78,169.36,148.59,68.7,101.57,Fasting
SYN-DM-01209,9.02,116.63,238.55,2.04,40.47,132.87,170.69,30.7,281.93,Unknown
SYN-DM-01210,5.96,132.26,120.98,0.71,54.51,172.07,89.49,43.8,356.36,Non-fasting
SYN-DM-01211,9.73,223.7,112.76,1.03,89.86,221.82,111.56,47.3,350.98,Non-fasting
SYN-DM-01212,9.29,157.39,252.22,1.02,60.1,39.41,101.42,69.9,106.93,Fasting
SYN-DM-01213,5.81,151.0,291.06,1.98,41.43,134.03,157.11,67.5,245.51,Non-fasting
SYN-DM-01214,9.56,216.33,114.31,0.76,36.61,310.53,128.39,60.2,155.42,Non-fasting
SYN-DM-01215,8.17,208.08,145.61,1.72,89.64,134.4,96.09,29.4,148.24,Non-fasting
SYN-DM-01216,6.29,241.15,173.21,2.01,52.47,357.93,123.7,39.2,370.6,Unknown
SYN-DM-01217,6.85,139.23,143.74,1.47,81.36,292.21,152.74,63.9,339.56,Unknown
SYN-DM-01218,8.47,91.95,132.8,1.49,36.38,288.49,135.78,57.4,223.58,Fasting
SYN-DM-01219,9.75,243.34,283.18,2.09,43.61,322.78,67.45,40.4,369.61,Unknown
SYN-DM-01220,9.1,159.49,107.08,0.94,52.51,38.05,130.09,47.5,321.13,Fasting
SYN-DM-01221,6.56,212.8,194.87,1.27,37.2,189.42,82.52,49.6,191.79,Non-fasting
SYN-DM-01222,9.9,152.02,253.51,1.32,37.77,318.72,121.21,43.8,380.12,Fasting
SYN-DM-01223,7.63,199.18,300.37,1.08,80.13,173.46,116.23,40.1,262.92,Fasting
SYN-DM-01224,7.74,141.16,271.62,1.42,33.45,111.65,121.59,31.5,136.47,Non-fasting
SYN-DM-01225,5.9,206.6,109.11,1.37,54.3,319.55,117.28,51.7,91.26,Unknown
SYN-DM-01226,6.45,122.51,291.12,0.89,34.21,369.55,96.87,56.6,115.98,Non-fasting
SYN-DM-01227,8.47,109.14,206.37,1.87,101.28,20.46,135.84,34.8,178.36,Unknown
SYN-DM-01228,10.1,164.51,231.08,0.75,34.26,403.79,63.78,46.4,239.16,Non-fasting
SYN-DM-01229,9.68,96.46,252.17,1.96,41.03,91.98,166.94,39.5,302.47,Non-fasting
SYN-DM-01230,8.11,123.26,307.97,0.78,99.79,173.01,98.69,57.9,363.1,Non-fasting
SYN-DM-01231,7.78,158.02,109.08,2.22,93.12,97.07,105.43,48.7,351.99,Fasting
SYN-DM-01232,5.81,112.91,234.23,0.99,50.0,248.32,171.99,55.2,302.91,Unknown
SYN-DM-01233,9.4,101.53,283.91,0.96,80.72,153.66,115.65,37.8,183.48,Fasting
SYN-DM-01234,8.66,150.74,106.42,1.6,54.36,9.23,161.75,54.4,322.1,Non-fasting
SYN-DM-01235,10.04,120.26,210.22,1.1,86.22,140.67,162.48,30.2,201.11,Fasting
SYN-DM-01236,9.93,138.61,155.03,1.56,58.73,370.97,97.48,33.6,196.73,Unknown
SYN-DM-01237,9.62,180.69,134.8,1.94,46.61,209.36,64.06,64.5,390.51,Unknown
SYN-DM-01238,8.91,106.61,108.58,2.13,64.06,311.69,123.38,51.2,365.94,Unknown
SYN-DM-01239,10.19,181.28,267.44,1.73,80.66,325.94,142.95,59.0,404.22,Fasting
SYN-DM-01240,7.03,176.36,155.36,1.94,85.53,113.53,171.62,41.4,166.24,Fasting
SYN-DM-01241,7.03,204.4,277.61,1.84,47.23,82.86,158.16,45.0,366.85,Fasting
SYN-DM-01242,7.82,108.09,122.09,0.75,42.41,106.66,97.15,48.1,166.84,Fasting
SYN-DM-01243,9.67,168.01,153.81,1.33,52.25,102.16,129.52,49.1,172.74,Non-fasting
SYN-DM-01244,9.99,111.14,107.09,1.5,38.53,401.6,139.53,28.3,125.16,Unknown
SYN-DM-01245,7.17,143.38,203.81,1.9,32.6,216.51,72.8,40.9,179.27,Non-fasting
SYN-DM-01246,9.34,184.82,282.17,2.13,59.73,153.77,169.6,37.9,107.38,Non-fasting
SYN-DM-01247,9.92,132.57,246.38,1.55,67.2,42.88,63.78,57.6,200.58,Fasting
SYN-DM-01248,6.69,194.62,252.26,1.77,47.1,334.54,71.31,36.7,396.43,Unknown
SYN-DM-01249,9.66,151.32,141.72,1.09,33.48,379.61,173.96,51.0,233.09,Fasting
SYN-DM-01250,9.6,215.49,297.97,2.07,91.86,368.57,71.13,48.3,397.46,Unknown
SYN-DM-01251,8.59,236.86,196.66,0.95,72.91,258.97,148.22,43.6,275.17,Non-fasting
SYN-DM-01252,9.1,122.29,200.49,1.7,37.77,100.5,79.17,48.8,136.55,Unknown
SYN-DM-01253,9.08,207.94,269.97,1.83,83.99,143.2,165.42,54.3,310.1,Fasting
SYN-DM-01254,10.03,225.98,124.07,2.3,66.22,87.81,110.45,39.4,112.26,Fasting
SYN-DM-01255,9.79,152.78,159.42,2.11,39.65,121.1,130.98,58.5,204.6,Unknown
SYN-DM-01256,9.09,130.4,188.97,1.68,91.15,285.42,72.69,38.0,384.87,Non-fasting
SYN-DM-01257,7.37,227.19,194.36,1.83,98.6,69.77,100.46,58.7,205.24,Non-fasting
SYN-DM-01258,9.78,145.76,197.72,1.16,37.01,163.72,85.52,65.5,409.52,Non-fasting
SYN-DM-01259,9.89,119.63,283.48,1.6,91.12,376.28,65.88,47.8,150.91,Non-fasting
SYN-DM-01260,6.47,185.76,246.46,1.17,82.05,226.07,129.79,36.5,299.47,Unknown
SYN-DM-01261,8.25,147.63,301.99,2.15,76.53,230.97,169.88,24.1,142.68,Fasting
SYN-DM-01262,7.45,110.46,146.62,1.72,101.67,55.18,172.4,58.6,230.72,Unknown
SYN-DM-01263,7.53,123.73,263.34,2.06,92.15,85.75,135.04,48.0,144.15,Unknown
SYN-DM-01264,9.73,161.33,135.2,1.85,97.42,118.06,170.05,40.8,138.51,Non-fasting
SYN-DM-01265,9.27,238.78,202.22,1.0,77.66,55.41,90.72,24.9,141.03,Non-fasting
SYN-DM-01266,6.09,168.78,114.59,1.1,61.96,252.58,123.58,62.9,106.39,Non-fasting
SYN-DM-01267,7.35,119.97,169.91,0.98,35.79,29.09,170.96,46.9,252.64,Unknown
SYN-DM-01268,6.76,163.36,294.59,0.74,65.37,284.49,118.4,36.7,292.17,Fasting
SYN-DM-01269,7.94,121.56,203.32,2.01,48.85,259.1,132.08,46.2,331.2,Unknown
SYN-DM-01270,8.69,204.67,183.71,0.91,93.71,158.56,140.18,35.6,350.48,Non-fasting
SYN-DM-01271,7.72,192.21,249.4,1.48,45.23,259.35,80.34,67.2,406.88,Unknown
SYN-DM-01272,6.23,151.22,159.92,1.74,41.6,210.15,120.71,65.4,264.58,Non-fasting
SYN-DM-01273,6.7,162.98,242.77,2.17,72.77,72.67,134.13,65.8,183.81,Fasting
SYN-DM-01274,6.78,163.21,177.02,1.17,100.08,112.2,110.87,33.8,344.63,Non-fasting
SYN-DM-01275,8.33,183.26,215.85,0.97,81.76,18.1,125.06,47.3,213.29,Fasting
SYN-DM-01276,8.57,209.32,241.98,2.08,98.09,372.01,114.89,53.3,137.81,Fasting
SYN-DM-01277,8.85,93.59,203.9,1.75,74.91,68.25,167.96,26.8,181.14,Unknown
SYN-DM-01278,6.67,138.57,287.98,1.21,33.11,152.35,78.07,48.5,370.56,Unknown
SYN-DM-01279,9.05,242.44,206.72,1.31,47.99,303.6,73.45,35.4,96.39,Non-fasting
SYN-DM-01280,10.12,170.99,178.97,1.71,85.48,18.58,103.48,47.8,101.0,Non-fasting
SYN-DM-01281,10.17,120.01,220.26,1.24,50.77,207.62,170.73,43.4,105.87,Fasting
SYN-DM-01282,7.25,114.81,190.63,2.23,65.64,399.2,159.73,47.2,311.25,Fasting
SYN-DM-01283,9.71,125.79,183.4,2.02,90.4,165.98,62.45,26.9,165.41,Fasting
SYN-DM-01284,6.88,105.08,175.11,1.16,99.23,139.99,160.74,41.1,299.45,Fasting
SYN-DM-01285,9.92,91.67,275.59,1.16,85.45,185.43,154.41,66.0,327.48,Fasting
SYN-DM-01286,8.0,225.08,237.77,0.74,64.1,157.32,79.52,67.2,128.02,Fasting
SYN-DM-01287,6.57,190.96,227.58,1.93,57.71,341.46,172.11,53.3,346.69,Non-fasting
SYN-DM-01288,9.35,157.13,227.03,1.22,48.37,37.98,153.28,48.0,120.59,Fasting
SYN-DM-01289,7.55,152.01,298.31,1.88,46.54,38.68,123.62,77.3,193.54,Unknown
SYN-DM-01290,7.01,114.54,281.08,0.8,45.5,32.23,106.97,40.7,292.32,Non-fasting
SYN-DM-01291,8.7,169.19,187.5,2.16,65.63,245.7,173.4,42.4,99.94,Non-fasting
SYN-DM-01292,6.92,191.75,302.34,0.99,93.2,172.07,135.89,63.6,326.63,Non-fasting
SYN-DM-01293,9.19,92.35,205.96,1.07,32.87,278.73,99.05,47.9,156.21,Unknown
SYN-DM-01294,6.44,157.93,156.77,1.91,29.8,57.34,156.93,25.0,305.67,Non-fasting
SYN-DM-01295,9.07,187.23,258.35,1.84,50.36,357.02,149.57,37.8,271.56,Non-fasting
SYN-DM-01296,6.49,136.74,225.86,1.09,94.31,207.5,129.4,52.2,322.86,Fasting
SYN-DM-01297,5.86,138.02,271.89,2.18,55.93,335.17,148.47,68.0,358.47,Fasting
SYN-DM-01298,9.14,182.72,267.06,0.79,55.56,330.0,131.66,54.7,225.0,Unknown
SYN-DM-01299,7.68,216.42,308.21,1.77,49.0,369.8,134.21,74.6,144.48,Fasting
SYN-DM-01300,7.7,129.07,119.33,1.16,41.75,402.26,65.34,71.1,332.61,Fasting
SYN-DM-01301,9.37,97.72,135.07,1.54,97.56,137.43,114.52,51.7,191.34,Fasting
SYN-DM-01302,6.87,189.47,171.33,2.24,61.17,28.54,157.31,45.5,96.38,Unknown
SYN-DM-01303,6.28,156.64,224.64,1.44,101.87,298.38,146.56,34.7,289.5,Unknown
SYN-DM-01304,8.74,109.58,299.85,1.65,36.24,168.22,84.35,44.3,272.31,Fasting
SYN-DM-01305,10.16,98.2,199.07,1.38,51.69,91.91,158.21,71.2,128.4,Fasting
SYN-DM-01306,7.99,233.55,208.38,0.94,99.94,320.08,118.95,54.5,172.25,Fasting
SYN-DM-01307,5.81,206.67,216.93,1.13,67.96,92.13,155.13,31.3,145.86,Fasting
SYN-DM-01308,8.92,147.18,306.62,2.27,72.94,392.55,66.74,66.4,324.61,Non-fasting
SYN-DM-01309,10.13,151.55,248.74,1.89,88.82,312.13,106.13,51.2,154.03,Unknown
SYN-DM-01310,7.8,103.92,308.77,1.83,80.6,416.28,74.08,68.2,180.29,Non-fasting
SYN-DM-01311,7.17,201.99,182.89,1.84,78.59,87.25,85.05,50.4,325.77,Unknown
SYN-DM-01312,5.84,190.63,172.41,1.02,73.23,206.97,139.86,33.3,347.96,Fasting
SYN-DM-01313,8.77,197.12,145.01,1.88,68.64,184.94,80.9,33.5,120.36,Unknown
SYN-DM-01314,5.86,98.51,188.98,0.78,71.23,384.32,147.73,52.5,91.76,Non-fasting
SYN-DM-01315,8.69,176.24,272.4,1.22,28.3,263.44,169.72,40.1,192.61,Fasting
SYN-DM-01316,6.1,154.49,127.37,1.46,91.54,82.01,91.32,56.2,124.38,Non-fasting
SYN-DM-01317,6.95,231.39,284.85,1.84,57.46,46.31,131.81,38.3,205.42,Fasting
SYN-DM-01318,7.94,149.95,189.02,1.74,87.2,34.99,75.67,61.2,156.24,Unknown
SYN-DM-01319,6.3,146.61,151.06,1.28,83.52,317.98,131.2,55.3,248.92,Unknown
SYN-DM-01320,8.02,186.58,231.96,1.86,94.11,72.9,79.09,27.2,340.72,Fasting
SYN-DM-01321,8.2,104.62,189.71,1.88,69.4,320.02,140.95,34.5,282.85,Fasting
SYN-DM-01322,7.91,124.22,278.54,1.0,86.66,200.85,68.14,50.0,249.62,Fasting
SYN-DM-01323,7.35,198.55,139.79,2.25,39.26,304.12,143.65,32.5,361.52,Fasting
SYN-DM-01324,9.88,91.48,283.69,1.82,46.17,204.01,66.83,57.9,392.39,Unknown
SYN-DM-01325,9.18,112.87,225.9,2.12,101.73,110.77,108.48,42.7,281.79,Unknown
SYN-DM-01326,9.2,167.68,286.62,1.27,91.09,350.09,74.56,33.2,174.25,Non-fasting
SYN-DM-01327,6.9,192.96,210.99,0.78,75.77,371.54,77.33,58.6,342.67,Non-fasting
SYN-DM-01328,7.92,139.24,116.18,1.74,98.63,149.6,138.41,48.4,344.01,Non-fasting
SYN-DM-01329,9.22,192.62,189.69,1.81,73.61,78.31,157.72,20,145.54,Non-fasting
SYN-DM-01330,6.27,236.57,149.96,2.27,78.96,28.33,146.52,56.9,142.29,Non-fasting
SYN-DM-01331,9.1,171.33,200.23,1.2,73.43,68.39,157.15,69.0,282.49,Unknown
SYN-DM-01332,6.83,90.11,270.87,2.15,72.09,374.53,69.59,46.6,291.75,Fasting
SYN-DM-01333,7.2,89.0,275.22,2.07,78.96,189.59,102.97,41.3,327.29,Non-fasting
SYN-DM-01334,7.5,166.46,143.77,1.68,42.08,354.71,147.16,44.2,253.45,Unknown
SYN-DM-01335,9.52,205.97,156.11,2.21,71.85,415.34,80.99,46.5,200.15,Fasting
SYN-DM-01336,8.59,159.27,192.83,1.4,87.08,30.01,166.57,47.2,382.44,Fasting
SYN-DM-01337,7.31,233.43,246.62,1.11,33.01,350.59,105.08,53.6,322.07,Non-fasting
SYN-DM-01338,6.94,193.16,172.85,2.13,54.77,100.85,74.75,49.4,390.16,Unknown
SYN-DM-01339,7.3,206.99,132.13,1.04,45.06,299.44,165.57,43.8,220.98,Unknown
SYN-DM-01340,9.98,233.43,105.81,1.72,62.55,152.58,67.46,20,321.33,Non-fasting
SYN-DM-01341,7.47,226.66,292.18,1.89,66.05,360.57,145.1,37.4,237.36,Fasting
SYN-DM-01342,9.51,159.48,162.41,1.43,92.98,77.08,152.89,37.0,100.47,Unknown
SYN-DM-01343,9.53,207.35,307.5,1.35,69.05,293.03,139.74,29.0,256.93,Unknown
SYN-DM-01344,7.2,92.01,243.25,1.81,38.81,369.6,88.4,66.7,368.37,Non-fasting
SYN-DM-01345,7.95,117.87,149.9,2.15,57.75,106.51,161.85,55.9,226.58,Fasting
SYN-DM-01346,8.11,90.24,205.06,1.13,32.24,406.74,105.39,33.8,252.24,Non-fasting
SYN-DM-01347,8.95,140.56,301.55,0.73,101.29,233.62,154.39,39.8,220.05,Unknown
SYN-DM-01348,9.85,184.48,158.4,0.94,86.65,263.52,169.68,39.4,208.85,Fasting
SYN-DM-01349,5.98,173.52,263.18,1.13,77.93,13.43,119.57,38.7,268.1,Unknown
SYN-DM-01350,7.63,207.01,166.7,2.11,31.93,279.85,79.64,40.2,398.02,Non-fasting
SYN-DM-01351,8.07,92.03,302.86,1.12,36.15,322.56,114.95,68.5,266.27,Fasting
SYN-DM-01352,8.28,204.3,259.13,2.12,64.16,199.59,159.67,48.8,136.66,Unknown
SYN-DM-01353,10.14,168.25,256.93,1.55,87.84,127.44,92.07,54.4,310.39,Unknown
SYN-DM-01354,9.08,159.49,161.92,1.76,76.96,204.13,140.0,35.1,244.63,Fasting
SYN-DM-01355,6.77,90.26,301.19,2.25,98.67,256.99,156.33,35.7,294.8,Non-fasting
SYN-DM-01356,8.57,185.99,283.4,1.44,44.94,249.15,109.62,38.1,263.06,Fasting
SYN-DM-01357,8.04,91.43,172.3,1.29,96.55,179.18,101.92,54.6,218.06,Fasting
SYN-DM-01358,6.98,189.71,105.82,1.74,32.68,14.04,85.03,55.4,158.24,Fasting
SYN-DM-01359,6.83,227.12,301.36,1.27,86.82,117.11,149.13,90,391.02,Non-fasting
SYN-DM-01360,5.99,127.35,139.9,0.81,73.88,224.45,130.3,37.5,326.9,Fasting
SYN-DM-01361,6.69,177.4,301.77,1.95,39.95,200.32,132.35,58.5,168.2,Non-fasting
SYN-DM-01362,10.05,112.38,279.56,1.49,37.94,367.34,73.01,54.1,363.63,Unknown
SYN-DM-01363,6.7,149.97,174.38,1.95,45.69,248.89,81.99,43.9,160.06,Non-fasting
SYN-DM-01364,6.41,129.98,298.58,2.21,86.24,362.05,161.49,42.4,103.88,Non-fasting
SYN-DM-01365,8.55,198.14,164.87,1.21,63.16,251.21,140.7,50.5,341.49,Unknown
SYN-DM-01366,6.49,176.42,118.31,2.05,29.21,332.07,90.63,58.4,128.21,Fasting
SYN-DM-01367,8.24,97.16,250.75,2.22,62.9,396.48,147.33,63.3,191.28,Unknown
SYN-DM-01368,6.39,90.92,221.36,1.91,64.65,277.85,62.02,24.3,99.95,Fasting
SYN-DM-01369,7.09,221.97,270.3,1.15,74.64,226.48,90.46,41.1,229.37,Unknown
SYN-DM-01370,10.12,117.93,107.72,1.07,62.75,323.87,109.15,45.2,284.09,Unknown
SYN-DM-01371,6.82,97.78,135.75,0.96,85.52,353.47,62.43,49.1,191.14,Fasting
SYN-DM-01372,8.86,97.51,194.67,0.73,100.8,232.42,74.55,42.2,141.65,Unknown
SYN-DM-01373,8.16,239.37,155.88,1.11,37.29,222.91,144.05,45.0,360.55,Non-fasting
SYN-DM-01374,8.37,153.09,171.34,1.96,92.07,238.5,84.9,51.1,324.33,Unknown
SYN-DM-01375,8.46,231.84,124.49,1.89,93.19,91.96,123.26,53.4,208.51,Fasting
SYN-DM-01376,6.59,181.38,173.09,1.19,61.53,150.87,129.83,66.6,135.2,Fasting
SYN-DM-01377,10.06,116.5,261.53,0.86,57.86,21.55,117.55,50.9,357.07,Non-fasting
SYN-DM-01378,7.45,241.67,287.22,2.13,39.86,100.5,142.49,52.8,403.95,Unknown
SYN-DM-01379,8.22,152.33,136.03,2.12,95.91,381.19,70.31,20.2,223.02,Fasting
SYN-DM-01380,9.77,212.2,123.41,1.92,69.16,383.15,167.11,43.8,367.78,Unknown
SYN-DM-01381,6.93,219.11,119.04,1.31,53.34,154.16,135.13,46.6,234.78,Unknown
SYN-DM-01382,7.96,236.94,253.38,0.91,30.3,135.47,66.1,59.6,197.49,Non-fasting
SYN-DM-01383,8.88,220.89,235.76,1.17,96.49,375.1,63.33,52.3,276.66,Unknown
SYN-DM-01384,8.01,204.09,183.41,1.15,57.72,79.35,67.51,27.8,330.48,Unknown
SYN-DM-01385,10.01,89.79,122.28,1.3,40.9,13.5,151.99,71.3,142.93,Non-fasting
SYN-DM-01386,8.98,146.88,167.52,1.64,34.88,302.41,82.85,48.2,320.12,Fasting
SYN-DM-01387,9.03,169.97,158.56,1.46,98.58,194.18,115.75,30.3,184.8,Non-fasting
SYN-DM-01388,5.9,218.03,270.46,1.71,87.86,308.63,68.58,36.3,331.28,Unknown
SYN-DM-01389,8.56,239.08,270.51,1.29,30.44,326.03,82.37,32.4,376.17,Fasting
SYN-DM-01390,6.51,157.89,109.57,1.74,37.56,264.21,111.29,45.0,115.74,Unknown
SYN-DM-01391,6.77,191.78,289.82,1.4,66.07,128.86,166.74,41.1,308.13,Non-fasting
SYN-DM-01392,6.23,203.74,166.81,1.44,43.91,225.26,158.53,85.7,293.5,Unknown
SYN-DM-01393,6.55,188.77,261.69,1.07,77.33,179.93,146.91,37.8,93.19,Unknown
SYN-DM-01394,7.45,233.19,258.97,0.75,70.74,82.28,74.9,66.7,105.89,Fasting
SYN-DM-01395,7.62,209.96,129.12,1.55,62.1,320.21,156.47,58.6,397.96,Fasting
SYN-DM-01396,9.16,186.26,154.09,1.22,63.59,372.91,120.18,48.1,311.76,Non-fasting
SYN-DM-01397,9.07,166.07,129.5,0.75,42.12,289.05,147.48,45.8,368.87,Non-fasting
SYN-DM-01398,9.1,131.62,104.05,2.02,86.37,74.54,67.7,46.5,199.58,Unknown
SYN-DM-01399,10.03,139.84,187.99,1.19,38.44,53.1,132.72,55.0,374.83,Non-fasting
SYN-DM-01400,9.32,216.66,133.29,1.43,73.34,46.58,133.58,39.3,210.49,Non-fasting
SYN-DM-01401,8.73,222.45,254.94,1.02,70.8,302.94,155.58,24.2,103.0,Unknown
SYN-DM-01402,9.27,129.52,213.91,1.17,47.1,259.89,79.16,37.6,116.44,Fasting
SYN-DM-01403,9.13,223.42,272.86,0.79,75.8,319.89,119.88,31.2,292.08,Unknown
SYN-DM-01404,8.41,153.05,254.29,1.65,54.28,168.89,158.08,61.3,169.19,Unknown
SYN-DM-01405,10.02,161.02,308.09,1.03,54.96,66.08,126.85,62.3,346.5,Non-fasting
SYN-DM-01406,8.04,130.58,248.96,0.74,35.87,58.22,96.04,29.2,383.82,Unknown
SYN-DM-01407,9.27,221.71,113.83,1.1,96.56,374.32,101.49,53.6,364.93,Fasting
SYN-DM-01408,6.36,177.09,158.17,1.67,46.59,216.96,153.19,56.7,122.44,Fasting
SYN-DM-01409,9.77,129.67,127.22,1.69,86.38,11.77,136.23,38.0,318.15,Non-fasting
SYN-DM-01410,5.83,145.98,302.12,1.5,44.97,336.53,155.7,39.8,285.92,Non-fasting
SYN-DM-01411,7.04,158.09,295.54,1.51,57.35,293.41,104.39,44.0,214.19,Unknown
SYN-DM-01412,9.48,231.79,164.4,2.01,94.61,333.43,160.21,66.4,231.01,Fasting
SYN-DM-01413,6.33,174.3,250.5,1.62,34.66,60.03,166.15,45.8,390.19,Fasting
SYN-DM-01414,7.99,159.35,249.9,0.92,33.76,161.04,137.01,66.8,382.88,Unknown
SYN-DM-01415,9.66,144.05,164.32,2.24,82.35,323.22,170.33,72.7,88.74,Fasting
SYN-DM-01416,7.67,132.41,160.83,0.71,100.8,347.25,72.16,43.4,123.86,Unknown
SYN-DM-01417,8.87,184.25,291.3,1.06,96.66,407.76,95.27,54.6,320.0,Fasting
SYN-DM-01418,9.38,241.37,121.98,0.79,49.48,8.16,99.89,33.3,397.72,Fasting
SYN-DM-01419,9.97,191.3,178.83,0.81,31.95,391.57,81.01,38.0,188.4,Unknown
SYN-DM-01420,7.58,244.17,241.0,1.73,74.82,107.49,170.68,32.5,110.35,Unknown
SYN-DM-01421,8.49,105.67,227.82,2.07,65.23,52.62,108.74,26.2,137.31,Unknown
SYN-DM-01422,8.52,185.22,212.29,1.68,58.35,400.57,92.55,41.4,335.01,Unknown
SYN-DM-01423,10.03,223.36,194.08,1.21,89.7,416.83,147.09,50.5,293.98,Fasting
SYN-DM-01424,7.83,177.02,245.49,1.6,92.64,230.26,62.26,46.1,152.93,Fasting
SYN-DM-01425,10.0,243.58,294.35,1.46,50.26,388.8,76.1,37.0,356.11,Non-fasting
SYN-DM-01426,8.0,215.55,281.54,1.22,40.48,176.84,65.41,31.3,322.9,Unknown
SYN-DM-01427,7.8,224.44,142.71,1.01,53.44,39.44,164.88,45.4,285.57,Fasting
SYN-DM-01428,9.76,216.09,214.21,2.16,90.42,393.09,134.83,38.4,158.39,Fasting
SYN-DM-01429,7.92,159.67,231.37,1.59,85.18,273.35,76.81,48.0,160.79,Non-fasting
SYN-DM-01430,7.44,111.62,285.48,1.28,95.47,266.24,62.76,53.5,104.08,Non-fasting
SYN-DM-01431,8.67,175.57,139.73,2.01,71.67,201.69,170.85,31.3,140.11,Unknown
SYN-DM-01432,6.96,126.77,289.39,1.63,79.29,266.81,104.97,63.5,185.21,Fasting
SYN-DM-01433,8.74,190.8,251.09,1.34,50.02,123.62,128.3,47.0,406.92,Fasting
SYN-DM-01434,8.38,205.64,224.85,0.97,29.52,292.67,120.83,60.1,264.86,Non-fasting
SYN-DM-01435,8.55,173.55,225.51,0.71,99.92,344.57,132.11,49.7,329.84,Unknown
SYN-DM-01436,9.71,238.82,281.23,1.3,50.93,12.99,153.76,44.0,119.6,Fasting
SYN-DM-01437,8.13,121.86,155.1,0.98,48.36,269.44,154.11,42.6,89.79,Non-fasting
SYN-DM-01438,8.26,124.04,206.61,1.32,29.05,175.82,141.21,38.3,382.08,Unknown
SYN-DM-01439,9.92,168.55,183.67,1.14,54.51,224.92,103.41,45.9,154.74,Fasting
SYN-DM-01440,9.6,126.87,257.12,2.12,65.54,365.93,75.31,51.0,162.27,Unknown
SYN-DM-01441,7.24,142.97,301.05,1.56,87.16,359.35,121.74,38.5,174.02,Fasting
SYN-DM-01442,8.77,196.93,293.84,1.0,89.66,225.74,75.48,56.1,392.07,Non-fasting
SYN-DM-01443,7.38,101.99,248.15,1.08,44.21,216.3,69.75,60.7,225.05,Unknown
SYN-DM-01444,8.35,187.02,212.08,1.99,43.41,10.31,107.85,20,157.15,Fasting
SYN-DM-01445,9.73,191.93,227.91,2.16,41.24,201.2,173.53,42.9,236.72,Non-fasting
SYN-DM-01446,6.94,156.94,196.01,1.3,53.43,402.53,151.3,25.8,275.35,Unknown
SYN-DM-01447,7.84,241.96,163.45,2.22,96.02,114.79,66.99,40.9,312.2,Fasting
SYN-DM-01448,6.66,98.32,248.99,1.49,88.18,117.42,66.37,32.0,392.03,Fasting
SYN-DM-01449,7.44,113.88,208.75,1.84,41.42,362.89,80.75,51.6,216.64,Unknown
SYN-DM-01450,6.88,108.71,172.75,1.77,32.2,356.55,73.81,90,355.05,Non-fasting
SYN-DM-01451,6.28,225.9,136.43,1.75,98.59,363.37,160.79,64.3,252.23,Unknown
SYN-DM-01452,8.52,100.0,206.85,0.71,47.84,110.07,132.42,33.6,178.65,Fasting
SYN-DM-01453,7.8,184.25,240.87,1.97,79.79,248.72,151.08,45.1,325.16,Fasting
SYN-DM-01454,9.97,178.59,309.9,1.38,92.91,117.54,122.74,37.1,385.02,Fasting
SYN-DM-01455,9.05,239.55,254.81,2.09,43.72,125.19,74.16,57.9,169.65,Fasting
SYN-DM-01456,6.63,236.43,182.62,1.51,73.68,337.82,63.74,70.6,363.17,Fasting
SYN-DM-01457,10.01,182.32,165.65,1.83,48.78,211.38,119.62,53.2,146.1,Non-fasting
SYN-DM-01458,8.9,138.62,256.65,2.27,82.29,373.03,163.97,53.1,260.63,Unknown
SYN-DM-01459,7.11,159.22,230.82,0.92,48.47,91.18,124.1,49.7,406.02,Fasting
SYN-DM-01460,9.19,145.02,168.24,2.02,79.24,387.76,141.7,48.7,348.25,Non-fasting
SYN-DM-01461,8.33,174.45,198.81,1.27,66.83,108.38,172.73,54.5,136.87,Unknown
SYN-DM-01462,7.46,154.36,151.37,1.05,53.22,359.37,79.26,47.1,123.05,Non-fasting
SYN-DM-01463,8.2,114.24,264.5,1.02,92.5,273.62,171.96,40.4,157.33,Non-fasting
SYN-DM-01464,7.55,125.83,203.61,2.01,78.87,182.67,105.58,46.8,264.07,Fasting
SYN-DM-01465,9.56,218.28,160.38,1.88,56.61,238.64,116.61,57.8,272.8,Non-fasting
SYN-DM-01466,6.1,138.48,212.21,1.62,87.54,247.58,66.29,35.5,277.55,Unknown
SYN-DM-01467,8.62,182.48,276.2,1.16,72.14,357.0,116.71,54.5,191.12,Non-fasting
SYN-DM-01468,9.32,100.75,150.8,1.58,63.85,257.48,73.4,34.7,182.61,Fasting
SYN-DM-01469,9.34,211.94,213.05,0.82,63.83,308.22,168.36,50.2,192.6,Non-fasting
SYN-DM-01470,8.23,197.64,243.29,1.14,63.65,27.87,114.33,45.8,181.25,Non-fasting
SYN-DM-01471,8.22,199.16,255.65,0.88,95.12,38.51,120.43,55.7,305.54,Fasting
SYN-DM-01472,9.28,118.59,177.61,1.44,96.22,90.6,110.27,36.7,317.56,Fasting
SYN-DM-01473,9.29,189.96,310.0,0.95,32.69,348.33,173.11,46.9,92.0,Unknown
SYN-DM-01474,7.91,192.69,282.59,0.97,50.24,401.36,69.57,27.7,312.66,Non-fasting
SYN-DM-01475,9.69,226.92,140.89,2.07,74.54,147.67,130.12,33.1,275.44,Fasting
SYN-DM-01476,6.49,114.6,162.19,2.17,51.07,131.54,147.67,54.3,360.95,Fasting
SYN-DM-01477,8.35,99.25,217.25,1.18,48.8,35.89,66.69,59.5,162.63,Unknown
SYN-DM-01478,8.88,162.04,295.06,0.81,93.69,275.05,111.42,55.4,115.45,Fasting
SYN-DM-01479,8.2,219.62,183.7,1.17,45.17,137.78,117.6,46.9,376.18,Non-fasting
SYN-DM-01480,7.68,207.41,104.39,1.05,31.38,390.79,118.67,43.7,187.82,Fasting
SYN-DM-01481,6.67,146.19,296.31,1.18,28.96,222.72,123.0,41.9,140.36,Non-fasting
SYN-DM-01482,7.36,186.67,207.22,1.29,38.21,112.92,131.95,47.3,180.77,Non-fasting
SYN-DM-01483,8.31,93.98,157.87,1.38,86.75,363.3,131.23,47.9,187.19,Fasting
SYN-DM-01484,6.64,138.94,147.39,1.11,80.64,229.53,115.44,39.9,170.93,Non-fasting
SYN-DM-01485,9.83,217.38,115.85,1.08,51.04,188.89,112.96,39.3,391.03,Fasting
SYN-DM-01486,9.94,234.04,217.41,1.17,76.84,141.53,145.96,43.5,116.25,Fasting
SYN-DM-01487,7.91,209.67,295.74,1.32,71.99,36.99,155.4,49.0,178.27,Unknown
SYN-DM-01488,7.98,104.64,121.88,0.81,77.05,345.93,168.86,48.4,221.79,Fasting
SYN-DM-01489,6.19,169.52,121.88,0.94,42.82,340.69,100.57,52.0,211.52,Fasting
SYN-DM-01490,8.19,189.98,246.42,2.13,101.65,37.77,110.57,45.4,255.74,Non-fasting
SYN-DM-01491,6.56,184.04,211.25,1.17,45.02,245.5,112.4,45.4,361.16,Non-fasting
SYN-DM-01492,6.14,95.34,155.1,1.92,74.08,235.03,154.72,30.1,342.09,Non-fasting
SYN-DM-01493,8.47,154.88,133.2,1.76,59.6,13.18,104.17,45.3,374.48,Fasting
SYN-DM-01494,9.18,204.12,184.58,2.26,95.86,334.92,115.46,35.4,327.54,Non-fasting
SYN-DM-01495,8.4,170.29,271.67,1.58,40.36,168.58,148.98,61.0,239.25,Non-fasting
SYN-DM-01496,7.3,117.11,102.47,0.83,96.99,256.36,106.82,57.6,377.29,Fasting
SYN-DM-01497,6.19,89.0,301.0,1.28,80.08,327.08,93.52,44.3,195.22,Fasting
SYN-DM-01498,7.54,177.34,205.07,1.84,58.82,310.24,102.03,37.4,93.44,Fasting
SYN-DM-01499,7.41,241.4,292.46,2.24,40.77,327.76,104.67,39.0,150.5,Unknown
SYN-DM-01500,6.16,206.69,204.93,2.27,92.16,387.31,172.93,73.5,374.51,Fasting
SYN-DM-01501,6.89,95.26,172.86,0.95,48.32,360.16,161.27,42.6,326.37,Unknown
SYN-DM-01502,9.61,189.05,173.16,1.53,78.28,31.49,130.84,52.8,328.67,Non-fasting
SYN-DM-01503,9.12,125.47,275.65,0.91,41.32,247.03,161.88,58.3,342.18,Unknown
SYN-DM-01504,8.1,125.6,167.22,2.29,73.55,68.0,150.6,45.2,171.57,Non-fasting
SYN-DM-01505,7.24,221.86,154.11,1.18,71.83,369.0,130.92,70.6,125.7,Fasting
SYN-DM-01506,9.68,174.24,232.48,1.49,59.46,178.74,85.82,40.2,360.96,Non-fasting
SYN-DM-01507,10.15,118.41,195.65,1.04,72.68,74.92,102.04,58.1,129.51,Unknown
SYN-DM-01508,7.24,133.54,265.99,1.03,57.36,249.13,129.88,52.3,134.44,Non-fasting
SYN-DM-01509,8.45,149.05,180.22,1.08,28.65,45.31,104.04,56.1,218.04,Fasting
SYN-DM-01510,7.96,190.38,123.03,1.0,64.92,79.41,170.25,64.5,321.2,Unknown
SYN-DM-01511,8.42,182.22,154.58,1.36,93.3,299.42,169.91,45.4,374.28,Unknown
SYN-DM-01512,6.11,209.51,127.77,2.02,29.05,152.77,81.41,62.9,343.25,Unknown
SYN-DM-01513,7.91,233.37,141.43,1.71,58.84,117.8,122.97,43.0,233.91,Non-fasting
SYN-DM-01514,8.84,196.53,197.23,1.13,37.97,314.33,86.39,65.1,239.62,Non-fasting
SYN-DM-01515,6.94,122.57,169.81,2.12,93.96,244.49,98.01,40.7,323.46,Fasting
SYN-DM-01516,8.33,161.0,270.38,1.62,28.88,320.77,69.82,45.6,248.4,Non-fasting
SYN-DM-01517,6.62,181.3,154.1,1.51,95.01,165.71,79.06,57.3,379.11,Non-fasting
SYN-DM-01518,6.29,108.04,254.25,1.74,75.45,354.03,96.81,33.9,254.23,Non-fasting
SYN-DM-01519,6.13,183.69,257.48,1.9,62.01,13.32,164.8,43.0,280.88,Non-fasting
SYN-DM-01520,10.2,233.87,251.48,2.06,99.02,381.84,125.32,47.0,147.49,Unknown
SYN-DM-01521,7.03,122.88,163.38,2.19,60.19,173.38,144.92,23.7,330.51,Fasting
SYN-DM-01522,7.55,123.89,176.35,1.51,88.07,299.69,145.46,36.2,135.73,Non-fasting
SYN-DM-01523,6.85,126.7,277.48,1.64,43.02,77.98,94.93,32.5,173.42,Fasting
SYN-DM-01524,8.4,164.51,160.74,2.16,99.84,128.62,162.58,52.5,198.56,Non-fasting
SYN-DM-01525,10.02,130.75,297.52,2.21,64.14,307.02,143.8,26.7,227.1,Fasting
SYN-DM-01526,8.15,234.06,119.48,1.52,91.64,365.11,123.11,43.5,305.33,Non-fasting
SYN-DM-01527,9.93,200.23,292.74,0.96,34.65,56.64,68.02,45.7,149.89,Unknown
SYN-DM-01528,9.05,161.25,290.4,0.96,95.86,347.46,103.48,27.4,185.11,Fasting
SYN-DM-01529,6.95,140.87,167.08,2.11,31.97,369.81,82.92,45.9,140.97,Non-fasting
SYN-DM-01530,7.48,199.98,139.98,2.16,79.47,75.06,76.29,60.2,183.02,Unknown
SYN-DM-01531,7.88,228.8,193.89,1.01,85.01,373.59,103.74,53.2,166.86,Unknown
SYN-DM-01532,5.83,206.86,148.72,1.03,96.46,75.62,84.7,48.2,399.2,Non-fasting
SYN-DM-01533,9.48,132.21,226.36,1.79,37.24,15.47,114.44,20,235.66,Fasting
SYN-DM-01534,7.87,124.54,133.28,1.04,60.11,394.23,70.11,60.8,113.18,Non-fasting
SYN-DM-01535,9.08,154.24,117.09,0.91,28.18,160.23,80.44,25.9,183.55,Unknown
SYN-DM-01536,6.4,108.27,302.39,1.95,50.02,77.21,169.89,71.7,260.14,Unknown
SYN-DM-01537,8.21,119.67,177.51,1.88,83.74,180.2,118.27,31.9,384.07,Non-fasting
SYN-DM-01538,7.13,135.59,239.45,1.48,55.26,56.36,114.03,39.6,300.35,Non-fasting
SYN-DM-01539,6.38,203.53,295.07,1.68,85.34,67.8,92.57,54.9,168.22,Fasting
SYN-DM-01540,6.15,208.48,238.07,1.19,41.47,210.75,139.66,61.4,99.25,Non-fasting
SYN-DM-01541,8.7,111.07,173.14,2.05,72.64,367.81,97.41,31.9,193.93,Non-fasting
SYN-DM-01542,7.95,89.09,166.21,1.0,50.28,308.14,112.63,48.3,155.05,Fasting
SYN-DM-01543,7.82,226.9,172.52,1.96,48.03,231.81,133.75,37.8,400.76,Fasting
SYN-DM-01544,10.07,212.72,242.64,1.96,69.08,79.0,169.47,51.0,176.96,Unknown
SYN-DM-01545,6.96,170.6,185.96,1.78,45.54,337.38,151.81,27.0,401.41,Fasting
SYN-DM-01546,9.12,138.3,218.49,1.06,48.19,244.31,106.38,69.1,166.35,Fasting
SYN-DM-01547,7.19,121.52,159.67,1.19,70.43,347.7,107.61,65.0,263.15,Non-fasting
SYN-DM-01548,9.67,206.29,235.84,1.9,58.49,356.28,154.57,46.0,192.14,Fasting
SYN-DM-01549,9.82,197.08,289.58,1.0,96.57,400.56,111.97,22.8,331.56,Fasting
SYN-DM-01550,9.22,171.78,280.9,1.27,55.9,51.2,110.24,27.8,305.7,Fasting
SYN-DM-01551,8.24,238.15,166.75,1.67,31.45,407.66,95.99,42.3,98.9,Non-fasting
SYN-DM-01552,7.62,100.09,262.94,2.05,85.88,191.46,123.85,58.5,349.32,Fasting
SYN-DM-01553,8.78,101.36,222.62,1.49,91.18,324.25,122.95,35.9,112.48,Non-fasting
SYN-DM-01554,6.53,232.42,287.44,2.24,29.5,100.73,101.32,64.0,238.94,Unknown
SYN-DM-01555,9.08,186.34,277.9,0.87,82.39,93.78,101.71,45.2,98.79,Fasting
SYN-DM-01556,9.99,171.68,183.87,2.12,39.09,390.84,104.02,42.5,150.1,Unknown
SYN-DM-01557,8.49,157.44,279.23,2.26,76.85,170.2,130.31,31.3,228.95,Fasting
SYN-DM-01558,7.86,161.7,102.33,1.53,62.89,117.08,106.08,51.6,135.6,Fasting
SYN-DM-01559,6.02,232.61,129.87,1.45,74.23,261.61,63.67,51.7,316.28,Unknown
SYN-DM-01560,6.48,183.92,189.61,0.75,80.61,92.67,172.64,31.3,272.46,Unknown
SYN-DM-01561,6.89,140.81,170.33,1.89,47.5,140.46,119.79,33.7,155.0,Non-fasting
SYN-DM-01562,9.8,226.35,240.91,1.83,95.58,249.72,89.23,47.4,209.1,Non-fasting
SYN-DM-01563,8.19,160.68,127.27,2.11,89.8,39.69,131.44,39.8,390.45,Unknown
SYN-DM-01564,10.04,214.12,121.17,2.16,83.9,233.59,103.8,52.1,287.83,Unknown
SYN-DM-01565,8.43,127.57,215.36,0.95,93.1,205.15,160.18,50.9,331.3,Unknown
SYN-DM-01566,9.48,224.7,207.14,1.35,40.76,236.4,140.76,48.4,162.61,Unknown
SYN-DM-01567,7.22,126.11,108.41,1.39,81.24,301.61,128.7,44.5,219.28,Non-fasting
SYN-DM-01568,9.2,190.43,131.53,0.86,82.2,187.94,89.41,69.4,165.43,Unknown
SYN-DM-01569,6.96,166.92,237.46,2.14,36.07,67.83,65.6,54.6,249.52,Non-fasting
SYN-DM-01570,9.08,129.87,123.33,1.45,85.96,9.92,113.63,58.6,251.21,Non-fasting
SYN-DM-01571,7.98,150.08,289.99,0.81,73.19,23.36,76.99,31.7,348.36,Fasting
SYN-DM-01572,7.77,144.66,138.83,2.12,28.79,184.71,97.55,64.5,119.26,Unknown
SYN-DM-01573,8.0,198.81,176.31,1.99,45.63,23.55,85.37,20,310.08,Non-fasting
SYN-DM-01574,9.67,172.13,172.38,0.88,35.86,407.81,106.32,43.1,147.21,Non-fasting
SYN-DM-01575,7.68,170.56,188.16,0.79,73.6,175.6,134.38,42.1,406.07,Unknown
SYN-DM-01576,7.36,206.63,283.9,1.02,54.8,244.72,138.68,38.3,392.52,Non-fasting
SYN-DM-01577,8.04,128.75,192.35,1.87,49.73,76.61,153.39,53.4,124.39,Unknown
SYN-DM-01578,7.41,183.43,107.48,0.85,51.51,257.25,84.07,43.0,339.5,Unknown
SYN-DM-01579,8.14,217.62,157.34,1.03,89.36,184.54,90.78,27.5,109.49,Fasting
SYN-DM-01580,9.02,136.8,190.4,1.67,65.16,234.34,70.43,69.7,185.58,Fasting
SYN-DM-01581,7.49,190.26,172.17,2.05,58.62,87.95,153.02,42.0,321.62,Fasting
SYN-DM-01582,7.26,118.7,207.06,2.2,39.15,357.98,81.52,90,377.94,Fasting
SYN-DM-01583,6.36,121.0,189.7,2.25,41.22,74.02,161.8,59.4,183.31,Non-fasting
SYN-DM-01584,7.66,234.36,214.03,2.15,89.14,45.34,80.11,58.2,273.46,Unknown
SYN-DM-01585,9.05,198.91,273.98,0.72,61.32,259.02,108.18,39.8,221.43,Fasting
SYN-DM-01586,9.38,115.59,185.39,1.49,83.64,403.73,118.81,34.5,223.09,Fasting
SYN-DM-01587,7.35,227.37,210.23,1.44,30.14,354.04,104.73,40.5,215.52,Fasting
SYN-DM-01588,6.67,235.94,137.21,1.05,95.42,49.3,85.62,41.8,88.55,Fasting
SYN-DM-01589,9.06,166.14,262.77,2.17,68.94,336.72,113.41,41.5,307.57,Fasting
SYN-DM-01590,9.7,208.24,245.41,1.15,46.98,267.3,167.81,23.5,397.88,Non-fasting
SYN-DM-01591,8.61,114.71,246.45,1.55,75.71,144.62,113.21,26.8,299.67,Non-fasting
SYN-DM-01592,7.45,116.72,174.25,1.31,31.56,325.06,162.44,62.1,242.02,Unknown
SYN-DM-01593,8.92,186.45,186.74,1.22,80.65,145.32,148.95,32.1,389.12,Unknown
SYN-DM-01594,10.16,164.96,291.41,1.18,29.29,216.43,81.04,29.1,404.0,Fasting
SYN-DM-01595,9.84,123.64,148.09,1.97,35.39,121.94,73.11,41.8,257.2,Unknown
SYN-DM-01596,6.32,154.69,222.22,1.46,89.87,266.49,65.99,51.3,93.67,Non-fasting
SYN-DM-01597,8.88,117.86,283.34,2.08,90.76,66.47,93.56,58.8,294.38,Unknown
SYN-DM-01598,9.04,219.17,136.47,1.82,88.55,313.79,127.83,46.1,371.36,Non-fasting
SYN-DM-01599,9.71,156.56,267.65,2.11,82.1,255.84,145.99,65.9,328.08,Non-fasting
SYN-DM-01600,6.38,219.62,105.86,1.17,31.03,134.36,122.42,43.5,386.51,Unknown
SYN-DM-01601,6.74,172.51,113.18,2.18,31.32,222.1,85.28,36.8,331.87,Non-fasting
SYN-DM-01602,9.95,96.21,238.38,0.8,77.35,129.02,120.48,47.8,161.76,Unknown
SYN-DM-01603,7.03,141.76,269.49,0.98,61.83,127.68,113.44,38.4,175.86,Fasting
SYN-DM-01604,7.53,109.82,237.48,1.82,79.6,337.68,99.62,46.5,129.54,Unknown
SYN-DM-01605,9.32,242.65,306.8,1.45,72.36,264.34,165.94,35.8,307.78,Non-fasting
SYN-DM-01606,8.11,113.45,117.65,1.8,47.0,340.61,136.07,51.7,368.92,Fasting
SYN-DM-01607,6.02,106.42,271.41,1.82,64.43,165.96,101.14,20,216.48,Non-fasting
SYN-DM-01608,9.24,107.14,308.4,1.71,65.11,81.84,100.77,55.7,223.38,Non-fasting
SYN-DM-01609,10.13,226.12,124.59,0.88,72.07,346.6,148.86,49.0,231.11,Non-fasting
SYN-DM-01610,5.8,186.24,177.78,1.81,74.57,163.73,166.02,41.6,369.88,Fasting
SYN-DM-01611,8.57,220.03,303.36,2.26,101.76,61.05,105.26,47.2,194.27,Non-fasting
SYN-DM-01612,10.16,228.23,132.91,2.01,34.53,366.39,112.16,65.6,149.59,Non-fasting
SYN-DM-01613,5.84,168.63,113.05,0.85,80.25,224.23,129.09,59.6,275.59,Non-fasting
SYN-DM-01614,7.33,160.24,108.9,2.1,79.38,237.89,151.23,72.9,157.89,Unknown
SYN-DM-01615,7.84,235.48,117.1,1.02,62.43,353.36,74.99,42.0,233.5,Fasting
SYN-DM-01616,7.74,103.85,232.13,1.61,45.74,195.62,90.77,63.2,151.01,Non-fasting
SYN-DM-01617,9.44,189.91,183.09,1.01,90.52,198.5,112.55,54.1,347.02,Fasting
SYN-DM-01618,6.07,231.48,215.72,1.83,58.02,198.12,110.68,59.2,118.75,Unknown
SYN-DM-01619,5.94,157.83,137.15,1.63,52.27,95.82,64.72,36.6,346.28,Fasting
SYN-DM-01620,5.95,172.72,198.66,1.86,33.17,127.01,139.91,69.6,367.55,Unknown
SYN-DM-01621,8.45,190.37,195.39,2.01,75.62,129.79,166.45,65.3,281.03,Fasting
SYN-DM-01622,8.93,175.08,129.83,1.0,84.29,42.83,62.2,70.3,196.73,Fasting
SYN-DM-01623,6.4,171.92,140.21,0.78,92.78,79.33,173.27,49.2,300.44,Non-fasting
SYN-DM-01624,9.75,187.44,171.52,0.93,80.88,56.29,106.12,45.7,357.33,Non-fasting
SYN-DM-01625,9.71,190.91,277.99,0.7,74.1,91.62,165.79,27.8,203.25,Fasting
SYN-DM-01626,7.4,232.65,174.01,0.85,28.74,31.67,111.25,43.2,152.8,Unknown
SYN-DM-01627,8.45,160.17,150.18,2.24,44.05,42.82,132.58,29.2,223.43,Fasting
SYN-DM-01628,9.46,165.45,259.23,2.08,98.89,137.6,104.02,55.7,196.65,Fasting
SYN-DM-01629,7.99,119.47,215.84,2.18,88.51,243.5,100.62,51.2,120.12,Non-fasting
SYN-DM-01630,9.5,223.77,137.54,0.73,41.69,159.36,125.47,54.6,406.51,Non-fasting
SYN-DM-01631,6.0,102.6,168.7,2.22,31.99,295.53,148.12,49.1,125.29,Fasting
SYN-DM-01632,6.77,240.56,117.96,2.24,55.67,103.15,110.36,71.0,282.21,Non-fasting
SYN-DM-01633,8.29,141.62,158.55,1.36,77.66,215.91,92.55,39.5,166.95,Unknown
SYN-DM-01634,8.41,205.94,227.16,2.24,79.23,364.02,143.43,22.1,244.63,Fasting
SYN-DM-01635,7.9,181.62,304.7,1.26,56.99,348.76,98.68,46.2,139.93,Fasting
SYN-DM-01636,8.62,197.21,260.75,1.8,97.48,175.38,138.72,40.9,403.79,Non-fasting
SYN-DM-01637,7.92,99.84,308.59,1.8,70.19,19.65,73.01,48.3,349.63,Unknown
SYN-DM-01638,9.85,190.04,260.04,1.73,44.75,52.46,157.4,55.0,305.91,Unknown
SYN-DM-01639,7.44,150.03,103.77,0.76,44.17,105.2,101.83,51.2,186.16,Non-fasting
SYN-DM-01640,9.18,144.67,174.51,2.04,64.24,146.48,78.88,39.1,214.23,Fasting
SYN-DM-01641,7.7,155.84,273.48,1.46,89.96,387.47,167.26,57.1,305.13,Non-fasting
SYN-DM-01642,6.16,195.84,298.08,1.76,31.8,117.1,80.23,37.3,286.24,Non-fasting
SYN-DM-01643,8.58,93.62,116.65,0.75,42.03,29.23,99.85,35.5,377.18,Fasting
SYN-DM-01644,5.84,223.12,165.62,2.21,78.65,76.45,71.93,37.1,404.08,Unknown
SYN-DM-01645,9.49,177.67,273.33,1.0,82.55,419.39,94.91,55.4,283.09,Unknown
SYN-DM-01646,9.37,224.06,290.83,1.94,77.57,317.62,79.01,38.0,352.45,Fasting
SYN-DM-01647,6.72,185.59,110.75,1.03,100.5,369.47,114.11,48.9,274.95,Unknown
SYN-DM-01648,8.56,119.5,154.68,0.95,89.93,162.73,85.82,43.8,297.63,Non-fasting
SYN-DM-01649,8.32,166.76,229.74,1.79,44.35,132.42,131.23,36.8,209.74,Fasting
SYN-DM-01650,9.9,177.76,255.17,1.96,45.96,306.3,147.2,42.2,244.89,Fasting
SYN-DM-01651,6.27,93.01,277.67,1.43,94.28,102.35,114.49,36.2,114.12,Fasting
SYN-DM-01652,6.51,126.66,209.04,1.88,66.22,57.33,101.02,45.9,228.63,Unknown
SYN-DM-01653,8.09,182.15,217.18,0.9,92.4,16.31,64.6,39.9,345.83,Unknown
SYN-DM-01654,7.1,180.85,275.86,1.85,41.89,193.72,131.8,37.8,295.79,Fasting
SYN-DM-01655,7.67,110.81,105.48,2.25,29.36,375.31,131.03,51.4,260.28,Fasting
SYN-DM-01656,6.13,157.81,134.27,1.37,96.83,344.34,90.38,20.4,139.11,Unknown
SYN-DM-01657,6.51,173.44,196.19,1.44,37.45,310.92,90.56,68.1,284.77,Non-fasting
SYN-DM-01658,8.46,111.89,157.29,1.76,37.29,271.06,120.26,36.4,359.78,Fasting
SYN-DM-01659,10.04,218.43,113.34,1.69,75.29,402.3,125.29,35.1,116.11,Fasting
SYN-DM-01660,9.05,199.44,161.45,2.16,93.3,356.5,104.3,46.8,339.06,Unknown
SYN-DM-01661,7.51,156.95,136.69,0.96,57.17,75.17,162.96,83.4,151.0,Unknown
SYN-DM-01662,10.14,236.08,114.56,1.75,87.95,103.2,166.82,36.3,256.61,Non-fasting
SYN-DM-01663,7.95,172.92,143.05,1.91,63.53,294.7,97.92,31.6,171.6,Non-fasting
SYN-DM-01664,10.04,196.07,223.32,1.03,97.58,45.86,88.31,56.5,321.5,Non-fasting
SYN-DM-01665,9.04,107.15,126.29,0.94,58.33,366.77,122.91,60.2,95.8,Non-fasting
SYN-DM-01666,8.68,156.51,204.81,2.04,95.64,415.54,118.1,62.6,278.26,Non-fasting
SYN-DM-01667,7.64,241.98,264.71,1.48,74.93,279.46,148.23,51.0,120.57,Unknown
SYN-DM-01668,7.48,138.4,107.89,1.91,68.65,190.84,142.67,25.8,241.47,Unknown
SYN-DM-01669,8.5,138.94,250.93,1.87,78.59,356.05,164.75,29.8,395.77,Unknown
SYN-DM-01670,7.77,169.06,152.24,1.55,86.98,49.62,156.24,53.8,141.34,Unknown
SYN-DM-01671,7.07,243.71,244.45,1.28,72.81,266.44,145.93,44.8,363.91,Fasting
SYN-DM-01672,7.87,145.76,175.15,1.63,35.09,30.92,153.08,24.9,282.44,Fasting
SYN-DM-01673,10.13,153.37,220.18,0.98,79.91,289.04,158.62,53.3,381.73,Unknown
SYN-DM-01674,10.14,230.08,223.82,1.05,30.85,401.42,99.92,45.5,289.74,Non-fasting
SYN-DM-01675,9.97,101.83,303.51,1.4,83.5,307.22,151.29,35.6,313.89,Fasting
SYN-DM-01676,7.18,223.81,212.04,1.28,81.84,51.84,165.11,63.7,232.07,Non-fasting
SYN-DM-01677,10.11,183.75,277.75,0.79,54.78,184.06,122.84,48.4,166.91,Unknown
SYN-DM-01678,6.91,102.98,137.38,2.29,74.8,29.62,122.3,48.0,98.01,Non-fasting
SYN-DM-01679,9.26,121.77,240.05,0.71,99.17,387.86,134.07,53.8,401.04,Non-fasting
SYN-DM-01680,7.71,134.4,253.52,2.01,77.08,84.68,132.93,22.1,362.91,Unknown
SYN-DM-01681,6.69,237.43,228.05,1.4,54.78,357.21,149.47,74.2,211.94,Non-fasting
SYN-DM-01682,8.75,191.65,285.08,2.01,74.24,205.96,125.52,31.2,303.96,Non-fasting
SYN-DM-01683,5.95,93.13,154.22,1.34,48.85,11.73,112.01,43.4,317.31,Unknown
SYN-DM-01684,6.32,238.16,118.56,1.2,41.01,237.4,97.11,23.1,252.67,Fasting
SYN-DM-01685,8.31,167.14,280.2,1.92,76.6,134.53,92.55,43.9,328.6,Unknown
SYN-DM-01686,10.07,132.54,186.61,0.75,84.29,312.38,135.78,56.2,289.38,Non-fasting
SYN-DM-01687,6.88,160.07,290.32,1.33,42.56,197.08,165.04,55.5,138.28,Unknown
SYN-DM-01688,5.85,237.68,148.96,2.22,87.26,224.59,130.08,67.1,244.78,Non-fasting
SYN-DM-01689,7.73,195.6,195.7,0.73,85.21,264.23,133.89,60.8,406.82,Non-fasting
SYN-DM-01690,7.25,231.87,296.11,0.8,88.75,65.79,134.75,36.6,213.58,Non-fasting
SYN-DM-01691,6.81,191.8,263.56,0.74,37.29,119.81,118.83,52.2,104.06,Non-fasting
SYN-DM-01692,7.37,104.21,205.1,1.91,74.41,275.19,90.54,39.8,159.38,Non-fasting
SYN-DM-01693,6.65,235.1,140.3,1.43,70.78,265.21,71.2,43.1,106.89,Fasting
SYN-DM-01694,8.69,147.55,195.62,1.82,67.31,277.51,139.05,62.8,399.89,Unknown
SYN-DM-01695,7.66,237.14,246.21,0.92,95.22,13.83,150.56,64.0,264.3,Fasting
SYN-DM-01696,5.96,125.69,111.05,1.49,78.27,127.16,131.52,26.3,321.17,Non-fasting
SYN-DM-01697,9.73,224.19,248.49,0.79,68.32,88.41,101.94,62.8,325.69,Non-fasting
SYN-DM-01698,7.02,157.6,179.7,1.72,65.49,393.19,162.32,45.4,309.39,Unknown
SYN-DM-01699,10.09,182.46,125.43,1.1,65.8,384.74,63.74,60.8,168.58,Fasting
SYN-DM-01700,8.82,148.14,233.91,2.18,62.15,176.15,123.11,45.5,200.04,Unknown
SYN-DM-01701,8.89,150.81,200.79,1.82,32.38,397.13,128.01,42.3,231.55,Fasting
SYN-DM-01702,6.28,179.54,299.6,1.88,48.7,373.6,148.65,40.4,174.11,Non-fasting
SYN-DM-01703,9.22,114.72,196.33,0.97,28.01,334.2,159.15,21.0,404.82,Fasting
SYN-DM-01704,7.78,194.85,185.3,1.79,35.51,390.92,71.26,22.9,333.09,Fasting
SYN-DM-01705,6.98,199.23,151.17,0.94,61.46,386.06,116.97,60.1,205.69,Fasting
SYN-DM-01706,10.1,96.95,123.48,1.98,34.87,288.92,169.35,63.9,336.9,Non-fasting
SYN-DM-01707,8.72,115.94,230.74,1.2,44.64,22.02,117.69,70.8,225.81,Fasting
SYN-DM-01708,9.07,132.15,167.76,1.04,36.59,413.58,120.34,39.8,378.31,Unknown
SYN-DM-01709,10.0,198.59,256.44,1.6,97.73,253.03,123.19,48.0,271.68,Fasting
SYN-DM-01710,8.62,244.24,155.67,1.1,101.54,302.46,148.44,39.6,251.52,Unknown
SYN-DM-01711,6.72,190.61,132.17,0.83,95.09,98.55,164.85,44.7,340.37,Non-fasting
SYN-DM-01712,9.08,134.13,119.18,0.72,50.13,331.71,98.95,89.4,92.43,Non-fasting
SYN-DM-01713,7.93,148.41,251.94,1.69,100.38,175.67,103.64,59.6,217.78,Fasting
SYN-DM-01714,7.42,155.98,112.44,1.98,85.12,245.45,122.68,49.3,402.11,Non-fasting
SYN-DM-01715,6.8,168.68,124.6,0.74,100.52,11.63,134.25,45.6,319.96,Non-fasting
SYN-DM-01716,10.07,151.35,195.7,1.12,61.45,283.94,75.73,43.2,151.0,Non-fasting
SYN-DM-01717,10.12,118.64,217.67,0.86,71.75,143.79,125.25,50.5,308.51,Non-fasting
SYN-DM-01718,9.0,217.25,265.36,1.83,59.54,62.79,153.23,63.9,160.98,Unknown
SYN-DM-01719,6.49,142.43,128.34,1.79,88.37,393.47,161.3,40.8,194.91,Unknown
SYN-DM-01720,7.79,223.93,269.63,0.71,83.17,314.84,135.79,40.3,382.97,Unknown
SYN-DM-01721,7.94,170.27,244.64,0.81,61.14,346.76,78.24,43.9,336.62,Fasting
SYN-DM-01722,7.42,145.12,148.4,1.27,77.55,42.18,144.41,69.3,354.13,Non-fasting
SYN-DM-01723,8.64,163.01,153.44,1.34,85.59,350.5,158.88,37.4,303.91,Fasting
SYN-DM-01724,6.59,148.93,125.69,1.45,97.01,241.49,103.6,35.2,293.55,Non-fasting
SYN-DM-01725,10.17,106.27,103.93,0.97,80.87,324.24,165.91,50.9,332.07,Non-fasting
SYN-DM-01726,8.14,166.47,233.77,2.0,85.91,210.21,74.01,40.9,382.22,Unknown
SYN-DM-01727,8.17,102.31,306.22,1.93,35.55,370.02,66.11,42.2,404.52,Unknown
SYN-DM-01728,6.98,225.89,259.29,1.32,77.71,122.73,169.23,53.1,380.21,Unknown
SYN-DM-01729,9.3,112.14,232.92,1.55,94.03,280.88,89.97,44.5,262.72,Non-fasting
SYN-DM-01730,6.03,114.71,216.33,1.75,68.21,118.38,133.94,38.3,365.14,Fasting
SYN-DM-01731,8.37,176.52,204.3,1.04,99.82,371.63,91.2,54.6,105.82,Unknown
SYN-DM-01732,7.12,132.76,270.32,1.42,59.79,210.7,91.2,49.5,303.11,Unknown
SYN-DM-01733,9.57,242.03,258.7,1.51,92.18,417.66,94.78,60.3,331.4,Unknown
SYN-DM-01734,8.01,97.25,146.46,1.34,81.08,411.34,63.62,60.2,235.49,Unknown
SYN-DM-01735,9.95,211.31,113.69,1.53,65.15,183.25,62.74,38.7,193.53,Fasting
SYN-DM-01736,8.14,230.75,134.76,1.18,88.13,106.11,134.15,55.2,308.64,Fasting
SYN-DM-01737,7.71,190.05,119.66,1.18,83.34,78.77,94.37,26.9,107.38,Unknown
SYN-DM-01738,9.79,129.31,134.61,1.44,55.85,265.58,118.6,59.3,153.03,Unknown
SYN-DM-01739,8.1,178.97,228.72,2.17,75.32,389.85,148.95,47.5,116.46,Fasting
SYN-DM-01740,9.93,178.58,104.46,1.78,38.26,122.87,163.7,38.8,327.0,Non-fasting
SYN-DM-01741,7.26,119.29,185.48,0.92,56.73,245.85,129.87,47.9,125.08,Unknown
SYN-DM-01742,5.97,98.23,172.93,0.79,79.71,77.16,106.43,52.3,387.61,Unknown
SYN-DM-01743,9.89,181.86,251.32,1.33,68.0,162.92,147.11,52.2,206.31,Unknown
SYN-DM-01744,8.8,173.29,279.64,1.31,98.49,394.51,87.13,35.7,368.25,Unknown
SYN-DM-01745,8.73,94.7,125.54,2.2,79.22,331.73,72.23,56.3,364.4,Non-fasting
SYN-DM-01746,6.75,141.79,108.39,2.24,33.6,83.59,110.4,67.5,171.27,Non-fasting
SYN-DM-01747,7.1,89.88,161.6,1.6,73.22,128.15,75.51,74.7,318.05,Non-fasting
SYN-DM-01748,8.94,209.71,276.79,1.66,86.02,338.68,116.52,52.9,173.49,Unknown
SYN-DM-01749,9.8,141.38,164.76,1.36,54.01,335.08,98.0,37.8,297.02,Fasting
SYN-DM-01750,9.29,237.46,177.83,1.63,37.17,181.64,67.33,65.3,220.34,Fasting
SYN-DM-01751,8.03,108.22,143.54,2.24,96.94,111.45,106.92,59.5,94.36,Non-fasting
SYN-DM-01752,10.15,233.98,150.26,1.84,45.8,160.24,135.2,40.4,174.83,Unknown
SYN-DM-01753,8.94,214.83,115.74,1.95,63.54,214.36,83.53,46.7,207.08,Non-fasting
SYN-DM-01754,7.78,133.99,181.28,0.77,57.25,157.41,131.52,26.5,234.07,Unknown
SYN-DM-01755,6.4,159.2,283.68,2.19,59.86,405.66,163.26,26.1,174.84,Unknown
SYN-DM-01756,9.23,200.96,164.29,0.81,71.95,82.1,124.59,47.0,340.1,Non-fasting
SYN-DM-01757,6.66,225.98,173.18,0.79,97.97,116.66,86.72,46.2,343.45,Unknown
SYN-DM-01758,9.59,155.25,113.59,2.23,42.95,30.55,107.86,62.8,301.85,Unknown
SYN-DM-01759,6.08,111.5,211.75,2.2,33.76,214.53,123.92,48.8,173.08,Unknown
SYN-DM-01760,7.27,115.14,305.37,2.24,98.39,334.83,87.96,49.3,215.3,Unknown
SYN-DM-01761,10.04,133.5,184.45,0.88,61.45,390.35,135.92,47.4,330.83,Non-fasting
SYN-DM-01762,9.83,134.98,182.61,1.92,75.98,112.73,70.25,55.1,404.99,Non-fasting
SYN-DM-01763,7.18,182.6,141.59,1.52,49.49,311.17,63.03,58.1,148.81,Unknown
SYN-DM-01764,9.0,112.49,121.31,1.63,87.37,139.36,106.86,37.5,99.68,Fasting
SYN-DM-01765,7.3,118.7,222.06,1.46,74.47,393.37,109.21,61.0,289.9,Non-fasting
SYN-DM-01766,6.25,232.56,121.46,2.09,78.85,296.38,113.59,65.8,273.27,Unknown
SYN-DM-01767,7.11,184.32,178.5,1.07,96.9,59.1,139.02,50.6,160.03,Fasting
SYN-DM-01768,8.67,234.71,267.99,1.39,39.32,57.02,85.62,55.5,297.36,Fasting
SYN-DM-01769,9.88,237.45,172.67,1.45,84.58,184.37,71.33,53.4,142.6,Unknown
SYN-DM-01770,8.56,117.51,236.47,1.47,41.47,49.29,65.52,61.4,175.76,Non-fasting
SYN-DM-01771,6.27,115.39,296.26,2.16,66.47,381.32,163.95,45.4,292.62,Unknown
SYN-DM-01772,8.04,186.45,233.47,1.61,30.51,179.97,135.47,33.6,195.94,Fasting
SYN-DM-01773,7.35,193.75,221.18,1.15,88.58,321.05,129.87,31.2,101.61,Unknown
SYN-DM-01774,7.13,95.95,165.12,2.18,67.42,293.05,88.1,68.1,344.16,Non-fasting
SYN-DM-01775,8.46,89.97,153.25,1.88,62.08,277.59,81.93,41.4,289.02,Non-fasting
SYN-DM-01776,9.75,134.28,284.91,1.32,57.53,323.73,145.2,48.2,143.54,Non-fasting
SYN-DM-01777,10.03,135.36,234.96,1.6,46.99,278.66,114.08,50.2,315.56,Fasting
SYN-DM-01778,6.17,111.94,232.41,1.13,71.57,279.38,148.21,27.4,280.07,Non-fasting
SYN-DM-01779,6.39,158.72,305.67,1.72,55.01,194.12,67.5,53.2,386.48,Unknown
SYN-DM-01780,6.4,211.47,170.77,0.95,83.31,95.91,141.24,38.8,345.28,Fasting
SYN-DM-01781,9.06,241.03,174.95,2.16,71.72,180.73,77.6,69.2,211.01,Non-fasting
SYN-DM-01782,7.75,120.95,123.15,1.93,80.02,17.88,72.72,42.7,101.18,Non-fasting
SYN-DM-01783,8.32,136.31,264.92,1.17,40.17,55.88,171.48,41.5,278.17,Unknown
SYN-DM-01784,6.17,110.77,166.6,0.71,101.4,354.98,67.0,69.3,107.18,Non-fasting
SYN-DM-01785,9.88,148.98,143.43,1.61,97.16,166.3,145.77,54.7,392.51,Non-fasting
SYN-DM-01786,7.33,127.65,204.83,1.07,38.57,92.96,83.86,39.4,132.68,Fasting
SYN-DM-01787,8.67,206.24,196.32,1.63,87.48,37.08,161.94,50.4,390.97,Non-fasting
SYN-DM-01788,7.04,105.78,102.09,2.09,69.69,356.21,72.22,31.5,231.23,Unknown
SYN-DM-01789,9.49,189.05,164.07,1.5,53.93,277.39,155.94,36.5,135.9,Fasting
SYN-DM-01790,6.24,191.95,168.48,1.15,33.9,268.76,168.92,44.7,216.63,Non-fasting
SYN-DM-01791,9.76,228.64,156.79,2.13,73.69,241.26,133.1,41.5,113.24,Non-fasting
SYN-DM-01792,8.02,226.15,171.86,0.93,70.86,258.9,70.62,42.3,283.11,Non-fasting
SYN-DM-01793,9.11,217.38,219.31,0.95,91.66,297.89,170.12,48.6,97.16,Non-fasting
SYN-DM-01794,9.7,124.89,178.14,2.26,85.03,287.75,130.48,44.8,138.84,Fasting
SYN-DM-01795,7.54,103.17,306.16,1.51,59.98,379.31,120.32,40.6,339.95,Fasting
SYN-DM-01796,8.5,92.71,156.39,1.55,57.1,292.96,123.14,65.1,288.28,Unknown
SYN-DM-01797,6.34,202.09,134.61,2.26,31.69,75.0,134.21,30.5,297.64,Non-fasting
SYN-DM-01798,8.42,164.54,180.87,1.46,81.6,403.25,64.84,47.8,300.21,Unknown
SYN-DM-01799,7.63,117.78,264.88,1.51,73.69,254.24,103.8,48.8,393.39,Non-fasting
SYN-DM-01800,9.87,197.29,213.35,0.73,58.07,191.17,118.33,57.0,110.47,Unknown
SYN-DM-01801,7.82,224.61,111.82,1.67,32.21,272.69,107.39,50.7,291.99,Fasting
SYN-DM-01802,6.16,200.07,294.45,1.21,87.52,45.61,138.59,52.9,140.81,Non-fasting
SYN-DM-01803,8.19,104.54,198.26,0.76,49.01,249.64,138.2,41.9,186.64,Non-fasting
SYN-DM-01804,5.99,109.45,277.68,1.32,85.06,411.23,170.93,58.9,287.66,Fasting
SYN-DM-01805,8.35,158.11,121.91,1.31,28.63,321.75,152.19,28.9,316.14,Non-fasting
SYN-DM-01806,6.1,144.48,263.66,2.1,98.91,395.09,138.45,30.9,88.22,Unknown
SYN-DM-01807,8.99,98.69,285.98,1.62,83.15,270.85,77.29,53.6,198.99,Non-fasting
SYN-DM-01808,7.8,196.24,293.06,2.24,87.66,292.06,149.36,20,172.09,Unknown
SYN-DM-01809,5.97,213.99,207.21,0.76,55.11,228.24,131.09,39.6,317.82,Fasting
SYN-DM-01810,7.63,130.78,306.29,2.24,101.32,106.58,147.53,61.6,322.02,Unknown
SYN-DM-01811,7.91,228.97,136.3,1.46,62.09,240.0,88.54,73.1,169.27,Unknown
SYN-DM-01812,7.72,178.36,309.16,0.76,40.4,231.64,73.02,65.0,291.94,Non-fasting
SYN-DM-01813,6.38,218.41,305.63,0.77,40.52,296.12,154.0,44.9,306.17,Unknown
SYN-DM-01814,6.67,112.24,185.89,1.66,86.78,82.02,91.53,48.3,209.66,Unknown
SYN-DM-01815,9.27,124.47,242.13,1.49,54.94,58.46,67.58,33.6,296.66,Unknown
SYN-DM-01816,9.31,143.67,106.74,1.22,60.94,386.43,103.72,61.1,220.36,Unknown
SYN-DM-01817,7.93,184.45,236.25,1.73,56.84,160.4,91.03,54.9,164.18,Fasting
SYN-DM-01818,6.97,233.61,273.23,1.41,88.73,64.41,145.41,57.0,251.43,Unknown
SYN-DM-01819,6.43,131.93,204.31,2.19,90.61,128.3,73.28,41.7,391.12,Non-fasting
SYN-DM-01820,8.71,111.94,281.68,1.27,88.18,293.57,106.6,53.1,179.79,Unknown
SYN-DM-01821,5.91,216.63,164.48,0.93,69.26,58.15,124.65,54.2,404.7,Non-fasting
SYN-DM-01822,9.15,200.42,139.59,1.26,76.04,315.25,79.14,65.7,343.29,Unknown
SYN-DM-01823,6.0,199.55,106.91,0.82,32.89,383.68,169.86,69.5,332.64,Non-fasting
SYN-DM-01824,9.32,220.46,259.97,1.05,97.69,416.06,146.89,54.6,181.21,Fasting
SYN-DM-01825,10.05,149.71,189.81,2.16,94.71,86.44,151.72,41.5,299.01,Unknown
SYN-DM-01826,9.45,226.43,302.88,1.74,97.25,108.24,68.67,45.0,370.89,Fasting
SYN-DM-01827,8.21,222.03,265.66,2.19,44.54,264.22,146.0,43.0,350.39,Unknown
SYN-DM-01828,9.16,109.34,159.17,0.76,62.04,159.87,117.74,65.6,356.18,Non-fasting
SYN-DM-01829,8.21,191.04,241.64,2.18,52.19,147.6,122.42,52.7,182.95,Unknown
SYN-DM-01830,6.07,189.72,209.52,2.29,45.25,94.54,161.7,22.0,176.95,Non-fasting
SYN-DM-01831,8.4,108.1,285.98,1.61,43.35,64.89,78.76,46.7,140.14,Unknown
SYN-DM-01832,9.86,124.23,246.87,1.51,101.69,346.26,146.79,55.1,341.19,Non-fasting
SYN-DM-01833,6.2,149.1,269.82,2.15,58.95,139.42,98.54,63.0,174.75,Non-fasting
SYN-DM-01834,9.96,168.02,166.04,1.27,40.26,339.41,92.56,38.9,342.91,Non-fasting
SYN-DM-01835,9.26,107.95,264.24,1.75,66.99,98.53,138.51,53.7,158.57,Unknown
SYN-DM-01836,10.11,177.77,268.93,1.39,81.27,114.3,152.19,76.0,291.38,Unknown
SYN-DM-01837,5.93,200.84,283.76,1.73,80.08,69.8,120.13,36.4,103.19,Non-fasting
SYN-DM-01838,8.59,206.11,171.36,2.01,74.43,218.12,95.0,41.7,372.27,Fasting
SYN-DM-01839,9.09,173.19,140.04,1.43,92.93,118.48,169.2,44.5,122.23,Fasting
SYN-DM-01840,8.43,230.95,179.84,0.75,33.47,321.62,156.24,47.1,268.35,Non-fasting
SYN-DM-01841,9.79,95.67,117.3,0.84,32.58,213.58,98.27,43.8,134.57,Unknown
SYN-DM-01842,6.06,239.02,198.62,0.99,28.51,157.1,134.97,63.8,192.61,Non-fasting
SYN-DM-01843,6.72,239.8,194.92,1.09,45.85,222.49,164.54,52.4,179.19,Fasting
SYN-DM-01844,6.94,159.09,204.38,0.89,48.3,111.54,132.17,44.7,395.43,Non-fasting
SYN-DM-01845,6.34,114.04,107.57,0.77,85.5,272.06,115.89,44.9,327.48,Unknown
SYN-DM-01846,6.3,241.67,161.43,0.89,34.6,383.27,104.58,73.4,370.61,Fasting
SYN-DM-01847,7.43,116.55,242.98,1.37,43.72,220.0,103.2,44.0,131.29,Non-fasting
SYN-DM-01848,6.03,105.59,137.66,2.09,49.54,71.79,99.54,32.3,253.61,Non-fasting
SYN-DM-01849,9.01,213.04,282.49,0.9,90.71,314.99,65.1,58.5,347.35,Unknown
SYN-DM-01850,9.32,111.24,257.95,1.73,70.14,293.93,144.84,44.9,409.02,Unknown
SYN-DM-01851,7.55,91.99,226.01,1.45,60.48,248.6,165.21,41.3,145.58,Unknown
SYN-DM-01852,6.24,182.16,190.41,1.06,64.87,357.45,132.33,43.8,200.64,Unknown
SYN-DM-01853,8.51,134.69,294.45,1.0,42.14,80.92,99.27,54.9,89.13,Non-fasting
SYN-DM-01854,5.97,159.07,175.22,1.56,84.57,291.16,81.77,52.5,259.02,Non-fasting
SYN-DM-01855,8.93,102.32,251.04,1.99,75.35,262.62,124.96,49.4,160.36,Fasting
SYN-DM-01856,7.95,122.29,183.49,1.41,90.04,233.44,158.81,51.3,233.4,Fasting
SYN-DM-01857,7.58,192.07,267.28,1.1,64.32,328.29,123.66,62.5,312.96,Unknown
SYN-DM-01858,9.37,133.22,275.33,2.21,39.48,391.08,140.79,46.9,351.21,Non-fasting
SYN-DM-01859,6.18,149.77,115.26,2.13,71.42,127.56,100.16,50.0,128.64,Fasting
SYN-DM-01860,7.77,173.88,102.99,1.41,63.73,245.04,65.94,29.7,248.15,Non-fasting
SYN-DM-01861,8.46,146.08,156.02,1.35,55.38,132.99,163.7,48.0,354.14,Fasting
SYN-DM-01862,9.55,210.06,170.35,1.88,33.29,235.27,90.14,71.4,304.18,Fasting
SYN-DM-01863,6.65,223.35,181.36,1.16,74.95,236.08,98.57,45.8,117.96,Unknown
SYN-DM-01864,8.91,203.4,145.96,0.95,74.13,182.5,66.48,62.5,224.23,Unknown
SYN-DM-01865,8.68,171.71,113.38,2.22,64.88,388.57,93.5,56.5,123.8,Non-fasting
SYN-DM-01866,7.01,227.64,118.73,2.13,92.13,261.67,104.7,30.1,158.92,Non-fasting
SYN-DM-01867,6.81,119.53,118.69,1.85,59.85,352.07,144.17,52.8,351.21,Non-fasting
SYN-DM-01868,5.85,199.68,279.4,1.26,57.41,140.14,135.53,29.5,310.03,Unknown
SYN-DM-01869,9.79,111.11,192.7,0.71,87.64,236.96,72.62,40.4,91.2,Unknown
SYN-DM-01870,8.57,238.37,151.5,1.41,89.1,211.53,98.69,46.8,140.44,Non-fasting
SYN-DM-01871,7.04,174.72,183.94,1.39,93.7,219.5,117.4,49.1,309.0,Fasting
SYN-DM-01872,5.81,161.81,109.59,2.14,70.83,21.78,102.06,64.6,302.79,Fasting
SYN-DM-01873,9.15,187.85,161.25,0.96,67.97,290.14,158.12,50.5,354.83,Unknown
SYN-DM-01874,8.01,118.62,193.07,2.03,73.05,280.13,126.77,58.4,106.95,Non-fasting
SYN-DM-01875,8.03,223.4,145.58,1.07,58.05,375.83,94.26,20,330.05,Fasting
SYN-DM-01876,7.85,125.67,196.47,2.03,36.06,34.12,95.14,46.2,321.29,Non-fasting
SYN-DM-01877,9.9,225.4,234.2,2.07,90.6,228.51,173.85,47.2,322.44,Unknown
SYN-DM-01878,5.95,149.63,212.56,0.71,74.67,243.34,130.28,30.5,266.33,Fasting
SYN-DM-01879,8.44,114.74,168.25,1.28,99.44,351.49,103.88,55.7,279.93,Fasting
SYN-DM-01880,6.37,175.28,160.98,1.58,55.97,356.05,137.97,42.4,314.29,Unknown
SYN-DM-01881,6.28,109.39,102.92,1.04,74.34,12.39,110.88,72.9,301.16,Fasting
SYN-DM-01882,6.51,138.85,143.87,0.73,28.21,311.39,117.61,68.3,170.67,Unknown
SYN-DM-01883,5.87,137.39,195.69,0.75,62.91,221.22,100.63,51.9,395.58,Non-fasting
SYN-DM-01884,9.08,176.12,102.53,2.2,60.38,39.74,137.38,34.6,166.58,Unknown
SYN-DM-01885,9.8,220.0,290.42,2.09,85.2,245.8,91.4,54.3,307.53,Fasting
SYN-DM-01886,6.02,150.46,262.18,1.53,89.15,174.62,76.33,63.2,399.22,Fasting
SYN-DM-01887,6.84,162.66,253.57,1.22,78.26,121.53,113.46,51.6,352.19,Unknown
SYN-DM-01888,8.91,159.89,199.07,0.83,54.17,412.86,73.5,44.2,128.41,Non-fasting
SYN-DM-01889,8.63,160.97,226.58,0.72,67.54,324.4,66.54,34.1,188.92,Non-fasting
SYN-DM-01890,6.14,208.92,291.77,2.29,29.84,62.37,118.05,55.9,328.06,Unknown
SYN-DM-01891,8.68,212.46,178.64,0.85,78.56,136.85,90.59,66.9,330.09,Non-fasting
SYN-DM-01892,5.94,243.52,114.62,1.25,99.02,297.84,107.89,24.9,388.73,Non-fasting
SYN-DM-01893,8.16,188.05,107.58,1.1,90.38,347.6,86.24,57.4,362.33,Non-fasting
SYN-DM-01894,8.81,128.24,205.77,1.46,70.55,326.61,161.28,30.2,243.92,Unknown
SYN-DM-01895,7.65,196.14,158.02,2.18,73.0,225.32,160.27,54.6,302.34,Non-fasting
SYN-DM-01896,8.57,235.51,177.15,1.62,76.68,288.24,70.13,24.8,327.96,Non-fasting
SYN-DM-01897,6.92,119.2,217.16,1.05,51.33,308.44,164.02,37.9,257.37,Fasting
SYN-DM-01898,7.95,172.36,276.81,0.79,37.76,220.63,139.04,69.3,209.28,Fasting
SYN-DM-01899,6.19,199.8,300.01,1.66,99.81,171.04,69.94,22.3,204.47,Unknown
SYN-DM-01900,6.52,168.98,189.56,1.86,82.44,250.99,167.83,31.8,346.82,Unknown
SYN-DM-01901,6.18,97.49,294.76,0.94,72.72,147.85,74.04,28.8,370.55,Non-fasting
SYN-DM-01902,8.39,92.63,302.64,2.25,95.77,53.85,115.16,41.9,102.09,Non-fasting
SYN-DM-01903,6.49,131.94,298.38,1.08,75.42,142.0,146.43,72.7,133.63,Non-fasting
SYN-DM-01904,8.86,141.46,102.96,0.71,81.21,278.71,151.33,38.3,331.54,Unknown
SYN-DM-01905,5.99,193.57,242.39,1.49,89.31,10.17,152.52,48.0,353.43,Fasting
SYN-DM-01906,9.06,214.3,179.41,1.35,71.96,310.33,113.62,73.7,396.25,Unknown
SYN-DM-01907,9.43,200.13,148.22,0.92,96.51,252.91,143.85,40.2,282.3,Fasting
SYN-DM-01908,7.77,155.89,161.02,1.39,41.66,277.72,87.9,46.2,187.91,Unknown
SYN-DM-01909,9.56,242.48,110.41,1.05,83.19,40.2,168.45,20.1,131.46,Fasting
SYN-DM-01910,9.37,225.64,177.29,1.35,57.84,233.39,139.96,43.1,174.68,Fasting
SYN-DM-01911,9.33,122.3,269.8,0.93,62.32,378.54,113.21,35.2,227.3,Non-fasting
SYN-DM-01912,9.65,228.55,116.75,2.29,69.34,74.34,69.91,35.0,246.59,Fasting
SYN-DM-01913,10.16,242.12,144.01,1.35,45.31,412.55,116.33,38.6,295.7,Unknown
SYN-DM-01914,8.8,93.59,115.61,1.08,69.01,145.2,147.33,74.0,341.5,Unknown
SYN-DM-01915,7.3,112.25,236.51,1.64,76.52,69.99,82.33,49.2,367.05,Non-fasting
SYN-DM-01916,8.42,145.86,129.0,1.99,29.13,157.57,145.79,20,289.91,Unknown
SYN-DM-01917,6.61,124.13,280.73,0.93,92.85,151.16,63.12,40.2,333.4,Unknown
SYN-DM-01918,8.16,204.01,266.0,1.81,77.19,137.12,163.76,54.6,299.51,Non-fasting
SYN-DM-01919,7.65,187.25,178.1,1.27,56.61,358.56,158.29,43.0,274.61,Non-fasting
SYN-DM-01920,9.08,177.88,221.05,2.24,71.26,202.26,79.78,42.3,378.96,Non-fasting
SYN-DM-01921,9.86,227.35,182.56,1.98,73.29,390.04,64.03,36.4,265.56,Non-fasting
SYN-DM-01922,10.06,242.76,281.5,1.27,65.2,54.48,168.16,56.8,375.52,Fasting
SYN-DM-01923,8.62,199.22,168.79,1.37,45.96,60.15,83.78,47.2,113.24,Unknown
SYN-DM-01924,8.69,170.58,281.26,1.2,64.69,242.78,92.88,30.6,226.52,Unknown
SYN-DM-01925,8.66,231.19,196.83,1.55,55.13,71.49,75.18,40.7,246.02,Fasting
SYN-DM-01926,8.09,143.06,251.22,1.71,33.73,386.6,77.54,48.0,388.28,Unknown
SYN-DM-01927,6.12,153.99,216.73,1.25,41.31,72.25,95.35,50.6,289.32,Fasting
SYN-DM-01928,8.09,201.39,129.97,1.71,91.64,256.56,135.6,59.6,332.91,Unknown
SYN-DM-01929,6.37,236.51,189.83,1.8,76.41,335.59,102.43,60.1,234.87,Non-fasting
SYN-DM-01930,8.87,156.62,166.23,0.86,34.68,258.89,76.11,53.4,112.11,Fasting
SYN-DM-01931,7.8,158.93,122.07,1.79,36.76,369.08,108.52,56.5,408.56,Unknown
SYN-DM-01932,6.37,139.38,109.29,0.95,54.55,128.39,74.0,57.0,232.63,Fasting
SYN-DM-01933,8.62,165.93,163.95,2.3,63.18,253.39,147.08,62.2,331.88,Unknown
SYN-DM-01934,9.64,221.93,175.75,1.11,61.55,361.0,137.19,56.2,245.07,Non-fasting
SYN-DM-01935,9.99,150.55,278.5,1.33,72.16,288.1,150.39,43.0,254.42,Non-fasting
SYN-DM-01936,8.01,138.92,175.53,2.09,67.57,133.57,122.66,66.7,275.76,Fasting
SYN-DM-01937,6.72,116.27,303.07,1.45,63.25,392.35,130.29,62.1,386.96,Fasting
SYN-DM-01938,7.45,191.91,198.21,1.28,29.56,388.24,112.51,59.2,233.22,Fasting
SYN-DM-01939,7.53,146.74,297.44,2.24,32.63,287.55,94.01,24.2,228.31,Fasting
SYN-DM-01940,9.06,95.58,295.07,1.81,41.28,302.87,170.46,54.7,99.6,Unknown
SYN-DM-01941,10.03,113.69,105.29,0.97,89.15,173.28,125.3,51.2,392.54,Fasting
SYN-DM-01942,7.55,229.16,303.48,0.83,79.13,334.37,120.25,46.8,281.23,Fasting
SYN-DM-01943,8.44,197.5,135.1,1.09,97.31,234.86,135.95,37.7,308.21,Fasting
SYN-DM-01944,6.74,179.37,146.62,0.78,44.85,411.99,171.68,55.5,347.35,Unknown
SYN-DM-01945,5.94,179.84,180.99,2.02,72.38,278.7,168.36,43.4,237.93,Fasting
SYN-DM-01946,6.67,202.29,119.07,1.55,28.8,122.04,125.37,59.3,123.09,Fasting
SYN-DM-01947,5.82,137.93,135.29,2.07,82.63,350.47,154.13,25.6,127.54,Fasting
SYN-DM-01948,7.4,239.16,193.19,0.78,80.63,138.92,106.57,46.5,151.13,Unknown
SYN-DM-01949,8.31,181.9,248.41,0.88,31.86,139.52,100.77,62.7,94.0,Fasting
SYN-DM-01950,8.63,198.95,134.33,2.12,33.61,413.37,171.14,41.3,316.57,Unknown
SYN-DM-01951,6.25,186.07,230.37,2.05,36.31,68.45,134.86,33.4,348.38,Non-fasting
SYN-DM-01952,8.09,233.96,293.43,2.17,87.11,198.82,104.79,68.0,253.56,Unknown
SYN-DM-01953,8.82,125.83,246.89,0.88,44.75,287.24,94.02,27.4,230.77,Fasting
SYN-DM-01954,9.21,239.71,227.66,1.77,69.45,86.58,112.25,63.1,244.8,Non-fasting
SYN-DM-01955,10.05,214.2,266.12,1.08,66.45,163.76,141.22,54.7,245.77,Fasting
SYN-DM-01956,8.98,195.89,252.45,1.32,90.6,190.09,145.49,51.7,224.58,Non-fasting
SYN-DM-01957,7.7,193.92,126.05,0.99,98.43,63.66,88.81,63.4,159.15,Fasting
SYN-DM-01958,10.06,211.67,190.03,0.71,58.29,172.14,77.44,22.1,208.99,Non-fasting
SYN-DM-01959,7.98,230.9,204.44,1.53,28.32,311.63,109.21,25.4,383.19,Unknown
SYN-DM-01960,8.36,224.9,290.55,1.69,40.78,229.05,157.8,69.7,186.43,Fasting
SYN-DM-01961,8.69,109.95,256.31,1.82,57.1,109.5,146.17,36.6,287.89,Non-fasting
SYN-DM-01962,6.66,231.14,264.28,1.41,30.55,94.83,100.42,59.9,227.94,Fasting
SYN-DM-01963,6.02,129.28,247.37,0.91,89.91,112.06,99.19,43.1,124.55,Non-fasting
SYN-DM-01964,8.76,161.61,123.83,1.12,41.64,294.09,113.5,46.6,176.35,Fasting
SYN-DM-01965,10.13,93.98,272.83,1.92,74.32,379.34,132.2,59.1,395.78,Unknown
SYN-DM-01966,7.24,243.99,210.86,2.19,42.05,224.01,92.61,34.3,234.24,Non-fasting
SYN-DM-01967,6.33,235.02,207.9,0.95,42.7,101.3,80.24,28.8,267.1,Fasting
SYN-DM-01968,7.16,125.78,241.47,1.58,28.49,47.06,65.01,41.1,335.67,Non-fasting
SYN-DM-01969,8.32,241.04,256.98,1.61,83.67,32.0,83.0,64.6,384.16,Non-fasting
SYN-DM-01970,10.18,134.57,231.25,1.35,29.81,297.37,150.2,37.4,296.34,Non-fasting
SYN-DM-01971,6.66,244.14,116.0,1.1,84.43,362.33,137.5,60.3,283.39,Unknown
SYN-DM-01972,7.59,242.91,283.69,2.15,49.24,280.68,162.71,52.2,145.2,Unknown
SYN-DM-01973,8.84,102.75,196.82,1.5,70.06,405.21,66.33,20.7,303.34,Fasting
SYN-DM-01974,9.75,236.18,269.76,1.27,33.35,156.98,116.19,64.0,145.53,Unknown
SYN-DM-01975,9.43,93.65,246.61,2.18,77.69,261.66,155.86,57.4,142.97,Unknown
SYN-DM-01976,9.51,210.65,308.79,2.25,72.51,66.03,158.35,71.1,318.51,Unknown
SYN-DM-01977,9.53,196.7,199.96,2.28,85.43,379.29,107.74,52.7,252.27,Unknown
SYN-DM-01978,7.85,101.14,253.52,1.84,83.86,60.58,165.7,34.5,351.66,Non-fasting
SYN-DM-01979,7.2,93.57,216.05,2.25,33.43,160.17,90.05,50.6,164.26,Fasting
SYN-DM-01980,7.34,144.72,292.02,0.81,77.15,298.43,148.98,60.9,245.36,Fasting
SYN-DM-01981,6.78,243.21,200.31,1.14,35.18,237.91,161.49,63.3,154.63,Fasting
SYN-DM-01982,6.78,89.0,298.66,1.67,35.12,223.88,130.99,59.0,401.27,Unknown
SYN-DM-01983,7.64,218.66,281.45,1.88,85.82,104.31,170.91,49.5,330.71,Non-fasting
SYN-DM-01984,8.0,220.09,301.54,0.78,58.31,196.72,66.32,37.2,285.21,Fasting
SYN-DM-01985,6.03,149.93,205.27,1.16,82.52,389.48,163.06,43.0,145.97,Fasting
SYN-DM-01986,9.68,152.76,191.08,1.63,50.39,114.69,92.39,20,320.11,Non-fasting
SYN-DM-01987,9.23,120.34,167.13,1.38,36.98,214.55,99.58,55.8,134.74,Non-fasting
SYN-DM-01988,6.02,157.32,176.82,1.24,39.35,73.95,128.12,50.6,91.98,Fasting
SYN-DM-01989,8.07,157.41,281.53,2.09,36.65,195.43,84.92,47.7,289.88,Non-fasting
SYN-DM-01990,5.99,176.9,286.19,1.17,52.1,227.34,151.06,31.7,333.4,Fasting
SYN-DM-01991,9.95,189.56,142.22,1.02,46.43,256.0,80.48,54.7,304.23,Fasting
SYN-DM-01992,6.02,190.7,179.25,0.79,50.18,13.54,81.95,51.8,149.83,Non-fasting
SYN-DM-01993,6.62,227.97,178.2,2.12,48.29,354.32,88.17,56.7,295.16,Unknown
SYN-DM-01994,9.7,128.2,249.57,1.22,66.46,27.95,92.22,34.0,317.72,Fasting
SYN-DM-01995,7.55,98.07,168.1,2.09,71.94,293.79,118.06,36.3,177.0,Fasting
SYN-DM-01996,10.12,220.79,121.75,1.55,41.64,153.42,169.62,44.8,132.08,Non-fasting
SYN-DM-01997,10.05,93.16,223.34,2.0,34.28,351.26,110.46,48.1,110.38,Fasting
SYN-DM-01998,5.89,201.55,207.68,1.1,37.81,60.63,107.6,51.1,401.15,Fasting
SYN-DM-01999,8.3,118.92,237.11,1.82,46.82,57.14,130.77,57.8,321.4,Unknown
SYN-DM-02000,7.23,170.16,160.42,2.02,89.23,153.42,90.42,61.6,135.49,Non-fasting
SYN-DM-02001,5.83,101.95,117.85,1.66,82.02,400.49,65.72,45.9,195.8,Non-fasting
SYN-DM-02002,5.86,140.57,140.75,2.07,86.04,94.19,91.7,58.8,95.05,Non-fasting
SYN-DM-02003,6.72,184.83,243.67,1.42,68.43,360.09,123.91,33.4,158.44,Unknown
SYN-DM-02004,10.14,128.94,201.93,1.21,40.87,317.26,166.95,54.7,288.74,Non-fasting
SYN-DM-02005,8.36,195.93,195.4,2.07,41.3,147.13,121.15,53.3,319.04,Fasting
SYN-DM-02006,9.22,209.45,159.98,1.54,29.35,295.72,87.88,39.8,393.26,Non-fasting
SYN-DM-02007,9.81,229.74,203.08,1.76,86.12,358.31,152.47,55.0,313.61,Unknown
SYN-DM-02008,6.63,92.89,241.53,1.82,68.6,212.21,135.55,49.2,358.96,Unknown
SYN-DM-02009,8.25,223.02,132.82,1.1,83.05,385.57,153.81,32.9,203.67,Unknown
SYN-DM-02010,8.45,193.57,135.29,1.16,51.44,370.65,164.89,44.6,285.32,Non-fasting
SYN-DM-02011,8.41,241.92,155.11,0.93,84.48,379.68,158.4,50.5,119.95,Unknown
SYN-DM-02012,9.01,176.26,189.57,2.11,28.34,98.8,67.43,54.8,396.75,Fasting
SYN-DM-02013,6.28,101.69,126.97,1.24,74.31,335.16,71.15,20,295.15,Unknown
SYN-DM-02014,6.0,110.01,243.54,2.02,80.64,47.6,142.47,42.5,227.83,Non-fasting
SYN-DM-02015,6.61,241.94,167.03,2.08,40.79,375.85,82.65,55.3,373.85,Unknown
SYN-DM-02016,9.05,244.72,293.78,2.08,98.41,179.76,92.27,44.2,228.1,Non-fasting
SYN-DM-02017,6.09,135.42,186.26,2.17,94.55,385.69,147.88,50.7,219.81,Unknown
SYN-DM-02018,8.51,117.42,272.24,1.14,97.0,358.64,73.41,44.6,158.01,Non-fasting
SYN-DM-02019,7.2,141.71,121.49,2.1,87.0,327.58,66.68,58.1,93.88,Fasting
SYN-DM-02020,6.41,165.61,309.5,1.32,38.09,298.14,132.21,44.7,252.5,Fasting
SYN-DM-02021,9.8,130.03,287.17,2.06,44.38,222.93,86.22,58.1,268.72,Unknown
SYN-DM-02022,8.03,152.09,170.02,1.8,36.38,216.01,67.35,61.4,278.95,Fasting
SYN-DM-02023,6.24,216.5,251.2,0.85,69.06,222.43,88.64,49.8,403.03,Non-fasting
SYN-DM-02024,7.03,124.4,161.22,1.46,69.38,239.97,100.63,32.8,333.06,Fasting
SYN-DM-02025,7.91,146.92,179.46,0.7,88.03,268.07,161.88,52.7,144.89,Unknown
SYN-DM-02026,8.19,122.14,262.45,0.98,51.21,237.66,95.87,47.1,355.09,Fasting
SYN-DM-02027,9.02,137.13,198.68,1.18,76.87,254.65,119.82,30.8,122.79,Non-fasting
SYN-DM-02028,8.35,244.33,218.81,1.38,62.9,335.6,149.43,43.5,110.76,Unknown
SYN-DM-02029,8.27,124.37,190.03,0.79,96.3,146.45,68.39,43.0,317.21,Non-fasting
SYN-DM-02030,9.64,132.85,153.04,1.65,46.4,84.59,155.87,63.9,357.29,Fasting
SYN-DM-02031,7.73,140.82,139.5,2.16,86.22,319.29,158.99,42.1,387.21,Unknown
SYN-DM-02032,9.15,231.02,172.73,1.19,86.81,146.9,155.15,57.2,236.75,Unknown
SYN-DM-02033,7.14,140.45,194.49,0.81,97.09,321.74,91.38,39.6,271.88,Non-fasting
SYN-DM-02034,8.69,177.36,216.23,1.47,75.63,114.21,70.04,46.1,134.1,Unknown
SYN-DM-02035,7.32,93.49,180.93,2.18,87.06,71.19,153.86,48.2,235.0,Non-fasting
SYN-DM-02036,8.45,138.72,202.49,0.7,91.9,238.04,135.78,48.4,133.31,Non-fasting
SYN-DM-02037,6.76,218.85,121.81,2.27,31.22,348.54,98.76,33.0,113.22,Non-fasting
SYN-DM-02038,7.91,156.15,167.21,1.02,64.91,176.99,129.23,20,124.11,Fasting
SYN-DM-02039,6.54,175.74,103.57,1.86,28.22,300.71,103.25,21.1,243.05,Fasting
SYN-DM-02040,7.05,209.59,184.64,1.55,91.49,139.65,102.01,28.3,155.52,Unknown
SYN-DM-02041,9.53,187.88,305.11,1.05,46.05,23.41,109.89,37.0,99.98,Non-fasting
SYN-DM-02042,6.82,236.12,149.89,1.16,100.55,332.06,169.0,44.0,242.14,Non-fasting
SYN-DM-02043,6.27,112.99,149.32,1.47,97.64,29.8,86.95,40.5,250.39,Fasting
SYN-DM-02044,9.59,169.58,292.18,2.29,87.17,297.13,107.8,31.3,373.01,Unknown
SYN-DM-02045,8.7,117.3,240.36,1.8,74.76,260.06,78.86,27.3,354.67,Fasting
SYN-DM-02046,9.47,218.44,280.69,1.04,48.72,367.4,170.97,47.6,368.84,Unknown
SYN-DM-02047,8.68,193.44,176.16,1.43,31.1,128.99,74.93,34.8,320.21,Non-fasting
SYN-DM-02048,9.98,98.9,156.75,1.05,31.6,220.6,107.43,47.9,163.92,Unknown
SYN-DM-02049,8.74,112.02,187.17,1.02,73.21,131.97,128.23,34.0,388.98,Fasting
SYN-DM-02050,5.92,216.26,121.63,1.54,72.27,380.88,130.61,36.7,285.41,Fasting
SYN-DM-02051,7.39,190.05,112.2,1.8,95.03,62.12,85.76,25.9,158.1,Fasting
SYN-DM-02052,6.03,168.92,269.49,1.55,83.59,368.3,154.02,37.3,385.56,Fasting
SYN-DM-02053,9.86,144.03,151.7,1.99,92.25,36.97,118.27,50.1,213.4,Unknown
SYN-DM-02054,7.75,176.44,199.08,1.42,74.37,40.0,160.51,31.0,113.99,Fasting
SYN-DM-02055,6.27,196.37,174.98,1.52,28.72,242.12,126.29,59.7,126.53,Fasting
SYN-DM-02056,6.65,93.66,140.89,1.91,65.48,159.98,127.89,44.7,145.61,Non-fasting
SYN-DM-02057,9.59,167.25,112.39,1.2,32.22,189.18,105.32,49.9,162.94,Non-fasting
SYN-DM-02058,9.65,92.12,224.61,2.24,73.32,183.06,172.25,38.8,112.43,Unknown
SYN-DM-02059,8.75,217.34,126.09,1.26,55.39,114.12,101.08,49.4,181.65,Non-fasting
SYN-DM-02060,6.4,128.32,122.33,1.81,79.33,373.2,151.63,67.8,320.24,Non-fasting
SYN-DM-02061,6.9,195.74,183.87,0.98,97.27,105.06,122.91,71.8,240.24,Unknown
SYN-DM-02062,7.81,152.12,188.82,1.59,76.28,55.95,126.15,32.3,233.4,Fasting
SYN-DM-02063,8.01,113.14,197.48,1.65,48.83,324.15,69.78,47.5,249.47,Fasting
SYN-DM-02064,9.09,223.06,248.3,1.37,66.2,148.56,133.92,45.7,136.65,Unknown
SYN-DM-02065,5.94,165.34,143.68,1.65,58.07,149.53,114.05,54.6,132.83,Non-fasting
SYN-DM-02066,9.36,177.62,287.73,1.72,75.37,293.46,152.94,38.4,345.96,Non-fasting
SYN-DM-02067,9.29,141.92,251.36,1.95,53.86,208.19,148.31,24.9,246.78,Unknown
SYN-DM-02068,8.14,124.93,146.42,2.01,33.68,395.01,140.3,49.7,108.95,Non-fasting
SYN-DM-02069,7.04,158.46,194.32,0.72,64.06,410.32,134.57,28.9,294.3,Fasting
SYN-DM-02070,7.48,155.67,279.18,2.23,53.62,309.49,128.05,41.5,116.27,Unknown
SYN-DM-02071,7.2,196.99,249.29,1.87,84.3,381.05,83.64,41.2,363.31,Non-fasting
SYN-DM-02072,8.3,99.78,153.42,1.24,44.3,298.38,125.72,31.1,162.18,Unknown
SYN-DM-02073,9.26,95.73,216.43,2.16,55.49,398.45,100.5,46.6,101.07,Non-fasting
SYN-DM-02074,6.73,182.58,129.33,0.79,54.74,256.93,73.29,25.4,376.11,Non-fasting
SYN-DM-02075,8.73,228.96,294.04,0.97,55.19,318.41,152.05,39.4,335.97,Fasting
SYN-DM-02076,5.93,212.45,131.03,2.03,100.04,348.85,111.51,44.9,102.0,Fasting
SYN-DM-02077,9.87,243.21,214.6,1.48,77.8,54.65,90.12,67.2,274.13,Non-fasting
SYN-DM-02078,6.33,214.02,289.98,0.97,45.43,75.14,64.52,36.7,117.49,Non-fasting
SYN-DM-02079,9.17,223.16,169.65,1.66,92.32,261.2,74.07,54.1,259.2,Unknown
SYN-DM-02080,9.96,194.61,223.1,0.99,54.01,338.49,90.47,45.4,161.93,Fasting
SYN-DM-02081,9.57,111.67,195.69,2.2,77.83,236.06,166.66,59.7,170.57,Unknown
SYN-DM-02082,7.31,225.86,134.96,2.19,99.27,15.41,140.74,50.1,92.6,Unknown
SYN-DM-02083,7.94,192.09,167.45,1.74,99.7,317.14,172.49,70.3,331.95,Unknown
SYN-DM-02084,7.89,179.6,273.92,0.92,83.42,309.97,108.55,36.1,143.39,Unknown
SYN-DM-02085,10.12,100.85,145.42,1.11,72.33,71.81,162.71,57.4,283.76,Fasting
SYN-DM-02086,7.33,184.15,199.58,1.21,74.43,295.23,62.43,67.0,164.62,Unknown
SYN-DM-02087,9.43,107.31,202.58,1.8,73.36,263.84,100.75,50.7,297.63,Fasting
SYN-DM-02088,9.01,160.95,170.12,1.82,59.97,43.53,150.24,53.8,281.65,Unknown
SYN-DM-02089,9.6,215.91,124.43,2.19,69.28,130.44,87.98,59.7,150.47,Unknown
SYN-DM-02090,8.59,213.57,190.17,0.98,56.37,15.04,74.19,46.1,234.49,Non-fasting
SYN-DM-02091,9.43,212.7,306.55,1.53,82.03,333.02,123.28,57.0,359.68,Fasting
SYN-DM-02092,9.9,188.56,207.79,1.01,101.74,109.34,142.42,68.3,262.48,Fasting
SYN-DM-02093,9.93,189.98,252.68,0.99,44.84,80.96,165.15,64.4,369.59,Non-fasting
SYN-DM-02094,8.84,194.86,244.96,2.07,99.94,268.55,128.16,71.3,228.88,Unknown
SYN-DM-02095,7.53,241.14,299.5,1.07,69.56,110.3,120.31,56.6,350.45,Fasting
SYN-DM-02096,7.98,135.09,166.84,0.82,86.09,201.27,148.14,58.3,202.37,Fasting
SYN-DM-02097,7.24,137.56,173.9,2.3,72.96,19.82,123.62,39.1,171.25,Unknown
SYN-DM-02098,8.75,184.24,245.86,2.3,62.51,320.12,85.81,47.5,408.44,Non-fasting
SYN-DM-02099,9.77,91.31,284.41,1.28,58.3,162.12,100.26,53.7,269.15,Non-fasting
SYN-DM-02100,8.21,159.08,252.61,2.3,81.27,146.68,104.67,74.6,322.06,Non-fasting
SYN-DM-02101,7.66,170.42,137.66,2.26,31.02,332.08,145.29,40.1,227.99,Fasting
SYN-DM-02102,6.08,100.21,297.69,1.77,80.12,338.6,147.97,54.6,162.09,Unknown
SYN-DM-02103,6.22,96.04,244.84,1.81,68.98,400.5,133.15,58.8,307.73,Non-fasting
SYN-DM-02104,9.81,115.1,172.22,2.15,72.92,326.17,157.83,35.3,341.58,Non-fasting
SYN-DM-02105,6.31,185.9,303.26,0.71,88.95,265.02,86.1,48.5,390.33,Unknown
SYN-DM-02106,5.88,178.88,184.34,0.78,36.26,279.11,143.1,41.5,88.3,Non-fasting
SYN-DM-02107,9.76,224.45,183.71,1.35,96.21,120.42,87.71,60.1,149.38,Fasting
SYN-DM-02108,6.42,238.59,305.77,0.98,90.78,313.37,76.75,57.0,213.23,Non-fasting
SYN-DM-02109,6.2,101.95,168.98,0.88,58.31,256.01,108.42,21.5,376.85,Fasting
SYN-DM-02110,9.69,221.78,297.75,0.71,61.37,83.7,67.32,56.2,183.45,Unknown
SYN-DM-02111,7.64,194.22,228.07,1.96,88.38,39.79,111.44,40.4,293.97,Non-fasting
SYN-DM-02112,7.37,142.32,115.92,1.32,47.65,163.71,122.21,53.3,384.43,Non-fasting
SYN-DM-02113,7.89,228.79,258.17,1.34,41.89,217.96,111.12,53.8,371.39,Non-fasting
SYN-DM-02114,9.06,146.06,152.64,1.36,77.07,205.44,100.13,62.2,233.63,Fasting
SYN-DM-02115,9.21,89.35,275.32,1.08,94.53,108.56,144.4,36.3,298.32,Non-fasting
SYN-DM-02116,8.72,130.67,283.32,1.91,84.11,116.39,144.75,46.6,361.08,Fasting
SYN-DM-02117,9.59,185.0,113.93,1.21,73.83,225.93,98.58,64.3,228.13,Unknown
SYN-DM-02118,7.67,149.28,288.42,1.91,53.55,417.11,115.86,50.4,228.81,Fasting
SYN-DM-02119,9.45,190.35,108.06,2.24,80.12,264.31,153.81,46.9,373.76,Non-fasting
SYN-DM-02120,7.97,207.87,114.45,2.15,86.92,154.95,121.84,61.7,219.07,Non-fasting
SYN-DM-02121,7.59,194.47,211.98,0.89,77.49,354.43,127.65,53.8,339.84,Unknown
SYN-DM-02122,7.46,188.38,198.24,1.55,94.77,190.83,130.63,25.2,157.19,Fasting
SYN-DM-02123,6.22,89.17,176.16,1.95,54.09,104.46,153.78,60.6,100.08,Unknown
SYN-DM-02124,6.81,136.35,216.64,1.25,50.74,236.31,133.64,23.5,154.72,Unknown
SYN-DM-02125,7.04,216.61,221.18,1.48,32.22,215.67,80.17,33.9,345.64,Unknown
SYN-DM-02126,6.58,137.0,180.44,1.09,73.57,90.95,173.27,61.9,380.3,Fasting
SYN-DM-02127,8.44,136.04,304.39,1.51,56.71,61.82,150.28,51.1,358.96,Unknown
SYN-DM-02128,9.83,192.72,186.96,2.14,94.24,290.18,158.37,28.0,198.21,Fasting
SYN-DM-02129,9.33,96.2,193.49,1.67,97.23,143.87,130.83,41.7,358.4,Fasting
SYN-DM-02130,8.99,125.96,297.58,2.3,86.24,125.01,153.96,41.8,180.32,Unknown
SYN-DM-02131,8.56,143.83,136.35,1.34,58.59,212.59,69.69,30.5,382.58,Non-fasting
SYN-DM-02132,9.74,143.82,171.66,0.95,88.66,223.98,165.08,48.4,330.43,Fasting
SYN-DM-02133,9.61,236.6,278.19,1.55,47.06,132.01,130.68,51.6,224.32,Non-fasting
SYN-DM-02134,9.49,100.19,234.74,1.2,99.79,314.6,102.89,58.7,305.86,Fasting
SYN-DM-02135,6.1,222.94,118.17,1.01,83.61,287.91,155.97,25.5,161.16,Fasting
SYN-DM-02136,6.77,165.63,117.41,1.14,84.72,123.46,115.54,34.0,250.46,Non-fasting
SYN-DM-02137,5.92,128.58,172.58,2.18,38.37,391.44,164.84,45.7,402.03,Non-fasting
SYN-DM-02138,7.91,107.81,290.87,1.23,70.29,222.65,156.13,54.9,407.85,Fasting
SYN-DM-02139,5.83,144.74,179.74,1.65,57.63,201.28,152.28,40.2,184.81,Fasting
SYN-DM-02140,7.34,229.34,110.42,0.82,39.89,82.55,154.56,20,176.52,Fasting
SYN-DM-02141,9.18,132.58,203.88,2.22,74.74,216.98,168.64,38.1,276.82,Fasting
SYN-DM-02142,8.61,155.17,207.35,1.79,37.33,98.41,151.46,30.4,217.11,Fasting
SYN-DM-02143,8.06,116.06,106.71,1.25,92.24,260.67,67.68,51.0,364.95,Non-fasting
SYN-DM-02144,8.45,124.24,220.6,1.5,93.38,20.1,120.16,68.8,253.36,Non-fasting
SYN-DM-02145,6.9,244.13,277.19,1.86,91.23,125.68,71.69,65.9,403.82,Non-fasting
SYN-DM-02146,6.38,229.42,182.2,1.48,53.58,165.76,161.4,48.9,145.36,Unknown
SYN-DM-02147,9.82,196.08,123.21,1.76,77.61,380.01,102.69,49.8,333.56,Fasting
SYN-DM-02148,6.61,144.31,241.28,2.08,99.97,340.6,133.32,51.8,290.57,Non-fasting
SYN-DM-02149,7.45,96.77,268.99,0.82,69.8,258.57,172.57,48.9,292.48,Unknown
SYN-DM-02150,5.98,144.01,303.82,0.79,31.2,237.66,167.55,56.7,359.59,Fasting
SYN-DM-02151,7.77,212.0,300.46,2.18,91.59,337.47,143.23,35.9,273.4,Unknown
SYN-DM-02152,9.61,232.23,276.15,1.76,32.87,238.2,161.35,45.5,163.59,Fasting
SYN-DM-02153,6.25,93.09,224.22,1.11,94.16,396.84,84.17,57.7,221.44,Fasting
SYN-DM-02154,8.62,159.88,265.51,0.98,78.17,42.11,145.35,43.7,250.22,Fasting
SYN-DM-02155,7.84,237.69,194.94,2.14,58.73,73.41,162.08,55.3,367.99,Fasting
SYN-DM-02156,6.03,189.55,173.0,2.11,36.21,336.44,84.51,24.8,346.88,Non-fasting
SYN-DM-02157,6.93,92.41,211.36,1.38,40.25,165.37,65.62,37.0,336.7,Non-fasting
SYN-DM-02158,8.7,192.99,145.72,1.33,43.0,60.5,168.48,70.7,226.49,Fasting
SYN-DM-02159,8.96,241.02,166.62,1.85,58.29,299.97,159.92,24.5,236.94,Unknown
SYN-DM-02160,7.14,173.91,275.43,1.17,96.31,254.22,139.78,44.7,118.05,Non-fasting
SYN-DM-02161,7.06,149.58,285.78,2.11,95.06,267.06,125.75,61.0,345.67,Unknown
SYN-DM-02162,10.16,214.29,218.75,1.71,63.23,239.52,122.37,42.1,394.67,Fasting
SYN-DM-02163,6.15,183.92,255.79,1.1,76.01,143.89,105.7,58.9,162.05,Non-fasting
SYN-DM-02164,9.66,126.45,240.05,1.62,82.97,51.17,77.11,64.6,371.37,Fasting
SYN-DM-02165,9.73,198.88,160.07,2.29,69.04,300.53,117.36,59.3,274.33,Fasting
SYN-DM-02166,7.43,206.01,154.6,1.81,94.95,185.05,159.01,20,367.54,Unknown
SYN-DM-02167,6.04,130.1,294.87,1.66,32.17,404.18,65.76,27.5,160.0,Unknown
SYN-DM-02168,9.37,191.0,257.83,1.62,94.66,357.46,104.26,39.4,251.75,Fasting
SYN-DM-02169,6.91,207.89,276.0,1.86,97.21,230.51,106.06,23.8,124.34,Unknown
SYN-DM-02170,8.18,124.88,221.59,2.14,37.22,60.38,88.31,46.1,368.39,Fasting
SYN-DM-02171,9.75,131.51,261.06,1.42,30.05,188.05,143.53,67.6,207.05,Non-fasting
SYN-DM-02172,9.86,244.82,236.83,1.92,67.84,247.6,115.05,42.3,264.28,Fasting
SYN-DM-02173,9.77,94.41,290.33,0.73,58.85,313.39,87.55,44.9,119.3,Fasting
SYN-DM-02174,7.98,115.61,152.88,2.07,41.46,280.0,150.32,38.1,389.99,Non-fasting
SYN-DM-02175,6.87,174.89,224.58,1.33,88.95,395.48,101.41,52.4,319.08,Non-fasting
SYN-DM-02176,9.87,99.57,144.95,2.15,36.48,121.2,85.04,63.9,326.97,Non-fasting
SYN-DM-02177,6.91,153.81,154.82,1.27,88.38,28.74,90.67,59.2,240.93,Fasting
SYN-DM-02178,9.8,146.81,160.74,0.87,47.14,275.42,113.76,65.8,227.21,Unknown
SYN-DM-02179,6.68,174.43,112.62,1.72,75.97,268.44,150.01,60.2,398.18,Unknown
SYN-DM-02180,9.67,211.52,147.5,0.92,60.91,213.23,82.48,50.1,315.07,Fasting
SYN-DM-02181,7.73,88.01,301.08,1.5,76.84,162.0,152.98,33.3,116.84,Unknown
SYN-DM-02182,7.08,213.35,121.98,1.98,76.92,307.55,132.83,57.0,120.11,Non-fasting
SYN-DM-02183,10.14,131.42,175.86,2.22,92.87,276.39,104.68,52.4,354.21,Non-fasting
SYN-DM-02184,8.12,239.63,298.3,2.08,91.67,11.43,170.87,43.3,282.96,Unknown
SYN-DM-02185,9.1,236.58,280.7,1.54,63.41,9.31,167.64,31.4,263.96,Fasting
SYN-DM-02186,8.22,144.5,159.29,1.69,49.71,35.31,146.42,39.6,295.95,Non-fasting
SYN-DM-02187,8.03,145.18,125.27,1.05,87.91,231.97,151.94,37.5,298.43,Non-fasting
SYN-DM-02188,7.63,173.77,193.88,0.86,28.27,352.41,101.45,43.8,248.4,Fasting
SYN-DM-02189,8.2,211.02,139.65,1.58,82.0,355.34,121.04,34.2,275.01,Unknown
SYN-DM-02190,8.95,120.04,246.18,1.51,39.14,21.55,95.47,59.7,215.22,Fasting
SYN-DM-02191,9.4,183.15,295.02,1.05,30.99,380.59,75.0,64.6,104.25,Fasting
SYN-DM-02192,6.58,228.81,265.74,1.98,55.39,69.66,160.67,32.0,337.18,Fasting
SYN-DM-02193,7.13,161.47,259.24,2.27,64.94,227.44,88.39,55.4,128.6,Non-fasting
SYN-DM-02194,6.26,138.12,158.69,1.05,31.46,330.19,76.85,63.7,212.06,Unknown
SYN-DM-02195,7.63,146.85,179.86,0.92,78.04,217.69,117.68,46.4,128.8,Non-fasting
SYN-DM-02196,5.96,123.38,116.32,2.21,97.58,21.42,86.05,48.2,326.31,Fasting
SYN-DM-02197,6.78,236.61,162.78,2.16,54.1,152.18,115.12,48.7,201.22,Unknown
SYN-DM-02198,6.23,168.97,115.93,1.59,61.27,276.56,126.93,21.1,226.5,Non-fasting
SYN-DM-02199,7.72,215.44,202.52,0.78,53.14,283.14,106.23,58.4,168.04,Unknown
SYN-DM-02200,10.18,132.39,104.92,2.17,55.06,12.96,145.62,45.5,105.07,Fasting
SYN-DM-02201,7.8,114.75,166.67,1.39,54.62,96.93,170.5,46.9,121.3,Unknown
SYN-DM-02202,8.95,95.77,132.4,1.08,60.59,104.28,171.66,51.9,213.76,Unknown
SYN-DM-02203,9.68,176.51,273.31,1.41,88.3,32.08,154.31,38.9,110.7,Non-fasting
SYN-DM-02204,8.54,114.15,154.3,0.96,88.08,400.1,131.18,34.9,205.08,Unknown
SYN-DM-02205,8.71,160.63,114.0,0.75,96.88,165.56,148.73,60.4,196.22,Fasting
SYN-DM-02206,7.46,235.87,188.48,1.34,87.52,397.58,82.85,34.5,91.02,Non-fasting
SYN-DM-02207,6.83,224.24,164.31,2.19,69.04,275.76,100.2,51.4,135.77,Unknown
SYN-DM-02208,8.53,162.14,269.4,2.1,37.15,24.88,63.79,65.8,363.43,Unknown
SYN-DM-02209,7.07,97.29,193.26,0.95,49.86,146.31,118.31,43.1,401.64,Non-fasting
SYN-DM-02210,9.43,160.19,219.24,1.01,68.54,26.8,126.6,38.2,346.89,Fasting
SYN-DM-02211,6.0,190.77,111.35,1.57,71.75,335.97,90.52,70.5,130.75,Unknown
SYN-DM-02212,9.53,236.16,244.9,1.64,97.53,34.75,92.92,38.4,166.28,Non-fasting
SYN-DM-02213,8.92,197.81,156.46,1.83,93.58,399.91,152.52,41.6,128.99,Non-fasting
SYN-DM-02214,6.53,141.71,226.69,0.83,56.78,318.08,67.07,38.3,166.2,Unknown
SYN-DM-02215,8.58,180.33,123.13,1.09,77.48,93.32,145.66,54.7,192.0,Non-fasting
SYN-DM-02216,6.61,182.95,285.06,1.75,80.53,243.06,97.24,35.4,321.6,Unknown
SYN-DM-02217,9.09,135.6,283.15,2.1,67.09,339.63,147.82,57.9,179.74,Non-fasting
SYN-DM-02218,7.83,101.88,272.55,2.15,53.94,406.58,71.45,45.4,172.43,Unknown
SYN-DM-02219,5.97,129.15,241.66,2.25,72.3,411.52,149.69,49.7,220.48,Unknown
SYN-DM-02220,7.9,197.76,229.02,1.78,71.6,26.78,109.46,46.3,187.12,Unknown
SYN-DM-02221,5.86,177.65,157.53,0.86,73.82,195.45,145.54,57.8,309.26,Unknown
SYN-DM-02222,9.37,225.99,127.21,0.97,97.61,296.87,127.89,39.1,247.12,Unknown
SYN-DM-02223,7.69,91.89,180.17,1.2,46.65,294.79,119.44,55.5,219.99,Fasting
SYN-DM-02224,8.73,202.5,250.57,1.42,79.87,382.93,173.58,41.8,183.05,Fasting
SYN-DM-02225,7.03,150.97,108.01,1.62,59.64,156.99,130.73,40.0,364.68,Non-fasting
SYN-DM-02226,7.33,150.18,131.13,1.45,100.82,51.33,96.04,61.5,283.76,Fasting
SYN-DM-02227,6.6,218.11,160.16,2.22,72.95,355.07,100.83,57.0,292.35,Unknown
SYN-DM-02228,8.74,171.84,109.04,1.97,99.14,318.45,83.0,46.8,300.52,Fasting
SYN-DM-02229,7.43,239.84,173.83,1.4,41.54,81.93,76.15,50.8,285.45,Non-fasting
SYN-DM-02230,7.9,150.64,300.89,2.26,92.94,307.8,74.78,31.0,179.4,Unknown
SYN-DM-02231,9.28,95.92,141.65,1.89,44.39,327.24,145.52,43.6,226.84,Non-fasting
SYN-DM-02232,7.25,220.3,241.98,0.86,57.95,37.9,143.18,42.0,307.47,Unknown
SYN-DM-02233,7.61,232.62,236.58,0.8,29.18,39.79,68.04,48.6,133.58,Unknown
SYN-DM-02234,9.87,189.97,143.05,0.75,74.02,143.87,149.66,45.7,146.87,Fasting
SYN-DM-02235,9.22,219.76,235.23,1.29,36.89,146.98,135.1,47.7,312.57,Non-fasting
SYN-DM-02236,9.64,90.84,173.04,1.64,95.02,407.44,147.38,43.1,259.63,Unknown
SYN-DM-02237,7.55,138.98,170.86,1.32,83.99,224.37,160.15,48.6,88.03,Non-fasting
SYN-DM-02238,9.96,235.65,253.51,1.58,63.89,212.76,141.18,58.0,307.61,Unknown
SYN-DM-02239,6.99,205.07,154.9,1.54,54.72,116.46,104.09,49.5,171.38,Non-fasting
SYN-DM-02240,8.57,127.25,105.09,1.61,80.66,392.86,123.41,25.4,119.95,Non-fasting
SYN-DM-02241,9.6,152.63,292.84,1.22,47.53,156.89,136.21,58.9,279.96,Fasting
SYN-DM-02242,9.59,164.54,170.39,0.86,72.94,289.81,163.35,52.2,297.32,Non-fasting
SYN-DM-02243,9.62,101.51,269.08,1.67,89.98,251.1,114.03,52.2,251.91,Unknown
SYN-DM-02244,7.21,209.9,157.07,1.75,56.42,367.18,124.71,46.3,296.26,Fasting
SYN-DM-02245,6.06,177.79,300.55,2.25,67.04,180.49,172.27,41.2,282.11,Non-fasting
SYN-DM-02246,9.78,239.35,170.53,0.74,101.93,303.78,105.8,38.0,153.48,Fasting
SYN-DM-02247,9.25,98.69,135.87,0.87,63.86,125.17,152.68,90,180.14,Unknown
SYN-DM-02248,7.47,106.5,186.31,1.05,45.52,373.08,117.05,27.3,280.69,Non-fasting
SYN-DM-02249,6.31,194.25,173.47,2.07,58.9,397.15,102.77,50.6,235.27,Unknown
SYN-DM-02250,9.21,229.27,188.88,1.61,66.9,131.7,79.91,41.6,376.41,Non-fasting
SYN-DM-02251,9.88,90.33,174.74,0.9,44.78,134.71,157.4,48.7,365.36,Fasting
SYN-DM-02252,8.59,144.47,234.89,1.34,96.6,44.29,156.14,38.1,306.07,Fasting
SYN-DM-02253,10.0,213.93,200.21,2.13,49.63,185.59,96.71,47.2,274.14,Fasting
SYN-DM-02254,6.21,156.06,223.77,2.24,32.91,191.84,146.35,40.2,160.78,Non-fasting
SYN-DM-02255,6.0,109.65,150.38,1.19,100.89,413.29,95.48,39.2,293.0,Fasting
SYN-DM-02256,7.52,234.47,145.33,2.08,84.64,56.25,88.37,47.3,326.13,Fasting
SYN-DM-02257,10.17,96.24,279.61,0.71,87.94,9.69,147.48,45.1,390.61,Non-fasting
SYN-DM-02258,9.27,201.53,104.07,1.52,60.74,80.55,88.58,47.1,403.93,Fasting
SYN-DM-02259,7.94,168.3,183.71,2.22,101.56,351.11,114.19,48.7,169.97,Unknown
SYN-DM-02260,8.06,137.27,111.27,1.28,63.66,37.75,82.45,28.1,176.97,Non-fasting
SYN-DM-02261,7.93,121.31,289.22,0.72,60.81,62.6,148.35,47.7,340.11,Fasting
SYN-DM-02262,9.33,115.56,179.21,1.89,35.54,30.57,82.3,60.6,208.15,Non-fasting
SYN-DM-02263,9.35,182.46,216.55,1.24,71.07,331.02,143.91,36.3,322.53,Unknown
SYN-DM-02264,9.31,145.11,117.99,0.75,97.77,334.94,76.5,57.6,372.76,Unknown
SYN-DM-02265,7.65,221.46,142.78,1.97,38.58,363.24,89.99,27.5,286.96,Non-fasting
SYN-DM-02266,9.26,165.44,235.74,2.05,95.74,112.87,118.65,44.6,303.41,Non-fasting
SYN-DM-02267,8.31,198.78,172.32,2.24,51.91,177.58,90.41,26.6,385.13,Fasting
SYN-DM-02268,6.93,124.73,123.11,2.24,28.04,360.51,113.13,42.5,180.47,Fasting
SYN-DM-02269,6.12,99.92,232.44,1.7,79.06,109.04,131.95,53.9,391.85,Unknown
SYN-DM-02270,6.28,195.7,275.01,2.15,75.69,221.48,81.4,46.3,189.08,Fasting
SYN-DM-02271,6.51,93.62,185.47,2.29,51.3,293.2,98.25,43.4,173.33,Non-fasting
SYN-DM-02272,8.84,141.54,135.69,0.76,47.87,223.67,168.04,30.2,224.77,Unknown
SYN-DM-02273,6.51,144.42,231.75,1.97,42.43,102.4,119.34,46.7,137.07,Non-fasting
SYN-DM-02274,6.01,164.17,126.95,1.61,64.96,256.14,129.04,47.3,312.75,Non-fasting
SYN-DM-02275,9.69,173.65,265.08,1.73,91.67,93.56,144.15,29.1,347.01,Unknown
SYN-DM-02276,9.54,176.36,300.11,1.4,99.06,247.1,148.92,51.6,248.46,Unknown
SYN-DM-02277,10.12,186.56,287.76,1.69,30.37,18.79,81.03,56.8,189.22,Non-fasting
SYN-DM-02278,9.07,228.8,179.18,1.01,79.62,300.77,92.07,33.3,136.17,Fasting
SYN-DM-02279,9.83,142.75,218.1,0.78,85.37,174.96,155.3,47.8,331.35,Non-fasting
SYN-DM-02280,7.32,178.81,105.96,2.14,97.17,374.25,106.46,52.0,174.59,Unknown
SYN-DM-02281,8.45,158.78,123.15,1.47,51.45,25.99,81.0,65.7,132.19,Non-fasting
SYN-DM-02282,6.23,230.08,227.95,1.84,53.3,262.3,131.06,57.6,167.89,Unknown
SYN-DM-02283,9.44,116.16,261.04,1.17,79.17,322.02,69.22,68.4,183.55,Non-fasting
SYN-DM-02284,9.25,110.64,190.04,1.85,101.56,49.9,120.46,30.2,230.5,Fasting
SYN-DM-02285,8.47,217.57,133.03,1.02,50.1,23.36,78.4,65.6,143.85,Non-fasting
SYN-DM-02286,10.12,116.26,175.14,1.34,91.06,48.25,115.2,62.9,314.52,Fasting
SYN-DM-02287,8.13,162.55,223.65,1.67,82.81,371.42,99.17,55.0,219.01,Fasting
SYN-DM-02288,7.74,148.14,143.98,1.28,96.31,101.48,82.73,28.8,294.65,Fasting
SYN-DM-02289,6.01,142.36,205.5,1.19,99.83,113.35,86.27,60.0,198.25,Fasting
SYN-DM-02290,9.03,220.42,175.03,1.97,31.77,122.87,150.88,38.1,233.05,Unknown
SYN-DM-02291,9.08,104.09,249.98,0.85,81.64,334.42,78.84,49.6,89.66,Unknown
SYN-DM-02292,7.91,202.96,159.58,1.46,38.53,210.11,148.13,35.3,141.32,Non-fasting
SYN-DM-02293,10.12,161.08,213.11,2.08,41.57,81.98,143.64,48.0,274.08,Unknown
SYN-DM-02294,6.62,166.73,109.41,1.99,87.54,416.54,80.96,50.5,244.71,Fasting
SYN-DM-02295,6.47,143.4,269.04,0.97,74.98,283.12,120.58,48.4,210.85,Unknown
SYN-DM-02296,7.92,205.9,114.56,1.04,60.96,410.67,129.83,27.3,292.51,Fasting
SYN-DM-02297,6.78,171.74,294.87,2.07,71.92,23.24,159.4,40.3,316.35,Unknown
SYN-DM-02298,8.7,99.03,163.54,1.64,66.61,207.96,120.89,40.7,388.66,Fasting
SYN-DM-02299,6.58,136.91,242.12,2.21,55.77,38.15,140.54,39.6,351.96,Fasting
SYN-DM-02300,6.47,111.32,277.96,1.2,53.51,325.46,173.55,70.2,330.64,Non-fasting
SYN-DM-02301,8.49,244.95,132.11,0.89,93.79,339.1,92.53,36.6,164.57,Unknown
SYN-DM-02302,6.67,189.22,287.83,1.7,92.63,349.41,164.74,69.4,276.09,Unknown
SYN-DM-02303,6.02,193.34,135.02,2.23,61.41,391.75,133.04,35.4,397.39,Unknown
SYN-DM-02304,7.52,160.35,291.9,1.96,39.25,281.86,140.04,53.6,292.8,Fasting
SYN-DM-02305,7.2,224.07,190.11,1.03,46.99,113.85,63.88,57.3,393.75,Fasting
SYN-DM-02306,9.82,216.05,231.97,1.66,99.04,29.87,124.62,38.7,356.89,Fasting
SYN-DM-02307,8.67,121.35,157.24,0.75,85.83,121.61,172.46,51.5,185.43,Non-fasting
SYN-DM-02308,7.38,209.63,142.34,0.76,83.68,236.24,115.77,47.3,326.92,Non-fasting
SYN-DM-02309,6.05,125.44,226.31,1.82,98.29,23.9,122.31,35.7,110.27,Fasting
SYN-DM-02310,6.67,159.42,293.95,2.26,65.99,198.5,146.02,37.5,373.53,Fasting
SYN-DM-02311,7.96,194.77,123.11,1.65,67.94,271.37,119.24,47.1,192.74,Non-fasting
SYN-DM-02312,7.61,163.6,214.4,1.02,51.18,163.85,163.3,67.8,146.32,Fasting
SYN-DM-02313,6.82,177.79,183.63,0.91,35.4,260.05,111.38,36.2,180.94,Non-fasting
SYN-DM-02314,7.24,230.36,139.44,2.3,96.78,25.82,137.78,50.5,276.88,Fasting
SYN-DM-02315,7.96,110.63,209.62,1.52,97.45,206.05,117.82,50.9,335.94,Unknown
SYN-DM-02316,7.81,210.85,209.86,1.15,43.72,317.51,93.08,32.2,191.06,Non-fasting
SYN-DM-02317,8.51,104.44,152.0,1.7,58.27,27.13,163.58,49.0,96.34,Unknown
SYN-DM-02318,7.12,97.49,306.39,1.16,62.45,339.33,70.25,71.8,136.1,Fasting
SYN-DM-02319,9.59,104.67,258.02,1.4,87.48,153.75,100.99,43.5,315.83,Non-fasting
SYN-DM-02320,6.09,161.64,242.28,1.21,101.87,48.63,148.66,47.0,120.58,Unknown
SYN-DM-02321,6.71,121.36,297.76,2.07,31.52,91.28,75.52,51.6,145.96,Non-fasting
SYN-DM-02322,8.22,134.71,146.64,1.19,79.27,213.13,98.5,47.8,95.09,Fasting
SYN-DM-02323,6.73,218.19,191.66,2.24,41.17,388.35,161.58,41.6,165.91,Fasting
SYN-DM-02324,10.09,155.05,115.94,2.27,29.8,147.04,71.01,47.2,364.66,Non-fasting
SYN-DM-02325,9.83,125.5,145.15,1.3,48.3,360.7,122.92,41.7,133.73,Unknown
SYN-DM-02326,7.96,191.47,131.65,1.67,51.75,352.01,157.93,50.1,208.25,Fasting
SYN-DM-02327,8.2,197.43,236.86,1.64,71.67,170.6,100.94,54.5,159.24,Fasting
SYN-DM-02328,6.65,107.98,242.32,1.11,45.43,113.31,98.19,48.0,404.87,Non-fasting
SYN-DM-02329,9.86,99.42,187.89,1.3,69.17,208.04,166.64,44.9,386.55,Non-fasting
SYN-DM-02330,7.79,180.04,294.26,1.25,55.22,63.12,146.02,52.5,133.05,Non-fasting
SYN-DM-02331,7.17,179.77,183.1,2.14,65.08,99.39,85.71,46.8,293.03,Unknown
SYN-DM-02332,8.21,142.93,259.7,1.02,56.15,408.8,137.46,77.3,357.46,Fasting
SYN-DM-02333,9.89,154.11,231.79,1.89,101.02,145.48,150.18,20.0,374.53,Fasting
SYN-DM-02334,7.34,135.67,169.93,2.17,61.07,386.7,81.94,64.3,105.77,Non-fasting
SYN-DM-02335,9.26,235.69,250.33,1.75,75.77,177.86,136.34,33.7,248.12,Fasting
SYN-DM-02336,5.99,107.87,306.33,0.76,87.09,260.4,65.04,20,359.73,Fasting
SYN-DM-02337,7.72,127.06,125.54,1.15,101.03,216.66,171.79,36.5,163.72,Unknown
SYN-DM-02338,9.34,210.04,226.3,1.31,74.44,154.92,68.0,46.5,161.55,Unknown
SYN-DM-02339,9.56,136.19,128.02,1.57,52.22,216.2,160.97,57.8,249.75,Non-fasting
SYN-DM-02340,9.65,122.49,255.74,1.81,63.73,144.06,70.27,39.6,185.15,Non-fasting
SYN-DM-02341,7.14,192.03,250.2,1.55,85.94,114.58,168.16,27.8,351.17,Non-fasting
SYN-DM-02342,9.74,96.8,144.97,1.82,89.41,416.52,120.0,56.5,168.09,Unknown
SYN-DM-02343,8.0,168.39,247.03,1.49,80.72,107.73,149.36,50.8,89.78,Fasting
SYN-DM-02344,8.02,180.84,278.42,1.38,75.8,85.14,111.17,31.5,307.03,Non-fasting
SYN-DM-02345,7.82,233.41,104.55,2.01,45.06,253.61,118.59,51.1,181.41,Fasting
SYN-DM-02346,7.86,237.08,169.91,2.16,46.33,187.41,150.68,39.6,349.31,Non-fasting
SYN-DM-02347,9.54,160.58,160.57,0.92,54.06,245.9,110.99,75.0,362.93,Unknown
SYN-DM-02348,6.92,148.34,233.78,0.94,58.05,219.07,123.06,56.5,95.74,Non-fasting
SYN-DM-02349,8.67,110.09,193.56,1.72,65.79,388.96,160.49,50.0,210.25,Fasting
SYN-DM-02350,10.12,92.61,201.13,1.19,99.37,286.42,134.53,56.0,345.38,Fasting
SYN-DM-02351,9.43,90.98,287.38,1.58,69.79,158.74,127.56,33.4,330.11,Fasting
SYN-DM-02352,6.73,211.31,277.45,1.6,88.51,370.4,134.31,36.8,314.7,Unknown
SYN-DM-02353,7.63,213.71,263.94,0.71,99.49,183.55,122.51,35.3,232.07,Non-fasting
SYN-DM-02354,5.81,152.86,260.88,1.02,68.89,188.83,81.24,55.6,219.74,Non-fasting
SYN-DM-02355,7.79,130.29,190.82,1.67,54.19,232.62,88.09,43.5,364.74,Fasting
SYN-DM-02356,5.84,135.16,217.21,1.23,94.31,198.6,162.7,60.0,295.54,Non-fasting
SYN-DM-02357,7.36,117.88,140.37,0.74,68.12,100.92,132.46,51.6,282.32,Non-fasting
SYN-DM-02358,8.62,223.75,227.13,1.09,29.07,377.19,126.63,41.9,333.99,Fasting
SYN-DM-02359,9.08,221.57,294.9,2.18,40.44,67.03,76.1,48.8,167.9,Non-fasting
SYN-DM-02360,5.88,136.04,228.08,0.76,34.84,96.81,71.08,48.1,123.08,Non-fasting
SYN-DM-02361,9.71,115.95,251.87,2.26,41.88,400.04,159.3,53.0,356.69,Non-fasting
SYN-DM-02362,7.97,172.44,272.03,2.18,58.37,363.07,163.58,50.7,377.55,Unknown
SYN-DM-02363,9.84,136.7,260.87,1.67,28.26,172.69,77.81,38.0,374.71,Non-fasting
SYN-DM-02364,8.56,99.85,157.92,2.18,54.34,404.01,144.39,53.9,399.6,Unknown
SYN-DM-02365,8.78,217.14,250.01,1.18,87.18,13.15,105.94,36.0,348.87,Non-fasting
SYN-DM-02366,7.75,220.54,204.76,0.71,77.05,329.04,126.07,52.8,132.22,Fasting
SYN-DM-02367,8.52,136.63,201.79,1.5,98.32,400.26,135.63,58.0,403.65,Unknown
SYN-DM-02368,8.06,105.7,223.91,1.8,34.57,316.0,133.91,52.4,320.36,Fasting
SYN-DM-02369,6.0,196.16,107.66,2.17,55.32,125.57,140.25,63.7,103.67,Unknown
SYN-DM-02370,7.91,164.12,248.65,1.85,81.36,35.3,105.3,73.7,146.37,Fasting
SYN-DM-02371,6.45,210.63,160.51,1.63,78.51,338.65,96.33,48.9,313.99,Non-fasting
SYN-DM-02372,7.94,199.81,170.73,2.21,96.69,400.08,91.85,30.5,286.76,Fasting
SYN-DM-02373,6.57,200.5,255.17,0.77,35.52,62.83,64.69,33.2,343.88,Unknown
SYN-DM-02374,6.02,236.95,308.45,0.72,70.12,165.86,169.02,53.1,117.83,Unknown
SYN-DM-02375,8.44,203.88,236.95,0.81,37.17,110.06,74.81,20.8,363.3,Unknown
SYN-DM-02376,8.24,115.66,263.94,2.12,60.14,62.92,167.31,59.1,326.26,Unknown
SYN-DM-02377,7.3,151.54,107.34,1.51,95.5,287.65,104.64,63.0,121.7,Non-fasting
SYN-DM-02378,6.03,221.55,175.37,2.16,77.26,284.02,154.81,36.2,185.55,Unknown
SYN-DM-02379,9.56,137.51,251.91,2.22,30.35,12.48,81.41,59.9,227.96,Fasting
SYN-DM-02380,9.74,175.4,286.64,1.78,42.04,265.76,120.31,47.5,392.41,Fasting
SYN-DM-02381,6.39,154.05,232.88,1.16,43.12,231.35,102.66,23.7,353.18,Non-fasting
SYN-DM-02382,6.38,214.0,231.48,1.71,80.15,301.16,70.19,24.0,275.66,Unknown
SYN-DM-02383,5.85,119.31,283.16,2.16,58.82,235.29,89.34,58.7,238.78,Fasting
SYN-DM-02384,6.48,171.48,259.35,1.61,66.34,386.65,138.7,26.5,318.71,Fasting
SYN-DM-02385,8.97,142.71,135.83,1.81,84.18,276.38,126.98,42.1,368.39,Fasting
SYN-DM-02386,9.66,234.46,243.93,1.95,38.06,372.47,144.93,51.1,195.29,Fasting
SYN-DM-02387,7.77,221.47,156.31,0.92,80.53,302.02,97.49,46.1,93.34,Unknown
SYN-DM-02388,7.36,182.14,215.12,1.16,60.54,58.69,86.1,31.6,376.35,Unknown
SYN-DM-02389,9.26,209.38,119.43,0.81,97.82,311.57,132.88,40.1,354.77,Fasting
SYN-DM-02390,5.95,103.17,234.25,1.32,46.56,201.46,101.55,35.5,151.84,Fasting
SYN-DM-02391,9.75,189.15,242.95,1.66,51.67,285.75,103.98,26.7,335.17,Fasting
SYN-DM-02392,6.73,177.07,202.86,2.03,62.65,175.48,65.23,51.5,287.54,Unknown
SYN-DM-02393,6.55,96.57,123.29,1.81,63.71,82.71,99.32,29.7,93.09,Non-fasting
SYN-DM-02394,8.44,178.92,179.68,1.97,53.26,382.99,78.49,66.0,281.95,Non-fasting
SYN-DM-02395,6.69,121.98,298.63,1.37,64.17,303.76,140.84,57.6,178.39,Unknown
SYN-DM-02396,8.94,94.17,116.11,1.84,28.94,378.03,79.0,56.4,174.49,Non-fasting
SYN-DM-02397,8.62,210.61,256.76,2.24,56.77,350.52,173.13,52.0,340.33,Fasting
SYN-DM-02398,7.82,94.2,185.44,1.29,94.61,48.24,127.12,61.6,395.87,Non-fasting
SYN-DM-02399,7.15,216.6,302.23,1.36,30.06,92.57,153.1,30.7,104.97,Fasting
SYN-DM-02400,6.47,102.92,284.25,2.08,50.7,177.93,124.14,59.3,122.51,Unknown
SYN-DM-02401,7.1,164.14,219.57,1.37,66.3,352.93,123.82,40.6,314.56,Non-fasting
SYN-DM-02402,8.92,188.65,113.91,1.44,69.7,326.31,131.09,42.7,113.92,Non-fasting
SYN-DM-02403,6.97,190.51,226.49,1.13,95.95,177.84,152.35,65.1,303.69,Fasting
SYN-DM-02404,9.49,234.48,144.31,1.33,78.74,407.07,134.35,51.9,237.84,Fasting
SYN-DM-02405,8.41,222.67,245.2,1.18,54.73,371.73,122.97,49.3,127.27,Unknown
SYN-DM-02406,6.62,116.27,269.6,1.82,72.29,300.11,153.23,37.9,289.54,Non-fasting
SYN-DM-02407,9.17,165.85,201.89,1.6,90.63,367.17,95.88,53.1,215.54,Fasting
SYN-DM-02408,7.29,223.44,211.83,2.0,88.01,95.53,68.86,36.0,106.39,Fasting
SYN-DM-02409,8.47,157.44,195.63,1.84,85.13,19.06,171.49,46.5,195.94,Non-fasting
SYN-DM-02410,6.48,220.11,246.04,1.33,45.9,121.99,162.89,29.3,198.29,Fasting
SYN-DM-02411,7.64,97.88,158.13,0.92,94.1,231.67,88.71,49.1,296.93,Non-fasting
SYN-DM-02412,6.66,200.26,125.18,0.81,53.12,212.58,123.04,20,361.8,Fasting
SYN-DM-02413,8.22,178.79,276.71,0.85,32.42,224.87,136.93,26.7,188.93,Unknown
SYN-DM-02414,7.2,158.19,235.2,1.47,72.56,8.6,111.26,45.9,306.13,Unknown
SYN-DM-02415,7.98,237.14,221.1,0.74,79.32,172.04,156.83,48.1,202.86,Fasting
SYN-DM-02416,8.87,128.3,209.56,1.19,69.85,396.13,82.8,39.0,317.81,Non-fasting
SYN-DM-02417,9.22,192.57,172.59,2.0,67.08,360.48,172.76,37.5,169.86,Non-fasting
SYN-DM-02418,8.1,217.25,119.86,2.02,31.53,33.84,83.64,35.5,221.34,Fasting
SYN-DM-02419,6.82,188.12,273.06,1.66,80.74,183.51,171.77,75.5,232.33,Non-fasting
SYN-DM-02420,5.99,171.63,166.11,1.59,30.07,24.03,87.92,31.6,256.64,Fasting
SYN-DM-02421,7.03,184.17,166.46,1.45,36.05,107.67,127.55,29.0,340.66,Unknown
SYN-DM-02422,7.92,225.93,161.55,1.59,36.42,399.15,169.36,76.7,302.61,Non-fasting
SYN-DM-02423,9.92,149.49,127.79,1.31,97.62,238.67,89.17,67.0,176.22,Unknown
SYN-DM-02424,8.78,232.96,212.87,2.25,35.39,40.23,151.12,32.9,271.55,Fasting
SYN-DM-02425,8.22,244.93,102.39,0.99,45.36,263.35,140.35,49.2,148.36,Unknown
SYN-DM-02426,6.45,167.31,224.93,1.75,99.04,319.64,105.01,38.0,285.66,Unknown
SYN-DM-02427,7.56,152.06,243.07,1.45,64.28,399.81,151.13,59.1,258.48,Non-fasting
SYN-DM-02428,8.43,191.72,215.99,2.0,88.05,50.8,148.13,52.0,313.27,Non-fasting
SYN-DM-02429,8.85,233.93,199.27,2.28,50.22,353.16,150.97,43.3,102.03,Unknown
SYN-DM-02430,9.34,169.12,150.06,0.89,61.4,419.65,118.88,54.1,172.86,Unknown
SYN-DM-02431,6.93,194.32,299.42,1.61,51.94,330.24,145.55,26.3,383.9,Fasting
SYN-DM-02432,7.16,223.6,239.72,1.18,54.58,122.52,111.18,44.1,115.05,Unknown
SYN-DM-02433,6.97,199.44,250.59,1.48,31.52,237.7,64.07,54.0,286.37,Fasting
SYN-DM-02434,6.22,218.53,264.18,1.03,73.16,218.8,90.63,55.0,130.39,Fasting
SYN-DM-02435,6.14,202.57,167.05,1.39,46.01,303.99,114.15,46.9,219.84,Non-fasting
SYN-DM-02436,8.23,186.29,120.3,0.9,100.7,114.56,105.22,47.3,283.58,Unknown
SYN-DM-02437,6.93,214.04,228.77,1.64,70.26,193.39,79.57,50.4,248.33,Unknown
SYN-DM-02438,9.77,102.22,104.37,1.91,69.87,72.37,124.6,62.3,117.22,Non-fasting
SYN-DM-02439,7.57,124.04,131.89,1.78,91.0,379.02,150.29,58.6,360.57,Non-fasting
SYN-DM-02440,6.48,128.5,117.89,2.23,63.46,201.52,101.57,66.0,242.7,Fasting
SYN-DM-02441,9.49,191.83,124.24,1.55,53.96,55.43,161.77,33.3,225.23,Fasting
SYN-DM-02442,8.31,92.34,115.58,2.06,81.39,103.52,103.75,50.8,161.08,Non-fasting
SYN-DM-02443,8.35,118.86,121.94,1.48,93.66,201.33,122.73,47.9,264.78,Unknown
SYN-DM-02444,5.84,187.42,215.78,1.05,42.89,417.92,83.62,53.1,135.68,Non-fasting
SYN-DM-02445,8.42,236.53,109.99,1.41,29.93,334.08,162.94,60.0,248.19,Fasting
SYN-DM-02446,7.77,88.37,297.59,1.42,59.44,419.26,103.71,53.8,276.19,Unknown
SYN-DM-02447,8.01,218.05,103.15,2.23,99.27,132.59,70.38,43.8,134.68,Unknown
SYN-DM-02448,9.94,145.32,195.57,1.88,75.26,137.33,67.19,26.2,349.58,Unknown
SYN-DM-02449,9.39,122.1,182.83,1.87,65.59,401.28,82.86,63.4,298.7,Unknown
SYN-DM-02450,5.84,235.9,183.39,2.21,43.14,352.37,95.29,51.0,407.31,Non-fasting
SYN-DM-02451,8.29,220.2,182.77,1.59,74.34,364.7,99.19,43.8,176.25,Fasting
SYN-DM-02452,7.64,118.22,281.75,1.32,79.21,80.22,64.98,52.6,234.8,Fasting
SYN-DM-02453,10.13,176.68,146.06,1.89,80.59,187.76,146.67,44.2,373.36,Fasting
SYN-DM-02454,9.18,120.07,156.17,2.13,46.3,265.64,128.93,38.6,160.52,Non-fasting
SYN-DM-02455,9.02,131.27,134.17,1.61,101.3,269.59,89.49,46.0,117.77,Fasting
SYN-DM-02456,8.58,159.36,193.36,0.77,88.76,86.89,99.79,45.2,329.88,Non-fasting
SYN-DM-02457,7.38,164.83,112.47,1.75,91.45,262.69,76.46,60.8,138.74,Non-fasting
SYN-DM-02458,8.38,209.26,110.74,1.47,95.36,338.85,67.85,64.4,265.41,Fasting
SYN-DM-02459,7.9,216.52,291.08,1.59,57.84,126.15,168.06,90,197.29,Fasting
SYN-DM-02460,9.79,180.7,152.0,1.4,77.42,171.41,147.01,45.7,243.57,Unknown
SYN-DM-02461,7.12,128.54,296.06,0.79,75.31,269.32,64.85,36.1,381.17,Unknown
SYN-DM-02462,7.1,206.22,154.85,1.37,81.31,362.01,72.07,36.3,288.24,Unknown
SYN-DM-02463,8.13,183.02,305.84,1.92,51.89,411.45,92.03,31.1,335.34,Non-fasting
SYN-DM-02464,6.52,207.63,300.81,2.18,36.91,176.74,167.84,71.6,116.21,Fasting
SYN-DM-02465,6.33,223.64,123.68,0.79,38.5,226.49,115.29,40.5,200.43,Non-fasting
SYN-DM-02466,6.77,111.58,110.78,1.9,31.75,241.6,103.13,53.2,91.47,Unknown
SYN-DM-02467,9.43,185.88,195.46,1.77,34.8,170.67,131.6,72.9,260.83,Unknown
SYN-DM-02468,6.45,202.88,297.88,2.27,79.65,22.61,84.12,56.1,317.41,Non-fasting
SYN-DM-02469,8.35,149.06,117.01,1.91,97.06,89.37,67.94,27.7,120.5,Unknown
SYN-DM-02470,8.82,225.16,225.02,1.79,60.99,298.45,161.33,50.3,346.52,Fasting
SYN-DM-02471,9.67,167.85,125.26,2.13,52.06,390.17,134.35,56.6,320.89,Fasting
SYN-DM-02472,7.32,237.16,298.45,1.64,38.88,32.36,141.31,48.2,156.99,Fasting
SYN-DM-02473,7.45,132.14,222.31,2.25,71.38,402.36,133.67,35.2,91.07,Fasting
SYN-DM-02474,9.44,119.57,123.57,0.72,101.93,123.6,160.99,36.3,241.49,Fasting
SYN-DM-02475,8.46,106.76,259.35,2.12,50.42,122.98,132.06,55.5,264.52,Unknown
SYN-DM-02476,9.11,100.73,257.03,2.28,30.62,215.37,145.43,52.3,394.09,Non-fasting
SYN-DM-02477,8.52,172.58,191.21,1.45,46.74,228.4,131.0,48.1,340.41,Fasting
SYN-DM-02478,10.16,194.29,104.34,1.33,88.51,299.2,102.43,59.0,235.01,Non-fasting
SYN-DM-02479,6.87,194.33,185.85,1.1,80.51,89.81,130.47,62.9,266.37,Unknown
SYN-DM-02480,7.17,100.35,136.37,1.75,62.92,295.09,76.15,51.7,315.27,Non-fasting
SYN-DM-02481,6.63,172.45,235.68,1.81,57.5,402.44,97.73,60.3,104.49,Fasting
SYN-DM-02482,9.71,230.17,226.72,1.69,64.01,271.31,115.13,50.0,234.73,Fasting
SYN-DM-02483,9.18,98.04,129.49,1.48,41.58,388.46,76.01,59.7,401.38,Fasting
SYN-DM-02484,5.95,116.95,189.71,1.38,89.18,321.25,109.24,44.8,92.48,Non-fasting
SYN-DM-02485,9.67,136.8,154.68,1.28,55.11,265.45,127.02,40.8,140.0,Fasting
SYN-DM-02486,7.11,140.69,259.99,2.09,38.44,110.19,80.45,47.8,121.73,Non-fasting
SYN-DM-02487,8.32,173.17,160.27,1.88,70.95,280.02,91.49,22.3,313.29,Non-fasting
SYN-DM-02488,7.61,147.56,173.55,1.11,36.14,181.16,99.86,48.8,127.92,Fasting
SYN-DM-02489,8.71,158.8,285.44,1.06,63.22,170.28,81.31,44.8,295.85,Unknown
SYN-DM-02490,6.28,223.7,140.86,0.85,101.71,258.27,74.47,26.0,272.41,Fasting
SYN-DM-02491,9.66,129.29,307.88,1.54,36.47,136.98,118.1,60.2,319.6,Fasting
SYN-DM-02492,7.77,158.29,293.92,0.72,50.93,413.62,154.98,46.7,102.46,Unknown
SYN-DM-02493,6.44,204.47,143.95,1.05,60.59,373.04,85.71,45.0,233.9,Fasting
SYN-DM-02494,6.95,233.42,144.98,1.89,86.18,393.43,166.53,41.6,377.13,Unknown
SYN-DM-02495,9.02,210.74,202.01,0.86,79.55,180.17,68.53,52.6,240.51,Non-fasting
SYN-DM-02496,8.74,146.8,256.7,1.67,65.56,109.08,104.85,39.2,376.74,Fasting
SYN-DM-02497,8.7,149.43,165.23,2.18,47.1,341.57,170.72,57.1,135.76,Unknown
SYN-DM-02498,9.05,155.37,247.69,1.07,45.47,134.83,145.52,71.0,235.59,Unknown
SYN-DM-02499,8.16,214.04,113.0,2.08,74.11,51.08,111.93,43.8,144.85,Unknown
SYN-DM-02500,5.81,154.6,171.84,1.19,32.03,355.63,164.18,41.1,191.21,Unknown
SYN-DM-02501,7.97,101.51,292.04,1.98,41.44,337.82,137.61,26.5,184.59,Non-fasting
SYN-DM-02502,7.94,160.01,286.9,2.2,88.7,50.19,141.79,59.2,91.41,Non-fasting
SYN-DM-02503,9.81,112.53,113.38,1.44,69.51,186.29,139.98,51.7,401.7,Unknown
SYN-DM-02504,6.03,140.78,145.98,2.01,61.79,386.67,106.13,71.7,195.02,Fasting
SYN-DM-02505,6.63,162.46,277.48,1.17,42.12,54.77,101.61,65.3,200.13,Fasting
SYN-DM-02506,6.33,224.28,176.75,2.05,85.93,290.38,114.71,41.5,235.47,Fasting
SYN-DM-02507,8.81,179.57,210.29,1.8,82.39,410.05,89.4,61.1,366.1,Non-fasting
SYN-DM-02508,6.37,122.92,297.08,2.21,29.23,326.76,104.99,44.1,134.15,Non-fasting
SYN-DM-02509,9.47,91.06,229.23,2.2,80.51,175.96,84.7,25.4,266.87,Fasting
SYN-DM-02510,9.01,227.66,166.31,2.07,90.39,376.4,151.81,46.6,183.57,Non-fasting
SYN-DM-02511,6.21,128.44,301.92,1.16,53.0,68.43,100.31,34.6,125.77,Non-fasting
SYN-DM-02512,7.75,205.66,255.86,1.81,41.5,97.97,137.32,67.9,100.06,Unknown
SYN-DM-02513,7.48,195.66,277.94,1.28,28.77,367.07,139.67,44.8,170.41,Unknown
SYN-DM-02514,6.43,152.91,156.09,1.01,99.8,45.18,158.0,49.3,349.8,Unknown
SYN-DM-02515,8.03,168.14,237.61,2.1,67.0,13.54,105.38,59.8,272.96,Fasting
SYN-DM-02516,6.59,137.86,306.55,1.21,86.77,270.25,136.18,39.6,188.07,Unknown
SYN-DM-02517,6.6,139.11,273.75,1.44,33.12,234.05,127.98,48.7,200.37,Unknown
SYN-DM-02518,5.93,123.53,155.93,0.73,40.92,326.04,125.2,56.2,199.23,Fasting
SYN-DM-02519,7.19,159.75,204.92,2.07,50.73,309.17,109.53,47.8,312.48,Fasting
SYN-DM-02520,9.17,146.2,150.61,0.8,37.14,120.65,96.16,45.1,370.02,Fasting
SYN-DM-02521,6.13,229.88,205.95,1.63,68.04,298.08,154.55,35.7,331.12,Unknown
SYN-DM-02522,7.44,189.24,217.37,2.1,39.1,15.24,169.01,40.7,283.26,Non-fasting
SYN-DM-02523,5.87,234.41,303.4,1.05,71.81,143.96,141.87,29.0,325.85,Fasting
SYN-DM-02524,8.88,167.45,267.82,0.84,46.94,26.33,108.25,59.6,195.92,Unknown
SYN-DM-02525,8.74,112.87,279.74,1.21,39.46,28.81,63.38,34.0,284.94,Fasting
SYN-DM-02526,7.34,135.07,254.54,1.82,54.01,355.17,139.78,43.2,198.8,Fasting
SYN-DM-02527,7.32,202.84,182.64,0.86,41.13,67.0,69.45,36.1,334.7,Fasting
SYN-DM-02528,9.69,220.05,164.79,1.2,56.23,253.91,65.05,50.8,182.54,Fasting
SYN-DM-02529,6.19,165.06,192.99,1.01,44.4,389.39,94.44,46.6,392.13,Fasting
SYN-DM-02530,9.55,187.07,108.01,0.85,38.59,389.0,118.78,62.9,266.82,Unknown
SYN-DM-02531,5.94,213.94,185.13,1.49,94.75,388.15,114.11,20,156.34,Fasting
SYN-DM-02532,7.18,215.12,114.24,2.25,70.05,77.95,133.68,45.8,282.04,Non-fasting
SYN-DM-02533,7.7,179.05,160.62,2.11,86.69,163.31,106.24,50.6,345.4,Unknown
SYN-DM-02534,8.25,116.56,154.41,2.02,67.67,258.67,169.87,48.3,114.97,Unknown
SYN-DM-02535,7.67,215.98,197.09,1.91,85.17,25.9,169.36,64.9,284.57,Non-fasting
SYN-DM-02536,10.04,91.62,170.98,1.91,76.66,164.35,124.69,45.3,121.47,Fasting
SYN-DM-02537,6.1,169.41,115.74,0.98,51.7,196.72,86.43,36.6,131.27,Unknown
SYN-DM-02538,10.0,146.16,184.7,1.24,74.68,95.72,115.84,39.4,353.03,Non-fasting
SYN-DM-02539,10.07,213.95,176.51,0.93,61.82,193.01,131.61,51.5,326.78,Fasting
SYN-DM-02540,6.61,108.76,145.17,0.98,94.59,248.33,141.46,45.0,340.06,Non-fasting
SYN-DM-02541,8.63,117.95,274.99,1.5,75.6,148.02,161.94,40.2,234.49,Non-fasting
SYN-DM-02542,6.56,173.49,225.08,2.24,47.88,293.98,132.38,65.8,228.32,Non-fasting
SYN-DM-02543,10.06,232.81,176.38,1.6,30.99,373.5,84.73,56.6,257.93,Non-fasting
SYN-DM-02544,9.91,183.75,182.52,2.28,38.59,74.52,156.4,34.2,261.65,Unknown
SYN-DM-02545,9.37,124.72,247.31,1.34,88.82,273.99,151.29,46.3,270.92,Fasting
SYN-DM-02546,5.93,115.18,105.6,1.19,49.69,60.77,158.29,42.8,228.79,Non-fasting
SYN-DM-02547,7.46,94.44,125.95,0.96,75.33,46.75,150.09,20,292.37,Unknown
SYN-DM-02548,7.15,159.64,194.2,2.03,47.42,157.78,83.82,45.6,300.9,Fasting
SYN-DM-02549,8.39,200.51,277.89,1.61,78.11,71.77,118.72,58.7,358.09,Fasting
SYN-DM-02550,9.83,117.21,181.8,1.45,84.54,284.28,159.15,49.6,166.45,Unknown
SYN-DM-02551,8.47,135.45,202.48,0.82,54.38,140.92,113.9,46.3,339.04,Unknown
SYN-DM-02552,9.28,164.69,278.9,2.08,36.96,355.57,78.35,44.9,270.98,Unknown
SYN-DM-02553,7.52,149.56,145.09,1.73,45.96,28.85,169.78,41.6,243.5,Fasting
SYN-DM-02554,9.93,170.41,217.09,1.03,29.73,353.93,94.26,43.6,242.18,Non-fasting
SYN-DM-02555,9.23,203.18,212.9,0.71,98.14,346.35,69.3,58.2,158.74,Unknown
SYN-DM-02556,6.1,172.92,122.96,0.98,89.33,323.51,166.09,39.3,267.52,Unknown
SYN-DM-02557,6.82,89.9,139.43,2.07,72.13,195.12,149.09,53.1,305.66,Fasting
SYN-DM-02558,10.17,121.58,243.94,1.05,45.24,33.01,143.53,57.6,140.69,Non-fasting
SYN-DM-02559,7.59,229.45,220.62,0.92,58.18,383.03,153.57,47.4,383.91,Fasting
SYN-DM-02560,6.21,127.28,265.71,1.04,88.75,177.41,132.88,30.3,215.19,Non-fasting
SYN-DM-02561,8.29,204.21,220.34,1.61,101.7,278.01,113.5,20,156.8,Fasting
SYN-DM-02562,6.25,217.78,131.34,1.71,54.45,406.88,151.6,38.0,363.27,Unknown
SYN-DM-02563,9.29,162.88,230.63,1.58,32.48,234.33,136.33,33.8,120.24,Non-fasting
SYN-DM-02564,7.94,151.56,157.07,0.83,85.08,115.61,116.04,49.3,403.71,Unknown
SYN-DM-02565,7.37,116.36,226.2,2.29,33.02,69.12,112.28,26.4,365.68,Unknown
SYN-DM-02566,7.82,164.65,184.79,1.81,71.26,163.15,165.34,54.1,233.97,Unknown
SYN-DM-02567,6.88,190.6,161.28,1.22,98.6,347.51,80.34,52.6,111.26,Non-fasting
SYN-DM-02568,8.86,204.43,122.09,2.22,89.96,130.98,74.01,41.9,340.76,Non-fasting
SYN-DM-02569,6.94,119.8,279.7,1.22,90.57,367.88,105.12,65.1,350.07,Unknown
SYN-DM-02570,7.57,147.57,245.78,1.46,43.97,257.93,93.91,33.8,310.49,Unknown
SYN-DM-02571,6.6,217.28,184.96,1.13,70.13,271.39,171.03,60.9,401.71,Fasting
SYN-DM-02572,7.69,160.66,283.03,1.37,56.13,230.98,137.04,65.0,315.05,Fasting
SYN-DM-02573,8.19,212.4,306.86,1.24,71.28,116.13,105.71,32.4,234.97,Non-fasting
SYN-DM-02574,8.26,222.27,238.16,1.85,82.63,265.99,143.52,60.6,333.41,Unknown
SYN-DM-02575,8.64,241.06,264.81,1.58,30.95,49.77,116.49,45.2,240.24,Unknown
SYN-DM-02576,9.64,241.7,301.43,0.73,70.31,223.87,104.34,46.3,367.83,Fasting
SYN-DM-02577,7.5,198.4,125.22,0.89,89.21,409.31,128.6,66.7,291.57,Unknown
SYN-DM-02578,6.43,187.88,230.41,1.67,45.94,52.72,64.36,62.7,354.82,Fasting
SYN-DM-02579,8.62,94.81,130.14,2.12,50.79,209.29,132.45,45.2,328.74,Non-fasting
SYN-DM-02580,8.15,205.93,127.23,0.97,65.77,273.63,142.44,66.2,180.28,Fasting
SYN-DM-02581,9.01,133.29,152.11,2.17,100.54,174.97,153.02,67.3,257.92,Fasting
SYN-DM-02582,7.38,95.05,104.01,1.81,84.07,402.4,132.85,42.4,271.78,Unknown
SYN-DM-02583,5.94,157.51,124.36,1.95,74.61,67.52,65.91,42.7,128.48,Fasting
SYN-DM-02584,7.63,144.47,132.95,1.22,82.63,24.89,62.0,20,377.12,Non-fasting
SYN-DM-02585,8.98,181.16,234.83,1.41,31.65,392.49,133.15,54.4,173.09,Fasting
SYN-DM-02586,6.43,186.3,267.98,2.02,43.73,203.02,121.76,56.6,259.03,Unknown
SYN-DM-02587,9.61,205.95,150.62,1.17,97.55,184.36,140.35,63.9,334.18,Non-fasting
SYN-DM-02588,9.16,192.91,138.22,1.35,89.92,138.43,164.44,45.0,355.04,Unknown
SYN-DM-02589,8.45,143.69,284.03,1.94,71.16,119.58,169.1,41.3,265.63,Fasting
SYN-DM-02590,6.17,118.46,279.36,1.86,64.29,8.65,98.71,83.3,335.09,Unknown
SYN-DM-02591,8.05,111.35,167.57,1.33,59.9,46.7,155.76,48.4,269.96,Unknown
SYN-DM-02592,8.32,199.69,253.85,2.26,68.85,14.7,81.73,44.1,140.1,Non-fasting
SYN-DM-02593,6.97,161.34,137.79,1.44,63.13,143.3,173.51,59.6,206.78,Unknown
SYN-DM-02594,8.74,227.52,211.62,1.09,47.52,29.93,112.56,44.6,141.66,Non-fasting
SYN-DM-02595,6.5,144.16,153.18,2.21,32.72,203.05,145.8,56.1,119.6,Unknown
SYN-DM-02596,8.27,184.2,211.75,1.92,66.73,256.5,97.03,59.5,310.4,Fasting
SYN-DM-02597,7.08,117.54,119.75,1.2,39.64,111.13,98.98,30.7,243.6,Fasting
SYN-DM-02598,7.71,195.29,223.33,1.73,73.38,23.88,133.29,27.3,265.78,Non-fasting
SYN-DM-02599,6.97,224.78,284.29,1.26,85.84,358.85,76.15,45.0,265.15,Non-fasting
SYN-DM-02600,9.85,197.77,210.67,2.15,79.82,336.25,70.02,33.4,239.45,Non-fasting
SYN-DM-02601,9.3,150.17,102.82,0.74,98.96,123.22,142.47,45.6,207.33,Non-fasting
SYN-DM-02602,6.26,125.53,107.98,2.27,59.25,198.22,125.59,63.7,312.34,Unknown
SYN-DM-02603,8.85,172.04,176.56,0.72,85.99,294.63,144.25,68.1,255.86,Unknown
SYN-DM-02604,7.21,108.01,290.61,1.78,84.08,79.32,89.94,54.5,260.28,Unknown
SYN-DM-02605,6.55,204.82,138.76,1.48,85.02,33.89,63.73,57.7,297.55,Unknown
SYN-DM-02606,8.93,170.21,106.47,1.14,59.18,378.54,142.65,46.8,294.64,Fasting
SYN-DM-02607,10.17,107.45,257.3,1.45,95.61,351.6,95.74,44.2,203.37,Unknown
SYN-DM-02608,9.15,206.57,200.59,1.0,86.39,326.77,64.16,49.1,115.15,Fasting
SYN-DM-02609,9.21,215.08,120.9,1.52,86.8,348.1,67.51,48.4,359.3,Unknown
SYN-DM-02610,9.11,115.58,230.67,1.94,74.7,278.33,64.31,46.8,295.14,Unknown
SYN-DM-02611,5.96,134.22,246.89,1.3,37.14,277.3,64.26,57.6,314.67,Fasting
SYN-DM-02612,9.1,145.66,304.55,2.1,36.83,414.61,64.3,41.7,377.9,Non-fasting
SYN-DM-02613,9.55,140.34,177.92,1.74,30.19,341.06,105.15,42.1,350.2,Fasting
SYN-DM-02614,9.77,103.51,175.34,1.9,73.91,132.38,104.17,20.8,238.59,Non-fasting
SYN-DM-02615,10.15,182.27,215.82,0.77,37.97,368.08,103.24,49.5,252.76,Non-fasting
SYN-DM-02616,9.37,128.8,113.8,2.06,69.5,306.19,144.36,47.1,206.39,Fasting
SYN-DM-02617,9.51,127.46,135.11,1.24,63.53,66.6,170.91,53.6,243.89,Unknown
SYN-DM-02618,8.51,89.78,193.64,0.73,29.5,112.53,130.02,20,95.99,Fasting
SYN-DM-02619,8.77,235.48,206.76,1.69,86.57,341.15,132.11,27.7,151.79,Unknown
SYN-DM-02620,6.29,176.42,179.56,0.74,30.16,224.27,82.99,20,138.01,Fasting
SYN-DM-02621,8.88,206.78,229.8,1.53,91.97,305.7,87.22,51.8,406.78,Non-fasting
SYN-DM-02622,6.59,191.86,162.23,1.7,48.27,95.38,87.49,59.5,348.8,Non-fasting
SYN-DM-02623,7.48,209.85,144.18,1.15,33.38,343.43,136.38,49.5,335.7,Unknown
SYN-DM-02624,8.76,140.6,305.43,1.69,60.81,364.25,161.94,42.1,184.81,Fasting
SYN-DM-02625,7.77,102.89,240.65,1.58,68.9,37.6,82.91,30.8,334.88,Non-fasting
SYN-DM-02626,8.73,101.14,307.49,2.01,64.9,361.92,139.3,36.2,207.14,Non-fasting
SYN-DM-02627,7.12,153.84,151.53,1.34,65.07,84.66,126.82,56.8,310.38,Unknown
SYN-DM-02628,7.48,195.59,209.91,2.1,39.81,113.36,72.26,61.5,328.68,Fasting
SYN-DM-02629,9.83,210.27,110.54,1.25,41.8,267.48,123.33,43.0,388.36,Fasting
SYN-DM-02630,6.39,185.04,157.01,0.89,89.26,30.07,105.29,49.5,363.68,Fasting
SYN-DM-02631,9.5,234.06,250.17,1.13,86.83,383.9,72.6,34.8,400.43,Fasting
SYN-DM-02632,6.7,174.74,154.92,0.86,30.89,399.4,90.6,55.6,116.81,Unknown
SYN-DM-02633,8.95,154.27,190.16,1.6,97.67,353.5,93.71,50.1,195.28,Non-fasting
SYN-DM-02634,9.93,198.83,170.64,2.0,60.06,60.97,111.08,34.1,286.21,Non-fasting
SYN-DM-02635,9.64,190.61,215.21,0.97,57.1,162.3,149.69,46.2,388.1,Fasting
SYN-DM-02636,9.11,195.85,158.36,2.26,101.45,77.16,132.48,38.7,277.12,Unknown
SYN-DM-02637,7.0,137.11,214.89,2.19,75.59,373.24,155.51,40.6,98.05,Fasting
SYN-DM-02638,6.94,168.98,129.32,2.23,49.17,356.78,126.68,35.0,164.52,Unknown
SYN-DM-02639,5.98,158.28,206.08,0.96,87.27,265.35,133.17,46.6,186.35,Unknown
SYN-DM-02640,9.93,242.58,198.19,0.8,79.17,274.63,94.52,70.6,381.26,Fasting
SYN-DM-02641,9.78,198.65,209.43,0.89,30.81,151.89,144.48,43.8,185.39,Unknown
SYN-DM-02642,6.09,239.63,268.44,1.61,99.77,138.77,123.02,56.3,209.06,Non-fasting
SYN-DM-02643,9.17,144.17,171.13,2.11,44.47,89.26,65.54,66.0,335.9,Fasting
SYN-DM-02644,9.56,115.01,120.71,2.05,74.4,177.32,107.19,52.0,201.09,Unknown
SYN-DM-02645,9.24,102.35,299.73,0.83,95.34,173.09,144.26,46.9,283.71,Unknown
SYN-DM-02646,7.99,225.39,142.71,2.24,68.89,332.02,110.73,62.8,145.84,Non-fasting
SYN-DM-02647,7.8,122.17,138.88,0.75,73.03,236.02,90.57,25.1,382.6,Fasting
SYN-DM-02648,8.32,134.84,291.12,2.12,79.48,197.85,69.65,40.2,329.62,Unknown
SYN-DM-02649,9.71,241.36,217.27,0.86,65.92,109.75,102.37,60.6,283.97,Fasting
SYN-DM-02650,6.63,238.42,130.25,2.29,65.81,267.57,155.7,41.8,377.41,Non-fasting
SYN-DM-02651,5.98,159.66,156.17,0.85,75.47,245.82,96.44,40.4,107.85,Non-fasting
SYN-DM-02652,9.4,235.41,265.26,0.72,71.79,335.67,173.29,34.0,368.15,Non-fasting
SYN-DM-02653,9.64,127.08,306.74,2.01,101.88,55.47,124.98,47.0,276.21,Non-fasting
SYN-DM-02654,7.77,135.76,212.37,1.4,38.73,294.69,116.65,42.0,94.22,Unknown
SYN-DM-02655,9.48,231.18,295.89,1.38,95.42,298.57,71.79,38.3,258.1,Unknown
SYN-DM-02656,8.63,132.33,143.01,0.86,73.36,379.32,103.17,44.6,187.88,Unknown
SYN-DM-02657,9.08,234.77,306.01,1.06,99.67,361.43,131.45,31.4,340.94,Non-fasting
SYN-DM-02658,7.74,183.44,236.68,1.86,69.38,129.49,118.94,29.5,174.98,Non-fasting
SYN-DM-02659,9.92,197.14,306.73,0.98,45.38,296.44,173.31,30.8,206.14,Fasting
SYN-DM-02660,7.83,242.57,230.15,1.82,81.83,327.0,137.12,20,379.99,Unknown
SYN-DM-02661,8.76,223.69,258.46,1.56,72.59,333.92,116.91,46.6,353.73,Fasting
SYN-DM-02662,7.48,209.06,194.41,0.87,50.05,298.1,127.44,52.7,208.52,Unknown
SYN-DM-02663,7.56,207.76,165.22,1.43,87.28,215.7,169.58,52.5,318.88,Fasting
SYN-DM-02664,7.93,93.73,195.59,1.07,89.06,380.55,142.86,42.7,264.2,Fasting
SYN-DM-02665,8.82,121.45,185.26,1.68,70.54,233.94,171.45,57.7,345.21,Non-fasting
SYN-DM-02666,9.97,172.85,222.43,1.19,89.96,236.19,64.73,45.4,130.63,Non-fasting
SYN-DM-02667,7.06,148.5,212.18,1.27,78.03,262.23,88.06,53.5,159.67,Fasting
SYN-DM-02668,9.6,127.78,157.78,2.02,65.49,118.47,153.27,40.9,194.83,Fasting
SYN-DM-02669,7.24,172.64,304.09,1.05,41.22,9.36,99.31,45.0,231.56,Non-fasting
SYN-DM-02670,8.68,232.06,109.35,2.13,42.3,341.04,68.71,46.7,360.93,Fasting
SYN-DM-02671,6.19,198.44,151.18,1.33,65.47,297.06,68.46,49.3,120.35,Non-fasting
SYN-DM-02672,8.01,190.22,133.48,2.22,101.7,322.89,117.08,40.8,344.49,Fasting
SYN-DM-02673,10.08,91.23,245.41,1.3,98.77,352.54,144.12,32.7,260.2,Non-fasting
SYN-DM-02674,6.36,151.1,266.81,1.44,74.9,267.49,129.25,44.1,334.23,Fasting
SYN-DM-02675,6.98,232.03,157.96,1.88,83.67,322.68,167.65,35.4,156.54,Non-fasting
SYN-DM-02676,9.45,171.54,123.64,1.0,43.69,273.37,121.96,47.7,407.18,Fasting
SYN-DM-02677,7.92,133.08,296.56,1.71,30.29,149.64,166.03,45.1,92.02,Unknown
SYN-DM-02678,9.13,150.09,258.06,1.67,77.59,125.86,95.64,47.6,274.44,Non-fasting
SYN-DM-02679,9.76,123.61,276.64,1.56,58.64,347.02,79.85,49.0,275.77,Unknown
SYN-DM-02680,7.13,217.12,110.72,0.97,80.32,395.85,161.24,56.5,401.11,Fasting
SYN-DM-02681,10.13,224.79,291.72,1.15,34.97,283.22,165.3,20,207.46,Non-fasting
SYN-DM-02682,10.02,193.05,250.79,0.85,93.68,418.42,64.56,67.5,242.72,Fasting
SYN-DM-02683,6.5,183.33,278.36,1.53,55.66,363.6,70.67,49.7,312.72,Unknown
SYN-DM-02684,7.22,193.27,187.08,0.7,58.65,269.67,102.82,31.2,296.99,Non-fasting
SYN-DM-02685,8.86,156.88,250.06,1.42,95.4,74.0,164.92,41.3,326.24,Non-fasting
SYN-DM-02686,8.63,244.17,302.62,1.99,36.51,51.33,71.4,35.7,190.71,Fasting
SYN-DM-02687,7.57,215.58,230.49,1.03,51.0,200.17,104.69,55.6,279.73,Fasting
SYN-DM-02688,9.31,123.47,145.77,1.18,74.59,50.71,161.95,61.9,319.26,Fasting
SYN-DM-02689,8.35,233.77,168.93,1.66,52.74,82.82,111.91,46.5,283.7,Fasting
SYN-DM-02690,6.86,156.51,237.27,1.79,99.46,378.22,155.51,65.4,284.94,Fasting
SYN-DM-02691,5.93,126.22,193.58,1.54,54.47,93.83,107.3,57.7,266.26,Fasting
SYN-DM-02692,9.96,202.36,284.83,2.08,84.54,371.19,107.16,36.4,344.26,Fasting
SYN-DM-02693,6.59,171.69,292.52,1.37,69.97,151.31,113.72,73.2,190.9,Fasting
SYN-DM-02694,9.44,121.64,225.71,1.75,68.69,14.84,125.69,58.9,298.57,Fasting
SYN-DM-02695,6.42,124.45,121.52,1.8,72.73,260.65,83.95,68.4,281.65,Unknown
SYN-DM-02696,6.72,117.93,219.43,1.82,88.65,236.41,157.7,51.8,202.4,Unknown
SYN-DM-02697,9.74,126.23,147.22,2.25,66.76,151.38,106.68,61.0,294.83,Fasting
SYN-DM-02698,6.97,116.33,143.77,1.55,31.51,136.26,164.24,58.1,284.49,Unknown
SYN-DM-02699,9.95,221.32,176.02,1.86,94.14,368.87,153.85,67.6,185.42,Unknown
SYN-DM-02700,7.58,153.28,217.66,2.05,36.74,61.11,74.92,44.9,242.24,Fasting
SYN-DM-02701,8.81,133.27,126.48,1.27,58.21,149.72,145.04,42.8,237.02,Unknown
SYN-DM-02702,8.26,242.38,306.29,1.0,94.05,355.66,101.33,48.8,261.82,Fasting
SYN-DM-02703,9.41,185.95,242.03,1.02,94.9,89.63,72.82,41.6,124.74,Unknown
SYN-DM-02704,9.06,216.87,219.1,2.11,43.12,78.78,91.81,61.6,161.52,Unknown
SYN-DM-02705,10.19,216.14,194.5,1.38,48.93,307.88,170.42,56.6,220.59,Non-fasting
SYN-DM-02706,8.69,114.54,290.16,0.82,49.42,300.55,159.74,49.0,368.25,Fasting
SYN-DM-02707,9.2,226.75,221.57,1.67,91.55,322.63,125.21,32.9,380.57,Non-fasting
SYN-DM-02708,7.62,225.81,150.64,1.75,93.61,59.93,126.55,47.2,319.3,Fasting
SYN-DM-02709,8.22,128.22,292.9,1.52,89.8,322.67,101.73,50.1,369.26,Unknown
SYN-DM-02710,9.9,113.17,199.28,1.09,71.17,89.2,77.74,59.6,111.76,Unknown
SYN-DM-02711,8.73,93.24,301.82,1.99,53.07,269.01,149.83,65.0,133.38,Fasting
SYN-DM-02712,6.43,116.13,135.1,1.24,60.15,299.32,130.17,44.6,295.57,Unknown
SYN-DM-02713,9.27,203.95,276.53,1.56,79.48,231.44,74.23,45.2,365.66,Unknown
SYN-DM-02714,7.18,114.6,212.17,1.02,44.78,269.28,85.02,43.7,405.04,Fasting
SYN-DM-02715,9.12,142.46,214.59,1.78,42.67,102.24,87.24,29.6,138.03,Unknown
SYN-DM-02716,6.73,186.52,127.57,1.96,35.15,313.78,82.81,75.9,94.33,Non-fasting
SYN-DM-02717,6.01,122.07,242.11,1.24,36.19,123.58,160.96,51.4,195.85,Non-fasting
SYN-DM-02718,7.01,149.79,276.56,1.06,97.93,66.15,153.31,23.8,190.97,Fasting
SYN-DM-02719,7.93,212.05,288.98,1.83,84.36,19.03,107.61,48.3,197.7,Unknown
SYN-DM-02720,7.81,112.31,215.24,1.22,28.27,188.19,86.98,44.4,362.69,Non-fasting
SYN-DM-02721,6.11,165.9,226.09,1.38,56.47,104.32,170.23,46.6,155.28,Fasting
SYN-DM-02722,7.15,199.45,201.48,1.07,34.11,373.78,135.67,50.3,259.7,Unknown
SYN-DM-02723,9.07,202.56,249.3,1.31,91.46,272.76,111.52,51.0,243.87,Unknown
SYN-DM-02724,7.09,140.74,128.68,2.23,92.07,175.72,142.27,60.1,243.18,Unknown
SYN-DM-02725,7.4,149.31,199.39,0.92,90.64,186.5,80.4,31.4,149.04,Fasting
SYN-DM-02726,10.16,124.16,262.65,1.45,73.67,357.76,92.79,36.4,102.26,Fasting
SYN-DM-02727,7.1,170.71,165.77,1.85,60.68,30.0,86.79,57.4,406.12,Fasting
SYN-DM-02728,9.44,135.38,103.46,2.06,73.68,26.68,91.89,35.5,325.76,Unknown
SYN-DM-02729,10.11,100.1,144.21,1.3,89.55,59.94,62.46,20,298.22,Non-fasting
SYN-DM-02730,9.62,94.42,261.73,0.84,68.06,300.82,114.51,57.3,376.8,Non-fasting
SYN-DM-02731,8.33,137.9,169.79,2.19,39.06,399.66,167.04,55.2,405.92,Non-fasting
SYN-DM-02732,7.66,216.68,274.49,1.29,99.34,14.0,140.51,45.4,303.56,Unknown
SYN-DM-02733,9.28,229.27,188.56,1.87,90.19,216.04,71.51,40.0,356.4,Unknown
SYN-DM-02734,7.02,212.61,111.75,1.82,93.93,309.6,162.63,61.6,114.68,Fasting
SYN-DM-02735,7.59,196.8,113.3,1.94,92.27,76.35,120.19,66.0,213.33,Non-fasting
SYN-DM-02736,6.55,155.0,233.46,0.92,33.81,377.54,160.32,45.5,374.29,Fasting
SYN-DM-02737,8.16,204.2,212.41,1.37,34.38,307.26,146.89,36.8,121.68,Unknown
SYN-DM-02738,8.53,93.57,108.13,1.14,98.55,154.27,96.5,64.5,310.71,Unknown
SYN-DM-02739,7.87,199.92,207.59,1.39,74.12,403.53,130.64,26.4,89.22,Non-fasting
SYN-DM-02740,8.44,235.01,116.3,1.81,42.69,274.37,116.54,32.7,293.11,Unknown
SYN-DM-02741,9.83,88.67,175.18,1.46,61.75,34.27,71.56,49.9,396.55,Fasting
SYN-DM-02742,7.83,164.81,145.36,2.3,47.22,128.94,168.66,29.5,386.38,Non-fasting
SYN-DM-02743,9.6,221.07,186.93,0.76,83.48,164.88,102.11,41.4,128.41,Fasting
SYN-DM-02744,6.07,95.14,170.31,0.84,95.56,350.09,80.25,44.2,311.0,Non-fasting
SYN-DM-02745,7.28,96.35,179.06,0.95,100.41,164.39,154.95,34.2,369.12,Unknown
SYN-DM-02746,8.76,195.41,196.97,0.9,72.36,237.53,158.56,33.2,310.65,Unknown
SYN-DM-02747,8.81,113.42,177.97,0.72,96.92,339.18,77.68,49.7,122.12,Fasting
SYN-DM-02748,9.47,133.78,306.55,1.22,51.54,29.17,142.07,48.2,297.8,Non-fasting
SYN-DM-02749,8.86,202.55,152.79,2.05,73.34,34.44,154.96,20,172.93,Non-fasting
SYN-DM-02750,7.16,150.12,112.18,1.66,68.32,31.55,113.0,60.0,126.91,Unknown
SYN-DM-02751,6.76,143.02,144.93,1.55,66.03,293.71,83.43,46.9,244.82,Fasting
SYN-DM-02752,9.9,173.49,299.04,0.8,62.96,76.98,81.71,56.8,152.6,Unknown
SYN-DM-02753,7.84,173.65,183.63,2.14,91.84,331.27,112.46,40.9,103.51,Non-fasting
SYN-DM-02754,6.34,172.98,145.91,1.64,67.86,274.98,69.23,39.5,333.37,Fasting
SYN-DM-02755,9.73,236.77,276.85,1.09,76.53,111.85,133.45,46.5,373.34,Fasting
SYN-DM-02756,7.77,233.28,275.33,1.33,34.61,129.99,141.25,53.5,376.99,Fasting
SYN-DM-02757,8.63,142.16,196.16,1.11,51.04,111.78,142.71,56.7,231.75,Unknown
SYN-DM-02758,7.99,94.8,119.29,2.05,59.61,208.95,151.35,51.7,171.13,Unknown
SYN-DM-02759,9.62,137.54,155.72,1.53,63.7,91.36,63.13,59.1,97.42,Fasting
SYN-DM-02760,8.64,122.84,277.19,1.54,66.24,84.52,97.15,60.8,111.68,Non-fasting
SYN-DM-02761,9.26,205.45,254.6,0.89,43.07,51.99,139.3,40.4,194.24,Non-fasting
SYN-DM-02762,9.76,108.38,238.35,1.84,86.91,23.85,85.44,26.5,298.59,Fasting
SYN-DM-02763,9.92,238.15,260.45,1.43,33.81,330.74,167.67,65.7,120.73,Fasting
SYN-DM-02764,9.13,132.36,102.98,0.87,60.89,37.27,164.13,54.1,101.93,Fasting
SYN-DM-02765,10.12,230.68,247.35,2.24,39.98,19.44,150.87,52.6,207.16,Unknown
SYN-DM-02766,8.6,153.0,209.03,1.79,45.23,388.62,106.48,35.5,371.76,Unknown
SYN-DM-02767,8.64,219.28,303.44,1.88,51.16,376.87,103.82,41.2,239.01,Unknown
SYN-DM-02768,8.29,136.25,141.51,2.03,71.7,68.93,72.13,50.9,149.1,Unknown
SYN-DM-02769,7.18,121.88,235.12,0.88,91.05,293.85,155.11,29.1,386.77,Unknown
SYN-DM-02770,10.07,122.67,153.08,1.5,55.69,375.3,135.46,55.5,387.17,Non-fasting
SYN-DM-02771,6.92,202.79,109.12,2.01,74.67,157.74,65.38,21.5,144.82,Unknown
SYN-DM-02772,7.46,205.94,145.21,2.26,69.02,79.47,170.32,37.2,92.96,Non-fasting
SYN-DM-02773,6.58,144.9,204.46,1.38,81.8,136.73,171.4,30.0,398.35,Fasting
SYN-DM-02774,7.85,180.86,230.62,2.08,33.5,314.27,81.38,29.1,387.43,Non-fasting
SYN-DM-02775,6.64,208.71,198.24,0.8,47.75,37.26,132.02,29.9,247.34,Unknown
SYN-DM-02776,5.85,181.92,281.72,1.07,57.86,360.58,131.84,27.6,100.83,Fasting
SYN-DM-02777,9.89,194.64,158.38,0.74,85.02,276.48,140.56,48.6,198.18,Fasting
SYN-DM-02778,7.14,221.5,182.21,1.43,49.36,293.21,128.82,32.1,171.43,Fasting
SYN-DM-02779,6.0,242.21,278.19,1.36,57.28,93.77,91.14,30.8,212.34,Non-fasting
SYN-DM-02780,8.93,237.18,260.41,1.85,95.63,233.02,82.6,44.8,402.77,Fasting
SYN-DM-02781,7.76,172.58,105.58,1.54,67.79,37.46,89.58,61.5,216.33,Fasting
SYN-DM-02782,9.17,197.14,304.45,1.18,82.9,245.87,128.42,35.7,366.09,Fasting
SYN-DM-02783,9.19,230.3,161.7,1.02,32.8,135.28,69.39,50.3,194.83,Fasting
SYN-DM-02784,5.83,154.32,211.1,1.02,72.15,219.5,122.48,37.3,166.46,Unknown
SYN-DM-02785,6.25,238.21,285.45,1.69,44.24,334.06,73.95,74.0,224.3,Non-fasting
SYN-DM-02786,8.11,212.72,109.61,1.14,74.99,365.78,93.46,44.4,366.6,Unknown
SYN-DM-02787,8.14,101.45,254.97,1.24,52.17,124.68,169.31,43.1,388.15,Fasting
SYN-DM-02788,8.62,183.03,284.84,2.2,90.09,321.81,81.06,53.9,174.8,Unknown
SYN-DM-02789,8.04,224.78,201.21,0.75,43.66,412.65,107.47,33.3,225.86,Non-fasting
SYN-DM-02790,7.13,156.09,118.5,1.37,60.89,335.38,86.03,63.8,302.25,Fasting
SYN-DM-02791,9.77,210.71,135.95,2.02,39.41,300.93,93.87,48.3,173.31,Non-fasting
SYN-DM-02792,10.03,110.09,252.96,2.14,63.34,250.58,123.09,32.3,304.65,Fasting
SYN-DM-02793,8.98,108.03,189.67,1.75,42.97,358.48,159.92,57.6,137.85,Fasting
SYN-DM-02794,6.37,145.48,113.55,1.53,53.83,10.39,132.47,49.1,334.69,Non-fasting
SYN-DM-02795,7.59,112.06,308.64,2.21,71.11,25.36,155.68,33.9,113.27,Unknown
SYN-DM-02796,6.82,119.26,202.63,1.9,62.29,322.07,143.63,46.5,293.81,Fasting
SYN-DM-02797,8.6,243.94,125.33,1.77,95.14,416.84,130.23,48.7,374.29,Fasting
SYN-DM-02798,9.86,226.34,227.46,2.04,65.69,139.88,82.4,47.7,124.1,Unknown
SYN-DM-02799,9.16,143.71,104.13,1.69,42.0,268.45,82.58,46.4,407.21,Fasting
SYN-DM-02800,7.01,142.86,260.31,0.78,48.94,64.38,171.97,35.2,204.99,Non-fasting
SYN-DM-02801,7.28,180.77,274.23,1.26,96.2,392.19,101.92,40.6,350.75,Non-fasting
SYN-DM-02802,7.16,135.53,157.83,1.63,95.03,389.45,128.89,65.1,156.99,Non-fasting
SYN-DM-02803,7.14,172.38,277.53,2.1,94.56,10.08,145.2,61.8,318.59,Unknown
SYN-DM-02804,6.63,235.35,174.3,1.51,93.71,218.5,151.39,44.5,308.9,Fasting
SYN-DM-02805,6.64,152.63,272.85,1.2,53.39,121.55,62.64,50.9,165.87,Unknown
SYN-DM-02806,10.2,222.61,174.92,2.25,79.62,162.71,165.66,39.0,299.83,Fasting
SYN-DM-02807,10.12,132.5,137.54,0.87,100.15,416.94,79.48,49.2,260.1,Unknown
SYN-DM-02808,8.23,107.16,303.65,1.58,43.76,209.06,128.29,67.1,278.0,Fasting
SYN-DM-02809,7.85,140.09,160.21,0.97,72.98,100.77,122.16,42.8,139.19,Fasting
SYN-DM-02810,8.05,193.97,156.39,0.8,30.25,34.72,122.65,44.6,270.9,Fasting
SYN-DM-02811,6.66,133.21,232.12,1.5,77.12,98.95,168.54,43.5,161.89,Fasting
SYN-DM-02812,7.4,243.87,127.49,1.91,81.36,401.69,88.34,54.3,292.4,Non-fasting
SYN-DM-02813,7.39,108.98,171.91,1.83,70.82,241.42,133.14,44.1,136.04,Unknown
SYN-DM-02814,8.23,125.89,158.92,1.04,88.28,258.23,70.23,41.8,259.77,Fasting
SYN-DM-02815,7.85,222.76,140.82,1.65,74.87,105.51,141.09,67.4,218.31,Non-fasting
SYN-DM-02816,9.21,173.59,277.67,1.25,36.31,99.89,69.47,40.6,283.88,Non-fasting
SYN-DM-02817,6.17,89.69,235.19,0.84,49.12,324.95,139.09,71.5,132.86,Fasting
SYN-DM-02818,9.99,111.96,125.33,1.28,44.94,242.39,116.66,34.1,258.58,Non-fasting
SYN-DM-02819,6.62,228.78,308.7,1.51,53.27,241.45,64.9,43.3,94.1,Non-fasting
SYN-DM-02820,9.2,114.06,158.53,1.32,52.04,373.97,172.71,62.5,282.75,Unknown
SYN-DM-02821,8.06,138.03,119.41,1.86,81.62,267.89,129.42,64.7,325.59,Non-fasting
SYN-DM-02822,5.96,151.84,283.16,0.89,34.73,272.57,67.86,33.7,149.85,Fasting
SYN-DM-02823,7.28,222.74,161.39,1.42,35.83,317.9,170.25,66.2,264.18,Fasting
SYN-DM-02824,9.73,135.02,287.85,1.44,52.75,52.54,95.46,56.4,181.56,Unknown
SYN-DM-02825,6.65,236.85,211.41,0.72,51.16,167.39,98.49,54.5,160.98,Fasting
SYN-DM-02826,7.17,122.26,226.35,2.27,44.43,217.49,166.63,20.9,310.53,Fasting
SYN-DM-02827,9.65,138.6,306.63,1.4,55.68,123.99,79.14,55.5,168.34,Fasting
SYN-DM-02828,7.71,124.03,171.32,0.83,71.21,250.37,72.65,53.4,396.96,Fasting
SYN-DM-02829,7.5,148.22,293.24,1.59,34.3,102.75,104.97,46.7,135.77,Non-fasting
SYN-DM-02830,9.35,244.07,263.0,0.87,94.15,167.25,147.68,44.5,227.18,Fasting
SYN-DM-02831,9.22,147.7,189.62,1.68,41.09,97.17,153.69,47.5,407.13,Unknown
SYN-DM-02832,9.6,164.84,297.75,1.82,48.38,157.46,158.0,54.3,254.87,Non-fasting
SYN-DM-02833,8.91,200.15,103.6,1.01,76.83,296.15,88.61,33.8,199.26,Unknown
SYN-DM-02834,7.82,212.39,109.53,1.3,31.84,288.34,157.79,35.0,128.62,Non-fasting
SYN-DM-02835,6.62,109.21,137.39,1.57,97.11,236.83,115.18,41.1,90.52,Non-fasting
SYN-DM-02836,10.07,188.72,208.22,1.76,76.79,58.59,136.97,54.4,167.52,Fasting
SYN-DM-02837,6.34,154.93,222.35,1.54,99.98,73.42,104.15,53.2,238.75,Fasting
SYN-DM-02838,9.41,102.15,302.35,1.91,56.31,86.83,106.64,34.5,268.72,Unknown
SYN-DM-02839,6.67,210.9,241.3,1.63,91.2,262.54,82.08,20,304.46,Fasting
SYN-DM-02840,6.34,130.8,217.79,1.34,48.85,403.84,141.9,45.6,113.62,Non-fasting
SYN-DM-02841,9.41,236.67,222.52,1.64,71.76,210.84,77.77,50.8,408.01,Unknown
SYN-DM-02842,6.35,235.73,266.65,2.0,94.87,119.3,80.63,50.2,157.05,Fasting
SYN-DM-02843,9.28,107.39,273.49,1.59,51.15,372.81,112.62,48.5,282.99,Unknown
SYN-DM-02844,8.09,225.32,196.45,1.37,80.97,83.88,95.75,46.4,184.02,Non-fasting
SYN-DM-02845,6.82,176.27,297.4,1.8,48.8,70.52,170.71,40.1,361.64,Fasting
SYN-DM-02846,9.91,179.21,147.44,1.39,48.6,292.62,161.28,47.5,235.04,Fasting
SYN-DM-02847,9.14,159.62,303.76,1.28,63.16,253.89,63.69,40.9,194.71,Unknown
SYN-DM-02848,6.15,122.22,201.66,2.23,51.51,10.95,84.77,43.7,311.41,Non-fasting
SYN-DM-02849,9.04,206.61,203.5,1.12,86.75,93.1,101.11,42.0,249.2,Non-fasting
SYN-DM-02850,7.1,235.89,280.71,1.18,50.23,116.77,164.69,47.8,254.01,Unknown
SYN-DM-02851,7.73,132.15,175.62,1.23,38.9,11.95,117.74,48.8,301.01,Unknown
SYN-DM-02852,10.07,213.07,166.5,0.75,82.4,213.3,131.19,48.8,121.76,Unknown
SYN-DM-02853,9.13,123.43,289.26,0.71,60.82,82.89,96.18,43.5,205.26,Fasting
SYN-DM-02854,10.06,125.3,122.45,2.04,95.35,139.75,71.9,36.6,193.86,Non-fasting
SYN-DM-02855,8.72,147.64,207.73,2.26,83.12,254.5,75.07,52.3,326.24,Unknown
SYN-DM-02856,9.12,127.41,282.62,1.53,76.86,284.3,112.45,61.7,309.06,Fasting
SYN-DM-02857,9.3,212.58,203.02,1.38,28.58,205.59,155.42,44.0,288.36,Fasting
SYN-DM-02858,5.96,161.46,109.31,1.12,34.55,358.61,95.46,34.8,178.21,Non-fasting
SYN-DM-02859,6.75,184.93,159.44,1.67,39.58,170.34,78.37,33.2,147.43,Fasting
SYN-DM-02860,6.11,98.53,255.84,1.52,55.2,180.37,118.52,30.6,230.11,Fasting
SYN-DM-02861,8.43,137.26,242.09,2.09,69.03,398.07,136.84,40.2,317.3,Fasting
SYN-DM-02862,8.73,118.26,251.24,0.96,87.1,166.31,143.2,36.6,104.45,Non-fasting
SYN-DM-02863,7.95,184.51,158.44,1.14,97.62,294.6,91.35,45.8,113.92,Fasting
SYN-DM-02864,7.26,102.26,155.67,1.02,87.64,290.45,131.06,45.2,294.79,Non-fasting
SYN-DM-02865,7.42,103.34,287.49,1.67,87.91,358.01,117.33,29.1,168.98,Unknown
SYN-DM-02866,7.1,125.7,145.95,0.95,40.02,413.33,85.38,46.6,109.24,Fasting
SYN-DM-02867,8.64,181.07,108.95,1.41,68.96,92.5,166.69,34.9,224.26,Unknown
SYN-DM-02868,7.69,117.01,248.88,0.89,51.89,101.49,63.22,46.6,401.98,Unknown
SYN-DM-02869,7.19,105.22,140.06,1.43,84.96,136.59,134.42,51.7,252.9,Fasting
SYN-DM-02870,8.63,123.85,245.94,0.84,82.12,157.43,129.08,42.5,359.5,Fasting
SYN-DM-02871,8.18,133.95,211.49,0.82,62.07,419.73,145.59,46.0,374.16,Fasting
SYN-DM-02872,8.08,147.99,154.89,0.84,92.18,45.98,125.37,57.8,314.52,Fasting
SYN-DM-02873,6.66,184.05,173.96,1.83,77.51,178.09,90.5,46.2,173.35,Non-fasting
SYN-DM-02874,7.16,168.74,284.62,2.05,28.16,132.32,142.9,73.8,111.14,Unknown
SYN-DM-02875,9.86,184.16,249.46,1.72,75.43,326.5,130.95,55.9,204.34,Fasting
SYN-DM-02876,8.67,89.93,259.88,1.27,55.95,22.94,90.41,20,392.23,Fasting
SYN-DM-02877,8.84,225.96,188.25,1.51,86.34,227.67,109.89,40.5,361.4,Unknown
SYN-DM-02878,8.54,206.81,200.35,1.27,55.83,194.56,64.31,26.0,341.95,Unknown
SYN-DM-02879,8.85,215.19,151.16,1.45,75.63,39.39,173.1,49.8,194.81,Unknown
SYN-DM-02880,6.7,185.53,121.59,1.12,41.74,350.86,121.25,45.7,318.44,Unknown
SYN-DM-02881,6.76,102.28,183.93,1.45,59.87,217.16,161.23,31.6,171.23,Non-fasting
SYN-DM-02882,8.2,136.96,105.95,1.27,61.34,207.42,79.02,70.7,162.97,Non-fasting
SYN-DM-02883,7.93,179.7,119.24,1.32,88.9,322.51,68.72,45.9,308.05,Unknown
SYN-DM-02884,6.44,199.98,250.45,1.64,97.34,338.05,152.34,44.0,111.59,Fasting
SYN-DM-02885,8.72,131.99,193.47,1.95,100.68,164.97,101.9,24.9,385.53,Fasting
SYN-DM-02886,7.95,202.51,154.87,2.12,84.47,151.67,144.0,63.9,202.94,Fasting
SYN-DM-02887,7.45,237.18,262.13,1.59,69.73,353.83,167.23,46.9,89.24,Fasting
SYN-DM-02888,8.14,201.43,309.51,1.11,38.0,334.55,120.73,34.1,280.97,Non-fasting
SYN-DM-02889,7.41,117.15,216.13,1.74,52.43,21.68,154.27,53.9,90.65,Non-fasting
SYN-DM-02890,6.86,94.84,106.83,0.93,48.97,81.14,122.55,47.6,106.71,Non-fasting
SYN-DM-02891,6.19,169.18,260.0,1.1,34.5,261.66,124.59,53.9,134.0,Unknown
SYN-DM-02892,7.68,195.83,119.55,2.15,33.17,121.87,104.99,55.9,365.95,Non-fasting
SYN-DM-02893,6.94,131.56,136.47,1.57,35.05,160.64,109.75,47.9,402.81,Fasting
SYN-DM-02894,7.73,166.38,149.86,1.93,44.44,168.97,127.27,54.0,258.14,Fasting
SYN-DM-02895,8.26,146.54,240.94,0.9,66.37,117.27,69.58,53.7,92.72,Non-fasting
SYN-DM-02896,8.69,91.6,137.33,0.72,92.49,62.95,133.23,51.0,121.2,Unknown
SYN-DM-02897,9.73,198.47,236.68,1.4,50.73,282.06,67.8,41.0,248.84,Unknown
SYN-DM-02898,9.46,205.2,159.97,1.55,53.73,45.77,148.54,37.6,295.8,Unknown
SYN-DM-02899,9.05,187.49,155.0,1.82,44.1,401.24,127.23,41.3,109.24,Non-fasting
SYN-DM-02900,7.47,160.94,282.77,1.28,59.66,338.45,138.18,53.9,361.38,Unknown
SYN-DM-02901,6.19,149.9,103.8,1.51,94.54,138.1,62.12,29.7,112.89,Non-fasting
SYN-DM-02902,8.28,240.49,293.68,2.0,94.25,97.22,97.6,46.6,281.92,Unknown
SYN-DM-02903,9.03,145.43,114.67,1.83,90.73,74.64,97.86,54.2,285.7,Non-fasting
SYN-DM-02904,6.31,105.32,237.3,2.29,33.33,322.91,65.87,40.2,120.69,Fasting
SYN-DM-02905,7.26,110.76,105.31,1.82,66.49,155.91,112.96,74.6,163.84,Unknown
SYN-DM-02906,7.06,218.29,256.52,2.11,30.71,382.05,134.04,65.7,243.81,Fasting
SYN-DM-02907,9.07,153.63,297.83,0.91,45.3,222.56,101.09,48.3,207.84,Unknown
SYN-DM-02908,10.05,139.03,130.88,0.84,95.33,38.35,148.5,36.7,162.1,Non-fasting
SYN-DM-02909,6.16,150.31,243.75,2.03,77.88,151.41,140.85,41.1,346.39,Non-fasting
SYN-DM-02910,6.73,116.94,163.45,1.51,49.35,52.89,149.7,49.7,246.73,Unknown
SYN-DM-02911,9.92,208.66,187.52,1.37,54.21,63.72,104.57,49.7,273.01,Fasting
SYN-DM-02912,9.09,225.29,245.06,2.05,81.28,275.22,72.26,58.7,225.79,Non-fasting
SYN-DM-02913,9.32,227.91,138.09,0.82,99.2,333.99,94.39,34.6,158.86,Non-fasting
SYN-DM-02914,7.86,215.01,174.92,1.84,58.3,112.54,146.74,32.8,117.59,Unknown
SYN-DM-02915,5.99,88.25,192.27,1.96,64.85,381.21,148.26,65.0,136.14,Fasting
SYN-DM-02916,5.88,89.35,245.64,1.65,80.56,293.05,117.13,23.4,308.78,Fasting
SYN-DM-02917,10.17,173.56,151.97,2.12,70.83,179.48,170.99,36.8,408.83,Fasting
SYN-DM-02918,9.52,182.68,253.55,1.02,65.49,341.94,132.16,27.3,136.84,Unknown
SYN-DM-02919,6.44,114.04,176.01,2.11,66.34,263.42,114.98,71.7,221.27,Non-fasting
SYN-DM-02920,6.3,150.98,161.35,0.97,97.57,272.49,104.75,37.9,385.26,Non-fasting
SYN-DM-02921,6.16,123.97,175.69,2.25,98.06,344.14,167.01,26.0,289.8,Fasting
SYN-DM-02922,9.54,241.85,177.71,1.94,100.76,274.72,68.33,67.9,104.88,Unknown
SYN-DM-02923,8.27,112.73,243.64,2.17,60.54,145.12,81.99,33.4,263.75,Fasting
SYN-DM-02924,8.35,96.33,210.62,1.77,83.91,293.86,107.59,39.9,373.71,Fasting
SYN-DM-02925,6.81,137.57,309.34,1.6,89.92,339.21,134.6,51.0,361.06,Non-fasting
SYN-DM-02926,9.18,170.3,126.37,1.28,84.25,253.98,96.16,43.1,316.26,Fasting
SYN-DM-02927,6.19,137.39,204.16,1.27,94.04,57.68,132.55,75.2,388.23,Fasting
SYN-DM-02928,8.22,241.14,138.7,2.1,28.2,181.93,81.22,52.1,246.65,Non-fasting
SYN-DM-02929,8.21,156.82,286.49,1.0,93.42,285.86,113.8,54.2,196.09,Fasting
SYN-DM-02930,6.57,102.43,309.9,2.16,100.83,372.79,161.74,29.2,292.7,Unknown
SYN-DM-02931,7.14,154.08,203.46,1.74,100.69,383.79,90.89,45.4,383.4,Non-fasting
SYN-DM-02932,7.71,128.22,148.63,1.4,63.85,295.35,145.73,63.6,201.72,Unknown
SYN-DM-02933,6.52,104.06,119.78,1.16,34.61,202.99,112.08,52.7,235.28,Non-fasting
SYN-DM-02934,6.63,225.0,197.4,1.88,78.85,277.12,164.31,35.5,95.1,Unknown
SYN-DM-02935,8.48,110.34,295.19,2.1,66.64,299.19,79.99,26.4,188.36,Non-fasting
SYN-DM-02936,9.23,203.59,104.27,0.97,68.02,11.32,73.56,47.0,226.15,Fasting
SYN-DM-02937,7.35,196.07,199.92,1.67,34.66,306.02,123.36,63.5,362.62,Unknown
SYN-DM-02938,7.48,121.82,280.72,1.19,88.53,292.31,157.74,44.8,381.46,Unknown
SYN-DM-02939,8.21,198.36,199.23,1.92,72.79,302.48,146.66,64.5,262.68,Fasting
SYN-DM-02940,7.65,207.01,200.58,0.82,68.62,107.33,155.53,60.2,295.96,Unknown
SYN-DM-02941,10.05,124.89,265.98,1.22,65.46,330.63,77.67,52.9,257.41,Non-fasting
SYN-DM-02942,8.16,158.03,168.88,1.15,91.65,340.3,165.49,27.1,379.12,Non-fasting
SYN-DM-02943,8.92,111.43,274.19,0.75,86.06,28.49,73.4,46.6,387.26,Non-fasting
SYN-DM-02944,8.82,116.27,105.43,1.98,50.07,397.1,64.49,26.2,369.68,Unknown
SYN-DM-02945,9.68,113.28,170.61,1.56,82.3,359.39,138.29,80.5,255.01,Fasting
SYN-DM-02946,9.05,194.15,278.19,1.91,59.74,119.73,77.49,46.5,285.16,Non-fasting
SYN-DM-02947,9.76,188.62,234.53,2.16,70.23,354.72,133.86,53.6,97.18,Non-fasting
SYN-DM-02948,8.77,205.82,112.42,1.46,40.11,411.45,160.31,46.3,168.51,Non-fasting
SYN-DM-02949,7.85,222.35,191.32,1.7,52.95,104.96,108.33,33.5,313.4,Non-fasting
SYN-DM-02950,9.36,186.08,166.95,1.45,101.19,220.44,121.39,54.3,310.64,Unknown
SYN-DM-02951,7.18,129.36,270.85,1.15,44.46,340.01,155.52,48.3,256.05,Unknown
SYN-DM-02952,6.06,219.32,197.68,1.46,99.15,162.64,137.72,47.5,241.83,Fasting
SYN-DM-02953,5.97,201.71,286.37,0.95,63.73,143.55,79.48,41.4,407.2,Unknown
SYN-DM-02954,6.24,146.24,114.39,0.75,35.85,349.58,116.75,51.2,162.45,Non-fasting
SYN-DM-02955,6.81,165.41,282.79,2.17,47.01,345.45,123.61,49.8,308.67,Unknown
SYN-DM-02956,8.33,232.85,193.84,1.08,70.95,155.36,63.86,30.5,404.16,Non-fasting
SYN-DM-02957,9.18,220.69,288.25,1.49,45.39,143.88,120.82,52.5,390.29,Unknown
SYN-DM-02958,7.39,214.05,273.38,1.42,54.51,263.94,69.92,39.6,243.15,Fasting
SYN-DM-02959,7.76,189.25,232.32,1.74,99.02,117.83,169.4,44.5,141.26,Fasting
SYN-DM-02960,9.5,139.87,303.36,0.77,90.2,206.27,138.46,36.9,233.01,Unknown
SYN-DM-02961,6.66,209.4,296.26,0.81,64.58,365.38,111.95,61.2,302.65,Unknown
SYN-DM-02962,5.9,225.39,150.67,1.29,93.0,143.79,144.84,23.2,179.65,Non-fasting
SYN-DM-02963,9.03,222.18,167.04,2.08,81.89,356.59,114.6,31.9,268.66,Unknown
SYN-DM-02964,9.85,215.62,224.45,0.73,50.17,342.04,113.14,40.0,151.48,Non-fasting
SYN-DM-02965,7.0,150.96,274.28,1.37,72.06,401.64,173.86,37.1,155.28,Unknown
SYN-DM-02966,9.66,163.56,259.76,1.22,50.54,230.99,172.31,65.5,327.01,Fasting
SYN-DM-02967,7.19,118.13,135.27,1.61,53.3,192.86,132.92,38.8,347.29,Fasting
SYN-DM-02968,9.32,92.76,175.57,1.25,83.49,384.72,125.43,36.3,152.63,Fasting
SYN-DM-02969,7.5,183.06,285.85,0.72,84.99,418.58,151.67,36.7,100.18,Fasting
SYN-DM-02970,8.16,103.74,124.13,1.64,57.6,102.32,147.23,65.4,375.24,Non-fasting
SYN-DM-02971,8.12,131.45,156.03,1.78,84.86,223.93,117.06,55.7,134.92,Unknown
SYN-DM-02972,8.83,209.7,133.65,0.73,91.5,264.66,101.71,35.9,300.04,Fasting
SYN-DM-02973,8.39,196.14,203.07,1.38,74.63,97.99,168.27,46.0,156.1,Fasting
SYN-DM-02974,6.34,158.3,202.59,2.19,75.32,332.84,79.25,49.0,139.89,Unknown
SYN-DM-02975,7.12,168.47,206.03,1.13,93.24,272.06,137.84,37.2,185.9,Non-fasting
SYN-DM-02976,6.29,102.01,162.73,0.8,54.5,39.24,101.65,45.8,116.82,Non-fasting
SYN-DM-02977,9.34,165.27,227.88,2.1,33.29,169.64,160.13,51.9,145.73,Non-fasting
SYN-DM-02978,6.51,112.09,252.56,1.77,85.8,208.1,87.27,53.5,292.24,Unknown
SYN-DM-02979,7.04,204.13,203.38,2.04,46.55,399.89,92.19,41.4,157.0,Non-fasting
SYN-DM-02980,7.89,208.52,281.56,1.68,89.37,21.13,133.44,57.9,294.76,Unknown
SYN-DM-02981,9.91,97.73,227.25,2.26,99.52,210.23,62.05,45.3,135.79,Fasting
SYN-DM-02982,5.88,116.79,126.79,2.23,68.89,23.65,79.31,68.0,133.05,Unknown
SYN-DM-02983,6.15,217.3,148.88,1.25,55.92,348.58,137.87,43.2,119.26,Unknown
SYN-DM-02984,9.22,147.63,240.9,0.85,48.15,82.93,95.94,42.4,277.81,Non-fasting
SYN-DM-02985,9.79,201.63,132.8,2.03,48.92,181.53,81.64,32.2,404.03,Fasting
SYN-DM-02986,8.12,206.18,253.91,2.23,78.05,326.93,90.78,48.7,94.61,Non-fasting
SYN-DM-02987,8.56,163.22,223.72,1.72,67.16,298.82,63.54,60.6,248.04,Unknown
SYN-DM-02988,8.49,165.29,171.09,1.68,101.5,86.7,159.14,20,374.08,Fasting
SYN-DM-02989,8.65,227.37,105.85,2.27,56.72,359.41,129.92,43.7,362.49,Non-fasting
SYN-DM-02990,6.77,227.16,233.38,1.77,61.22,39.33,97.23,44.9,303.81,Non-fasting
SYN-DM-02991,9.85,108.56,169.63,0.85,71.15,351.23,79.87,50.3,350.07,Non-fasting
SYN-DM-02992,8.43,165.71,106.14,0.71,93.33,183.94,148.51,33.5,117.61,Unknown
SYN-DM-02993,9.54,97.97,115.64,2.06,34.7,148.25,108.59,37.5,396.2,Non-fasting
SYN-DM-02994,7.87,233.06,143.01,1.29,101.65,96.94,138.79,60.4,195.75,Fasting
SYN-DM-02995,8.03,109.87,246.59,1.78,92.42,206.08,92.97,56.1,224.57,Unknown
SYN-DM-02996,9.66,89.67,121.75,1.76,49.47,16.91,168.67,51.3,321.15,Fasting
SYN-DM-02997,8.78,188.94,221.03,1.36,61.24,370.99,126.62,83.2,227.64,Unknown
SYN-DM-02998,7.01,99.14,244.95,1.98,90.28,69.63,125.2,44.1,140.18,Unknown
SYN-DM-02999,9.65,220.33,289.82,1.05,99.63,188.79,104.62,47.1,331.29,Fasting
SYN-DM-03000,7.06,134.95,287.58,1.59,56.46,316.32,90.13,66.3,155.58,Unknown
SYN-DM-03001,9.5,223.88,206.74,2.19,32.39,235.14,62.86,53.8,178.84,Unknown
SYN-DM-03002,7.81,181.44,307.95,1.56,29.27,149.61,97.04,58.5,349.08,Non-fasting
SYN-DM-03003,9.7,204.57,217.57,1.19,64.12,274.48,135.61,63.5,278.11,Non-fasting
SYN-DM-03004,6.75,241.67,260.3,0.84,53.91,120.41,124.19,62.3,245.1,Non-fasting
SYN-DM-03005,7.37,167.75,253.92,1.8,97.75,281.23,129.55,30.2,153.44,Unknown
SYN-DM-03006,8.81,134.55,278.17,1.37,53.93,400.5,68.84,60.0,372.73,Fasting
SYN-DM-03007,7.49,184.87,282.41,1.17,96.0,271.85,152.72,64.0,252.29,Fasting
SYN-DM-03008,8.59,134.83,177.95,2.13,85.83,212.24,169.87,30.4,255.4,Fasting
SYN-DM-03009,8.08,126.05,240.91,1.72,62.87,34.72,136.41,41.5,394.11,Unknown
SYN-DM-03010,9.51,236.8,200.33,1.66,50.42,135.63,165.44,50.6,288.15,Non-fasting
SYN-DM-03011,6.09,198.21,102.44,2.16,92.22,137.25,75.93,44.6,89.1,Non-fasting
SYN-DM-03012,6.55,161.38,199.64,0.89,51.86,272.0,85.9,54.8,298.09,Unknown
SYN-DM-03013,8.65,196.43,172.33,1.12,36.43,298.84,77.01,76.9,117.13,Non-fasting
SYN-DM-03014,9.15,110.9,309.12,1.61,61.79,166.25,137.18,35.5,358.86,Fasting
SYN-DM-03015,7.96,212.71,300.02,1.73,52.89,158.72,168.68,44.0,303.19,Unknown
SYN-DM-03016,8.36,154.08,191.09,1.35,38.08,72.73,131.78,27.6,321.83,Fasting
SYN-DM-03017,6.83,152.07,191.6,1.41,89.47,127.21,142.59,55.2,374.67,Unknown
SYN-DM-03018,9.2,218.94,161.26,1.83,29.21,235.69,102.69,59.2,371.49,Unknown
SYN-DM-03019,7.75,124.97,149.27,1.92,65.6,29.11,115.43,25.7,366.06,Fasting
SYN-DM-03020,7.93,193.57,257.18,0.73,91.12,217.51,71.14,20,273.06,Fasting
SYN-DM-03021,6.66,112.18,220.4,1.47,62.3,135.32,83.93,26.6,251.91,Non-fasting
SYN-DM-03022,7.34,217.94,182.32,1.39,51.06,358.5,100.59,55.4,95.56,Non-fasting
SYN-DM-03023,5.81,183.81,157.84,0.87,57.59,332.59,90.97,55.2,225.15,Unknown
SYN-DM-03024,9.33,202.64,153.75,2.13,32.63,288.41,153.93,64.3,271.45,Non-fasting
SYN-DM-03025,9.01,139.77,218.69,0.86,53.49,177.7,160.47,27.7,139.59,Unknown
SYN-DM-03026,6.89,178.68,253.8,1.71,84.9,231.71,70.8,28.3,132.47,Non-fasting
SYN-DM-03027,8.6,122.75,250.83,1.39,34.3,293.96,82.64,65.4,393.15,Unknown
SYN-DM-03028,7.45,130.06,127.0,2.22,45.15,221.19,151.93,39.5,319.01,Fasting
SYN-DM-03029,9.77,118.42,235.17,2.21,34.5,379.4,117.73,48.9,395.37,Non-fasting
SYN-DM-03030,8.38,103.15,208.79,2.25,91.58,191.05,72.55,60.1,366.21,Unknown
SYN-DM-03031,7.0,107.66,285.0,1.56,40.63,201.06,115.24,44.5,123.67,Non-fasting
SYN-DM-03032,7.37,157.86,167.99,1.54,50.1,168.57,143.11,50.5,341.9,Fasting
SYN-DM-03033,9.64,120.76,275.21,2.27,88.74,101.09,127.78,43.9,359.4,Non-fasting
SYN-DM-03034,8.65,198.72,175.3,2.14,83.36,281.07,168.02,42.3,388.18,Unknown
SYN-DM-03035,8.95,119.05,132.31,1.99,38.15,317.82,69.91,31.3,100.53,Fasting
SYN-DM-03036,8.71,211.09,109.77,0.79,49.02,349.61,171.14,68.6,238.98,Unknown
SYN-DM-03037,9.17,178.33,132.12,2.13,38.3,239.93,138.42,53.7,315.94,Non-fasting
SYN-DM-03038,9.14,176.06,309.41,1.7,39.67,164.37,136.7,49.6,340.59,Fasting
SYN-DM-03039,8.48,220.79,213.3,1.17,41.97,343.51,116.75,43.0,188.48,Non-fasting
SYN-DM-03040,8.32,92.29,103.74,1.7,37.34,259.27,110.97,40.7,337.73,Fasting
SYN-DM-03041,7.76,108.35,308.15,0.93,33.54,335.52,159.87,30.5,121.7,Fasting
SYN-DM-03042,7.99,116.84,192.15,1.2,72.61,179.73,133.11,47.2,145.51,Unknown
SYN-DM-03043,7.14,239.5,201.75,2.01,96.41,119.47,158.77,53.9,358.4,Unknown
SYN-DM-03044,8.34,224.29,200.12,1.86,35.43,164.4,64.32,36.3,240.04,Non-fasting
SYN-DM-03045,9.7,191.7,269.46,1.06,60.48,301.37,164.64,47.3,189.97,Non-fasting
SYN-DM-03046,6.7,213.34,189.01,1.68,28.91,173.81,94.17,45.7,335.42,Fasting
SYN-DM-03047,8.59,218.71,218.74,1.18,93.04,419.26,129.68,46.1,139.39,Non-fasting
SYN-DM-03048,9.48,123.42,156.38,1.26,30.73,212.52,94.31,58.1,151.6,Unknown
SYN-DM-03049,9.89,155.05,207.52,1.33,46.64,337.17,151.32,26.2,98.27,Fasting
SYN-DM-03050,9.62,181.93,294.06,1.11,71.24,243.76,64.52,41.4,347.5,Fasting
SYN-DM-03051,7.08,185.6,169.04,1.82,36.19,313.25,82.84,59.0,313.82,Unknown
SYN-DM-03052,9.89,156.29,180.23,1.0,96.42,258.99,63.82,24.0,91.37,Fasting
SYN-DM-03053,7.77,201.51,201.35,2.2,79.66,356.4,70.92,48.5,321.62,Fasting
SYN-DM-03054,7.83,225.35,108.29,1.53,47.67,324.79,65.68,46.7,294.28,Unknown
SYN-DM-03055,9.38,149.62,109.27,0.71,64.6,179.2,160.84,46.4,380.82,Unknown
SYN-DM-03056,6.84,217.42,285.07,1.24,85.65,224.12,155.87,46.6,196.18,Fasting
SYN-DM-03057,9.52,209.01,204.04,1.42,75.64,264.82,129.6,36.1,242.73,Fasting
SYN-DM-03058,6.96,223.11,275.4,1.12,67.77,291.57,158.01,62.7,193.67,Unknown
SYN-DM-03059,8.91,152.4,187.16,2.01,46.53,401.94,106.59,34.4,180.57,Non-fasting
SYN-DM-03060,9.09,108.9,286.69,1.47,38.29,357.75,71.44,41.1,266.75,Unknown
SYN-DM-03061,9.33,163.78,260.81,1.1,98.14,203.44,172.61,65.3,408.63,Unknown
SYN-DM-03062,8.34,241.88,146.76,1.22,93.16,136.45,126.12,49.0,217.9,Unknown
SYN-DM-03063,7.42,144.13,214.65,1.21,39.7,364.03,114.19,44.9,209.96,Unknown
SYN-DM-03064,6.22,218.19,143.26,1.88,54.16,266.37,133.16,36.0,259.08,Unknown
SYN-DM-03065,7.59,138.59,199.68,0.75,94.08,400.04,150.06,53.8,367.34,Non-fasting
SYN-DM-03066,7.2,167.8,106.34,1.85,28.0,171.02,134.85,33.8,113.43,Unknown
SYN-DM-03067,6.47,95.2,119.42,1.78,101.17,309.27,119.19,58.3,259.64,Unknown
SYN-DM-03068,9.78,192.78,127.69,1.86,71.06,199.17,172.53,65.2,191.59,Non-fasting
SYN-DM-03069,9.13,190.25,260.64,1.01,84.74,395.22,142.23,59.2,91.79,Non-fasting
SYN-DM-03070,9.58,126.55,294.38,1.01,46.68,374.22,100.47,39.2,263.28,Fasting
SYN-DM-03071,8.33,126.86,230.36,1.63,35.52,296.92,139.63,20,174.26,Fasting
SYN-DM-03072,7.01,144.02,147.17,1.8,70.34,156.02,83.24,55.7,386.12,Non-fasting
SYN-DM-03073,7.93,160.34,157.55,0.95,89.19,210.27,170.09,30.2,266.43,Fasting
SYN-DM-03074,6.86,238.11,127.09,2.18,53.3,133.62,166.64,44.3,114.99,Non-fasting
SYN-DM-03075,9.38,240.33,171.55,1.09,58.67,257.17,157.47,47.5,267.43,Fasting
SYN-DM-03076,10.13,226.65,302.49,1.62,79.37,365.12,93.22,55.1,362.06,Fasting
SYN-DM-03077,8.69,158.09,147.22,2.14,46.86,362.3,140.57,44.7,324.61,Fasting
SYN-DM-03078,7.77,208.93,285.7,1.06,36.46,143.05,133.78,31.4,96.88,Non-fasting
SYN-DM-03079,6.22,207.2,165.48,1.47,73.04,178.29,84.62,31.9,160.99,Fasting
SYN-DM-03080,10.0,92.73,228.96,1.72,48.34,357.4,74.56,52.8,122.02,Fasting
SYN-DM-03081,8.18,221.37,277.29,2.26,49.52,335.85,163.93,48.3,372.0,Unknown
SYN-DM-03082,6.63,197.26,240.75,1.18,33.34,161.79,137.97,37.0,330.63,Non-fasting
SYN-DM-03083,7.93,155.34,233.16,1.89,72.55,24.95,163.39,50.0,356.49,Non-fasting
SYN-DM-03084,8.24,195.49,236.05,0.73,71.08,393.67,154.56,58.5,351.32,Fasting
SYN-DM-03085,8.48,97.72,259.98,1.18,82.23,337.02,146.34,20,298.11,Unknown
SYN-DM-03086,8.73,201.17,182.18,1.79,52.97,270.12,149.62,44.3,224.41,Non-fasting
SYN-DM-03087,6.29,210.5,202.04,1.47,98.61,148.23,163.6,53.2,195.5,Non-fasting
SYN-DM-03088,7.81,186.95,305.18,1.04,56.28,70.79,83.15,46.9,264.65,Fasting
SYN-DM-03089,6.8,148.16,303.32,2.3,36.12,341.09,108.42,32.9,296.31,Unknown
SYN-DM-03090,10.12,100.37,233.01,1.38,97.81,36.7,62.84,57.4,204.98,Unknown
SYN-DM-03091,7.64,159.27,226.51,1.0,91.45,414.97,98.28,28.3,98.6,Fasting
SYN-DM-03092,9.84,179.62,149.3,0.74,43.96,112.16,127.35,54.0,291.93,Unknown
SYN-DM-03093,9.3,189.48,243.67,2.02,89.09,349.25,136.8,41.2,332.26,Unknown
SYN-DM-03094,6.09,113.66,219.73,2.26,55.1,58.96,91.61,20.0,232.9,Non-fasting
SYN-DM-03095,8.51,142.35,254.91,1.02,60.05,314.94,82.81,41.4,222.54,Unknown
SYN-DM-03096,7.77,159.61,200.96,2.24,90.67,250.2,64.63,48.8,178.95,Unknown
SYN-DM-03097,8.21,240.63,182.38,1.0,95.79,168.7,89.05,36.4,298.72,Unknown
SYN-DM-03098,8.29,163.33,170.31,1.95,28.48,32.44,161.84,74.7,149.16,Non-fasting
SYN-DM-03099,8.35,197.97,118.24,1.57,60.1,150.22,113.09,62.6,275.43,Unknown
SYN-DM-03100,9.48,104.62,229.17,1.58,46.58,114.98,113.59,63.5,381.63,Fasting
SYN-DM-03101,10.13,117.71,274.65,1.34,58.1,106.64,62.32,53.6,235.82,Non-fasting
SYN-DM-03102,7.85,109.25,224.51,1.46,52.77,173.71,115.41,38.0,354.0,Non-fasting
SYN-DM-03103,10.12,195.67,274.3,2.01,95.35,348.25,170.44,53.1,200.64,Fasting
SYN-DM-03104,8.61,237.64,257.74,1.73,101.09,398.33,153.52,58.3,102.75,Unknown
SYN-DM-03105,7.61,124.54,191.7,1.58,83.4,299.03,145.34,40.5,163.84,Unknown
SYN-DM-03106,8.96,121.79,287.64,1.57,86.46,372.57,151.84,58.7,154.86,Non-fasting
SYN-DM-03107,8.02,129.06,309.48,0.93,82.42,46.19,172.34,36.3,128.98,Unknown
SYN-DM-03108,6.15,97.93,114.45,1.85,68.49,306.66,81.24,42.5,256.98,Unknown
SYN-DM-03109,9.98,132.92,287.52,2.25,76.92,41.74,71.53,56.8,316.17,Fasting
SYN-DM-03110,6.48,202.22,103.39,1.18,33.51,362.69,163.04,46.5,373.77,Unknown
SYN-DM-03111,8.9,210.74,219.1,0.93,81.91,86.6,125.02,36.0,376.45,Non-fasting
SYN-DM-03112,9.74,102.34,117.41,0.97,44.23,252.79,83.76,53.7,208.23,Fasting
SYN-DM-03113,8.5,180.26,175.23,2.2,64.67,235.77,82.76,67.9,384.99,Fasting
SYN-DM-03114,7.51,224.58,135.59,0.78,77.53,180.66,84.94,54.5,303.99,Unknown
SYN-DM-03115,10.0,217.12,168.18,2.23,37.44,325.57,129.24,57.1,351.83,Fasting
SYN-DM-03116,7.49,231.32,301.98,1.44,80.86,52.31,122.45,37.8,92.17,Non-fasting
SYN-DM-03117,5.94,186.51,266.33,2.15,63.45,307.94,92.59,47.0,367.02,Unknown
SYN-DM-03118,7.74,126.47,185.04,1.62,33.77,267.89,165.45,39.9,327.93,Unknown
SYN-DM-03119,7.67,199.6,158.62,2.0,76.56,335.78,134.29,58.1,219.62,Unknown
SYN-DM-03120,8.42,179.63,258.44,1.62,33.46,193.79,129.27,65.3,139.06,Non-fasting
SYN-DM-03121,7.99,139.73,237.24,1.74,40.47,219.91,76.32,40.4,322.01,Non-fasting
SYN-DM-03122,8.05,158.36,271.49,0.75,40.15,266.46,120.56,33.9,334.73,Non-fasting
SYN-DM-03123,9.15,97.52,131.06,1.53,45.32,53.36,80.09,57.6,177.23,Unknown
SYN-DM-03124,10.15,116.61,123.17,1.1,68.69,250.82,158.72,63.7,222.76,Non-fasting
SYN-DM-03125,9.98,92.93,153.5,1.57,61.23,130.16,167.34,46.9,402.34,Non-fasting
SYN-DM-03126,6.77,237.06,201.24,1.66,74.41,53.99,155.92,58.4,273.61,Unknown
SYN-DM-03127,9.32,156.45,239.83,1.59,40.92,310.97,144.13,28.0,346.33,Unknown
SYN-DM-03128,9.99,95.32,225.01,0.94,85.68,392.74,124.79,44.9,144.97,Non-fasting
SYN-DM-03129,8.76,172.21,214.57,1.38,32.14,361.32,140.04,50.9,211.4,Non-fasting
SYN-DM-03130,8.66,229.3,166.67,2.13,51.33,46.02,136.83,63.0,393.13,Non-fasting
SYN-DM-03131,8.74,215.82,285.75,2.18,56.85,177.98,132.74,42.5,213.29,Non-fasting
SYN-DM-03132,9.71,229.86,111.69,1.32,99.3,131.9,166.91,50.1,149.86,Unknown
SYN-DM-03133,9.54,140.91,148.56,2.14,73.64,387.35,141.19,85.1,401.03,Unknown
SYN-DM-03134,8.86,147.11,190.83,1.32,70.12,59.3,148.7,50.9,147.86,Fasting
SYN-DM-03135,10.05,100.31,287.28,0.88,28.07,60.18,137.1,58.7,167.64,Unknown
SYN-DM-03136,6.0,181.36,131.88,2.29,32.03,394.78,149.02,59.3,401.26,Non-fasting
SYN-DM-03137,7.33,180.97,281.6,1.27,43.98,56.82,87.01,47.9,221.93,Unknown
SYN-DM-03138,7.79,177.9,119.7,1.73,61.14,325.12,131.35,65.5,234.66,Unknown
SYN-DM-03139,7.48,144.75,270.17,1.82,40.16,64.53,114.24,20,201.26,Non-fasting
SYN-DM-03140,7.2,120.25,165.59,1.73,76.98,369.54,162.75,41.1,181.34,Unknown
SYN-DM-03141,6.48,214.55,214.52,1.89,83.79,256.3,70.32,45.1,169.17,Non-fasting
SYN-DM-03142,8.67,214.52,278.46,0.94,89.47,180.38,162.22,76.8,96.99,Unknown
SYN-DM-03143,6.69,136.55,261.49,1.29,49.62,91.5,68.16,40.6,208.35,Fasting
SYN-DM-03144,8.7,197.53,297.55,1.67,98.48,357.59,163.82,46.8,353.32,Unknown
SYN-DM-03145,9.61,104.48,242.4,0.71,75.14,260.17,116.75,44.0,401.52,Fasting
SYN-DM-03146,9.92,209.58,144.43,1.2,53.94,207.78,78.53,61.2,95.27,Non-fasting
SYN-DM-03147,9.39,165.04,190.92,0.77,41.2,309.22,124.21,43.2,256.67,Fasting
SYN-DM-03148,8.75,221.89,209.8,0.77,71.34,130.88,170.95,60.7,130.04,Non-fasting
SYN-DM-03149,8.61,235.16,155.56,1.91,86.18,113.68,81.56,45.1,227.34,Unknown
SYN-DM-03150,8.46,164.41,279.53,1.09,51.17,160.34,165.25,44.0,193.01,Non-fasting
SYN-DM-03151,8.89,137.46,269.33,1.73,67.97,333.62,128.05,40.5,284.93,Fasting
SYN-DM-03152,9.8,236.75,240.2,1.96,76.65,48.31,167.39,50.4,194.5,Non-fasting
SYN-DM-03153,7.05,238.06,154.88,1.98,72.09,345.39,135.99,56.2,209.52,Fasting
SYN-DM-03154,9.17,204.16,174.87,1.3,39.17,139.69,118.02,40.0,287.48,Unknown
SYN-DM-03155,6.97,170.11,215.83,1.14,71.06,290.48,73.26,54.8,402.45,Non-fasting
SYN-DM-03156,5.84,160.78,271.94,2.25,35.44,399.57,70.24,76.8,144.68,Unknown
SYN-DM-03157,7.29,231.36,263.85,1.79,53.79,278.52,91.36,59.2,88.23,Non-fasting
SYN-DM-03158,7.68,189.24,287.88,1.23,84.94,303.16,83.06,29.7,219.26,Non-fasting
SYN-DM-03159,9.23,218.99,231.38,1.97,31.97,260.01,162.8,29.8,113.95,Fasting
SYN-DM-03160,9.75,107.51,287.53,2.03,83.67,318.55,94.86,29.6,344.75,Fasting
SYN-DM-03161,6.38,216.43,128.51,2.22,71.02,62.87,66.85,48.1,345.02,Non-fasting
SYN-DM-03162,8.04,106.66,293.16,1.48,37.02,108.44,74.81,46.6,350.03,Fasting
SYN-DM-03163,9.96,138.89,122.04,1.45,101.36,314.98,152.39,57.0,360.84,Non-fasting
SYN-DM-03164,10.18,168.73,266.15,2.29,58.0,57.99,122.71,59.8,93.87,Non-fasting
SYN-DM-03165,8.82,161.96,288.52,2.14,59.43,168.58,147.94,41.3,114.53,Non-fasting
SYN-DM-03166,9.87,196.36,182.06,1.01,94.44,130.96,102.45,45.9,195.18,Unknown
SYN-DM-03167,9.85,243.5,209.08,0.95,29.95,229.82,75.13,47.9,278.68,Fasting
SYN-DM-03168,7.89,217.69,147.32,1.46,62.25,247.74,83.71,41.6,285.78,Unknown
SYN-DM-03169,8.37,110.77,304.55,2.02,63.49,44.77,112.65,37.8,183.05,Fasting
SYN-DM-03170,6.17,113.15,118.34,1.72,78.79,319.9,139.27,43.5,241.27,Non-fasting
SYN-DM-03171,9.12,112.58,146.13,2.23,45.17,247.39,79.15,50.2,225.72,Unknown
SYN-DM-03172,6.81,89.33,183.47,0.8,28.65,190.2,160.54,58.7,160.76,Unknown
SYN-DM-03173,5.95,201.56,251.27,1.79,87.58,404.45,111.22,40.1,390.12,Non-fasting
SYN-DM-03174,6.6,202.79,181.6,1.08,62.97,343.18,120.6,47.1,316.97,Unknown
SYN-DM-03175,9.27,129.11,109.25,2.13,38.05,52.38,71.79,54.1,255.06,Fasting
SYN-DM-03176,9.9,90.36,173.38,2.21,86.43,260.17,155.3,41.5,262.23,Non-fasting
SYN-DM-03177,9.47,96.06,288.74,1.52,37.36,307.1,138.16,68.8,363.8,Fasting
SYN-DM-03178,6.77,225.21,143.34,0.88,82.52,193.63,83.76,31.7,285.26,Non-fasting
SYN-DM-03179,6.1,230.15,180.95,1.82,73.25,54.99,71.53,55.0,150.1,Non-fasting
SYN-DM-03180,7.97,102.49,133.92,1.96,83.65,196.61,166.15,39.8,388.45,Non-fasting
SYN-DM-03181,7.16,130.06,276.77,2.27,52.75,352.31,120.76,70.4,115.09,Non-fasting
SYN-DM-03182,6.6,206.22,292.36,0.89,45.5,178.9,127.98,53.5,253.82,Fasting
SYN-DM-03183,8.12,183.18,192.93,1.42,95.33,179.61,165.17,31.0,265.42,Fasting
SYN-DM-03184,8.92,94.87,158.73,1.78,58.64,190.31,113.93,72.0,329.42,Unknown
SYN-DM-03185,7.73,197.08,122.16,2.26,36.95,240.69,146.68,62.1,311.62,Unknown
SYN-DM-03186,6.4,185.56,186.04,1.49,78.06,231.63,145.36,37.4,128.25,Fasting
SYN-DM-03187,7.65,161.38,148.9,1.33,38.59,329.3,108.55,35.1,295.07,Non-fasting
SYN-DM-03188,7.84,238.1,202.68,2.08,69.98,279.34,168.96,41.2,128.69,Non-fasting
SYN-DM-03189,6.94,227.43,247.69,1.74,80.03,241.9,138.83,66.0,274.25,Non-fasting
SYN-DM-03190,5.83,169.81,286.66,0.95,101.34,214.01,106.32,48.5,112.12,Non-fasting
SYN-DM-03191,8.22,164.31,199.76,2.29,63.62,34.84,63.57,42.3,183.83,Fasting
SYN-DM-03192,9.35,105.26,252.64,1.14,64.03,127.36,95.36,71.6,218.33,Fasting
SYN-DM-03193,9.61,169.73,102.71,1.53,88.42,89.57,161.09,37.4,255.56,Fasting
SYN-DM-03194,8.89,155.56,192.69,1.23,100.37,84.21,74.54,55.4,130.3,Unknown
SYN-DM-03195,8.21,121.3,123.55,1.22,62.82,244.83,163.69,55.9,251.77,Unknown
SYN-DM-03196,7.52,110.92,108.39,1.69,69.57,240.99,64.47,51.6,213.82,Unknown
SYN-DM-03197,7.39,133.13,134.78,0.81,54.74,66.03,100.16,49.5,379.0,Non-fasting
SYN-DM-03198,9.72,209.58,207.75,0.9,71.16,317.2,109.57,59.2,322.41,Unknown
SYN-DM-03199,9.11,137.69,200.39,2.27,93.69,288.08,89.92,46.1,386.38,Unknown
SYN-DM-03200,8.71,104.46,144.25,0.99,56.16,295.1,112.95,20,351.71,Non-fasting
SYN-DM-03201,6.52,206.21,291.68,1.15,32.47,111.87,70.91,51.6,350.62,Unknown
SYN-DM-03202,8.81,162.36,262.25,1.05,59.5,203.26,142.29,28.0,332.54,Fasting
SYN-DM-03203,8.78,139.61,228.99,2.29,71.71,407.88,102.23,61.4,349.19,Unknown
SYN-DM-03204,7.93,148.64,169.26,1.49,55.34,306.36,103.25,48.9,406.68,Non-fasting
SYN-DM-03205,7.84,143.14,262.03,1.07,84.49,305.22,155.06,22.5,300.26,Non-fasting
SYN-DM-03206,9.67,232.75,195.44,1.3,74.02,394.17,83.67,39.2,279.31,Fasting
SYN-DM-03207,7.72,98.23,186.93,2.1,60.6,336.47,124.4,42.8,279.43,Non-fasting
SYN-DM-03208,7.05,223.84,287.86,0.9,64.55,61.42,149.23,53.6,205.15,Unknown
SYN-DM-03209,9.89,140.81,160.2,1.05,87.24,305.87,135.4,27.8,176.94,Fasting
SYN-DM-03210,6.64,173.57,234.79,1.17,49.39,177.82,128.81,47.9,394.46,Unknown
SYN-DM-03211,6.78,239.78,181.68,0.83,101.02,323.03,98.96,39.1,222.94,Fasting
SYN-DM-03212,6.47,212.86,126.5,2.14,69.82,396.83,62.78,32.5,209.69,Unknown
SYN-DM-03213,7.52,147.8,246.85,2.26,55.04,190.46,69.57,65.0,218.03,Non-fasting
SYN-DM-03214,6.71,191.29,151.79,1.93,73.63,347.77,97.16,42.1,395.02,Unknown
SYN-DM-03215,7.12,91.94,223.19,1.46,28.09,55.12,167.74,38.8,246.76,Unknown
SYN-DM-03216,5.99,148.12,301.26,0.74,81.46,146.57,172.08,58.1,164.59,Fasting
SYN-DM-03217,9.56,132.57,217.47,1.23,71.44,170.03,68.89,57.1,334.17,Fasting
SYN-DM-03218,6.52,244.32,171.93,1.28,29.16,239.43,84.15,47.3,323.96,Fasting
SYN-DM-03219,6.51,135.48,232.58,1.02,56.98,67.44,119.06,41.8,326.21,Non-fasting
SYN-DM-03220,7.59,176.89,152.31,1.4,84.8,204.81,63.51,52.1,123.31,Fasting
SYN-DM-03221,8.74,243.82,228.13,0.93,96.73,161.13,142.63,40.8,269.17,Fasting
SYN-DM-03222,7.39,213.24,184.23,2.11,101.96,391.25,74.21,39.2,253.28,Fasting
SYN-DM-03223,8.11,98.28,160.09,1.29,62.79,415.69,102.28,57.5,319.49,Non-fasting
SYN-DM-03224,7.12,211.82,228.33,1.63,91.48,234.93,126.55,56.4,369.89,Unknown
SYN-DM-03225,7.57,122.21,276.53,2.17,51.8,309.03,132.95,55.2,141.1,Fasting
SYN-DM-03226,8.34,128.72,143.98,1.54,60.31,105.96,84.65,71.9,155.83,Unknown
SYN-DM-03227,9.35,108.34,268.14,1.59,94.1,386.6,139.69,50.9,179.14,Unknown
SYN-DM-03228,6.4,243.96,191.34,1.88,97.01,258.69,85.62,38.8,108.29,Fasting
SYN-DM-03229,6.7,191.26,212.66,1.1,96.69,340.66,132.92,31.9,108.41,Unknown
SYN-DM-03230,6.22,193.82,181.47,1.98,68.39,26.37,159.38,38.9,362.39,Fasting
SYN-DM-03231,7.0,209.47,210.54,2.07,49.7,235.19,90.69,51.8,409.94,Fasting
SYN-DM-03232,9.07,123.86,152.76,1.44,69.39,62.77,90.16,35.9,297.25,Unknown
SYN-DM-03233,9.16,174.9,276.95,1.3,48.29,325.12,130.04,52.8,236.31,Fasting
SYN-DM-03234,8.15,182.78,247.39,1.76,90.88,330.64,62.85,42.2,409.01,Fasting
SYN-DM-03235,9.69,112.48,127.94,0.94,92.4,303.89,72.32,31.1,356.74,Fasting
SYN-DM-03236,7.91,210.02,236.19,2.08,92.98,42.33,148.29,20,101.61,Unknown
SYN-DM-03237,5.92,176.0,170.21,2.24,92.81,225.5,126.6,33.9,300.66,Non-fasting
SYN-DM-03238,9.87,99.48,213.74,0.9,67.26,303.1,173.86,39.5,345.77,Fasting
SYN-DM-03239,7.15,225.69,238.1,1.06,47.45,196.78,166.27,53.4,207.2,Non-fasting
SYN-DM-03240,9.81,100.99,110.0,1.17,82.79,392.32,100.79,47.1,241.65,Fasting
SYN-DM-03241,6.86,179.69,280.57,0.74,92.18,333.59,167.37,48.6,194.8,Fasting
SYN-DM-03242,5.97,178.41,206.42,1.29,75.6,159.9,142.52,45.5,347.65,Unknown
SYN-DM-03243,7.94,154.08,118.86,1.75,47.74,43.8,145.64,44.1,378.31,Unknown
SYN-DM-03244,9.56,149.25,229.35,0.78,48.34,251.68,129.14,52.1,353.71,Non-fasting
SYN-DM-03245,8.94,186.41,295.95,0.8,47.89,356.44,166.71,49.5,383.03,Fasting
SYN-DM-03246,9.57,191.76,276.79,0.7,78.73,10.08,85.03,35.9,356.7,Non-fasting
SYN-DM-03247,7.52,231.55,201.02,1.33,92.66,189.96,147.9,69.0,383.3,Unknown
SYN-DM-03248,6.37,149.49,184.69,2.09,88.59,173.7,123.2,44.7,158.91,Non-fasting
SYN-DM-03249,9.93,241.74,279.39,1.52,36.03,288.9,163.08,47.0,167.21,Unknown
SYN-DM-03250,7.74,171.43,162.23,1.35,33.93,75.25,166.08,45.7,397.93,Non-fasting
SYN-DM-03251,8.43,106.1,271.24,1.63,79.84,128.71,63.5,49.1,339.83,Unknown
SYN-DM-03252,8.8,227.27,168.3,1.32,92.73,254.72,130.91,44.8,308.81,Fasting
SYN-DM-03253,8.45,199.73,129.43,1.29,93.13,182.75,137.35,39.8,394.65,Unknown
SYN-DM-03254,6.99,141.57,208.23,0.86,79.37,64.03,171.38,57.8,406.64,Non-fasting
SYN-DM-03255,9.67,168.21,133.35,2.03,80.96,47.26,93.16,33.7,312.26,Unknown
SYN-DM-03256,9.13,224.2,137.48,1.56,91.3,391.43,62.55,43.6,200.78,Unknown
SYN-DM-03257,8.91,178.96,194.6,1.83,29.3,25.83,68.5,33.6,130.66,Non-fasting
SYN-DM-03258,7.37,137.8,107.48,2.19,31.55,244.2,138.21,73.1,381.79,Unknown
SYN-DM-03259,6.51,233.66,200.26,1.05,79.88,173.04,106.53,54.1,186.22,Fasting
SYN-DM-03260,7.99,115.15,304.23,1.49,69.86,11.66,110.94,27.4,316.03,Unknown
SYN-DM-03261,6.27,102.66,289.87,1.41,96.72,156.92,168.83,54.6,169.06,Non-fasting
SYN-DM-03262,6.99,225.93,226.6,1.52,66.73,190.1,134.8,42.4,113.04,Fasting
SYN-DM-03263,6.88,170.08,189.42,0.92,74.6,162.92,138.62,47.7,215.97,Unknown
SYN-DM-03264,7.45,208.55,240.58,2.05,72.88,92.96,132.86,48.9,318.94,Fasting
SYN-DM-03265,10.2,128.82,151.67,1.99,99.57,63.97,130.62,49.5,196.74,Non-fasting
SYN-DM-03266,7.08,149.07,138.81,0.79,92.12,154.29,165.55,62.3,402.98,Non-fasting
SYN-DM-03267,9.96,159.36,293.06,1.44,79.21,295.57,150.78,44.6,388.65,Non-fasting
SYN-DM-03268,5.91,210.99,110.7,2.05,28.34,27.71,143.61,49.1,339.21,Fasting
SYN-DM-03269,7.01,129.28,207.47,1.07,30.84,345.75,96.56,61.8,283.01,Fasting
SYN-DM-03270,7.85,136.69,233.92,1.0,56.36,256.13,67.42,63.2,188.7,Fasting
SYN-DM-03271,6.54,147.73,122.03,0.96,30.88,53.91,73.17,36.5,221.54,Fasting
SYN-DM-03272,9.47,95.71,295.91,1.68,93.88,106.42,70.18,20,363.57,Unknown
SYN-DM-03273,8.38,120.97,229.93,1.26,61.42,399.65,162.52,45.5,163.25,Fasting
SYN-DM-03274,6.54,218.03,124.25,1.11,71.99,407.45,166.55,50.9,342.69,Non-fasting
SYN-DM-03275,8.96,95.47,272.85,1.21,101.5,242.53,74.63,51.8,256.16,Unknown
SYN-DM-03276,9.22,157.55,219.43,2.27,31.48,141.79,113.0,49.2,380.07,Non-fasting
SYN-DM-03277,6.42,166.26,241.8,0.77,95.03,155.07,141.46,47.5,404.41,Unknown
SYN-DM-03278,5.89,204.52,144.86,1.86,44.33,359.39,87.14,50.3,322.17,Fasting
SYN-DM-03279,8.82,207.38,187.65,1.35,53.3,355.75,74.87,33.7,266.24,Non-fasting
SYN-DM-03280,9.44,104.35,119.1,1.48,65.06,102.2,63.99,43.9,156.06,Fasting
SYN-DM-03281,6.65,150.68,125.37,1.11,76.7,233.9,74.24,48.0,252.94,Non-fasting
SYN-DM-03282,9.9,117.89,140.73,0.79,75.33,150.03,87.39,38.9,151.42,Fasting
SYN-DM-03283,6.09,212.58,190.07,1.48,32.32,341.65,122.41,61.8,147.8,Unknown
SYN-DM-03284,9.36,95.14,118.4,2.11,75.35,166.68,98.97,67.4,302.63,Fasting
SYN-DM-03285,6.02,89.6,167.2,0.73,33.28,325.03,117.71,42.9,304.13,Non-fasting
SYN-DM-03286,5.91,211.49,165.05,2.02,47.71,393.73,123.93,47.6,305.14,Unknown
SYN-DM-03287,9.44,162.68,131.46,2.1,86.6,158.53,129.04,61.3,143.44,Fasting
SYN-DM-03288,7.79,145.01,177.05,1.73,87.2,35.55,145.23,46.9,330.27,Unknown
SYN-DM-03289,9.98,219.58,127.49,1.77,97.12,56.73,74.62,66.8,203.28,Fasting
SYN-DM-03290,7.23,102.19,272.46,0.79,73.13,98.23,128.47,31.3,400.79,Non-fasting
SYN-DM-03291,8.4,184.64,217.55,0.84,81.99,18.97,159.13,34.6,390.22,Fasting
SYN-DM-03292,6.22,114.64,172.15,0.71,35.61,221.21,161.29,50.8,301.27,Unknown
SYN-DM-03293,7.14,147.64,200.34,1.74,44.65,329.85,93.71,40.8,223.61,Unknown
SYN-DM-03294,7.91,172.01,280.82,2.22,34.81,409.33,86.37,30.2,193.21,Non-fasting
SYN-DM-03295,8.59,98.73,242.54,1.57,86.31,22.33,103.84,35.4,114.12,Non-fasting
SYN-DM-03296,7.49,161.8,303.53,1.24,59.41,211.54,72.49,51.7,143.75,Unknown
SYN-DM-03297,7.9,141.73,262.85,1.11,73.37,336.22,125.04,26.1,134.97,Unknown
SYN-DM-03298,7.01,121.5,289.44,1.54,56.18,224.32,133.29,26.6,288.33,Fasting
SYN-DM-03299,9.63,132.53,158.12,1.87,58.59,276.33,107.69,53.5,179.62,Unknown
SYN-DM-03300,5.9,142.17,168.69,1.4,76.44,305.64,93.23,52.5,296.33,Non-fasting
SYN-DM-03301,9.72,207.03,238.24,1.88,28.14,239.24,115.74,30.6,153.09,Fasting
SYN-DM-03302,7.79,99.7,209.4,1.65,49.69,234.27,113.25,45.4,366.39,Unknown
SYN-DM-03303,7.93,193.78,117.48,2.28,64.17,204.96,141.32,38.4,367.23,Non-fasting
SYN-DM-03304,9.34,137.23,287.65,1.34,46.18,153.7,162.58,37.4,363.11,Fasting
SYN-DM-03305,6.41,242.35,304.98,0.81,40.15,245.34,155.06,60.3,310.68,Non-fasting
SYN-DM-03306,8.32,244.18,216.04,2.03,58.99,413.33,140.66,55.0,165.82,Fasting
SYN-DM-03307,6.78,170.88,296.84,1.16,95.06,40.29,108.49,51.5,331.42,Non-fasting
SYN-DM-03308,5.95,225.62,283.09,2.04,51.18,206.72,64.65,46.0,243.75,Non-fasting
SYN-DM-03309,7.44,203.22,242.13,1.11,94.38,261.22,123.23,64.6,89.59,Unknown
SYN-DM-03310,8.2,189.49,151.61,1.7,65.51,112.96,65.89,73.1,366.93,Fasting
SYN-DM-03311,6.85,239.09,115.06,1.33,54.34,263.64,133.35,42.3,381.36,Unknown
SYN-DM-03312,6.2,94.27,196.16,2.07,91.28,306.33,113.83,20,333.17,Unknown
SYN-DM-03313,6.22,200.62,211.25,1.13,59.85,57.92,108.54,53.5,107.84,Non-fasting
SYN-DM-03314,10.13,190.06,251.97,1.74,72.07,260.54,133.6,31.9,178.8,Non-fasting
SYN-DM-03315,9.19,93.26,227.76,1.55,61.85,367.37,118.39,57.9,238.25,Unknown
SYN-DM-03316,7.5,123.66,165.56,1.74,100.36,149.51,116.83,27.6,95.17,Non-fasting
SYN-DM-03317,5.94,225.86,300.13,1.8,29.79,335.45,95.97,45.7,268.16,Non-fasting
SYN-DM-03318,6.62,203.74,162.51,1.03,49.43,247.81,121.42,36.9,342.33,Fasting
SYN-DM-03319,8.52,186.79,280.13,0.98,99.32,416.77,76.72,23.6,403.77,Unknown
SYN-DM-03320,6.32,100.75,252.23,1.02,45.94,231.16,136.54,46.7,379.24,Unknown
SYN-DM-03321,9.35,209.65,238.96,1.25,60.17,249.54,65.82,46.6,212.9,Fasting
SYN-DM-03322,6.54,210.27,165.49,2.19,93.34,316.84,106.66,45.9,370.16,Fasting
SYN-DM-03323,10.17,170.54,279.75,2.14,48.84,237.84,163.23,45.4,259.78,Fasting
SYN-DM-03324,8.16,125.87,121.69,0.88,82.88,350.79,148.83,49.0,141.13,Fasting
SYN-DM-03325,9.46,235.24,137.89,1.99,49.79,340.63,130.3,48.4,337.38,Unknown
SYN-DM-03326,8.83,103.23,128.49,1.88,66.89,258.08,155.78,49.4,405.77,Fasting
SYN-DM-03327,9.52,167.43,246.09,1.6,46.57,332.22,71.28,50.2,106.96,Unknown
SYN-DM-03328,6.37,230.29,270.18,0.9,68.45,157.52,75.8,47.5,126.0,Fasting
SYN-DM-03329,6.74,111.92,142.33,1.53,75.2,281.09,153.05,43.7,196.49,Unknown
SYN-DM-03330,7.2,128.65,178.43,2.29,99.58,249.81,121.69,54.8,373.29,Unknown
SYN-DM-03331,8.86,121.47,274.51,1.35,88.77,397.51,147.3,68.2,93.8,Fasting
SYN-DM-03332,8.87,104.64,162.33,1.84,69.32,419.97,86.91,66.9,189.21,Non-fasting
SYN-DM-03333,7.51,107.39,265.92,1.61,47.99,34.79,141.08,24.6,161.92,Fasting
SYN-DM-03334,8.23,174.21,255.34,1.97,86.38,260.76,160.62,50.4,167.96,Unknown
SYN-DM-03335,8.75,211.06,140.51,0.99,47.0,403.38,128.22,57.9,386.24,Unknown
SYN-DM-03336,7.91,106.2,268.46,1.94,62.83,238.81,75.23,25.3,114.54,Non-fasting
SYN-DM-03337,9.4,133.22,308.51,1.01,77.59,337.89,105.16,20,305.72,Unknown
SYN-DM-03338,8.37,134.1,190.76,2.03,59.44,95.88,81.27,48.0,409.76,Unknown
SYN-DM-03339,7.97,176.24,256.53,1.59,57.25,363.79,137.78,30.1,146.36,Unknown
SYN-DM-03340,10.04,154.48,301.93,1.81,34.95,219.88,143.58,49.2,89.63,Fasting
SYN-DM-03341,7.39,108.69,254.3,1.68,87.63,236.9,154.19,61.6,334.97,Fasting
SYN-DM-03342,6.6,228.25,252.78,1.77,72.32,301.87,172.89,52.8,156.72,Unknown
SYN-DM-03343,6.8,134.93,302.75,0.84,90.43,203.2,151.19,52.7,104.08,Unknown
SYN-DM-03344,8.49,105.98,170.23,1.47,97.88,104.77,123.91,31.8,323.38,Non-fasting
SYN-DM-03345,8.18,135.73,247.99,1.36,72.91,267.04,151.95,50.5,380.78,Non-fasting
SYN-DM-03346,6.6,163.56,240.91,1.1,30.38,346.91,169.59,57.3,129.34,Fasting
SYN-DM-03347,6.22,147.77,165.72,1.01,55.52,26.37,169.47,25.9,201.54,Non-fasting
SYN-DM-03348,9.07,165.88,129.96,1.39,38.75,195.31,110.29,58.5,167.96,Non-fasting
SYN-DM-03349,7.81,133.34,157.16,1.13,29.85,253.65,130.87,63.8,203.53,Non-fasting
SYN-DM-03350,5.94,193.34,234.24,2.1,74.72,201.01,94.76,54.0,176.07,Non-fasting
SYN-DM-03351,6.4,182.75,148.93,0.87,46.56,89.24,151.29,64.3,327.65,Non-fasting
SYN-DM-03352,7.53,236.09,245.07,1.58,99.84,53.51,96.33,54.7,376.75,Unknown
SYN-DM-03353,8.12,136.15,189.02,1.89,83.69,209.74,92.58,51.1,102.32,Unknown
SYN-DM-03354,6.65,145.28,154.1,2.17,45.4,182.61,171.69,48.9,408.77,Non-fasting
SYN-DM-03355,8.9,158.19,224.15,2.04,98.39,49.27,148.47,52.1,144.33,Unknown
SYN-DM-03356,10.16,134.55,185.29,0.83,61.29,213.82,76.9,55.5,165.91,Fasting
SYN-DM-03357,6.35,132.72,220.65,2.23,98.17,64.52,154.18,47.3,176.26,Unknown
SYN-DM-03358,8.35,239.99,163.45,0.74,94.62,285.1,77.64,41.4,144.13,Unknown
SYN-DM-03359,8.43,171.81,291.84,1.49,90.46,353.7,126.36,39.0,304.09,Non-fasting
SYN-DM-03360,8.03,139.99,227.16,2.11,55.49,68.53,169.44,48.2,326.91,Unknown
SYN-DM-03361,8.6,225.36,307.41,2.0,28.5,361.53,78.96,38.6,279.1,Non-fasting
SYN-DM-03362,8.45,145.35,153.51,0.94,70.14,266.24,171.29,72.9,227.71,Unknown
SYN-DM-03363,9.78,135.3,245.28,1.11,40.56,113.96,138.65,55.5,186.48,Fasting
SYN-DM-03364,6.72,88.86,130.59,0.72,47.15,355.95,156.79,49.4,191.26,Non-fasting
SYN-DM-03365,6.63,158.81,255.52,2.21,67.86,413.89,138.85,47.7,134.8,Non-fasting
SYN-DM-03366,10.12,128.4,171.36,1.56,96.3,288.35,112.14,67.1,379.84,Non-fasting
SYN-DM-03367,6.99,153.56,119.43,1.83,81.23,249.25,169.9,43.4,373.51,Fasting
SYN-DM-03368,6.08,191.75,157.57,2.15,47.44,365.14,148.56,43.7,173.69,Non-fasting
SYN-DM-03369,10.07,179.98,247.7,0.95,82.42,404.14,84.24,59.3,401.14,Non-fasting
SYN-DM-03370,5.95,120.25,293.78,1.3,86.83,379.41,129.27,64.7,292.35,Unknown
SYN-DM-03371,6.08,156.67,117.76,1.25,65.38,337.16,94.95,71.3,119.62,Unknown
SYN-DM-03372,7.76,104.35,207.26,1.95,88.95,391.06,141.92,58.1,236.49,Fasting
SYN-DM-03373,7.15,223.48,151.29,1.51,64.16,332.64,123.46,65.4,292.61,Fasting
SYN-DM-03374,8.22,134.23,149.56,1.9,91.77,178.04,152.88,59.6,279.35,Fasting
SYN-DM-03375,5.85,99.93,295.07,2.19,74.1,293.85,167.43,27.4,172.28,Non-fasting
SYN-DM-03376,9.85,115.05,126.4,0.78,46.34,239.45,108.28,68.1,115.63,Unknown
SYN-DM-03377,6.48,106.23,176.49,1.71,39.81,330.29,71.92,61.5,227.4,Fasting
SYN-DM-03378,9.15,178.73,159.89,0.8,40.74,123.92,170.05,52.8,194.09,Fasting
SYN-DM-03379,8.06,183.19,236.4,1.51,86.1,41.27,86.88,25.7,239.56,Non-fasting
SYN-DM-03380,8.04,237.43,140.25,2.08,71.73,413.26,117.82,41.7,333.64,Fasting
SYN-DM-03381,7.65,112.84,261.0,1.58,65.08,282.74,85.39,61.3,385.28,Non-fasting
SYN-DM-03382,9.38,217.1,225.85,1.93,59.68,356.41,124.11,38.7,320.39,Non-fasting
SYN-DM-03383,9.58,123.79,287.04,1.98,54.1,274.2,137.16,54.3,91.99,Non-fasting
SYN-DM-03384,6.04,190.21,292.55,1.42,52.39,270.59,160.52,56.3,401.27,Unknown
SYN-DM-03385,7.44,127.64,150.43,0.82,81.43,124.04,167.89,64.4,127.99,Non-fasting
SYN-DM-03386,7.77,110.92,136.76,1.09,35.37,178.51,142.55,22.9,315.8,Non-fasting
SYN-DM-03387,7.1,91.35,111.55,1.58,73.68,306.4,110.74,37.0,265.34,Fasting
SYN-DM-03388,8.19,118.01,265.18,0.88,30.63,344.91,95.49,44.4,96.28,Unknown
SYN-DM-03389,6.54,195.65,201.69,2.15,93.32,392.48,161.57,38.5,309.99,Unknown
SYN-DM-03390,8.76,148.75,281.8,0.89,58.95,232.55,64.47,67.2,106.67,Unknown
SYN-DM-03391,10.16,153.88,209.73,0.87,46.97,129.55,108.98,57.0,314.4,Fasting
SYN-DM-03392,8.01,185.79,139.69,1.91,61.88,32.19,145.8,70.8,336.74,Unknown
SYN-DM-03393,5.88,219.38,199.79,2.3,97.35,411.51,92.73,38.3,327.04,Fasting
SYN-DM-03394,8.43,150.76,227.84,2.2,64.92,335.07,67.76,81.8,262.61,Non-fasting
SYN-DM-03395,8.97,153.29,198.61,2.26,77.73,80.54,82.89,36.6,313.24,Unknown
SYN-DM-03396,9.84,184.84,218.34,1.49,76.26,393.99,121.44,42.0,309.0,Fasting
SYN-DM-03397,6.76,139.81,108.69,1.78,52.81,31.75,139.57,36.6,145.36,Unknown
SYN-DM-03398,6.51,185.39,204.88,1.4,74.82,395.43,111.43,44.8,312.01,Unknown
SYN-DM-03399,9.36,121.33,217.53,1.98,29.62,293.13,136.12,47.6,309.07,Non-fasting
SYN-DM-03400,8.86,168.72,202.59,2.06,90.82,108.67,165.91,28.8,336.72,Unknown
SYN-DM-03401,8.26,188.49,159.19,1.71,100.57,310.1,71.01,55.4,113.31,Non-fasting
SYN-DM-03402,6.8,239.9,220.26,0.77,77.42,307.15,67.79,39.2,251.99,Fasting
SYN-DM-03403,7.21,95.38,162.17,1.32,64.3,368.66,158.88,41.7,401.14,Non-fasting
SYN-DM-03404,8.91,151.5,229.91,0.7,82.9,114.25,76.0,61.2,374.46,Unknown
SYN-DM-03405,6.43,200.85,286.02,0.85,53.7,197.77,100.88,53.5,400.81,Unknown
SYN-DM-03406,7.06,91.82,109.81,1.84,99.58,382.96,99.15,69.9,284.04,Non-fasting
SYN-DM-03407,6.61,95.54,112.86,1.1,80.26,190.47,157.6,33.5,250.47,Unknown
SYN-DM-03408,8.63,165.74,198.91,1.32,96.56,332.11,107.08,49.4,306.43,Fasting
SYN-DM-03409,7.62,140.45,303.82,0.93,35.33,300.52,121.74,63.3,159.87,Non-fasting
SYN-DM-03410,7.09,117.54,249.01,1.21,81.16,295.85,98.62,37.2,215.56,Unknown
SYN-DM-03411,10.06,204.88,266.72,2.25,62.7,245.69,170.1,47.8,359.6,Unknown
SYN-DM-03412,6.83,102.58,275.46,1.63,87.71,186.6,120.16,38.3,357.32,Fasting
SYN-DM-03413,8.4,216.29,185.2,1.48,85.88,96.67,158.22,77.5,372.23,Fasting
SYN-DM-03414,9.0,225.28,267.06,1.26,48.7,251.71,110.14,44.8,267.26,Unknown
SYN-DM-03415,8.96,218.44,226.99,1.9,74.7,241.45,144.18,73.9,143.87,Unknown
SYN-DM-03416,6.95,176.68,156.13,0.87,61.77,368.56,107.07,49.4,204.82,Non-fasting
SYN-DM-03417,7.11,154.16,207.75,0.79,42.29,46.22,87.55,43.3,366.81,Unknown
SYN-DM-03418,9.83,177.53,110.31,1.01,81.98,67.47,91.68,44.3,121.82,Non-fasting
SYN-DM-03419,7.43,201.99,146.75,1.6,94.35,126.68,62.48,56.9,344.23,Fasting
SYN-DM-03420,6.43,106.01,276.08,1.86,61.38,73.51,123.54,39.1,310.05,Fasting
SYN-DM-03421,9.85,99.2,147.84,2.1,77.62,104.15,90.85,33.8,333.15,Non-fasting
SYN-DM-03422,8.5,143.63,222.56,2.24,74.54,412.95,134.08,45.2,113.46,Non-fasting
SYN-DM-03423,8.83,242.82,144.23,1.81,73.67,91.51,89.7,28.1,352.7,Non-fasting
SYN-DM-03424,7.88,121.15,291.43,1.18,75.69,179.23,131.3,60.1,254.41,Unknown
SYN-DM-03425,7.48,113.9,238.29,2.04,40.0,13.28,100.8,65.9,359.83,Unknown
SYN-DM-03426,10.16,221.21,237.35,1.11,91.67,212.98,114.21,42.6,281.72,Unknown
SYN-DM-03427,8.09,170.06,137.92,1.93,43.81,304.19,63.64,26.9,112.45,Fasting
SYN-DM-03428,9.93,235.7,264.09,1.88,54.39,213.05,166.78,46.4,100.81,Unknown
SYN-DM-03429,7.44,217.52,249.29,1.91,57.57,57.04,95.25,59.6,147.8,Fasting
SYN-DM-03430,10.17,98.32,109.51,2.15,97.46,111.88,173.32,58.0,232.99,Unknown
SYN-DM-03431,7.39,130.2,140.72,1.12,81.36,384.98,95.18,43.0,195.93,Non-fasting
SYN-DM-03432,8.45,158.39,255.3,1.1,56.45,17.64,102.69,60.7,260.14,Non-fasting
SYN-DM-03433,6.96,206.96,245.84,1.17,66.73,95.12,164.69,58.4,275.58,Non-fasting
SYN-DM-03434,8.86,147.3,240.44,1.55,31.67,115.61,108.46,29.0,261.69,Non-fasting
SYN-DM-03435,6.23,109.06,201.69,0.97,73.2,131.13,114.57,80.5,285.91,Fasting
SYN-DM-03436,9.49,226.51,133.7,1.96,81.66,133.11,105.61,38.1,331.02,Fasting
SYN-DM-03437,8.48,149.93,204.65,2.09,38.02,234.91,70.7,65.0,96.7,Fasting
SYN-DM-03438,9.25,204.73,190.79,2.26,39.51,127.57,146.39,66.0,331.34,Fasting
SYN-DM-03439,8.45,128.98,234.44,0.9,84.91,55.3,75.27,35.6,227.49,Non-fasting
SYN-DM-03440,8.87,201.26,295.25,0.81,48.99,151.88,152.69,49.9,250.79,Non-fasting
SYN-DM-03441,6.82,115.52,181.72,0.81,42.05,259.61,122.57,39.1,216.1,Non-fasting
SYN-DM-03442,8.61,188.68,134.58,1.79,79.33,123.37,129.53,70.0,108.11,Fasting
SYN-DM-03443,7.31,140.78,200.93,1.23,58.97,86.74,127.26,60.8,224.66,Unknown
SYN-DM-03444,8.74,150.6,153.78,0.81,93.41,351.38,134.17,44.9,358.55,Unknown
SYN-DM-03445,10.15,162.18,130.68,0.91,51.78,14.39,162.74,70.4,379.24,Fasting
SYN-DM-03446,7.09,212.04,251.52,1.97,94.42,256.78,138.84,57.1,268.5,Non-fasting
SYN-DM-03447,9.72,105.73,306.78,0.92,94.58,277.53,86.99,56.1,155.99,Non-fasting
SYN-DM-03448,9.98,96.76,177.12,1.81,65.27,190.1,127.92,23.1,204.38,Unknown
SYN-DM-03449,10.2,219.51,118.34,0.76,52.69,243.84,153.87,46.2,126.08,Non-fasting
SYN-DM-03450,6.01,195.99,251.81,0.77,55.82,69.34,158.31,55.5,403.28,Fasting
SYN-DM-03451,6.99,160.7,198.61,1.75,75.77,302.07,102.64,31.5,240.26,Unknown
SYN-DM-03452,9.54,221.19,177.09,0.87,86.64,187.44,76.08,47.8,349.17,Fasting
SYN-DM-03453,8.9,238.47,196.49,2.19,84.12,203.47,95.68,35.3,371.14,Fasting
SYN-DM-03454,6.16,147.45,125.37,2.25,40.83,356.35,159.67,35.3,407.71,Unknown
SYN-DM-03455,7.58,210.21,205.33,2.11,89.81,248.02,95.47,37.3,208.3,Fasting
SYN-DM-03456,5.85,142.62,194.64,1.67,67.32,334.68,88.2,31.9,161.49,Unknown
SYN-DM-03457,9.37,179.25,133.73,1.36,68.98,379.39,108.6,70.0,155.98,Fasting
SYN-DM-03458,8.32,108.07,118.97,1.43,59.54,187.23,104.73,45.9,373.61,Non-fasting
SYN-DM-03459,8.21,183.0,206.9,1.84,84.06,156.9,97.54,44.0,154.02,Non-fasting
SYN-DM-03460,6.07,177.21,164.47,1.19,31.99,202.5,100.06,47.1,167.48,Non-fasting
SYN-DM-03461,9.64,89.75,104.47,2.21,41.05,240.68,89.14,42.7,118.56,Unknown
SYN-DM-03462,10.08,116.57,211.68,1.69,33.47,173.62,123.33,41.8,360.5,Non-fasting
SYN-DM-03463,9.29,195.58,125.89,1.68,95.22,116.36,112.54,51.5,308.35,Non-fasting
SYN-DM-03464,10.19,203.1,204.71,1.33,40.32,191.17,87.36,62.4,138.17,Fasting
SYN-DM-03465,7.56,143.26,178.03,0.83,31.75,41.11,122.29,43.5,382.25,Fasting
SYN-DM-03466,9.27,103.36,244.71,1.41,73.02,313.04,93.63,29.3,344.22,Unknown
SYN-DM-03467,9.07,228.98,140.72,2.24,55.95,28.43,97.56,43.0,392.97,Non-fasting
SYN-DM-03468,6.46,179.41,254.23,1.94,42.55,170.67,135.49,59.6,97.16,Fasting
SYN-DM-03469,9.19,96.82,271.8,0.9,81.85,17.62,154.47,51.0,366.54,Non-fasting
SYN-DM-03470,9.49,139.99,132.38,0.9,29.93,118.34,157.12,59.0,142.04,Unknown
SYN-DM-03471,6.95,94.75,262.68,2.13,94.51,144.24,135.89,39.0,178.01,Fasting
SYN-DM-03472,8.16,142.68,302.0,1.79,81.37,327.36,100.18,41.1,199.56,Non-fasting
SYN-DM-03473,9.91,199.89,155.93,1.59,92.39,357.11,69.93,55.3,158.72,Fasting
SYN-DM-03474,8.42,143.81,132.92,2.11,59.8,144.89,132.3,63.1,93.08,Unknown
SYN-DM-03475,7.14,114.7,136.92,1.64,96.8,294.88,130.17,29.7,283.51,Unknown
SYN-DM-03476,8.22,244.36,122.82,1.19,84.18,207.93,128.82,59.1,318.81,Unknown
SYN-DM-03477,8.2,151.94,256.6,2.09,48.74,415.15,62.43,64.7,218.61,Non-fasting
SYN-DM-03478,9.4,105.6,119.41,1.33,100.19,70.83,125.88,56.4,338.1,Unknown
SYN-DM-03479,8.94,138.34,229.14,1.53,90.79,255.08,64.65,50.0,374.09,Non-fasting
SYN-DM-03480,7.63,231.91,189.88,1.18,47.62,415.89,154.54,25.0,260.64,Non-fasting
SYN-DM-03481,7.6,116.83,251.35,2.05,86.17,349.69,64.77,62.0,347.64,Unknown
SYN-DM-03482,9.68,97.04,290.11,1.13,41.24,397.09,71.84,47.3,269.92,Non-fasting
SYN-DM-03483,9.05,127.76,203.51,1.22,61.35,304.44,123.85,45.0,236.5,Fasting
SYN-DM-03484,6.92,117.47,271.22,1.59,73.27,319.32,74.03,36.9,109.48,Fasting
SYN-DM-03485,5.99,117.24,227.99,1.15,81.59,17.34,107.48,51.0,378.68,Fasting
SYN-DM-03486,9.62,154.58,151.36,2.05,99.22,109.63,67.45,29.8,113.64,Fasting
SYN-DM-03487,9.14,196.62,214.36,0.93,87.9,101.61,68.98,38.5,146.18,Unknown
SYN-DM-03488,7.21,199.08,200.17,0.86,89.84,325.0,101.37,42.5,92.25,Unknown
SYN-DM-03489,6.63,103.1,263.26,1.21,41.35,348.96,126.99,57.5,318.75,Unknown
SYN-DM-03490,7.39,143.74,183.73,1.82,50.8,130.73,105.07,35.1,312.68,Non-fasting
SYN-DM-03491,5.83,220.43,175.54,1.24,99.72,123.58,167.41,38.2,177.89,Fasting
SYN-DM-03492,9.34,142.22,260.34,1.79,47.05,367.96,139.02,20.5,134.87,Non-fasting
SYN-DM-03493,9.34,177.39,294.74,1.21,50.9,372.8,73.01,48.3,137.86,Unknown
SYN-DM-03494,9.06,126.37,180.12,2.3,70.83,382.01,98.82,61.6,161.52,Non-fasting
SYN-DM-03495,9.27,230.27,102.77,0.93,48.54,146.44,84.64,36.3,273.87,Unknown
SYN-DM-03496,9.44,200.48,302.83,1.7,72.54,59.79,143.05,50.2,334.38,Unknown
SYN-DM-03497,9.35,160.29,304.83,2.13,82.38,381.53,74.44,51.2,93.64,Unknown
SYN-DM-03498,9.81,155.52,202.66,1.94,64.74,141.81,106.23,48.9,248.54,Fasting
SYN-DM-03499,9.45,237.17,123.55,1.51,96.16,390.62,166.06,65.7,395.61,Unknown
SYN-DM-03500,7.8,152.58,163.25,1.23,40.84,56.14,120.16,20,372.07,Unknown
SYN-DM-03501,8.69,172.79,146.97,1.6,94.13,164.37,167.21,47.8,183.87,Fasting
SYN-DM-03502,8.53,215.89,157.5,1.04,99.02,387.2,133.36,41.3,271.81,Non-fasting
SYN-DM-03503,9.17,151.55,287.82,1.11,71.37,247.85,98.33,40.2,228.33,Fasting
SYN-DM-03504,8.16,188.78,103.49,1.11,41.8,269.62,73.06,52.4,116.94,Non-fasting
SYN-DM-03505,8.49,162.94,135.7,1.42,101.24,252.75,95.39,71.6,408.46,Non-fasting
SYN-DM-03506,8.01,127.59,309.86,1.09,50.23,319.33,157.51,62.1,101.06,Fasting
SYN-DM-03507,7.44,174.71,104.97,0.86,101.31,119.12,126.79,22.4,275.1,Unknown
SYN-DM-03508,7.37,207.76,162.28,0.93,70.68,133.93,147.36,45.5,357.77,Unknown
SYN-DM-03509,7.05,145.71,161.8,2.22,46.86,353.0,153.54,59.1,339.95,Fasting
SYN-DM-03510,7.53,149.24,156.31,1.83,65.91,31.25,155.13,38.9,244.02,Fasting
SYN-DM-03511,9.3,239.34,109.28,2.03,35.38,286.77,109.21,68.6,321.31,Fasting
SYN-DM-03512,8.53,229.18,244.68,0.7,39.54,104.01,88.24,63.0,145.76,Non-fasting
SYN-DM-03513,7.14,105.6,164.22,2.27,98.19,337.85,119.78,60.8,402.69,Non-fasting
SYN-DM-03514,9.65,215.59,166.25,1.57,72.97,204.49,83.95,33.4,258.96,Non-fasting
SYN-DM-03515,6.04,220.01,309.98,2.16,63.66,231.19,69.92,65.1,280.77,Non-fasting
SYN-DM-03516,9.74,218.76,247.19,1.45,81.46,128.21,126.38,60.3,232.66,Fasting
SYN-DM-03517,6.52,207.72,252.44,0.74,41.85,317.08,135.17,40.3,242.71,Unknown
SYN-DM-03518,6.01,154.38,106.39,0.9,84.8,226.15,145.36,57.6,273.13,Unknown
SYN-DM-03519,9.77,234.47,190.25,1.2,65.99,58.58,126.9,48.5,293.4,Unknown
SYN-DM-03520,9.53,91.72,149.43,1.28,30.77,410.13,88.75,63.3,383.47,Unknown
SYN-DM-03521,9.56,208.95,218.47,1.35,79.22,85.74,81.89,45.3,331.82,Non-fasting
SYN-DM-03522,8.09,205.8,155.89,1.29,45.9,287.78,162.88,50.0,357.48,Fasting
SYN-DM-03523,8.18,230.99,263.52,1.49,89.33,188.4,83.54,62.6,262.43,Fasting
SYN-DM-03524,6.98,143.6,163.09,0.98,91.29,374.25,73.71,56.6,269.52,Unknown
SYN-DM-03525,8.02,128.89,303.74,1.05,93.09,74.64,66.55,24.5,161.04,Unknown
SYN-DM-03526,9.61,160.65,291.07,0.77,47.58,121.72,76.52,65.6,286.88,Non-fasting
SYN-DM-03527,6.58,169.8,258.83,2.09,72.38,108.31,170.92,26.6,333.64,Non-fasting
SYN-DM-03528,6.32,230.13,222.35,2.28,53.84,415.28,121.2,31.3,215.4,Non-fasting
SYN-DM-03529,9.6,154.16,283.34,2.23,92.29,235.8,166.41,44.4,193.03,Unknown
SYN-DM-03530,7.45,214.7,251.27,2.3,91.08,414.62,66.72,53.3,278.54,Non-fasting
SYN-DM-03531,8.99,118.02,223.79,2.27,89.76,54.74,137.02,30.8,184.02,Unknown
SYN-DM-03532,9.95,227.22,223.72,1.84,73.02,268.54,106.93,57.3,162.34,Fasting
SYN-DM-03533,7.66,187.28,150.9,1.07,78.72,155.15,67.85,28.5,395.3,Unknown
SYN-DM-03534,8.46,231.17,206.43,0.94,30.6,92.16,104.25,37.8,101.91,Non-fasting
SYN-DM-03535,8.36,206.26,210.67,2.29,80.67,160.18,103.07,33.5,218.17,Fasting
SYN-DM-03536,7.54,138.74,305.53,2.09,92.85,44.91,127.3,32.1,358.28,Non-fasting
SYN-DM-03537,9.41,165.17,212.96,1.81,40.57,273.68,100.53,46.8,288.58,Non-fasting
SYN-DM-03538,8.38,140.83,130.97,1.32,72.89,104.48,154.99,47.6,237.43,Unknown
SYN-DM-03539,9.98,101.65,226.66,1.55,82.89,260.17,83.64,42.4,270.52,Unknown
SYN-DM-03540,6.35,149.1,230.52,1.27,86.28,348.15,101.91,52.1,284.16,Fasting
SYN-DM-03541,9.12,185.48,309.95,2.05,94.71,221.72,164.96,20,298.09,Fasting
SYN-DM-03542,9.36,139.54,220.02,1.06,89.25,143.06,134.8,49.9,291.23,Fasting
SYN-DM-03543,7.88,131.13,154.46,2.14,98.2,295.96,164.99,44.5,349.71,Non-fasting
SYN-DM-03544,9.0,115.58,268.61,1.88,30.78,257.44,94.53,56.1,102.96,Fasting
SYN-DM-03545,7.26,119.34,149.14,1.55,89.13,179.36,103.54,20,118.31,Non-fasting
SYN-DM-03546,7.57,102.84,157.49,1.32,98.95,59.17,145.94,25.0,198.95,Unknown
SYN-DM-03547,8.58,108.01,142.79,1.11,46.8,336.96,111.91,28.8,173.79,Fasting
SYN-DM-03548,7.9,232.67,300.5,1.26,57.12,396.33,108.78,31.4,195.3,Unknown
SYN-DM-03549,6.57,156.08,293.13,0.91,77.98,270.1,132.02,47.6,327.83,Fasting
SYN-DM-03550,7.71,185.72,236.19,0.72,66.64,345.37,162.15,66.8,140.38,Fasting
SYN-DM-03551,6.1,115.47,105.89,1.34,101.1,395.11,79.67,44.3,384.64,Non-fasting
SYN-DM-03552,7.18,123.29,190.37,1.08,50.26,271.15,108.68,74.7,184.67,Non-fasting
SYN-DM-03553,9.59,236.88,309.03,1.7,57.73,92.67,81.85,40.1,342.97,Fasting
SYN-DM-03554,7.61,137.53,172.56,2.22,61.15,8.87,136.96,45.6,178.46,Fasting
SYN-DM-03555,8.01,110.2,182.62,0.97,31.79,357.6,147.14,73.9,260.14,Non-fasting
SYN-DM-03556,9.19,128.48,301.15,0.95,59.21,271.19,112.37,53.9,384.94,Unknown
SYN-DM-03557,10.15,103.02,255.75,0.94,101.71,145.14,163.43,60.8,244.86,Unknown
SYN-DM-03558,6.06,201.11,257.89,2.22,30.92,376.13,137.63,39.3,175.16,Unknown
SYN-DM-03559,9.7,133.75,123.22,1.24,98.7,26.29,94.22,55.5,394.58,Fasting
SYN-DM-03560,8.91,108.47,139.1,1.91,33.46,306.64,122.59,40.2,276.46,Non-fasting
SYN-DM-03561,7.71,242.3,199.29,2.23,78.5,274.79,82.11,36.3,344.51,Unknown
SYN-DM-03562,8.81,194.19,220.51,0.72,88.93,39.39,144.58,65.9,383.27,Unknown
SYN-DM-03563,6.81,230.94,295.92,1.43,59.36,95.17,128.33,53.3,143.77,Unknown
SYN-DM-03564,7.48,117.67,235.64,1.52,70.62,417.41,92.34,33.6,373.96,Non-fasting
SYN-DM-03565,8.59,204.22,242.64,1.62,89.64,21.16,147.02,32.4,122.05,Fasting
SYN-DM-03566,5.91,111.53,159.83,1.81,99.17,350.47,171.14,41.4,341.54,Non-fasting
SYN-DM-03567,8.0,182.29,148.74,1.21,74.41,46.07,128.01,40.7,187.39,Non-fasting
SYN-DM-03568,6.14,239.42,254.03,1.92,33.81,145.88,74.45,31.5,175.07,Fasting
SYN-DM-03569,10.18,149.24,178.28,1.92,70.56,130.26,150.94,47.8,359.12,Fasting
SYN-DM-03570,6.25,108.47,279.79,1.53,84.46,395.76,88.86,26.6,103.31,Non-fasting
SYN-DM-03571,6.21,227.58,156.47,1.42,45.88,309.28,142.32,55.2,312.52,Unknown
SYN-DM-03572,5.98,162.53,171.22,1.3,67.55,171.26,159.45,44.5,99.91,Fasting
SYN-DM-03573,8.26,228.22,269.9,1.48,96.95,170.72,96.53,31.7,300.06,Unknown
SYN-DM-03574,5.83,157.34,163.71,1.69,44.67,66.89,165.61,71.3,375.09,Fasting
SYN-DM-03575,5.95,230.17,224.03,1.18,57.06,102.25,109.82,50.4,359.64,Unknown
SYN-DM-03576,6.26,194.27,167.27,1.65,74.92,412.86,83.51,63.8,191.62,Unknown
SYN-DM-03577,9.51,146.41,213.74,1.58,29.46,351.38,71.65,42.9,344.84,Unknown
SYN-DM-03578,7.23,214.75,120.89,1.82,70.21,55.35,95.42,59.9,216.84,Unknown
SYN-DM-03579,10.08,127.52,201.95,1.16,77.14,53.43,130.72,26.4,120.77,Unknown
SYN-DM-03580,8.11,200.93,240.43,1.06,88.84,405.49,159.63,23.1,204.81,Fasting
SYN-DM-03581,9.44,168.16,242.95,0.87,47.17,181.22,164.06,30.3,153.69,Non-fasting
SYN-DM-03582,9.52,226.8,285.59,1.83,95.15,276.41,148.73,40.1,211.04,Fasting
SYN-DM-03583,7.88,211.24,214.16,1.35,34.39,16.43,144.33,37.6,228.92,Unknown
SYN-DM-03584,9.1,159.23,210.01,1.73,62.7,335.8,143.39,49.0,200.36,Non-fasting
SYN-DM-03585,7.34,143.86,265.05,1.43,90.74,270.97,112.48,51.0,248.35,Fasting
SYN-DM-03586,6.75,199.64,232.62,2.16,43.15,163.73,96.72,61.2,290.99,Unknown
SYN-DM-03587,7.08,92.98,144.28,1.41,73.4,267.25,123.29,61.0,218.47,Fasting
SYN-DM-03588,6.95,165.99,257.65,1.71,68.74,259.71,112.45,59.0,179.94,Unknown
SYN-DM-03589,6.47,112.15,190.13,1.23,58.58,301.72,171.59,54.9,137.18,Fasting
SYN-DM-03590,5.92,96.72,299.75,0.74,49.44,413.33,157.2,27.1,280.3,Fasting
SYN-DM-03591,9.23,205.46,205.61,1.1,54.68,265.45,86.47,47.4,405.46,Fasting
SYN-DM-03592,9.57,103.29,197.8,1.49,82.15,334.04,99.84,32.8,94.94,Non-fasting
SYN-DM-03593,8.13,185.17,276.35,1.99,65.7,99.66,62.41,30.8,389.78,Non-fasting
SYN-DM-03594,6.95,129.36,239.1,1.74,44.45,387.12,87.31,60.1,192.64,Unknown
SYN-DM-03595,6.86,195.84,172.02,0.72,57.37,276.34,160.07,68.3,179.92,Fasting
SYN-DM-03596,6.67,156.35,234.82,0.81,73.35,37.22,85.59,44.3,290.62,Unknown
SYN-DM-03597,10.09,136.36,135.79,1.09,39.83,357.64,136.8,51.8,403.99,Unknown
SYN-DM-03598,7.26,238.1,286.02,1.45,78.6,102.72,163.75,47.5,115.22,Non-fasting
SYN-DM-03599,7.43,205.08,119.1,0.87,75.39,272.87,170.72,36.8,233.2,Non-fasting
SYN-DM-03600,6.9,244.69,206.3,1.22,30.57,273.34,123.37,35.6,351.26,Unknown
SYN-DM-03601,9.11,238.05,194.5,1.37,50.76,381.69,81.48,66.4,104.5,Fasting
SYN-DM-03602,6.17,190.53,155.48,1.23,85.78,54.45,79.36,51.6,370.84,Unknown
SYN-DM-03603,7.08,193.26,276.25,1.03,71.72,113.38,152.31,53.9,116.42,Unknown
SYN-DM-03604,8.53,150.89,278.32,0.83,71.79,181.76,65.97,40.9,397.48,Non-fasting
SYN-DM-03605,7.74,176.44,205.14,1.37,60.35,254.04,101.54,64.5,201.58,Fasting
SYN-DM-03606,9.53,147.04,170.64,1.9,34.77,66.63,169.43,52.0,94.56,Fasting
SYN-DM-03607,6.3,110.66,271.81,1.97,55.93,179.87,119.98,53.4,158.37,Fasting
SYN-DM-03608,7.36,138.09,161.6,2.14,87.05,396.17,102.38,46.1,372.39,Unknown
SYN-DM-03609,8.47,159.69,217.4,2.04,59.02,366.37,167.13,40.3,285.08,Fasting
SYN-DM-03610,10.01,116.15,207.56,1.55,34.23,403.61,117.98,32.5,175.77,Fasting
SYN-DM-03611,7.02,179.68,117.27,0.72,97.97,40.91,89.43,52.5,314.66,Fasting
SYN-DM-03612,9.63,215.25,278.23,2.26,50.43,358.76,130.65,56.0,394.86,Fasting
SYN-DM-03613,7.35,173.61,127.56,1.68,98.14,144.35,117.72,43.1,251.4,Unknown
SYN-DM-03614,10.15,158.48,257.24,1.53,85.67,55.99,78.68,44.7,191.18,Non-fasting
SYN-DM-03615,9.43,123.62,121.33,1.8,36.1,387.69,166.49,28.0,161.02,Non-fasting
SYN-DM-03616,8.41,157.77,220.94,1.06,57.42,64.57,144.82,61.5,401.06,Unknown
SYN-DM-03617,8.46,183.35,163.47,1.72,30.27,351.42,155.02,38.7,257.89,Non-fasting
SYN-DM-03618,6.77,143.7,246.96,0.71,68.43,272.81,80.13,20,110.05,Unknown
SYN-DM-03619,9.57,224.86,119.61,1.16,84.19,289.92,110.17,46.0,314.57,Fasting
SYN-DM-03620,6.08,226.78,191.31,1.65,82.86,230.56,136.71,34.6,142.46,Unknown
SYN-DM-03621,6.87,142.64,176.97,0.82,66.23,257.8,73.09,39.2,225.76,Fasting
SYN-DM-03622,7.52,125.92,181.7,1.25,32.67,30.76,132.19,20,165.69,Unknown
SYN-DM-03623,8.19,229.05,185.96,1.99,36.8,232.13,70.31,38.4,320.97,Fasting
SYN-DM-03624,6.45,90.99,108.68,1.0,64.48,60.78,117.29,35.9,308.51,Unknown
SYN-DM-03625,8.3,158.95,258.23,1.04,90.22,217.3,153.31,43.2,215.99,Non-fasting
SYN-DM-03626,7.33,115.29,250.22,1.92,74.97,125.3,100.52,56.4,277.95,Unknown
SYN-DM-03627,7.08,109.97,204.59,1.03,75.12,401.44,121.73,54.1,146.17,Fasting
SYN-DM-03628,9.6,138.35,232.3,2.18,65.8,101.54,105.83,61.0,231.48,Unknown
SYN-DM-03629,8.38,122.13,152.32,1.19,49.44,241.17,138.1,38.2,338.97,Fasting
SYN-DM-03630,8.05,197.25,106.88,1.48,60.41,51.65,144.38,35.1,274.75,Fasting
SYN-DM-03631,9.0,172.44,103.38,1.94,60.7,75.68,96.29,79.4,157.41,Non-fasting
SYN-DM-03632,8.17,180.06,155.95,2.15,48.47,271.25,171.17,43.9,257.25,Unknown
SYN-DM-03633,9.11,200.08,235.07,1.26,69.87,318.77,154.62,48.9,114.99,Fasting
SYN-DM-03634,9.04,170.27,142.61,0.92,95.2,62.03,167.92,37.6,212.32,Unknown
SYN-DM-03635,6.13,165.87,104.82,1.85,51.83,224.36,170.37,46.5,223.12,Fasting
SYN-DM-03636,9.44,115.76,243.71,2.02,99.14,284.45,86.13,39.8,169.12,Non-fasting
SYN-DM-03637,8.34,158.66,283.76,1.08,70.68,11.2,153.7,63.0,264.52,Fasting
SYN-DM-03638,7.89,154.27,144.34,2.03,86.77,234.93,139.05,66.7,195.47,Non-fasting
SYN-DM-03639,6.1,241.99,135.78,1.86,88.59,318.3,76.66,41.1,304.52,Non-fasting
SYN-DM-03640,5.97,88.62,204.71,1.16,68.3,285.53,88.16,55.9,320.24,Fasting
SYN-DM-03641,6.9,237.72,159.14,0.9,30.4,208.77,159.57,39.0,131.2,Non-fasting
SYN-DM-03642,6.86,179.76,288.56,1.11,54.42,132.64,66.24,60.3,389.41,Non-fasting
SYN-DM-03643,6.9,191.3,202.15,1.37,56.31,368.26,127.77,69.9,192.54,Non-fasting
SYN-DM-03644,10.2,166.63,106.92,1.31,30.3,152.23,94.03,44.4,253.14,Non-fasting
SYN-DM-03645,6.06,227.07,213.52,2.01,81.34,20.56,116.91,46.8,105.94,Unknown
SYN-DM-03646,9.62,148.14,166.9,1.01,96.09,76.94,67.01,49.4,128.98,Non-fasting
SYN-DM-03647,8.2,208.13,180.77,1.9,84.05,407.83,154.91,59.7,227.93,Fasting
SYN-DM-03648,6.59,119.49,236.36,1.28,87.93,189.6,155.44,44.0,221.21,Fasting
SYN-DM-03649,7.79,238.6,114.78,1.31,100.82,236.64,158.36,56.1,132.6,Non-fasting
SYN-DM-03650,8.34,159.87,300.99,2.0,58.85,296.99,119.58,66.8,255.43,Fasting
SYN-DM-03651,7.69,90.58,244.63,1.95,90.81,56.57,139.41,51.3,221.36,Non-fasting
SYN-DM-03652,9.32,134.74,161.76,1.91,42.58,153.21,93.3,77.4,93.25,Fasting
SYN-DM-03653,5.99,220.12,115.19,1.69,88.4,14.59,162.28,29.9,404.88,Unknown
SYN-DM-03654,8.12,104.46,108.03,1.3,63.92,337.92,123.22,33.4,150.07,Non-fasting
SYN-DM-03655,6.64,88.77,246.92,2.23,68.4,78.28,173.35,49.8,225.55,Unknown
SYN-DM-03656,6.29,172.97,204.99,1.58,94.73,182.84,116.63,24.8,327.45,Fasting
SYN-DM-03657,9.1,241.42,164.46,1.46,34.74,249.63,131.77,59.3,97.58,Non-fasting
SYN-DM-03658,6.02,95.33,106.52,2.22,74.75,399.78,120.61,29.6,147.56,Fasting
SYN-DM-03659,8.3,227.15,131.93,1.17,55.11,364.45,66.85,37.5,114.23,Fasting
SYN-DM-03660,7.52,225.46,128.34,0.86,70.09,208.95,117.03,42.9,176.53,Non-fasting
SYN-DM-03661,5.85,118.27,199.79,1.01,50.84,40.78,106.85,57.6,264.9,Unknown
SYN-DM-03662,9.48,144.44,307.75,1.6,65.86,139.86,151.48,44.8,268.63,Unknown
SYN-DM-03663,9.3,110.02,111.79,2.21,50.88,373.57,120.8,34.9,176.92,Non-fasting
SYN-DM-03664,8.06,100.48,158.52,0.87,60.58,166.47,157.75,60.7,140.61,Unknown
SYN-DM-03665,9.91,206.65,102.07,2.23,38.63,157.24,81.52,45.0,291.31,Non-fasting
SYN-DM-03666,9.47,235.86,187.61,1.46,75.22,77.93,81.75,37.5,313.61,Unknown
SYN-DM-03667,6.97,126.47,272.44,1.53,60.09,330.2,162.16,51.3,399.5,Non-fasting
SYN-DM-03668,9.94,157.61,163.8,1.33,74.87,268.47,89.06,39.5,113.86,Fasting
SYN-DM-03669,9.38,211.63,273.65,1.07,36.47,411.55,163.9,32.4,302.14,Fasting
SYN-DM-03670,6.17,89.92,198.06,1.54,50.95,384.52,91.9,29.9,353.65,Unknown
SYN-DM-03671,6.2,159.07,121.48,1.97,29.02,125.48,121.98,58.2,177.49,Fasting
SYN-DM-03672,10.16,89.12,174.65,2.02,89.66,293.9,105.92,28.1,199.64,Non-fasting
SYN-DM-03673,9.69,90.55,188.01,2.14,50.54,205.62,105.13,53.5,344.45,Fasting
SYN-DM-03674,7.41,230.94,168.71,0.71,96.61,274.73,151.7,51.9,373.37,Fasting
SYN-DM-03675,9.93,130.33,237.17,1.55,46.25,371.94,119.96,57.0,261.22,Non-fasting
SYN-DM-03676,8.47,96.91,261.34,1.48,72.4,230.06,97.59,44.8,184.27,Non-fasting
SYN-DM-03677,7.58,101.87,271.58,1.16,38.02,21.55,130.72,38.2,112.35,Fasting
SYN-DM-03678,9.56,222.0,248.85,1.36,49.8,306.27,120.94,36.5,275.26,Unknown
SYN-DM-03679,6.39,226.08,255.01,1.12,70.54,415.05,81.51,44.7,361.87,Fasting
SYN-DM-03680,9.35,101.78,288.72,0.95,38.04,278.95,118.78,47.3,162.59,Unknown
SYN-DM-03681,7.29,187.06,233.28,1.46,83.9,215.58,147.51,25.0,181.86,Fasting
SYN-DM-03682,9.87,234.61,294.86,1.29,35.38,340.72,129.25,77.2,323.06,Non-fasting
SYN-DM-03683,8.47,188.75,268.92,1.53,73.84,266.97,97.52,51.7,311.12,Non-fasting
SYN-DM-03684,8.55,127.77,141.22,1.93,95.45,276.75,109.51,35.4,398.19,Fasting
SYN-DM-03685,8.6,164.51,281.08,1.85,73.45,385.49,100.93,42.3,337.07,Non-fasting
SYN-DM-03686,9.05,113.73,287.9,1.99,32.56,217.29,143.97,41.2,155.76,Non-fasting
SYN-DM-03687,6.83,233.59,214.23,1.41,33.68,286.33,108.05,62.7,311.85,Unknown
SYN-DM-03688,6.88,193.12,230.85,1.53,61.05,272.34,165.48,48.7,179.06,Unknown
SYN-DM-03689,6.23,116.32,155.7,0.95,85.55,331.59,102.74,47.3,185.69,Non-fasting
SYN-DM-03690,8.83,123.48,107.33,1.62,59.0,319.71,162.65,52.1,375.38,Unknown
SYN-DM-03691,9.26,235.4,240.33,1.91,95.71,318.76,132.83,44.9,150.22,Unknown
SYN-DM-03692,6.72,201.68,277.03,1.5,98.46,60.92,137.59,48.7,394.47,Non-fasting
SYN-DM-03693,7.05,230.75,181.73,1.99,73.27,336.97,144.9,37.2,308.85,Non-fasting
SYN-DM-03694,8.12,169.02,187.07,1.47,92.22,242.88,110.04,39.0,318.28,Non-fasting
SYN-DM-03695,6.24,170.83,203.42,0.84,101.11,332.86,164.74,62.1,174.68,Fasting
SYN-DM-03696,5.92,154.85,150.83,1.23,44.26,101.33,114.46,20,108.52,Unknown
SYN-DM-03697,10.09,225.48,254.68,2.27,87.49,132.72,74.65,37.1,386.8,Non-fasting
SYN-DM-03698,10.15,98.54,230.34,1.84,29.93,63.06,149.39,36.7,104.03,Unknown
SYN-DM-03699,7.87,174.38,194.56,1.73,43.04,200.78,161.03,39.1,235.52,Unknown
SYN-DM-03700,6.57,133.88,187.1,1.28,64.73,255.28,162.41,36.4,98.26,Non-fasting
SYN-DM-03701,5.91,237.32,226.74,2.13,97.12,200.44,125.62,51.0,351.15,Non-fasting
SYN-DM-03702,7.21,111.04,112.23,1.35,53.79,13.04,86.77,54.1,155.69,Unknown
SYN-DM-03703,6.8,205.77,247.49,1.04,53.26,135.05,79.76,62.0,364.63,Fasting
SYN-DM-03704,7.74,190.81,208.22,1.27,94.84,257.93,164.29,37.3,239.69,Non-fasting
SYN-DM-03705,8.32,124.35,156.22,0.79,79.88,248.97,77.19,65.8,88.73,Unknown
SYN-DM-03706,8.65,216.97,220.38,2.14,58.37,322.17,94.21,66.1,215.45,Non-fasting
SYN-DM-03707,7.87,176.95,126.87,1.49,78.44,94.68,70.94,40.7,91.63,Non-fasting
SYN-DM-03708,5.95,179.82,244.97,1.94,72.38,59.17,77.48,57.5,151.97,Non-fasting
SYN-DM-03709,7.55,221.7,284.77,1.45,46.28,32.87,74.34,45.7,214.78,Non-fasting
SYN-DM-03710,10.19,127.14,193.74,2.29,67.88,13.01,168.74,32.7,385.33,Non-fasting
SYN-DM-03711,8.85,104.11,136.94,2.1,31.26,386.53,124.87,20,305.48,Unknown
SYN-DM-03712,8.35,149.92,260.54,1.7,63.93,136.93,64.47,40.6,306.53,Unknown
SYN-DM-03713,5.87,127.74,142.51,1.33,58.49,58.0,103.0,45.6,384.72,Unknown
SYN-DM-03714,9.39,90.8,164.61,1.95,30.24,70.14,92.12,31.4,316.68,Non-fasting
SYN-DM-03715,7.2,160.8,253.68,0.99,95.19,251.85,91.07,34.2,283.73,Unknown
SYN-DM-03716,6.66,97.84,162.3,1.97,29.49,350.35,124.93,53.6,148.15,Fasting
SYN-DM-03717,7.38,154.23,298.56,2.09,46.93,323.31,74.15,55.0,284.88,Non-fasting
SYN-DM-03718,6.37,225.66,120.24,1.36,73.49,54.39,106.24,57.3,378.56,Unknown
SYN-DM-03719,8.09,180.08,175.29,0.93,76.49,386.74,148.3,78.6,362.69,Fasting
SYN-DM-03720,6.11,130.55,154.03,1.44,57.97,41.67,99.25,68.3,208.4,Fasting
SYN-DM-03721,9.14,119.42,192.54,1.92,69.37,32.06,162.61,57.7,136.07,Fasting
SYN-DM-03722,7.85,153.07,157.34,1.74,61.82,330.38,62.31,63.4,323.41,Non-fasting
SYN-DM-03723,7.94,93.42,196.7,2.17,29.6,128.59,148.66,23.3,241.69,Fasting
SYN-DM-03724,7.88,152.93,225.05,1.04,40.54,70.03,62.1,61.0,378.03,Unknown
SYN-DM-03725,9.82,199.39,274.07,1.13,65.7,144.95,93.39,46.4,147.25,Fasting
SYN-DM-03726,8.98,114.58,279.78,1.73,74.99,296.24,104.77,48.3,350.7,Non-fasting
SYN-DM-03727,10.12,130.4,299.65,0.71,76.85,17.0,159.94,46.2,171.77,Fasting
SYN-DM-03728,6.49,90.69,179.97,1.05,76.7,246.21,91.74,60.2,267.67,Unknown
SYN-DM-03729,6.46,233.27,185.27,1.63,57.29,236.34,110.71,37.3,175.35,Unknown
SYN-DM-03730,7.4,132.45,179.03,0.75,67.89,187.52,94.2,41.0,190.91,Unknown
SYN-DM-03731,6.59,168.3,240.45,1.42,101.73,191.52,126.38,37.0,294.1,Fasting
SYN-DM-03732,8.54,163.62,240.02,2.09,50.1,285.2,148.17,60.2,262.69,Fasting
SYN-DM-03733,8.72,228.51,109.24,0.86,61.43,73.93,102.6,49.4,175.48,Unknown
SYN-DM-03734,5.89,239.66,201.5,1.11,48.53,371.67,133.14,68.4,245.07,Unknown
SYN-DM-03735,6.63,215.96,217.14,1.55,49.7,8.53,165.31,60.5,152.35,Fasting
SYN-DM-03736,5.89,127.11,175.64,1.67,55.56,164.61,146.99,47.7,282.39,Non-fasting
SYN-DM-03737,8.62,231.51,291.23,1.88,40.09,262.54,112.69,50.2,142.2,Unknown
SYN-DM-03738,6.72,140.58,203.56,1.34,54.05,40.23,130.33,38.4,297.08,Fasting
SYN-DM-03739,8.76,184.37,251.95,0.9,33.01,197.48,65.0,30.4,326.56,Fasting
SYN-DM-03740,9.79,93.79,282.74,1.97,97.59,397.28,128.94,42.7,148.45,Non-fasting
SYN-DM-03741,6.73,175.74,238.39,2.06,98.53,188.26,117.61,64.0,242.04,Unknown
SYN-DM-03742,9.19,197.05,155.24,1.38,45.29,207.12,73.18,56.0,105.97,Non-fasting
SYN-DM-03743,9.02,172.57,169.28,2.26,99.29,302.05,94.69,79.8,401.89,Unknown
SYN-DM-03744,7.27,122.73,300.17,1.67,66.83,137.77,100.5,70.6,275.94,Unknown
SYN-DM-03745,9.18,169.43,249.69,0.81,48.87,333.09,124.58,46.3,406.97,Unknown
SYN-DM-03746,6.95,225.54,139.37,2.15,73.33,283.98,88.01,79.2,105.6,Unknown
SYN-DM-03747,9.56,122.89,167.17,1.88,70.66,242.06,144.14,46.8,321.78,Unknown
SYN-DM-03748,9.61,124.19,275.65,1.38,60.68,94.84,159.98,51.9,353.59,Fasting
SYN-DM-03749,6.73,95.49,257.89,1.12,97.59,345.8,150.8,45.7,335.41,Fasting
SYN-DM-03750,8.58,93.83,268.9,0.84,90.43,106.25,77.81,26.7,120.93,Non-fasting
SYN-DM-03751,10.15,91.4,145.12,0.98,90.41,294.13,166.31,52.8,390.84,Fasting
SYN-DM-03752,8.55,93.05,260.69,1.38,48.73,128.08,141.11,52.9,305.76,Unknown
SYN-DM-03753,8.64,119.73,251.07,0.83,89.13,54.53,70.63,55.0,326.53,Unknown
SYN-DM-03754,7.57,153.39,258.01,1.78,72.08,250.25,158.96,48.2,137.9,Fasting
SYN-DM-03755,8.22,213.24,210.44,1.2,47.22,56.11,135.35,70.2,129.55,Non-fasting
SYN-DM-03756,6.01,136.06,251.78,1.47,56.49,11.51,90.82,35.6,304.69,Fasting
SYN-DM-03757,9.43,124.47,203.71,2.26,93.58,88.12,100.59,42.5,401.49,Fasting
SYN-DM-03758,7.25,184.78,227.21,0.99,49.2,404.61,66.53,71.4,157.69,Fasting
SYN-DM-03759,6.89,189.35,152.88,1.66,95.24,148.37,114.12,25.3,189.82,Unknown
SYN-DM-03760,6.11,172.89,156.82,1.44,69.56,220.51,139.41,60.7,400.09,Fasting
SYN-DM-03761,8.32,154.99,198.55,1.3,98.76,207.14,162.13,52.7,140.3,Unknown
SYN-DM-03762,7.88,139.24,173.55,1.16,87.85,92.33,141.81,36.1,387.77,Fasting
SYN-DM-03763,8.2,152.71,174.17,1.75,54.01,326.87,125.93,49.8,386.01,Fasting
SYN-DM-03764,7.81,205.06,269.84,0.84,89.58,317.78,162.26,52.6,126.05,Fasting
SYN-DM-03765,7.8,244.66,165.89,1.16,71.38,119.74,113.63,61.0,221.84,Unknown
SYN-DM-03766,10.13,191.04,294.62,1.62,55.69,87.81,136.92,36.1,281.55,Fasting
SYN-DM-03767,6.29,93.37,146.41,1.28,93.55,284.14,166.62,36.5,121.53,Unknown
SYN-DM-03768,9.64,215.18,280.83,1.74,60.73,207.77,165.58,67.8,193.14,Fasting
SYN-DM-03769,7.69,119.02,124.47,0.84,71.95,70.04,172.71,61.5,198.04,Unknown
SYN-DM-03770,6.62,93.64,166.68,1.5,29.15,311.97,152.71,30.6,283.32,Fasting
SYN-DM-03771,8.17,134.4,235.34,0.75,63.91,274.31,71.47,33.9,168.66,Non-fasting
SYN-DM-03772,9.55,126.9,215.24,0.96,37.12,391.54,132.16,39.8,199.06,Fasting
SYN-DM-03773,6.28,216.6,297.61,2.12,30.45,90.26,102.21,52.0,231.22,Non-fasting
SYN-DM-03774,9.9,244.49,289.76,1.86,93.49,78.32,63.86,50.4,293.51,Unknown
SYN-DM-03775,8.09,111.41,304.28,0.81,101.46,182.05,134.9,72.0,173.11,Fasting
SYN-DM-03776,9.22,240.19,242.39,1.34,36.66,326.92,68.38,41.3,151.77,Fasting
SYN-DM-03777,7.21,131.04,213.95,2.16,62.02,28.23,94.42,36.4,373.07,Non-fasting
SYN-DM-03778,7.25,160.11,283.2,1.85,50.05,105.3,110.49,51.0,243.01,Fasting
SYN-DM-03779,7.55,208.23,292.35,2.07,94.68,84.77,74.7,42.8,340.63,Fasting
SYN-DM-03780,6.93,117.81,121.16,0.85,31.49,256.16,144.44,61.6,368.33,Fasting
SYN-DM-03781,6.54,241.3,232.06,1.54,95.64,325.9,93.42,59.9,156.43,Non-fasting
SYN-DM-03782,6.7,240.84,304.46,0.73,92.51,104.62,173.35,54.8,245.77,Non-fasting
SYN-DM-03783,9.65,181.98,109.5,2.27,59.89,259.12,121.42,57.2,258.27,Fasting
SYN-DM-03784,9.1,232.05,218.69,1.1,41.03,150.27,107.73,40.7,394.28,Fasting
SYN-DM-03785,9.2,144.52,114.33,1.4,87.67,272.46,160.43,43.6,116.31,Non-fasting
SYN-DM-03786,8.51,128.65,271.78,1.47,89.26,412.67,142.53,68.3,128.8,Unknown
SYN-DM-03787,6.13,183.88,130.54,1.06,34.54,418.59,101.23,51.8,402.04,Non-fasting
SYN-DM-03788,6.47,187.41,269.85,1.09,35.26,133.9,124.14,54.4,316.14,Unknown
SYN-DM-03789,7.58,94.66,129.4,1.75,37.32,261.95,122.17,54.3,346.37,Fasting
SYN-DM-03790,8.64,208.12,143.04,1.9,30.76,254.29,132.42,31.5,97.92,Non-fasting
SYN-DM-03791,8.91,112.98,303.04,1.64,93.97,75.16,121.6,20,355.89,Fasting
SYN-DM-03792,9.97,240.11,167.3,1.99,41.45,56.29,117.68,56.7,265.76,Fasting
SYN-DM-03793,10.15,151.47,260.79,0.7,44.53,278.37,135.13,60.1,124.42,Fasting
SYN-DM-03794,7.58,202.3,150.15,1.53,98.54,170.43,115.17,34.7,201.52,Non-fasting
SYN-DM-03795,7.92,109.08,221.15,0.87,87.06,251.69,129.31,34.6,144.69,Non-fasting
SYN-DM-03796,6.5,139.96,258.65,1.68,57.09,371.49,125.03,33.1,307.07,Non-fasting
SYN-DM-03797,7.55,208.26,157.68,0.99,84.69,404.27,121.68,53.5,145.98,Non-fasting
SYN-DM-03798,7.8,174.73,121.05,0.97,92.24,283.89,168.63,40.5,399.76,Unknown
SYN-DM-03799,8.9,117.41,264.25,0.72,48.28,143.95,102.37,52.7,132.55,Unknown
SYN-DM-03800,9.13,131.79,260.73,1.1,92.76,266.31,84.5,56.1,181.13,Unknown
SYN-DM-03801,7.11,184.74,141.89,2.09,29.38,24.73,150.24,45.9,245.83,Fasting
SYN-DM-03802,7.5,219.22,197.73,1.98,68.72,227.71,93.14,48.3,140.9,Unknown
SYN-DM-03803,8.63,169.23,102.61,1.12,82.92,364.91,163.52,62.0,298.91,Unknown
SYN-DM-03804,9.05,145.44,205.5,0.96,52.92,124.15,100.48,58.7,392.48,Unknown
SYN-DM-03805,8.78,210.01,132.96,1.3,31.53,276.7,122.35,48.0,345.39,Non-fasting
SYN-DM-03806,9.04,171.19,214.05,2.23,99.31,163.06,160.43,42.6,320.46,Unknown
SYN-DM-03807,6.8,191.81,291.89,1.2,58.03,156.19,146.39,27.3,268.23,Fasting
SYN-DM-03808,7.35,114.68,171.58,1.84,51.33,269.99,95.97,42.4,358.04,Unknown
SYN-DM-03809,8.04,140.04,265.91,2.16,37.78,104.99,107.51,46.3,349.18,Non-fasting
SYN-DM-03810,9.22,88.34,254.38,2.22,97.39,373.64,135.71,24.4,239.48,Non-fasting
SYN-DM-03811,6.49,162.99,118.05,0.93,49.59,411.24,85.35,36.1,382.57,Non-fasting
SYN-DM-03812,7.29,119.51,156.34,1.15,32.62,229.32,133.86,53.5,369.38,Fasting
SYN-DM-03813,9.7,237.86,298.17,1.87,68.94,208.8,153.48,60.4,233.89,Unknown
SYN-DM-03814,8.85,114.84,298.53,1.02,28.17,120.27,125.69,56.7,405.05,Unknown
SYN-DM-03815,7.34,243.95,186.34,1.79,39.49,115.49,134.74,49.6,121.9,Fasting
SYN-DM-03816,7.91,203.99,228.94,0.93,85.26,212.33,121.81,49.7,180.79,Fasting
SYN-DM-03817,6.86,168.54,207.01,1.72,65.09,338.64,129.81,66.5,100.42,Non-fasting
SYN-DM-03818,8.52,174.7,142.14,1.28,32.39,89.25,75.95,28.8,253.43,Unknown
SYN-DM-03819,7.16,121.91,174.0,2.24,88.27,411.19,104.25,59.7,160.86,Fasting
SYN-DM-03820,9.54,164.49,150.19,1.47,57.87,314.85,123.9,49.2,93.58,Non-fasting
SYN-DM-03821,9.53,103.37,186.36,1.7,29.24,261.81,81.16,38.8,302.0,Non-fasting
SYN-DM-03822,8.4,130.04,281.39,0.83,28.33,402.14,104.19,33.7,88.99,Non-fasting
SYN-DM-03823,6.06,224.79,301.97,1.36,66.18,257.49,138.48,60.3,403.9,Unknown
SYN-DM-03824,6.04,128.23,308.77,1.69,87.07,16.92,69.47,53.9,186.2,Unknown
SYN-DM-03825,6.19,182.74,103.06,1.31,67.78,238.35,67.77,38.9,336.5,Unknown
SYN-DM-03826,6.93,234.99,179.93,1.17,94.25,378.97,105.27,46.4,282.18,Unknown
SYN-DM-03827,8.53,154.66,273.3,1.74,67.82,205.48,156.64,28.3,379.44,Unknown
SYN-DM-03828,8.1,135.19,236.83,1.83,75.04,219.97,80.96,62.9,124.39,Unknown
SYN-DM-03829,6.87,123.59,240.24,2.08,36.32,28.48,123.17,45.7,308.29,Fasting
SYN-DM-03830,7.26,190.97,295.03,0.98,66.65,23.6,125.32,43.4,246.13,Fasting
SYN-DM-03831,9.94,131.13,227.91,2.04,38.49,78.64,119.39,43.6,296.51,Fasting
SYN-DM-03832,7.14,235.99,256.03,1.73,68.13,42.09,114.53,59.9,117.93,Unknown
SYN-DM-03833,9.04,136.49,226.88,1.88,84.28,251.56,72.16,58.5,162.79,Unknown
SYN-DM-03834,9.42,140.29,229.64,1.21,40.16,170.85,71.4,63.5,115.69,Unknown
SYN-DM-03835,8.46,95.97,167.32,0.94,85.74,194.1,98.91,38.9,286.43,Non-fasting
SYN-DM-03836,6.14,126.43,178.72,2.15,52.02,164.22,65.69,28.5,237.63,Unknown
SYN-DM-03837,6.95,152.1,218.18,1.91,76.56,22.2,109.27,59.3,328.57,Fasting
SYN-DM-03838,6.3,244.14,228.33,1.72,29.91,138.0,75.88,70.0,272.68,Unknown
SYN-DM-03839,8.74,156.63,209.51,1.82,35.16,413.15,104.51,75.7,109.15,Fasting
SYN-DM-03840,8.19,171.97,213.78,0.89,95.88,171.83,78.07,37.6,185.02,Non-fasting
SYN-DM-03841,5.84,143.68,129.37,1.27,87.18,95.1,86.84,49.4,206.45,Unknown
SYN-DM-03842,9.01,169.8,287.02,0.7,48.58,137.76,81.27,72.1,169.6,Fasting
SYN-DM-03843,6.53,170.88,165.09,0.92,43.38,232.68,169.58,77.9,184.66,Fasting
SYN-DM-03844,7.32,117.67,151.81,0.83,34.37,374.87,120.39,38.8,134.0,Unknown
SYN-DM-03845,9.31,131.77,260.2,1.03,51.89,15.86,99.51,57.4,123.4,Unknown
SYN-DM-03846,10.13,175.18,120.96,0.85,92.32,322.14,157.07,64.4,178.46,Non-fasting
SYN-DM-03847,5.88,155.37,134.74,2.11,87.25,186.72,110.21,60.7,200.43,Unknown
SYN-DM-03848,7.53,197.58,120.99,1.85,40.95,94.62,62.88,39.0,303.59,Non-fasting
SYN-DM-03849,9.51,139.9,239.52,1.46,61.85,369.95,156.06,41.5,252.63,Unknown
SYN-DM-03850,8.01,175.87,301.63,1.57,99.91,148.6,102.71,51.1,97.35,Unknown
SYN-DM-03851,6.01,224.16,108.97,2.24,82.49,281.91,74.82,30.3,289.92,Unknown
SYN-DM-03852,6.27,109.43,233.9,2.14,70.84,359.57,89.27,20.8,191.59,Non-fasting
SYN-DM-03853,10.19,140.61,151.33,2.16,42.1,390.8,63.32,49.4,100.03,Non-fasting
SYN-DM-03854,8.38,102.09,166.77,2.07,60.03,371.17,100.05,41.8,358.51,Unknown
SYN-DM-03855,6.86,156.78,299.46,2.28,88.27,365.04,70.11,50.0,400.39,Fasting
SYN-DM-03856,9.47,123.55,192.66,1.48,85.68,135.39,171.54,31.3,343.41,Non-fasting
SYN-DM-03857,9.99,187.92,275.64,2.04,64.9,417.25,109.0,68.9,361.11,Non-fasting
SYN-DM-03858,10.12,154.08,224.13,1.96,38.16,255.86,90.32,51.7,316.6,Fasting
SYN-DM-03859,8.02,196.72,158.17,1.11,84.59,124.98,112.15,46.3,231.71,Non-fasting
SYN-DM-03860,9.9,212.22,228.15,2.19,37.54,371.56,67.78,33.5,139.58,Fasting
SYN-DM-03861,6.5,126.72,290.9,2.03,74.12,290.83,81.51,62.7,151.65,Fasting
SYN-DM-03862,10.09,234.01,155.21,1.36,65.59,142.28,102.59,56.4,116.54,Fasting
SYN-DM-03863,9.08,144.16,283.7,1.66,59.77,304.9,134.68,51.1,369.45,Non-fasting
SYN-DM-03864,8.56,159.51,243.93,1.86,97.42,373.14,96.48,59.8,409.6,Unknown
SYN-DM-03865,7.86,225.48,244.52,0.9,79.75,117.7,86.2,44.9,209.63,Non-fasting
SYN-DM-03866,7.64,203.56,254.78,2.07,91.97,213.99,167.33,32.7,184.24,Fasting
SYN-DM-03867,10.05,157.16,147.1,0.73,66.71,232.73,114.98,24.3,108.01,Fasting
SYN-DM-03868,8.77,120.46,130.74,2.05,88.89,121.19,167.6,45.9,280.01,Unknown
SYN-DM-03869,9.01,213.81,229.94,2.02,64.79,334.29,118.27,52.6,230.36,Fasting
SYN-DM-03870,9.37,123.03,250.09,0.71,66.01,272.63,103.32,71.5,175.64,Non-fasting
SYN-DM-03871,7.99,152.17,176.87,1.46,40.32,293.25,133.48,20,162.92,Unknown
SYN-DM-03872,9.28,174.88,240.82,2.06,94.18,205.07,100.87,59.8,276.88,Unknown
SYN-DM-03873,8.92,155.07,308.48,0.84,69.4,208.96,162.5,53.0,212.37,Unknown
SYN-DM-03874,7.82,190.27,117.94,1.22,49.65,101.85,76.95,51.1,183.14,Fasting
SYN-DM-03875,6.4,106.65,246.31,1.59,101.32,128.68,170.81,57.9,280.23,Non-fasting
SYN-DM-03876,7.02,115.43,219.25,1.49,80.23,396.58,137.38,25.1,178.43,Fasting
SYN-DM-03877,8.75,92.94,230.8,1.01,100.31,42.08,169.82,66.6,177.43,Fasting
SYN-DM-03878,7.89,207.27,283.43,0.71,56.26,229.71,93.31,53.0,138.8,Unknown
SYN-DM-03879,7.79,218.82,140.81,1.02,80.09,103.09,74.36,41.9,176.34,Unknown
SYN-DM-03880,8.78,218.23,218.0,0.89,40.62,395.87,149.04,54.4,302.16,Non-fasting
SYN-DM-03881,5.87,159.65,259.81,1.07,75.71,217.93,151.36,65.7,98.14,Non-fasting
SYN-DM-03882,5.98,231.95,236.19,1.79,45.66,416.58,116.51,60.3,160.45,Fasting
SYN-DM-03883,9.41,105.22,194.66,0.96,49.78,229.51,101.63,40.0,142.28,Non-fasting
SYN-DM-03884,8.61,178.39,257.57,2.26,66.03,105.43,109.49,36.9,231.99,Fasting
SYN-DM-03885,10.16,199.79,271.62,1.2,44.33,199.61,145.29,47.6,118.27,Non-fasting
SYN-DM-03886,8.08,200.56,274.01,1.0,54.19,298.2,168.05,38.1,120.36,Non-fasting
SYN-DM-03887,6.45,92.09,237.15,1.76,76.7,273.29,76.51,35.5,193.2,Fasting
SYN-DM-03888,7.56,239.58,229.08,1.07,56.7,143.95,153.32,55.4,294.78,Non-fasting
SYN-DM-03889,6.82,223.67,174.56,0.79,43.71,118.04,167.51,43.5,383.97,Non-fasting
SYN-DM-03890,7.34,150.14,210.9,2.23,37.39,104.33,110.46,51.4,187.21,Non-fasting
SYN-DM-03891,8.1,151.71,287.42,1.12,57.22,92.31,97.82,68.8,270.16,Fasting
SYN-DM-03892,7.74,168.49,105.61,0.84,60.66,313.36,126.84,54.4,349.73,Unknown
SYN-DM-03893,6.49,207.54,267.53,2.22,29.0,189.81,169.88,37.3,88.53,Non-fasting
SYN-DM-03894,8.53,236.79,284.41,1.94,81.78,206.39,162.17,52.8,297.42,Non-fasting
SYN-DM-03895,6.79,119.68,277.07,2.01,32.59,35.24,111.48,56.3,118.73,Non-fasting
SYN-DM-03896,7.09,127.43,134.56,1.06,73.7,107.53,145.04,51.1,236.53,Unknown
SYN-DM-03897,6.99,97.58,172.83,0.74,85.44,340.49,81.94,41.3,145.5,Non-fasting
SYN-DM-03898,9.3,190.34,153.03,0.87,43.89,86.55,90.14,43.1,304.98,Non-fasting
SYN-DM-03899,7.95,202.94,113.95,1.66,60.66,116.5,132.37,44.7,410.0,Non-fasting
SYN-DM-03900,8.6,208.85,152.45,1.44,85.59,332.08,101.16,48.0,206.83,Fasting
SYN-DM-03901,8.71,121.17,186.63,1.17,71.61,208.2,130.17,45.3,267.7,Non-fasting
SYN-DM-03902,6.32,129.34,166.86,2.05,101.7,416.61,166.88,35.8,288.28,Non-fasting
SYN-DM-03903,8.05,88.01,301.28,0.97,82.64,358.69,85.97,20,344.13,Unknown
SYN-DM-03904,9.63,153.41,118.15,1.41,80.09,240.94,106.39,29.4,98.58,Fasting
SYN-DM-03905,6.46,90.82,104.33,1.33,96.15,224.88,155.05,42.4,359.31,Unknown
SYN-DM-03906,6.8,109.39,145.55,1.21,58.22,121.97,172.41,43.4,129.58,Unknown
SYN-DM-03907,8.38,161.42,255.35,1.52,82.76,416.39,81.27,45.4,261.53,Fasting
SYN-DM-03908,8.82,130.46,132.64,1.25,79.38,235.34,141.52,57.5,250.08,Non-fasting
SYN-DM-03909,8.72,141.47,235.08,1.21,80.61,203.73,106.35,45.1,135.3,Fasting
SYN-DM-03910,8.02,206.85,149.31,0.84,40.0,213.63,78.2,54.2,189.26,Unknown
SYN-DM-03911,5.85,91.16,163.99,1.98,55.83,397.85,82.5,55.2,105.84,Non-fasting
SYN-DM-03912,8.79,178.63,194.56,1.44,41.24,72.88,115.61,30.1,160.38,Fasting
SYN-DM-03913,8.34,156.42,185.83,1.63,37.33,170.15,119.93,50.3,229.63,Non-fasting
SYN-DM-03914,5.92,116.13,142.95,1.51,34.78,104.85,77.12,51.8,404.18,Unknown
SYN-DM-03915,9.8,120.54,295.38,1.86,70.78,87.54,128.07,65.0,110.74,Unknown
SYN-DM-03916,7.1,113.32,308.5,1.87,38.86,290.57,149.84,25.5,310.39,Unknown
SYN-DM-03917,7.99,169.99,215.58,1.35,93.74,342.29,119.07,50.2,322.75,Non-fasting
SYN-DM-03918,8.76,154.58,272.91,0.78,75.85,394.73,130.96,51.7,165.25,Unknown
SYN-DM-03919,8.8,110.93,245.73,1.77,67.53,34.04,111.71,58.1,361.29,Fasting
SYN-DM-03920,6.36,204.38,275.32,0.96,62.69,199.11,83.14,51.3,358.65,Non-fasting
SYN-DM-03921,7.15,144.12,242.16,1.07,54.17,28.13,119.71,52.6,390.5,Non-fasting
SYN-DM-03922,10.19,163.03,218.61,1.46,76.11,123.42,127.25,52.9,98.53,Fasting
SYN-DM-03923,7.81,200.37,206.27,1.92,67.2,406.8,117.31,32.7,138.91,Non-fasting
SYN-DM-03924,8.89,243.23,128.73,1.59,67.17,181.87,95.53,55.8,307.23,Non-fasting
SYN-DM-03925,7.17,154.19,205.73,1.23,43.13,49.13,142.84,51.7,215.48,Unknown
SYN-DM-03926,5.86,148.38,139.03,1.14,33.95,59.29,81.8,32.7,103.1,Non-fasting
SYN-DM-03927,10.18,173.77,154.16,0.81,71.37,154.42,111.44,63.6,117.21,Unknown
SYN-DM-03928,10.14,218.6,170.61,2.3,48.12,210.75,89.09,43.6,389.79,Non-fasting
SYN-DM-03929,7.69,197.87,161.37,2.23,49.45,138.46,147.07,75.0,250.36,Unknown
SYN-DM-03930,8.41,111.56,212.72,1.11,52.53,14.13,111.81,26.4,181.77,Fasting
SYN-DM-03931,9.97,130.65,247.45,2.09,72.46,362.37,165.98,37.4,298.56,Non-fasting
SYN-DM-03932,7.27,201.08,139.01,0.82,95.29,411.26,157.7,44.7,347.87,Fasting
SYN-DM-03933,8.32,137.2,221.97,1.51,54.18,414.13,101.0,42.6,214.77,Unknown
SYN-DM-03934,10.09,88.28,207.0,1.97,67.91,180.08,146.71,48.6,154.75,Fasting
SYN-DM-03935,6.65,102.07,134.81,1.1,101.01,355.84,81.18,64.3,179.33,Unknown
SYN-DM-03936,6.95,146.46,195.42,0.9,64.23,24.99,106.09,45.7,141.16,Non-fasting
SYN-DM-03937,9.91,173.48,167.23,1.48,62.91,23.05,142.73,60.8,169.15,Non-fasting
SYN-DM-03938,7.98,99.06,227.19,1.89,56.55,16.98,159.76,59.3,368.92,Unknown
SYN-DM-03939,10.12,105.92,200.89,1.97,100.37,302.98,137.49,44.0,380.25,Unknown
SYN-DM-03940,7.09,178.57,181.16,1.64,66.45,44.58,158.57,59.3,248.5,Unknown
SYN-DM-03941,6.81,118.38,107.49,0.91,61.04,379.53,172.21,49.9,348.24,Unknown
SYN-DM-03942,8.59,143.67,222.41,2.27,53.06,56.11,160.13,68.9,319.9,Non-fasting
SYN-DM-03943,6.95,180.94,276.01,1.98,60.22,227.01,155.15,42.9,347.58,Fasting
SYN-DM-03944,7.99,138.17,275.63,0.99,49.78,270.32,166.52,43.3,301.24,Fasting
SYN-DM-03945,6.08,167.14,110.21,0.73,47.71,238.15,110.87,45.9,396.27,Unknown
SYN-DM-03946,8.88,124.71,279.18,0.74,29.64,216.1,129.12,61.0,358.89,Non-fasting
SYN-DM-03947,8.8,107.5,137.05,1.42,39.03,280.11,119.59,54.1,256.78,Unknown
SYN-DM-03948,8.17,135.23,168.84,1.37,43.3,314.78,120.35,41.6,214.29,Unknown
SYN-DM-03949,9.14,158.09,188.42,1.89,99.44,192.79,64.52,33.8,135.57,Fasting
SYN-DM-03950,9.13,240.7,252.99,1.45,67.99,13.92,83.24,64.5,97.73,Unknown
SYN-DM-03951,6.57,90.08,182.42,2.15,39.44,28.18,169.54,48.5,282.58,Fasting
SYN-DM-03952,6.65,203.89,261.64,1.65,44.9,46.15,73.04,23.4,290.18,Fasting
SYN-DM-03953,7.98,120.38,133.39,2.19,63.81,273.08,160.32,21.3,163.83,Unknown
SYN-DM-03954,9.13,231.74,230.15,0.86,88.68,403.44,92.7,43.0,163.81,Fasting
SYN-DM-03955,7.54,200.63,263.82,1.8,36.97,292.72,67.3,70.3,306.92,Non-fasting
SYN-DM-03956,8.58,141.97,223.16,0.88,72.5,233.09,101.62,41.5,363.54,Fasting
SYN-DM-03957,7.17,165.7,138.33,1.65,98.68,11.34,82.38,46.4,384.86,Unknown
SYN-DM-03958,8.58,152.1,159.93,1.62,66.22,290.83,96.25,42.3,134.57,Fasting
SYN-DM-03959,8.23,201.74,202.48,2.27,100.68,417.98,157.96,39.5,309.09,Unknown
SYN-DM-03960,6.48,242.5,276.43,1.28,56.26,93.61,98.27,50.3,366.13,Fasting
SYN-DM-03961,6.79,222.79,288.62,1.56,95.42,188.46,117.62,39.5,264.65,Fasting
SYN-DM-03962,8.05,173.34,104.54,1.53,66.01,353.74,93.08,42.5,147.84,Unknown
SYN-DM-03963,8.84,135.56,266.57,1.42,77.84,27.35,129.84,48.2,288.52,Non-fasting
SYN-DM-03964,7.29,224.26,270.53,0.83,100.01,326.7,69.21,49.1,401.51,Non-fasting
SYN-DM-03965,5.89,143.5,271.42,1.67,45.06,292.98,119.94,60.2,164.27,Unknown
SYN-DM-03966,6.16,166.18,147.23,1.97,57.09,400.18,167.74,72.5,198.35,Fasting
SYN-DM-03967,9.49,230.55,260.72,1.76,31.04,222.06,155.22,70.8,118.69,Unknown
SYN-DM-03968,7.78,115.0,300.32,0.97,72.5,187.95,81.24,34.5,292.95,Non-fasting
SYN-DM-03969,9.06,152.91,232.29,1.12,56.78,218.96,156.93,45.3,318.48,Fasting
SYN-DM-03970,7.84,100.22,261.49,1.27,94.3,228.02,146.16,41.2,224.56,Fasting
SYN-DM-03971,7.86,170.41,229.81,1.36,88.45,244.46,159.68,30.8,384.25,Fasting
SYN-DM-03972,8.76,165.86,119.39,1.93,79.47,156.95,132.71,50.6,226.93,Non-fasting
SYN-DM-03973,9.1,200.46,207.33,0.93,83.1,334.13,172.6,58.3,311.1,Unknown
SYN-DM-03974,9.68,117.15,254.56,1.08,99.12,230.21,81.47,52.8,118.92,Non-fasting
SYN-DM-03975,6.33,196.44,300.73,0.76,67.85,65.81,76.64,52.8,200.84,Unknown
SYN-DM-03976,7.01,231.16,193.01,1.53,53.9,95.55,121.01,48.7,216.34,Fasting
SYN-DM-03977,8.87,170.93,288.58,1.24,45.78,395.24,105.23,49.4,330.67,Unknown
SYN-DM-03978,6.67,113.54,129.66,1.09,93.93,305.62,75.68,55.4,347.96,Fasting
SYN-DM-03979,7.21,194.11,133.51,1.64,97.42,186.84,145.24,56.5,241.44,Unknown
SYN-DM-03980,7.54,183.41,184.9,1.69,59.04,306.01,75.26,20,102.1,Unknown
SYN-DM-03981,6.65,167.97,212.23,1.46,66.11,240.79,128.39,33.7,335.29,Fasting
SYN-DM-03982,9.43,132.39,138.65,1.15,99.52,196.1,168.06,33.6,381.1,Fasting
SYN-DM-03983,9.97,164.65,170.93,1.28,84.61,257.59,134.17,58.3,184.28,Unknown
SYN-DM-03984,9.11,221.07,123.98,1.5,72.68,173.6,145.31,40.5,196.46,Unknown
SYN-DM-03985,8.97,197.45,141.19,2.02,93.01,96.11,151.48,42.2,399.25,Non-fasting
SYN-DM-03986,8.76,154.84,111.32,2.2,52.29,227.12,83.9,49.9,195.12,Non-fasting
SYN-DM-03987,6.33,90.51,102.81,1.89,56.15,30.73,62.62,59.1,233.58,Unknown
SYN-DM-03988,8.99,150.14,239.79,0.92,43.21,47.37,167.94,63.6,319.9,Non-fasting
SYN-DM-03989,6.07,122.19,262.82,0.98,49.15,131.72,159.22,43.7,380.54,Fasting
SYN-DM-03990,9.23,219.98,193.16,0.8,88.61,80.17,62.66,22.0,218.24,Fasting
SYN-DM-03991,7.2,222.17,295.6,1.3,74.2,13.26,144.11,54.7,265.36,Unknown
SYN-DM-03992,9.51,94.0,277.62,2.03,101.23,56.22,87.77,41.1,390.78,Fasting
SYN-DM-03993,9.37,203.85,119.76,1.65,94.67,343.57,140.33,20.6,257.23,Unknown
SYN-DM-03994,8.73,135.09,106.39,0.72,87.13,231.77,93.38,54.8,107.48,Non-fasting
SYN-DM-03995,9.65,210.5,181.53,1.27,41.86,12.71,81.25,59.0,361.73,Fasting
SYN-DM-03996,9.04,125.74,194.07,0.73,95.09,244.94,72.23,51.1,344.27,Non-fasting
SYN-DM-03997,9.75,172.45,220.08,1.78,59.72,259.63,62.24,55.4,244.46,Non-fasting
SYN-DM-03998,9.44,229.58,298.28,2.17,62.44,40.89,128.06,66.4,359.32,Unknown
SYN-DM-03999,9.8,145.66,206.85,1.05,33.69,96.75,155.61,50.9,115.8,Unknown
SYN-DM-04000,6.63,189.36,233.42,1.6,71.34,67.67,130.73,50.9,260.97,Non-fasting
SYN-DM-04001,8.34,137.68,233.94,1.73,41.7,94.28,160.22,44.8,140.23,Fasting
SYN-DM-04002,7.31,94.1,193.43,0.89,52.02,357.21,89.0,36.1,223.66,Unknown
SYN-DM-04003,9.9,173.18,174.83,1.38,99.0,137.7,132.42,54.0,328.84,Non-fasting
SYN-DM-04004,6.98,129.75,228.84,1.12,73.11,266.8,78.61,46.7,326.22,Unknown
SYN-DM-04005,6.46,138.54,262.26,0.98,53.72,201.67,129.84,29.5,280.65,Fasting
SYN-DM-04006,7.56,167.2,172.08,1.24,55.54,155.34,122.38,41.6,174.61,Unknown
SYN-DM-04007,9.44,183.27,170.99,2.16,101.76,45.35,156.88,58.8,134.66,Non-fasting
SYN-DM-04008,9.72,146.88,199.16,2.28,39.96,112.33,74.13,54.5,203.08,Non-fasting
SYN-DM-04009,6.04,204.13,284.84,1.16,81.1,146.44,125.41,38.8,276.98,Non-fasting
SYN-DM-04010,8.46,185.32,175.44,1.89,55.35,411.79,128.66,42.4,261.26,Non-fasting
SYN-DM-04011,6.23,146.46,228.19,1.41,61.24,17.59,77.87,46.7,92.95,Unknown
SYN-DM-04012,9.72,201.41,266.89,1.4,37.63,128.53,129.64,26.9,355.55,Non-fasting
SYN-DM-04013,9.95,192.57,273.27,1.5,101.99,353.39,74.51,40.3,224.71,Fasting
SYN-DM-04014,9.4,228.45,130.31,1.81,101.31,48.86,156.95,45.1,139.08,Unknown
SYN-DM-04015,6.65,141.47,180.65,1.16,92.8,31.08,101.29,39.3,220.76,Fasting
SYN-DM-04016,6.4,191.6,238.48,1.5,46.47,394.97,134.48,25.8,98.19,Fasting
SYN-DM-04017,6.12,89.27,263.57,1.6,60.17,291.2,76.95,32.8,370.35,Non-fasting
SYN-DM-04018,9.61,222.48,262.66,1.99,82.32,311.93,109.7,50.2,343.53,Fasting
SYN-DM-04019,8.95,92.9,172.2,2.08,90.56,85.02,144.14,41.0,153.65,Non-fasting
SYN-DM-04020,7.5,125.58,132.31,1.29,97.47,226.34,127.87,36.0,264.61,Non-fasting
SYN-DM-04021,6.46,168.63,151.52,1.12,42.07,15.12,164.37,34.5,352.49,Unknown
SYN-DM-04022,6.37,164.05,223.34,2.12,28.58,286.09,151.81,41.6,311.31,Fasting
SYN-DM-04023,9.24,133.11,102.59,0.84,52.89,394.65,97.77,49.2,352.64,Unknown
SYN-DM-04024,9.81,217.63,187.17,0.85,45.52,23.57,146.68,62.7,197.73,Fasting
SYN-DM-04025,7.45,238.58,261.08,2.0,95.09,380.83,114.59,48.9,346.5,Fasting
SYN-DM-04026,7.23,194.75,146.94,1.05,60.7,148.37,121.28,38.7,358.95,Non-fasting
SYN-DM-04027,8.58,146.16,293.97,2.16,72.89,147.65,133.83,60.1,319.43,Non-fasting
SYN-DM-04028,7.75,88.43,155.68,1.03,62.06,409.8,96.67,63.5,181.4,Non-fasting
SYN-DM-04029,7.46,222.64,190.59,0.83,99.31,145.87,156.35,52.4,137.52,Fasting
SYN-DM-04030,9.29,201.93,200.62,1.38,33.48,240.48,97.78,54.1,209.7,Non-fasting
SYN-DM-04031,7.17,160.18,290.81,1.2,82.97,11.89,147.74,31.9,373.25,Non-fasting
SYN-DM-04032,9.85,235.84,204.19,1.17,88.63,142.22,158.19,45.2,323.61,Unknown
SYN-DM-04033,7.57,100.57,283.46,2.15,81.68,225.45,69.16,30.6,252.52,Unknown
SYN-DM-04034,6.0,137.09,249.9,1.68,67.54,333.44,78.57,44.2,127.15,Fasting
SYN-DM-04035,6.63,142.16,122.88,1.23,52.3,16.33,117.9,48.8,272.87,Fasting
SYN-DM-04036,9.15,138.45,173.87,1.38,35.65,378.51,83.98,41.6,269.44,Fasting
SYN-DM-04037,9.38,153.51,255.48,1.18,33.79,349.75,137.14,65.7,206.88,Non-fasting
SYN-DM-04038,9.01,240.26,238.79,1.85,97.54,392.94,140.53,20,90.25,Fasting
SYN-DM-04039,9.92,189.51,252.81,1.09,85.31,104.24,90.27,43.1,264.52,Non-fasting
SYN-DM-04040,5.82,99.45,268.32,1.61,57.79,264.13,167.06,46.3,103.19,Non-fasting
SYN-DM-04041,8.41,179.33,278.56,0.8,46.42,158.96,122.63,34.7,122.62,Unknown
SYN-DM-04042,9.68,169.99,159.38,1.81,89.91,182.47,166.46,40.1,373.32,Unknown
SYN-DM-04043,6.61,237.5,265.28,1.51,53.91,182.61,127.66,32.6,391.43,Unknown
SYN-DM-04044,7.73,99.44,154.65,1.14,38.48,211.09,71.45,39.8,344.65,Unknown
SYN-DM-04045,6.41,144.44,136.95,1.83,83.9,309.91,158.32,45.1,105.3,Fasting
SYN-DM-04046,9.74,161.32,137.03,2.05,71.49,266.91,94.95,35.2,213.5,Fasting
SYN-DM-04047,7.33,179.62,154.23,1.66,59.09,402.82,139.38,63.0,261.8,Unknown
SYN-DM-04048,7.05,106.7,188.66,0.74,39.7,17.22,68.07,50.1,135.83,Unknown
SYN-DM-04049,6.39,227.54,241.23,0.96,58.13,119.25,155.44,35.5,293.97,Fasting
SYN-DM-04050,8.35,203.44,143.41,2.03,47.04,203.68,170.8,43.3,189.91,Fasting
SYN-DM-04051,8.86,125.94,175.87,1.39,97.23,416.11,80.43,53.3,289.6,Fasting
SYN-DM-04052,10.05,149.8,211.56,2.24,98.3,297.75,97.19,40.3,226.8,Unknown
SYN-DM-04053,7.22,166.44,139.11,1.13,92.27,312.77,128.5,68.8,321.23,Unknown
SYN-DM-04054,8.85,153.78,305.69,1.15,49.23,239.34,172.28,53.3,328.0,Fasting
SYN-DM-04055,6.87,213.93,282.71,1.01,64.04,98.78,126.06,40.8,129.07,Non-fasting
SYN-DM-04056,9.99,207.64,106.54,1.06,28.06,26.25,166.99,59.5,403.37,Fasting
SYN-DM-04057,7.71,151.07,273.24,2.27,53.31,158.82,155.73,32.9,236.29,Non-fasting
SYN-DM-04058,6.6,98.76,192.63,1.51,35.92,285.82,163.95,60.3,338.52,Non-fasting
SYN-DM-04059,9.71,154.38,153.15,0.97,50.33,115.17,107.05,59.1,300.64,Fasting
SYN-DM-04060,7.32,170.94,232.78,1.41,42.02,124.21,155.5,44.2,155.71,Non-fasting
SYN-DM-04061,9.0,93.48,290.76,2.03,73.65,65.82,62.76,55.2,94.2,Unknown
SYN-DM-04062,7.55,193.92,103.32,1.68,72.27,83.89,97.17,44.9,307.43,Unknown
SYN-DM-04063,5.95,145.37,219.4,1.5,85.68,311.5,159.99,44.6,244.49,Unknown
SYN-DM-04064,6.73,209.7,187.73,1.34,46.49,148.31,161.86,39.3,168.34,Non-fasting
SYN-DM-04065,9.41,109.9,173.35,1.98,40.07,377.62,173.01,51.5,126.47,Fasting
SYN-DM-04066,6.39,203.31,138.0,1.83,40.1,218.53,84.86,51.2,315.6,Unknown
SYN-DM-04067,6.41,189.93,151.89,1.79,42.02,106.96,136.44,35.1,302.38,Fasting
SYN-DM-04068,9.42,170.16,240.12,1.46,58.07,355.09,104.35,50.3,271.88,Unknown
SYN-DM-04069,7.94,98.67,228.54,0.85,83.0,251.32,148.66,21.0,398.66,Non-fasting
SYN-DM-04070,7.33,120.8,266.29,1.04,87.34,180.03,117.02,45.7,237.46,Non-fasting
SYN-DM-04071,8.93,225.48,279.49,1.5,47.37,160.15,78.55,53.4,115.69,Unknown
SYN-DM-04072,8.57,121.77,168.77,1.8,48.91,183.29,105.33,52.8,225.05,Fasting
SYN-DM-04073,8.52,142.56,185.43,1.71,39.15,47.07,107.14,54.7,287.16,Unknown
SYN-DM-04074,6.07,168.76,222.61,1.03,67.74,100.85,77.87,52.2,356.02,Fasting
SYN-DM-04075,6.48,164.08,111.03,1.91,64.88,343.11,169.74,57.6,257.52,Fasting
SYN-DM-04076,9.54,182.74,103.77,1.75,50.26,366.19,160.78,55.0,268.05,Fasting
SYN-DM-04077,7.28,101.51,244.92,0.9,63.71,42.89,133.49,60.4,346.7,Non-fasting
SYN-DM-04078,7.32,235.42,208.8,1.8,53.16,154.52,142.22,66.8,385.7,Non-fasting
SYN-DM-04079,9.86,153.39,295.93,1.04,82.48,388.93,113.44,20.4,301.08,Fasting
SYN-DM-04080,6.31,156.39,230.66,1.58,43.5,112.67,66.38,55.1,340.35,Non-fasting
SYN-DM-04081,8.01,181.85,113.94,0.95,71.84,356.62,124.0,38.2,153.89,Fasting
SYN-DM-04082,9.08,227.96,230.35,0.72,97.09,19.27,169.9,63.4,314.44,Non-fasting
SYN-DM-04083,9.19,117.61,206.69,0.78,85.26,380.36,63.39,50.4,272.13,Fasting
SYN-DM-04084,6.76,181.69,207.14,1.41,62.89,350.15,171.21,46.2,208.66,Unknown
SYN-DM-04085,7.45,231.57,213.78,1.76,55.61,344.24,90.29,54.9,345.76,Non-fasting
SYN-DM-04086,6.75,185.26,126.81,1.37,75.97,244.2,134.23,46.0,410.0,Non-fasting
SYN-DM-04087,6.36,98.65,200.96,1.31,45.11,238.49,71.92,39.2,155.57,Unknown
SYN-DM-04088,6.31,159.93,200.3,1.5,61.02,129.95,157.87,36.5,95.63,Unknown
SYN-DM-04089,9.58,193.74,276.1,0.91,78.11,42.82,165.2,55.7,261.6,Non-fasting
SYN-DM-04090,8.12,223.85,193.44,1.84,69.73,114.43,86.1,36.7,170.9,Non-fasting
SYN-DM-04091,6.16,165.25,104.43,1.77,57.85,355.7,148.39,46.2,133.72,Unknown
SYN-DM-04092,6.29,150.14,203.79,1.15,101.01,41.99,151.26,44.2,402.69,Non-fasting
SYN-DM-04093,7.09,140.5,156.8,0.99,52.54,241.16,149.1,52.2,256.07,Fasting
SYN-DM-04094,8.51,155.82,145.31,1.21,38.27,84.92,142.81,41.6,345.99,Non-fasting
SYN-DM-04095,9.44,220.45,247.88,1.68,31.15,19.68,168.95,44.1,172.72,Fasting
SYN-DM-04096,9.17,155.41,262.23,1.44,88.07,177.74,127.11,41.6,304.51,Non-fasting
SYN-DM-04097,5.94,151.43,182.1,2.19,28.7,282.3,121.98,46.2,214.88,Unknown
SYN-DM-04098,6.47,138.05,238.95,1.92,59.32,116.14,76.5,47.9,108.5,Non-fasting
SYN-DM-04099,8.43,203.77,115.24,1.18,96.11,24.87,122.49,60.0,131.88,Fasting
SYN-DM-04100,6.14,185.39,266.45,1.12,61.53,112.46,148.2,47.6,354.21,Fasting
SYN-DM-04101,7.04,190.87,176.01,1.56,97.08,356.45,153.13,55.5,148.17,Unknown
SYN-DM-04102,7.46,241.72,202.06,1.18,86.57,239.37,140.14,37.3,395.84,Non-fasting
SYN-DM-04103,9.0,102.52,280.04,1.32,94.69,213.09,99.28,46.4,141.22,Fasting
SYN-DM-04104,7.37,197.97,131.56,1.65,49.4,382.72,111.14,48.3,176.73,Fasting
SYN-DM-04105,7.59,181.41,292.72,0.77,46.49,160.48,148.18,58.2,217.92,Non-fasting
SYN-DM-04106,7.67,229.74,173.56,1.98,40.21,178.81,76.06,57.5,267.65,Unknown
SYN-DM-04107,8.34,175.83,165.01,1.39,77.01,171.16,170.87,34.6,334.66,Non-fasting
SYN-DM-04108,7.33,158.86,120.52,1.09,74.7,69.67,81.43,40.4,88.6,Fasting
SYN-DM-04109,10.1,236.24,301.12,1.0,89.67,291.99,67.27,25.1,335.81,Unknown
SYN-DM-04110,6.62,107.43,240.31,2.05,55.02,117.41,71.01,70.6,360.34,Unknown
SYN-DM-04111,6.98,169.1,165.71,1.66,57.23,272.09,147.48,65.0,126.63,Non-fasting
SYN-DM-04112,9.57,220.66,243.48,1.67,73.6,188.75,89.73,56.0,359.15,Unknown
SYN-DM-04113,5.86,243.34,114.6,1.2,43.8,105.99,76.78,52.4,358.9,Unknown
SYN-DM-04114,9.17,115.21,143.07,2.13,88.65,66.51,124.52,52.9,309.84,Unknown
SYN-DM-04115,9.0,225.89,243.68,1.14,45.8,381.58,142.97,48.8,172.65,Non-fasting
SYN-DM-04116,9.53,168.37,265.72,1.54,81.31,294.87,118.6,29.1,394.9,Fasting
SYN-DM-04117,7.19,141.36,252.07,0.94,78.91,341.31,169.09,51.5,376.26,Non-fasting
SYN-DM-04118,9.72,240.01,263.18,1.03,57.82,28.42,134.61,39.4,330.59,Fasting
SYN-DM-04119,9.52,223.22,247.32,1.97,50.2,283.68,94.32,30.7,384.81,Non-fasting
SYN-DM-04120,7.69,173.13,106.0,1.65,98.06,128.58,67.04,66.1,269.2,Non-fasting
SYN-DM-04121,6.0,111.02,133.8,1.4,61.21,260.45,144.18,45.9,325.64,Non-fasting
SYN-DM-04122,8.97,93.22,284.45,0.93,68.67,218.74,106.68,47.7,345.44,Unknown
SYN-DM-04123,10.12,108.31,209.58,2.22,37.62,31.78,109.44,35.1,127.51,Unknown
SYN-DM-04124,6.76,130.11,250.12,2.05,52.92,308.64,128.74,32.3,336.51,Unknown
SYN-DM-04125,8.71,88.64,217.14,1.24,81.71,357.96,62.68,36.8,407.74,Non-fasting
SYN-DM-04126,7.36,146.97,105.76,1.88,88.52,398.43,123.27,44.6,216.16,Non-fasting
SYN-DM-04127,8.31,101.1,205.27,0.96,38.16,267.14,140.23,46.2,251.3,Unknown
SYN-DM-04128,7.45,236.02,206.45,0.75,45.04,255.9,161.95,45.8,148.62,Non-fasting
SYN-DM-04129,9.2,202.24,270.5,1.75,28.03,56.83,112.73,52.1,231.36,Non-fasting
SYN-DM-04130,8.67,142.84,286.38,2.29,96.55,280.34,140.98,80.0,98.3,Unknown
SYN-DM-04131,6.18,208.42,177.03,2.11,72.07,286.09,117.14,53.0,246.47,Non-fasting
SYN-DM-04132,7.23,220.78,277.71,0.73,39.18,84.69,142.4,37.5,334.41,Non-fasting
SYN-DM-04133,7.21,167.23,208.58,1.22,78.68,35.22,155.12,51.4,329.65,Fasting
SYN-DM-04134,9.21,176.86,205.28,1.15,94.0,191.1,114.21,66.3,278.04,Fasting
SYN-DM-04135,8.06,89.59,227.78,1.0,51.7,189.26,103.45,52.7,346.6,Non-fasting
SYN-DM-04136,5.81,118.77,207.16,1.93,72.56,68.86,139.9,27.6,401.17,Non-fasting
SYN-DM-04137,6.36,152.41,219.2,1.89,52.53,174.89,85.52,32.5,124.27,Fasting
SYN-DM-04138,9.78,195.77,309.58,0.97,86.55,227.81,131.55,26.5,109.42,Fasting
SYN-DM-04139,7.23,127.39,211.34,1.62,36.73,95.23,132.4,38.0,356.22,Unknown
SYN-DM-04140,7.42,173.88,277.08,1.74,93.81,104.9,162.87,57.8,154.93,Unknown
SYN-DM-04141,6.53,114.19,245.31,1.46,61.26,390.8,127.5,60.2,211.94,Non-fasting
SYN-DM-04142,6.56,129.29,154.32,1.92,32.03,327.52,161.4,55.6,284.9,Fasting
SYN-DM-04143,9.37,175.52,267.96,1.77,84.23,169.01,167.98,29.3,231.88,Unknown
SYN-DM-04144,7.82,168.44,286.8,1.79,65.67,362.06,84.65,43.4,262.09,Unknown
SYN-DM-04145,8.33,167.74,305.64,2.3,35.27,198.6,151.87,64.0,111.28,Unknown
SYN-DM-04146,8.96,135.48,165.65,1.93,97.75,97.01,136.83,55.4,89.1,Non-fasting
SYN-DM-04147,9.01,210.29,131.31,2.2,61.92,324.35,89.47,35.3,327.54,Fasting
SYN-DM-04148,6.45,186.1,215.23,1.38,45.96,276.32,166.13,57.8,221.64,Unknown
SYN-DM-04149,9.81,168.98,217.65,1.43,78.17,216.95,88.57,32.0,328.84,Fasting
SYN-DM-04150,7.93,185.16,143.47,1.42,65.82,267.52,143.58,20.2,286.5,Fasting
SYN-DM-04151,9.14,239.81,130.35,1.77,74.53,141.52,82.89,48.9,111.58,Fasting
SYN-DM-04152,6.6,140.99,107.75,1.65,63.99,394.23,70.97,52.9,256.85,Non-fasting
SYN-DM-04153,8.97,159.13,300.55,1.34,32.54,123.87,171.46,44.0,191.48,Non-fasting
SYN-DM-04154,7.77,203.33,116.12,0.72,88.7,15.58,152.93,67.1,192.89,Unknown
SYN-DM-04155,8.58,203.37,211.74,2.19,44.75,67.17,98.3,25.0,379.15,Fasting
SYN-DM-04156,8.47,120.88,269.82,1.26,87.98,277.31,123.98,44.5,358.09,Non-fasting
SYN-DM-04157,6.76,99.55,284.15,1.01,29.53,342.07,154.15,43.2,269.08,Non-fasting
SYN-DM-04158,6.85,181.55,167.45,1.9,94.73,282.07,66.55,50.5,361.59,Fasting
SYN-DM-04159,6.7,178.78,283.1,1.21,67.49,384.8,100.96,27.5,373.96,Non-fasting
SYN-DM-04160,10.08,88.92,134.7,1.96,70.73,392.92,127.73,55.7,88.43,Unknown
SYN-DM-04161,9.67,200.58,106.21,1.56,50.79,381.95,171.22,44.7,237.48,Fasting
SYN-DM-04162,10.13,128.73,110.89,1.81,60.26,98.73,128.58,26.8,329.66,Fasting
SYN-DM-04163,9.84,102.62,277.93,2.11,43.4,263.23,63.71,57.9,180.31,Fasting
SYN-DM-04164,8.81,232.15,112.08,1.33,59.03,407.81,73.46,55.8,289.29,Unknown
SYN-DM-04165,8.11,236.62,124.03,1.29,57.18,8.76,146.92,34.3,355.86,Fasting
SYN-DM-04166,9.45,130.7,174.35,0.79,32.75,190.94,172.39,40.7,396.06,Unknown
SYN-DM-04167,6.95,178.91,111.87,1.15,37.12,82.6,169.65,23.5,115.14,Unknown
SYN-DM-04168,8.65,111.73,117.77,1.82,67.59,292.44,117.87,36.7,390.81,Fasting
SYN-DM-04169,9.22,171.18,135.94,1.25,32.58,194.61,167.72,58.5,275.62,Unknown
SYN-DM-04170,8.95,194.18,218.23,1.34,57.47,39.8,135.03,39.7,395.9,Unknown
SYN-DM-04171,7.83,149.93,188.98,1.16,28.95,152.46,65.69,57.6,190.46,Fasting
SYN-DM-04172,6.47,149.73,246.22,1.92,70.14,10.06,124.56,51.0,248.4,Non-fasting
SYN-DM-04173,8.11,103.67,161.33,1.62,95.37,168.62,147.1,34.7,334.68,Fasting
SYN-DM-04174,7.72,188.53,264.46,0.77,33.54,347.28,103.34,52.9,325.05,Non-fasting
SYN-DM-04175,9.88,149.46,275.36,2.26,94.89,143.63,90.66,33.8,186.34,Fasting
SYN-DM-04176,9.7,225.58,105.21,1.79,99.53,64.38,124.56,52.9,376.63,Non-fasting
SYN-DM-04177,5.89,117.77,151.86,1.14,65.68,120.08,82.27,37.8,214.22,Unknown
SYN-DM-04178,7.5,156.91,259.7,0.85,101.47,352.54,167.03,58.6,285.62,Fasting
SYN-DM-04179,8.12,126.15,225.89,2.08,94.17,242.04,112.83,53.5,242.26,Non-fasting
SYN-DM-04180,9.24,96.74,158.17,1.06,51.73,244.08,76.47,56.9,192.53,Non-fasting
SYN-DM-04181,9.85,98.71,217.63,1.43,54.89,264.78,100.32,41.7,272.55,Fasting
SYN-DM-04182,7.05,136.32,123.93,2.3,47.96,115.18,83.26,31.9,163.77,Fasting
SYN-DM-04183,9.16,224.34,262.01,1.79,31.64,36.78,99.06,66.6,268.77,Non-fasting
SYN-DM-04184,10.15,140.24,271.68,1.93,87.17,210.32,128.24,73.4,250.29,Unknown
SYN-DM-04185,8.45,181.52,217.2,2.24,50.8,241.8,140.63,49.2,400.27,Fasting
SYN-DM-04186,7.74,118.29,299.2,1.81,62.28,242.21,85.73,47.5,155.17,Unknown
SYN-DM-04187,7.09,137.56,272.92,1.47,96.81,40.8,63.66,59.7,357.5,Non-fasting
SYN-DM-04188,9.01,241.54,174.64,1.03,79.81,136.5,76.92,24.9,219.71,Non-fasting
SYN-DM-04189,9.99,176.51,273.16,1.0,74.96,296.98,144.29,50.8,391.84,Unknown
SYN-DM-04190,10.16,229.76,290.59,0.92,92.79,13.59,107.83,49.5,362.85,Fasting
SYN-DM-04191,9.82,226.72,255.73,2.18,75.96,48.75,68.26,52.6,404.57,Unknown
SYN-DM-04192,8.93,173.79,116.2,1.24,74.14,63.57,70.5,25.1,370.79,Unknown
SYN-DM-04193,6.08,226.3,192.57,2.21,63.3,180.79,98.84,52.1,370.43,Unknown
SYN-DM-04194,8.86,185.7,251.75,1.68,51.69,341.09,141.32,34.7,249.94,Non-fasting
SYN-DM-04195,10.06,177.2,291.1,0.93,50.01,70.3,116.66,51.5,246.33,Fasting
SYN-DM-04196,6.41,208.98,131.01,1.16,72.46,305.05,130.26,65.7,192.67,Non-fasting
SYN-DM-04197,7.34,88.68,254.08,1.29,55.58,91.2,62.96,47.7,405.95,Unknown
SYN-DM-04198,6.58,168.84,173.72,1.69,47.03,131.16,173.77,37.9,172.26,Fasting
SYN-DM-04199,7.87,177.01,147.05,1.99,43.96,175.36,119.89,58.7,169.41,Non-fasting
SYN-DM-04200,6.65,132.67,220.04,0.82,90.62,34.5,109.51,41.5,206.99,Fasting
SYN-DM-04201,6.26,164.35,141.72,0.72,28.66,110.18,79.48,58.3,118.09,Non-fasting
SYN-DM-04202,7.93,192.74,162.81,2.15,54.39,35.05,90.57,57.5,209.26,Non-fasting
SYN-DM-04203,9.55,179.21,218.3,2.29,100.8,149.37,85.93,49.8,311.53,Fasting
SYN-DM-04204,5.99,201.55,181.43,1.87,43.83,366.54,159.84,37.2,91.66,Unknown
SYN-DM-04205,10.18,210.39,186.95,1.89,46.02,313.37,135.56,36.6,272.05,Unknown
SYN-DM-04206,8.32,216.73,241.88,1.87,69.0,112.98,110.25,26.9,393.23,Fasting
SYN-DM-04207,7.87,197.97,146.88,1.78,38.74,373.57,168.84,20,363.94,Non-fasting
SYN-DM-04208,8.85,167.26,224.42,0.79,92.86,292.85,129.47,42.5,385.16,Non-fasting
SYN-DM-04209,9.51,89.11,186.02,0.73,84.57,313.25,162.21,46.3,312.45,Non-fasting
SYN-DM-04210,7.25,157.0,172.38,1.83,31.56,264.37,84.85,74.2,358.85,Unknown
SYN-DM-04211,7.13,198.54,163.29,1.28,34.98,104.83,145.57,59.0,185.37,Non-fasting
SYN-DM-04212,8.99,110.91,244.4,2.02,79.42,66.52,86.19,34.6,148.62,Unknown
SYN-DM-04213,6.14,112.95,237.76,0.9,40.97,224.86,139.44,20,91.42,Non-fasting
SYN-DM-04214,6.36,187.49,205.34,1.27,90.35,238.05,105.3,29.9,181.48,Fasting
SYN-DM-04215,8.32,152.69,232.16,1.41,97.7,392.28,157.99,56.4,297.81,Unknown
SYN-DM-04216,7.97,212.63,126.36,0.94,92.39,188.86,62.86,45.9,166.88,Fasting
SYN-DM-04217,9.57,186.73,224.39,2.14,69.06,30.37,91.23,62.3,308.1,Fasting
SYN-DM-04218,6.06,217.84,287.77,1.42,75.67,414.3,170.85,59.2,337.23,Fasting
SYN-DM-04219,7.89,202.94,133.95,0.73,85.03,133.29,78.62,30.9,250.59,Unknown
SYN-DM-04220,7.24,236.65,306.97,2.25,37.78,307.47,97.31,41.2,337.04,Fasting
SYN-DM-04221,6.39,161.6,215.95,2.22,69.51,100.67,143.82,26.0,393.72,Unknown
SYN-DM-04222,9.36,234.21,240.06,1.3,70.71,50.79,68.22,36.2,190.3,Unknown
SYN-DM-04223,9.84,216.57,221.7,1.58,52.21,293.8,64.7,23.0,121.25,Fasting
SYN-DM-04224,9.24,196.26,287.84,0.83,46.68,181.24,169.44,52.9,271.96,Non-fasting
SYN-DM-04225,9.39,96.88,164.28,1.01,68.72,279.26,169.38,70.0,144.82,Non-fasting
SYN-DM-04226,5.9,144.74,253.48,0.74,77.02,131.16,129.81,57.0,386.44,Fasting
SYN-DM-04227,6.82,114.66,243.2,1.89,51.38,266.17,69.3,59.9,167.67,Non-fasting
SYN-DM-04228,6.14,180.45,185.0,1.88,81.92,278.15,170.95,57.8,405.34,Unknown
SYN-DM-04229,9.4,193.43,165.12,0.7,44.32,146.63,87.06,61.1,122.94,Unknown
SYN-DM-04230,8.29,244.78,266.38,0.86,101.06,194.89,173.92,48.2,361.24,Non-fasting
SYN-DM-04231,6.54,211.15,147.33,1.09,56.53,179.79,80.37,63.4,118.02,Fasting
SYN-DM-04232,7.16,220.66,270.31,1.93,55.6,365.87,167.72,26.6,137.92,Fasting
SYN-DM-04233,8.23,191.01,231.97,1.72,94.87,111.18,156.36,46.9,138.92,Fasting
SYN-DM-04234,6.62,89.54,234.91,1.45,88.17,326.24,113.56,31.4,263.4,Unknown
SYN-DM-04235,9.53,230.89,153.88,1.59,62.6,337.03,158.63,56.7,404.96,Fasting
SYN-DM-04236,5.85,91.31,110.38,1.49,55.94,282.93,115.14,26.5,349.65,Fasting
SYN-DM-04237,9.5,93.7,130.41,2.25,65.66,110.27,140.85,60.3,197.77,Unknown
SYN-DM-04238,6.77,128.01,270.97,0.78,77.19,290.94,146.26,73.1,142.96,Non-fasting
SYN-DM-04239,7.23,190.96,252.19,2.04,95.35,345.16,124.06,54.9,186.89,Non-fasting
SYN-DM-04240,7.57,205.51,195.32,1.39,62.58,66.22,171.26,64.8,344.86,Fasting
SYN-DM-04241,9.47,141.71,239.2,1.09,32.31,105.9,109.16,58.2,105.6,Non-fasting
SYN-DM-04242,9.91,211.34,246.45,0.84,48.56,345.3,105.42,46.5,273.77,Non-fasting
SYN-DM-04243,6.24,235.01,309.59,1.46,69.86,120.61,76.71,56.6,190.23,Non-fasting
SYN-DM-04244,5.96,217.0,266.43,1.51,87.98,214.0,142.17,45.6,299.84,Fasting
SYN-DM-04245,7.11,198.86,292.82,1.47,46.6,36.63,153.37,24.8,385.45,Non-fasting
SYN-DM-04246,7.54,235.35,183.44,2.17,100.39,415.04,158.4,53.3,188.45,Non-fasting
SYN-DM-04247,6.54,237.89,241.61,0.83,35.68,250.63,96.54,63.4,324.11,Fasting
SYN-DM-04248,8.21,205.98,269.07,1.2,53.35,75.35,131.45,23.3,108.14,Non-fasting
SYN-DM-04249,6.25,144.05,130.15,1.55,47.77,388.53,158.51,62.4,301.36,Fasting
SYN-DM-04250,8.12,145.14,173.39,1.96,61.87,34.66,139.96,44.0,173.06,Unknown
SYN-DM-04251,7.96,146.11,247.19,0.88,28.36,217.36,67.43,43.5,297.6,Fasting
SYN-DM-04252,9.77,201.87,112.7,1.66,52.7,344.6,118.25,53.3,305.88,Unknown
SYN-DM-04253,10.0,233.64,108.55,1.3,31.77,368.59,142.3,53.7,207.51,Non-fasting
SYN-DM-04254,6.31,165.79,258.59,2.28,91.54,111.55,76.59,20,393.69,Fasting
SYN-DM-04255,9.62,117.7,110.91,2.28,33.28,251.42,115.3,34.0,207.9,Unknown
SYN-DM-04256,7.86,159.13,249.38,1.26,91.02,231.24,154.46,47.0,338.13,Unknown
SYN-DM-04257,8.72,235.66,304.57,1.09,69.24,147.62,115.3,29.5,374.15,Non-fasting
SYN-DM-04258,10.06,154.63,283.37,0.86,39.22,297.7,159.67,42.5,310.21,Unknown
SYN-DM-04259,10.09,232.96,287.31,2.08,62.56,191.8,147.17,50.7,177.69,Fasting
SYN-DM-04260,8.75,99.59,284.44,1.64,47.05,358.93,83.27,60.4,222.33,Unknown
SYN-DM-04261,8.28,184.33,157.48,1.59,58.88,341.55,62.85,57.3,369.5,Fasting
SYN-DM-04262,7.84,92.45,286.26,1.0,29.82,34.18,100.02,58.0,401.15,Non-fasting
SYN-DM-04263,6.84,143.01,153.54,1.08,42.03,273.59,151.82,38.9,95.83,Fasting
SYN-DM-04264,9.79,140.34,157.74,0.86,54.72,300.2,101.82,40.6,277.45,Fasting
SYN-DM-04265,10.1,159.14,110.33,1.66,53.92,284.08,168.67,25.3,201.43,Unknown
SYN-DM-04266,8.6,171.01,198.22,1.74,83.21,311.62,165.29,42.0,207.08,Unknown
SYN-DM-04267,6.18,143.17,208.21,1.41,80.87,169.72,89.05,23.6,376.94,Fasting
SYN-DM-04268,5.83,162.21,268.15,1.94,54.64,158.47,90.43,40.5,191.59,Unknown
SYN-DM-04269,6.16,241.81,214.01,0.82,70.45,240.78,151.48,40.4,341.11,Non-fasting
SYN-DM-04270,6.11,147.13,298.22,1.77,52.67,114.64,63.66,41.3,362.95,Unknown
SYN-DM-04271,7.42,179.1,274.49,1.73,74.38,401.48,173.93,34.5,262.91,Unknown
SYN-DM-04272,10.09,192.07,150.7,2.27,43.43,347.75,141.55,51.1,270.97,Unknown
SYN-DM-04273,6.17,227.17,156.81,0.98,86.72,135.38,164.26,49.5,221.69,Non-fasting
SYN-DM-04274,10.16,115.69,288.3,1.98,88.54,83.02,97.13,57.4,143.28,Unknown
SYN-DM-04275,6.44,222.72,220.5,0.96,56.16,248.53,80.87,52.9,305.38,Fasting
SYN-DM-04276,6.44,161.72,157.41,0.73,48.45,368.98,62.49,62.7,218.75,Fasting
SYN-DM-04277,10.16,130.55,286.51,1.79,39.19,196.23,147.87,56.6,150.02,Non-fasting
SYN-DM-04278,6.77,221.45,159.77,1.86,48.54,66.15,132.64,59.5,136.49,Fasting
SYN-DM-04279,9.51,148.34,219.49,1.72,99.41,56.33,92.69,42.2,146.28,Fasting
SYN-DM-04280,8.46,202.42,243.85,1.53,63.18,179.2,69.65,29.1,360.19,Fasting
SYN-DM-04281,5.84,228.03,150.86,1.64,84.03,28.4,110.01,47.9,404.44,Unknown
SYN-DM-04282,6.4,145.05,108.47,0.72,79.45,278.38,65.63,26.8,100.61,Unknown
SYN-DM-04283,6.03,223.99,255.6,1.18,48.58,288.18,86.7,69.6,352.46,Non-fasting
SYN-DM-04284,6.51,227.45,193.43,1.99,65.91,180.74,138.44,42.7,372.77,Fasting
SYN-DM-04285,8.24,140.13,243.69,2.19,36.02,69.04,144.4,32.6,170.63,Non-fasting
SYN-DM-04286,8.7,111.83,296.68,2.01,82.79,129.61,137.71,53.5,300.29,Fasting
SYN-DM-04287,6.16,227.23,142.78,1.45,81.62,364.38,64.98,62.1,341.11,Fasting
SYN-DM-04288,6.05,191.78,308.29,0.89,71.31,140.38,151.3,66.3,309.97,Unknown
SYN-DM-04289,8.02,124.18,274.58,1.39,97.02,311.5,150.38,39.7,104.46,Non-fasting
SYN-DM-04290,9.3,135.32,285.52,1.56,61.27,102.5,147.68,57.9,179.67,Non-fasting
SYN-DM-04291,9.12,114.73,118.86,1.2,48.03,365.12,147.46,29.1,409.43,Fasting
SYN-DM-04292,6.13,103.45,156.56,2.3,93.21,39.93,157.35,47.9,134.36,Fasting
SYN-DM-04293,6.47,223.55,135.33,2.16,47.14,194.98,114.45,54.6,180.9,Fasting
SYN-DM-04294,8.94,223.28,171.8,2.03,63.86,207.06,120.37,57.5,226.04,Fasting
SYN-DM-04295,7.19,205.92,120.76,2.0,85.0,261.48,92.91,52.6,406.99,Fasting
SYN-DM-04296,7.78,105.64,288.18,1.99,94.16,79.91,167.58,35.6,220.43,Non-fasting
SYN-DM-04297,9.53,88.37,177.77,1.86,98.03,225.22,139.01,65.2,306.28,Non-fasting
SYN-DM-04298,6.66,237.21,124.12,1.65,70.77,224.73,168.93,40.7,354.39,Fasting
SYN-DM-04299,6.68,179.23,148.41,1.95,51.62,185.6,83.83,36.6,316.9,Non-fasting
SYN-DM-04300,5.91,160.35,262.42,1.33,80.52,128.2,159.43,55.5,294.61,Unknown
SYN-DM-04301,6.3,153.32,160.28,1.68,73.11,286.87,154.01,45.2,344.45,Non-fasting
SYN-DM-04302,8.58,173.29,131.67,1.86,50.09,308.29,159.23,52.7,387.19,Fasting
SYN-DM-04303,8.9,185.11,224.76,1.93,34.17,93.34,151.93,51.2,219.93,Unknown
SYN-DM-04304,8.01,188.49,204.62,1.45,36.08,323.26,165.74,58.4,406.09,Unknown
SYN-DM-04305,6.57,129.91,167.22,1.18,67.79,80.55,65.94,38.1,224.06,Fasting
SYN-DM-04306,10.02,124.64,149.2,1.93,68.94,240.5,94.66,38.4,165.12,Fasting
SYN-DM-04307,8.97,210.95,233.37,1.1,99.27,58.37,140.41,49.4,249.67,Unknown
SYN-DM-04308,6.5,213.25,308.88,1.82,36.17,169.23,71.72,34.1,119.27,Fasting
SYN-DM-04309,5.93,125.74,301.26,0.81,48.75,382.49,70.62,66.5,221.03,Unknown
SYN-DM-04310,9.27,90.6,184.6,1.25,57.64,210.69,171.82,52.9,246.33,Fasting
SYN-DM-04311,6.68,221.64,256.01,1.59,29.33,287.79,74.31,45.5,130.94,Non-fasting
SYN-DM-04312,9.78,122.28,141.25,2.11,49.01,267.73,116.95,36.5,153.63,Unknown
SYN-DM-04313,6.18,169.13,235.32,1.8,101.77,413.53,96.12,49.3,134.63,Unknown
SYN-DM-04314,8.04,99.34,209.18,2.19,54.79,376.77,166.48,45.3,387.14,Non-fasting
SYN-DM-04315,6.58,160.78,256.74,1.64,55.3,15.58,117.25,59.5,299.84,Unknown
SYN-DM-04316,7.69,109.72,271.44,1.36,56.96,251.24,172.22,46.1,287.25,Unknown
SYN-DM-04317,6.9,110.98,242.3,1.96,95.24,139.1,114.23,42.1,183.04,Unknown
SYN-DM-04318,8.56,130.11,271.14,1.84,62.25,147.48,124.23,32.8,123.28,Unknown
SYN-DM-04319,8.63,206.6,154.65,0.78,94.28,216.36,166.34,58.9,135.86,Fasting
SYN-DM-04320,6.59,150.93,155.54,1.16,48.89,22.61,160.28,59.1,224.42,Non-fasting
SYN-DM-04321,9.01,173.19,247.49,2.04,83.78,287.42,148.0,63.9,205.23,Non-fasting
SYN-DM-04322,6.43,134.49,276.88,2.05,35.17,177.22,144.8,20,216.59,Unknown
SYN-DM-04323,5.87,99.93,228.08,1.86,86.56,293.59,102.77,54.7,208.95,Fasting
SYN-DM-04324,10.04,231.12,156.51,1.09,87.75,199.64,123.14,49.3,376.19,Non-fasting
SYN-DM-04325,9.28,195.72,110.0,0.79,41.59,365.67,109.13,44.2,355.14,Unknown
SYN-DM-04326,6.26,152.05,275.85,2.07,94.27,253.51,152.45,42.0,189.03,Fasting
SYN-DM-04327,7.88,180.28,257.73,1.36,60.5,353.48,133.15,32.8,296.82,Non-fasting
SYN-DM-04328,9.15,157.39,148.18,2.03,48.44,286.87,65.93,42.8,246.4,Unknown
SYN-DM-04329,7.18,179.06,172.7,2.25,93.59,153.64,96.44,65.0,111.67,Non-fasting
SYN-DM-04330,8.75,167.64,220.35,2.09,87.15,156.07,83.39,43.6,223.12,Unknown
SYN-DM-04331,6.37,241.83,136.68,1.3,71.11,331.03,140.18,48.9,400.56,Non-fasting
SYN-DM-04332,7.7,168.78,306.98,2.25,72.56,197.76,147.17,70.0,250.31,Unknown
SYN-DM-04333,6.14,94.38,154.2,1.63,67.36,30.3,65.7,59.9,312.42,Fasting
SYN-DM-04334,7.64,98.57,232.94,1.88,96.46,416.45,68.19,46.5,88.06,Fasting
SYN-DM-04335,6.28,209.12,215.05,1.92,97.01,214.46,124.02,77.1,234.26,Unknown
SYN-DM-04336,8.85,98.86,234.7,1.43,53.18,302.03,142.12,37.0,356.21,Non-fasting
SYN-DM-04337,6.25,92.02,244.5,1.75,77.3,22.88,121.22,52.8,379.19,Non-fasting
SYN-DM-04338,10.0,230.24,309.19,2.18,48.45,255.37,109.21,41.0,364.95,Unknown
SYN-DM-04339,7.24,149.71,194.9,0.78,65.24,330.23,127.02,41.8,249.21,Fasting
SYN-DM-04340,8.94,209.66,119.37,1.8,51.51,347.69,83.8,72.9,214.08,Unknown
SYN-DM-04341,9.65,239.8,271.46,0.8,42.6,146.46,162.29,47.9,256.61,Fasting
SYN-DM-04342,6.55,166.03,291.39,1.02,95.85,186.81,170.09,35.0,201.67,Non-fasting
SYN-DM-04343,10.04,214.8,255.4,1.39,64.3,66.92,103.56,33.0,325.78,Unknown
SYN-DM-04344,9.9,140.37,160.09,1.2,79.81,138.94,85.59,37.5,338.32,Non-fasting
SYN-DM-04345,8.69,202.89,238.46,1.65,68.28,344.47,69.57,37.0,371.18,Fasting
SYN-DM-04346,6.05,104.92,303.05,1.23,92.19,62.22,119.1,66.9,319.88,Fasting
SYN-DM-04347,9.91,119.2,106.26,1.51,48.63,164.92,126.89,54.0,118.46,Fasting
SYN-DM-04348,8.29,169.5,160.19,1.08,97.74,346.43,141.23,48.6,377.33,Unknown
SYN-DM-04349,6.95,170.01,108.52,1.81,63.61,409.37,66.2,51.9,233.58,Unknown
SYN-DM-04350,6.22,146.61,136.29,1.02,68.78,65.5,113.29,66.8,176.54,Unknown
SYN-DM-04351,6.52,125.71,141.51,0.9,50.56,123.01,70.14,54.8,179.87,Non-fasting
SYN-DM-04352,9.21,166.55,239.51,0.91,82.59,172.53,151.12,41.8,236.43,Non-fasting
SYN-DM-04353,9.39,147.67,124.45,1.98,96.21,195.83,111.15,63.3,208.47,Non-fasting
SYN-DM-04354,7.39,128.25,284.93,2.07,31.55,240.53,66.38,51.4,279.25,Non-fasting
SYN-DM-04355,10.11,170.0,109.39,1.19,100.28,222.25,78.35,53.9,405.49,Fasting
SYN-DM-04356,8.0,151.56,152.89,1.32,79.42,262.08,75.2,56.3,304.29,Fasting
SYN-DM-04357,7.17,117.73,183.0,1.29,56.41,232.3,149.58,39.7,141.44,Non-fasting
SYN-DM-04358,8.57,161.42,115.44,1.35,64.42,111.2,162.43,49.5,369.07,Fasting
SYN-DM-04359,9.66,148.13,145.58,2.0,95.33,27.13,81.69,42.5,374.9,Fasting
SYN-DM-04360,8.6,215.84,248.24,1.97,98.88,242.23,101.85,57.4,120.48,Fasting
SYN-DM-04361,6.86,212.04,179.89,1.05,59.75,266.48,164.24,79.9,336.89,Unknown
SYN-DM-04362,9.39,140.64,112.32,1.2,67.03,125.34,118.55,47.8,393.79,Unknown
SYN-DM-04363,6.52,172.96,151.71,0.99,79.74,134.39,77.7,76.2,358.76,Unknown
SYN-DM-04364,9.75,119.35,163.66,1.13,68.59,112.76,67.14,57.8,313.49,Unknown
SYN-DM-04365,9.66,215.29,254.97,1.67,68.44,303.86,149.87,39.8,269.08,Fasting
SYN-DM-04366,9.42,191.05,166.25,1.78,50.45,73.67,144.5,59.9,241.85,Fasting
SYN-DM-04367,6.87,149.37,207.95,0.83,60.32,86.38,94.01,39.9,164.22,Non-fasting
SYN-DM-04368,8.1,208.39,103.98,1.86,46.82,287.76,153.66,35.2,307.17,Unknown
SYN-DM-04369,6.03,210.94,185.87,1.99,94.13,330.39,74.23,42.1,218.08,Non-fasting
SYN-DM-04370,8.54,147.4,116.99,0.71,36.88,31.78,171.91,68.8,107.31,Unknown
SYN-DM-04371,5.99,209.91,263.92,1.72,43.61,51.43,131.08,37.4,113.73,Fasting
SYN-DM-04372,8.25,120.8,187.21,1.7,48.92,103.58,153.95,45.0,399.97,Unknown
SYN-DM-04373,6.27,183.69,291.13,1.69,41.91,117.92,107.93,20,239.32,Non-fasting
SYN-DM-04374,6.88,90.78,168.33,2.01,30.19,74.62,133.03,42.0,386.67,Non-fasting
SYN-DM-04375,7.24,204.7,246.04,1.5,84.2,64.24,119.6,59.7,135.19,Unknown
SYN-DM-04376,9.8,156.5,258.56,1.75,29.53,292.88,80.08,47.4,264.22,Non-fasting
SYN-DM-04377,9.74,239.01,271.81,2.26,82.26,164.47,111.76,55.7,258.44,Non-fasting
SYN-DM-04378,5.89,92.3,210.54,1.82,84.79,363.28,133.11,49.7,236.88,Non-fasting
SYN-DM-04379,7.34,193.1,200.49,2.09,41.13,245.14,124.71,42.2,184.63,Unknown
SYN-DM-04380,7.06,217.35,152.82,1.12,84.13,274.6,133.63,46.5,234.03,Fasting
SYN-DM-04381,9.43,112.92,213.27,1.77,94.44,312.94,63.49,44.4,114.87,Non-fasting
SYN-DM-04382,6.56,185.66,271.75,1.82,56.93,204.67,105.2,65.7,150.85,Unknown
SYN-DM-04383,7.17,148.92,232.97,1.89,87.16,237.02,135.1,43.3,107.91,Non-fasting
SYN-DM-04384,6.71,159.11,115.04,1.26,42.5,298.15,92.2,36.1,135.78,Unknown
SYN-DM-04385,9.63,195.04,283.85,0.81,68.11,405.3,162.04,27.8,308.89,Fasting
SYN-DM-04386,8.98,151.12,294.65,1.22,36.41,234.4,92.55,59.8,340.83,Non-fasting
SYN-DM-04387,7.02,136.38,232.21,1.8,65.83,401.87,74.74,40.7,105.16,Non-fasting
SYN-DM-04388,7.94,137.47,235.38,0.98,73.6,176.03,137.51,55.3,113.13,Unknown
SYN-DM-04389,9.81,122.17,102.19,0.92,89.58,44.71,72.97,55.7,288.81,Fasting
SYN-DM-04390,8.48,180.09,220.13,0.95,72.35,350.09,111.59,42.7,171.78,Fasting
SYN-DM-04391,6.11,199.81,114.2,1.23,92.45,75.44,84.5,54.1,192.19,Fasting
SYN-DM-04392,7.27,93.5,216.48,1.29,38.65,378.31,104.3,33.6,256.63,Fasting
SYN-DM-04393,7.73,109.9,281.42,0.83,74.45,344.63,145.17,50.8,400.72,Fasting
SYN-DM-04394,10.14,122.42,267.91,2.13,100.4,25.85,148.64,59.4,217.8,Non-fasting
SYN-DM-04395,7.85,220.17,114.89,1.84,31.57,273.21,62.65,49.7,230.35,Fasting
SYN-DM-04396,7.83,239.49,258.37,1.49,35.09,214.25,125.45,62.7,387.67,Non-fasting
SYN-DM-04397,9.19,131.41,251.93,1.65,78.79,68.03,94.22,48.3,282.59,Fasting
SYN-DM-04398,9.23,192.15,183.53,0.87,79.57,82.92,115.88,32.9,349.76,Unknown
SYN-DM-04399,9.27,220.58,158.69,2.1,79.7,156.73,109.68,54.5,90.49,Non-fasting
SYN-DM-04400,8.3,88.65,200.72,1.71,58.53,322.47,68.68,50.0,398.45,Unknown
SYN-DM-04401,7.85,174.33,293.84,1.42,69.92,148.55,150.37,52.7,279.5,Unknown
SYN-DM-04402,7.49,144.47,154.16,1.02,40.91,214.32,112.8,48.9,183.21,Unknown
SYN-DM-04403,8.88,168.52,303.36,0.99,66.25,370.52,88.74,52.8,394.08,Unknown
SYN-DM-04404,6.19,105.29,292.94,2.21,92.95,181.29,95.9,67.3,212.24,Non-fasting
SYN-DM-04405,6.74,213.83,304.76,1.24,37.43,229.74,117.77,37.4,387.82,Fasting
SYN-DM-04406,6.72,227.77,261.08,2.21,31.07,315.98,78.98,32.3,173.89,Unknown
SYN-DM-04407,7.05,123.27,160.43,0.93,82.92,130.24,171.99,49.1,137.34,Unknown
SYN-DM-04408,7.11,126.06,237.39,1.46,53.32,45.42,173.5,61.0,330.82,Unknown
SYN-DM-04409,6.64,213.12,152.01,1.23,35.94,53.57,104.49,57.9,353.31,Fasting
SYN-DM-04410,6.99,218.55,298.37,1.16,71.05,156.63,87.92,60.5,232.34,Unknown
SYN-DM-04411,8.81,98.37,304.36,1.56,70.14,306.11,134.04,49.9,260.43,Fasting
SYN-DM-04412,6.65,91.12,133.83,1.45,36.86,341.12,66.2,71.4,295.43,Non-fasting
SYN-DM-04413,9.4,109.22,307.52,1.42,95.11,50.92,171.21,38.9,345.71,Non-fasting
SYN-DM-04414,8.32,229.4,188.07,0.82,34.85,132.37,95.28,48.3,159.49,Non-fasting
SYN-DM-04415,9.38,191.83,175.97,1.05,54.25,124.2,139.05,46.0,370.79,Fasting
SYN-DM-04416,6.53,202.54,190.99,1.33,88.08,339.75,123.98,20,241.52,Non-fasting
SYN-DM-04417,6.34,143.69,125.67,2.04,95.59,357.11,70.41,49.0,98.49,Unknown
SYN-DM-04418,5.83,186.69,272.04,1.75,92.48,242.16,66.98,32.3,264.92,Fasting
SYN-DM-04419,7.04,239.89,236.25,1.26,85.92,214.54,148.19,21.8,316.78,Non-fasting
SYN-DM-04420,9.78,114.06,274.88,1.47,95.07,110.53,82.37,39.7,160.23,Non-fasting
SYN-DM-04421,7.59,111.13,147.41,1.74,43.45,88.19,101.54,60.8,198.13,Unknown
SYN-DM-04422,9.34,118.43,237.12,2.18,71.47,355.38,70.3,70.0,234.09,Non-fasting
SYN-DM-04423,6.98,117.49,231.19,0.95,38.54,138.52,170.75,55.1,395.97,Unknown
SYN-DM-04424,9.32,138.75,277.6,0.82,44.19,143.18,106.95,24.1,133.08,Fasting
SYN-DM-04425,9.4,126.03,298.11,2.05,64.36,67.66,112.04,44.7,382.42,Non-fasting
SYN-DM-04426,9.79,132.05,177.98,1.34,89.42,83.49,156.63,38.7,189.78,Non-fasting
SYN-DM-04427,8.4,111.87,140.79,1.91,46.34,219.45,122.93,31.4,352.75,Unknown
SYN-DM-04428,9.23,140.94,235.24,1.2,31.73,115.49,151.18,73.1,348.72,Fasting
SYN-DM-04429,9.25,239.57,287.77,1.56,44.46,185.49,123.1,79.0,321.92,Non-fasting
SYN-DM-04430,8.32,213.34,200.85,1.19,89.0,384.6,133.77,49.6,404.12,Unknown
SYN-DM-04431,9.57,134.78,163.04,1.83,73.81,401.27,114.48,76.1,371.95,Non-fasting
SYN-DM-04432,9.72,137.77,149.94,1.42,36.32,144.09,131.84,43.2,196.76,Unknown
SYN-DM-04433,7.85,190.82,183.89,0.97,97.84,99.97,113.3,46.5,215.15,Unknown
SYN-DM-04434,6.07,147.36,154.53,1.11,94.57,29.51,129.61,76.4,152.84,Fasting
SYN-DM-04435,9.55,91.49,109.12,1.95,68.05,291.12,138.22,41.9,101.07,Unknown
SYN-DM-04436,7.8,182.31,109.86,0.77,54.86,230.24,128.0,71.1,234.68,Non-fasting
SYN-DM-04437,6.23,148.12,295.56,0.91,81.56,411.24,151.17,38.4,242.47,Fasting
SYN-DM-04438,6.09,93.3,118.12,2.03,41.19,333.64,126.76,66.7,154.57,Non-fasting
SYN-DM-04439,6.14,199.78,220.66,1.91,91.62,141.84,127.3,52.6,159.77,Non-fasting
SYN-DM-04440,6.42,179.96,130.31,0.78,30.18,104.82,69.2,36.8,387.49,Unknown
SYN-DM-04441,6.94,189.59,218.94,0.72,73.51,348.83,127.6,62.1,162.23,Non-fasting
SYN-DM-04442,6.17,134.27,162.65,1.01,50.35,210.37,82.69,60.5,171.06,Unknown
SYN-DM-04443,7.73,183.56,284.98,0.78,59.92,37.07,125.97,48.3,283.27,Non-fasting
SYN-DM-04444,9.39,133.2,201.5,1.42,61.38,249.84,64.85,42.9,190.49,Non-fasting
SYN-DM-04445,9.08,206.75,271.0,1.88,100.31,237.5,107.41,41.9,336.99,Fasting
SYN-DM-04446,8.86,165.38,283.99,1.9,34.75,14.86,163.4,49.7,108.95,Fasting
SYN-DM-04447,7.21,160.18,285.7,1.19,39.8,400.11,91.2,60.5,254.55,Unknown
SYN-DM-04448,6.87,170.0,114.09,2.18,53.25,255.56,93.9,50.5,250.23,Non-fasting
SYN-DM-04449,9.41,133.38,263.4,1.1,32.36,193.75,130.4,32.6,154.49,Unknown
SYN-DM-04450,8.05,204.93,120.06,1.04,99.49,233.51,170.5,20.3,390.43,Fasting
SYN-DM-04451,9.34,158.32,133.78,1.9,39.91,120.65,99.47,31.2,222.93,Non-fasting
SYN-DM-04452,6.48,183.32,204.67,1.54,90.63,272.51,71.79,43.7,277.9,Unknown
SYN-DM-04453,9.31,235.0,271.59,1.26,85.04,50.21,102.77,44.2,332.26,Unknown
SYN-DM-04454,9.0,144.8,242.4,1.41,65.86,267.65,132.74,46.0,122.62,Fasting
SYN-DM-04455,6.56,223.05,237.32,1.62,36.74,248.12,101.22,65.3,159.57,Non-fasting
SYN-DM-04456,6.95,187.27,260.15,0.79,44.63,289.94,76.58,33.7,287.92,Fasting
SYN-DM-04457,10.2,200.75,133.68,2.02,82.53,100.23,161.03,27.9,328.26,Non-fasting
SYN-DM-04458,9.82,114.49,256.64,2.05,44.76,13.41,167.58,30.5,119.24,Non-fasting
SYN-DM-04459,6.91,199.53,173.23,1.88,34.53,313.81,91.88,50.2,126.59,Fasting
SYN-DM-04460,9.66,237.95,268.62,1.22,71.89,33.24,160.45,38.6,197.74,Non-fasting
SYN-DM-04461,9.58,104.35,154.81,0.71,42.71,351.78,78.67,39.0,222.27,Fasting
SYN-DM-04462,8.24,133.09,108.16,1.68,63.96,254.52,159.25,40.8,165.6,Unknown
SYN-DM-04463,6.02,100.99,177.77,1.86,71.18,94.03,86.47,65.7,153.19,Non-fasting
SYN-DM-04464,8.14,172.05,150.09,1.94,32.61,376.77,109.23,39.7,273.26,Unknown
SYN-DM-04465,9.1,242.75,251.29,1.76,28.44,362.28,69.86,55.5,244.17,Non-fasting
SYN-DM-04466,7.97,100.1,145.59,1.58,42.13,354.77,126.72,70.1,253.56,Non-fasting
SYN-DM-04467,5.98,202.69,297.79,1.62,93.33,113.92,74.76,30.9,228.27,Fasting
SYN-DM-04468,7.29,147.04,309.08,1.11,58.49,374.01,131.16,59.4,249.42,Fasting
SYN-DM-04469,6.45,98.5,121.49,2.16,37.72,378.52,89.02,54.9,255.17,Non-fasting
SYN-DM-04470,7.79,143.8,295.58,1.45,58.05,108.11,155.4,48.2,293.01,Unknown
SYN-DM-04471,7.57,215.55,114.37,2.09,41.78,42.03,172.69,60.0,226.25,Non-fasting
SYN-DM-04472,8.29,144.7,181.9,0.78,61.07,273.74,128.69,56.4,193.87,Non-fasting
SYN-DM-04473,8.23,162.65,147.73,1.78,31.2,311.39,142.32,38.9,168.36,Non-fasting
SYN-DM-04474,6.73,126.71,236.62,2.22,75.17,30.55,146.82,68.1,383.71,Fasting
SYN-DM-04475,7.99,148.24,121.5,1.32,66.33,95.49,162.92,37.4,115.69,Non-fasting
SYN-DM-04476,9.88,169.38,267.38,1.3,83.35,296.7,71.98,49.3,222.35,Non-fasting
SYN-DM-04477,9.19,100.95,178.57,1.18,78.86,176.39,83.73,54.5,112.67,Non-fasting
SYN-DM-04478,8.17,191.32,219.2,1.3,28.87,86.08,77.51,49.3,367.43,Fasting
SYN-DM-04479,9.53,124.73,301.12,1.52,62.75,14.13,171.46,71.1,88.13,Unknown
SYN-DM-04480,5.97,114.57,248.5,1.42,54.06,356.91,109.4,53.7,235.63,Non-fasting
SYN-DM-04481,5.92,113.78,309.67,0.74,37.8,416.38,148.5,20,351.17,Non-fasting
SYN-DM-04482,7.73,147.8,175.6,2.28,100.19,74.96,171.55,28.0,256.17,Unknown
SYN-DM-04483,6.42,88.65,158.23,1.73,67.75,348.97,126.67,45.7,383.08,Unknown
SYN-DM-04484,6.46,123.0,217.62,1.5,65.91,150.65,162.91,27.1,151.04,Unknown
SYN-DM-04485,9.76,223.12,126.46,1.46,64.54,73.22,87.25,37.4,373.66,Unknown
SYN-DM-04486,7.55,220.37,157.24,2.18,71.24,26.69,95.11,34.9,345.51,Non-fasting
SYN-DM-04487,9.98,216.49,243.79,2.11,35.48,27.34,66.63,33.0,95.05,Fasting
SYN-DM-04488,9.83,111.52,257.52,2.05,69.46,154.1,145.92,52.3,250.46,Unknown
SYN-DM-04489,8.06,168.96,285.48,1.16,37.42,343.98,87.99,45.0,262.13,Fasting
SYN-DM-04490,10.0,160.67,160.33,2.14,32.05,282.74,169.97,25.5,362.36,Fasting
SYN-DM-04491,8.11,170.94,120.93,1.04,92.32,380.47,107.62,23.5,93.54,Fasting
SYN-DM-04492,9.58,147.43,128.52,0.9,51.25,191.31,108.75,32.0,350.47,Non-fasting
SYN-DM-04493,10.13,233.79,267.01,1.25,92.77,214.45,129.45,46.0,372.28,Unknown
SYN-DM-04494,9.47,153.36,181.65,0.88,33.21,329.11,146.69,60.2,202.89,Non-fasting
SYN-DM-04495,7.99,166.06,180.25,1.77,58.67,385.88,151.06,54.8,229.0,Unknown
SYN-DM-04496,9.27,233.59,168.72,1.87,39.15,253.25,169.43,41.7,375.92,Unknown
SYN-DM-04497,8.48,180.88,264.39,0.7,33.98,17.24,122.86,51.3,307.57,Non-fasting
SYN-DM-04498,8.77,183.04,242.5,2.27,76.4,64.05,81.75,48.7,293.17,Unknown
SYN-DM-04499,6.24,115.68,198.75,0.8,50.96,341.03,108.33,59.8,120.85,Non-fasting
SYN-DM-04500,6.71,214.89,120.28,1.78,64.62,331.06,93.83,52.3,92.59,Non-fasting
SYN-DM-04501,8.96,174.88,142.48,0.97,49.63,187.51,103.75,47.2,246.49,Non-fasting
SYN-DM-04502,8.75,201.2,299.33,2.03,60.05,222.06,118.74,63.9,298.17,Fasting
SYN-DM-04503,9.3,172.07,231.11,0.77,91.9,126.58,141.08,42.7,291.3,Unknown
SYN-DM-04504,9.26,124.54,142.69,1.05,95.93,127.58,95.86,45.2,385.22,Unknown
SYN-DM-04505,8.62,167.31,125.41,1.78,91.54,165.95,80.76,64.5,255.29,Non-fasting
SYN-DM-04506,7.88,185.33,145.65,1.1,71.99,9.7,128.94,39.3,104.08,Fasting
SYN-DM-04507,7.72,184.99,284.12,1.86,93.23,49.87,86.78,21.1,314.29,Unknown
SYN-DM-04508,6.49,209.44,106.82,1.05,49.47,345.72,106.79,51.0,247.47,Fasting
SYN-DM-04509,7.15,133.08,242.91,1.13,42.16,326.7,62.98,68.6,267.64,Non-fasting
SYN-DM-04510,6.37,225.83,261.46,2.15,97.65,130.48,99.48,20,347.78,Non-fasting
SYN-DM-04511,9.22,128.32,299.54,2.23,76.21,187.71,172.6,43.0,347.69,Non-fasting
SYN-DM-04512,8.01,96.98,111.03,1.45,38.0,341.02,126.69,32.0,221.79,Non-fasting
SYN-DM-04513,6.88,206.41,118.18,1.19,100.72,281.5,159.86,43.3,94.9,Non-fasting
SYN-DM-04514,6.31,240.07,295.32,2.12,76.59,395.68,143.6,58.9,261.03,Fasting
SYN-DM-04515,7.41,184.13,204.83,2.04,80.67,212.54,132.38,64.2,209.49,Fasting
SYN-DM-04516,5.95,178.19,173.32,2.17,72.11,156.6,113.94,52.7,269.25,Non-fasting
SYN-DM-04517,7.49,142.39,159.62,0.83,65.07,181.63,153.56,46.8,346.09,Non-fasting
SYN-DM-04518,7.28,193.6,276.54,1.86,85.02,97.31,139.13,53.7,347.75,Unknown
SYN-DM-04519,7.19,139.79,173.78,2.11,35.53,129.48,112.16,35.6,310.63,Non-fasting
SYN-DM-04520,6.51,127.89,143.04,1.89,41.65,352.76,112.91,35.4,201.25,Non-fasting
SYN-DM-04521,9.13,233.67,103.22,2.04,52.85,146.51,71.55,78.5,166.48,Unknown
SYN-DM-04522,6.12,240.25,226.59,1.96,34.21,271.35,117.02,41.2,330.55,Unknown
SYN-DM-04523,6.06,160.32,272.27,1.62,87.52,355.55,115.33,61.1,295.4,Non-fasting
SYN-DM-04524,7.66,157.5,241.54,1.48,86.77,151.8,102.16,28.9,343.14,Unknown
SYN-DM-04525,6.54,137.68,249.95,0.93,67.56,356.9,116.44,55.4,169.01,Fasting
SYN-DM-04526,8.14,159.74,258.51,0.72,78.26,402.79,115.94,56.6,211.84,Unknown
SYN-DM-04527,8.71,212.11,206.44,2.0,75.42,321.93,112.14,42.0,392.01,Unknown
SYN-DM-04528,7.83,212.63,218.43,2.19,59.73,228.58,125.18,63.7,228.42,Fasting
SYN-DM-04529,6.57,123.68,180.34,1.63,46.79,375.62,118.13,52.2,218.91,Fasting
SYN-DM-04530,7.03,95.39,151.56,0.93,58.88,110.4,150.75,35.3,293.95,Non-fasting
SYN-DM-04531,9.7,104.32,171.31,2.22,72.95,134.67,130.2,44.9,108.96,Unknown
SYN-DM-04532,7.23,168.28,199.17,1.91,100.08,398.67,165.07,36.6,249.73,Fasting
SYN-DM-04533,7.87,122.86,118.42,0.99,100.45,334.58,141.92,46.9,351.63,Unknown
SYN-DM-04534,9.06,123.67,240.4,1.39,44.42,254.6,152.68,67.0,372.71,Fasting
SYN-DM-04535,7.42,198.98,234.32,0.92,38.83,407.75,76.61,48.9,141.84,Fasting
SYN-DM-04536,9.68,121.5,305.8,1.43,89.98,265.07,165.27,33.7,181.27,Non-fasting
SYN-DM-04537,8.69,237.02,120.74,1.86,30.3,288.51,133.18,53.6,232.75,Fasting
SYN-DM-04538,7.98,95.02,161.12,1.68,99.47,375.79,148.68,57.1,204.49,Unknown
SYN-DM-04539,9.83,89.99,244.38,1.67,40.91,156.69,131.46,51.3,114.27,Fasting
SYN-DM-04540,8.83,139.89,177.13,1.65,40.84,19.94,78.69,41.2,331.8,Fasting
SYN-DM-04541,8.08,168.65,167.46,1.4,34.55,350.16,157.22,34.0,381.28,Non-fasting
SYN-DM-04542,8.4,147.08,250.19,2.22,65.34,356.18,87.78,59.0,365.26,Fasting
SYN-DM-04543,7.05,145.05,249.29,2.18,53.8,164.88,72.82,51.8,285.63,Fasting
SYN-DM-04544,7.52,177.53,130.03,1.95,48.62,262.66,166.22,40.6,346.99,Non-fasting
SYN-DM-04545,9.39,187.53,223.51,1.88,74.52,131.44,139.31,50.1,338.15,Fasting
SYN-DM-04546,6.17,230.31,194.44,2.21,67.22,40.8,132.16,57.6,207.09,Non-fasting
SYN-DM-04547,7.87,140.81,198.54,1.16,57.75,407.52,77.87,58.2,115.29,Non-fasting
SYN-DM-04548,10.17,206.51,118.92,1.35,92.49,399.19,103.32,48.8,202.62,Fasting
SYN-DM-04549,9.23,235.51,274.89,2.12,77.95,273.55,169.38,62.5,388.46,Unknown
SYN-DM-04550,10.07,173.2,265.82,1.59,77.29,411.71,171.92,57.3,331.04,Unknown
SYN-DM-04551,7.66,242.93,295.54,1.84,99.81,260.31,151.63,73.0,183.95,Unknown
SYN-DM-04552,9.7,137.14,231.66,1.59,57.64,304.29,100.7,48.6,253.0,Unknown
SYN-DM-04553,6.74,150.79,263.98,0.79,44.67,181.03,93.39,20,98.11,Fasting
SYN-DM-04554,8.67,149.08,230.24,2.09,84.48,249.18,65.91,27.9,343.11,Unknown
SYN-DM-04555,8.75,114.77,147.6,2.09,29.36,343.64,155.24,42.7,260.97,Unknown
SYN-DM-04556,5.96,239.93,296.77,1.75,77.82,260.95,117.75,51.6,233.16,Non-fasting
SYN-DM-04557,9.31,179.07,273.89,1.77,65.93,168.7,70.37,30.3,292.72,Unknown
SYN-DM-04558,8.33,202.43,106.14,1.59,94.44,376.87,79.86,20,114.24,Fasting
SYN-DM-04559,6.58,92.61,306.1,1.67,58.47,309.52,63.86,36.7,197.87,Fasting
SYN-DM-04560,6.04,215.35,236.45,1.97,33.43,324.86,138.45,43.5,113.18,Fasting
SYN-DM-04561,8.3,114.89,165.07,1.51,101.38,147.48,138.13,26.0,285.85,Fasting
SYN-DM-04562,7.76,128.58,245.45,2.11,37.24,113.56,107.06,53.6,215.45,Unknown
SYN-DM-04563,7.61,159.22,170.39,1.16,31.67,285.87,166.57,62.2,358.23,Unknown
SYN-DM-04564,9.5,165.31,213.12,1.67,67.8,333.57,71.45,54.9,299.38,Non-fasting
SYN-DM-04565,9.19,169.93,235.56,1.92,99.7,142.83,132.51,79.9,401.34,Non-fasting
SYN-DM-04566,7.4,91.96,150.97,1.24,92.28,71.53,82.51,25.3,367.57,Unknown
SYN-DM-04567,7.27,116.43,184.21,1.32,37.16,414.58,150.84,58.6,292.93,Non-fasting
SYN-DM-04568,8.62,223.19,115.38,2.07,30.98,368.7,161.92,45.0,224.77,Non-fasting
SYN-DM-04569,10.18,222.5,241.4,2.16,99.28,318.55,80.15,30.6,403.12,Unknown
SYN-DM-04570,8.56,205.22,227.96,2.05,77.39,176.86,151.03,45.3,255.18,Unknown
SYN-DM-04571,6.35,160.35,166.55,0.89,68.22,22.61,143.72,55.1,127.89,Non-fasting
SYN-DM-04572,7.22,232.71,287.62,2.12,92.74,28.45,80.93,43.9,182.37,Fasting
SYN-DM-04573,6.32,158.71,216.45,1.1,88.99,176.91,74.61,43.8,162.77,Unknown
SYN-DM-04574,6.25,191.78,309.99,2.11,50.65,174.99,158.2,71.7,130.98,Unknown
SYN-DM-04575,7.33,138.91,275.41,1.13,42.34,281.47,87.93,33.4,121.57,Non-fasting
SYN-DM-04576,6.13,229.38,147.24,2.07,92.97,73.69,117.68,49.5,234.52,Fasting
SYN-DM-04577,9.97,155.9,119.38,1.08,88.97,393.05,161.17,20,115.0,Unknown
SYN-DM-04578,6.02,236.95,255.17,1.55,70.17,349.54,136.05,33.2,115.64,Unknown
SYN-DM-04579,7.09,103.77,210.87,1.75,64.03,372.32,68.35,38.6,253.64,Fasting
SYN-DM-04580,8.52,148.52,276.59,1.9,29.0,140.54,70.45,37.0,127.68,Unknown
SYN-DM-04581,9.65,117.84,178.26,1.53,28.41,390.2,154.47,21.3,382.41,Unknown
SYN-DM-04582,9.67,88.11,241.47,2.14,67.63,231.44,77.36,60.1,297.06,Non-fasting
SYN-DM-04583,5.88,206.63,201.9,0.76,41.66,27.44,77.9,60.6,148.58,Fasting
SYN-DM-04584,9.82,191.96,279.66,0.89,34.32,357.67,125.69,30.8,251.86,Non-fasting
SYN-DM-04585,6.92,112.38,164.31,2.09,65.35,117.98,94.84,34.5,243.56,Unknown
SYN-DM-04586,7.85,182.92,280.18,1.83,42.32,245.3,109.12,74.0,351.08,Unknown
SYN-DM-04587,9.44,137.37,159.68,1.66,42.77,187.3,165.29,49.8,196.51,Unknown
SYN-DM-04588,7.03,237.92,176.52,1.2,66.32,358.68,82.86,49.4,302.14,Unknown
SYN-DM-04589,6.04,141.09,229.58,1.68,41.43,306.23,83.37,54.2,199.56,Non-fasting
SYN-DM-04590,9.81,228.15,180.97,2.19,72.95,117.46,154.88,26.5,251.56,Non-fasting
SYN-DM-04591,7.68,152.54,176.23,1.57,42.33,402.98,67.19,52.2,114.43,Fasting
SYN-DM-04592,9.24,96.23,127.84,1.43,80.63,51.18,118.89,30.2,229.13,Non-fasting
SYN-DM-04593,6.75,242.3,300.75,2.15,55.92,145.72,149.69,47.3,238.05,Fasting
SYN-DM-04594,8.17,149.02,300.29,1.75,77.7,357.54,84.34,53.3,207.53,Unknown
SYN-DM-04595,6.74,190.05,126.23,1.18,99.6,86.97,158.71,38.9,403.68,Fasting
SYN-DM-04596,7.08,167.12,122.2,1.78,64.22,398.08,62.45,47.0,143.29,Non-fasting
SYN-DM-04597,6.93,133.53,291.63,1.35,83.81,286.01,157.19,62.2,400.94,Fasting
SYN-DM-04598,9.38,120.5,236.67,1.92,39.33,93.95,67.69,72.3,371.28,Unknown
SYN-DM-04599,6.46,142.59,171.33,1.82,44.64,116.92,112.28,43.1,278.38,Fasting
SYN-DM-04600,7.04,100.26,244.93,2.12,68.66,225.98,62.2,70.3,272.07,Unknown
SYN-DM-04601,9.67,125.44,219.3,1.1,29.91,341.97,153.55,45.7,200.35,Unknown
SYN-DM-04602,6.41,92.04,228.41,1.03,93.88,320.5,105.25,64.1,152.78,Fasting
SYN-DM-04603,9.54,150.15,218.12,1.78,67.36,24.33,69.86,43.0,359.29,Non-fasting
SYN-DM-04604,9.97,154.93,120.17,1.93,101.61,227.26,111.32,54.4,222.23,Fasting
SYN-DM-04605,6.46,199.11,283.54,0.82,85.98,300.22,123.68,31.7,374.13,Non-fasting
SYN-DM-04606,8.12,175.35,157.46,1.9,28.82,108.18,114.37,36.7,399.6,Unknown
SYN-DM-04607,6.61,122.46,211.62,2.05,29.44,281.94,78.83,47.4,254.41,Fasting
SYN-DM-04608,10.13,164.96,298.63,1.66,65.33,357.53,161.0,33.0,226.47,Fasting
SYN-DM-04609,8.24,163.68,268.55,1.48,65.74,272.35,169.4,48.7,164.95,Fasting
SYN-DM-04610,7.13,226.9,243.54,0.97,94.42,73.09,81.48,28.0,335.89,Unknown
SYN-DM-04611,8.54,182.61,250.04,2.27,97.22,382.78,85.16,54.6,351.95,Fasting
SYN-DM-04612,7.39,182.71,186.81,1.11,95.59,262.39,113.85,50.0,350.08,Fasting
SYN-DM-04613,9.27,214.65,297.21,0.81,44.35,96.89,99.69,74.6,251.19,Non-fasting
SYN-DM-04614,8.44,154.55,118.74,1.05,43.42,125.03,103.43,66.4,191.45,Non-fasting
SYN-DM-04615,9.1,182.48,249.91,0.89,40.27,162.38,168.44,79.0,103.84,Unknown
SYN-DM-04616,10.13,157.5,264.59,2.06,68.9,118.18,142.93,28.3,281.03,Unknown
SYN-DM-04617,7.54,203.05,272.77,1.56,53.22,109.68,168.09,52.5,277.71,Unknown
SYN-DM-04618,9.77,152.57,216.33,1.77,46.34,213.25,118.52,24.0,131.59,Unknown
SYN-DM-04619,8.65,146.03,230.08,1.48,64.93,363.27,95.5,55.8,285.88,Non-fasting
SYN-DM-04620,8.59,130.33,115.68,2.14,96.44,298.62,84.12,63.7,304.66,Unknown
SYN-DM-04621,6.07,181.46,218.29,1.63,79.59,314.18,155.43,20,153.68,Fasting
SYN-DM-04622,6.44,239.22,201.1,1.82,77.22,9.17,162.6,64.9,97.81,Fasting
SYN-DM-04623,8.38,207.31,205.25,1.06,29.4,346.43,130.91,24.0,187.53,Non-fasting
SYN-DM-04624,10.05,244.51,306.9,1.35,101.79,71.32,99.89,45.3,120.09,Unknown
SYN-DM-04625,6.16,160.84,125.28,1.35,51.76,86.73,107.53,30.9,213.53,Unknown
SYN-DM-04626,7.11,122.73,248.27,1.58,81.7,124.25,124.76,65.0,114.13,Non-fasting
SYN-DM-04627,7.43,162.75,186.23,2.11,47.28,167.03,121.1,43.5,347.14,Fasting
SYN-DM-04628,7.83,193.32,210.02,1.56,94.11,21.57,171.4,43.2,149.34,Non-fasting
SYN-DM-04629,8.68,233.07,109.55,1.07,91.51,382.81,64.76,48.0,97.93,Unknown
SYN-DM-04630,8.46,143.35,141.0,1.89,39.99,211.25,117.56,87.2,182.82,Unknown
SYN-DM-04631,10.1,180.58,206.41,2.22,42.32,109.68,170.4,49.1,116.4,Unknown
SYN-DM-04632,8.21,118.81,218.46,2.19,66.52,29.43,107.19,51.3,330.93,Non-fasting
SYN-DM-04633,7.81,134.56,249.96,1.13,32.0,170.32,106.32,32.8,225.94,Fasting
SYN-DM-04634,8.43,111.51,130.5,1.18,38.79,381.84,98.63,37.2,324.55,Fasting
SYN-DM-04635,7.37,176.14,118.01,2.07,80.25,117.88,166.9,66.1,246.91,Fasting
SYN-DM-04636,8.52,155.28,267.97,0.96,63.29,317.54,86.68,35.1,222.78,Non-fasting
SYN-DM-04637,7.97,243.68,195.56,0.86,45.38,273.77,153.62,35.8,329.5,Fasting
SYN-DM-04638,9.95,214.74,222.93,1.22,93.85,49.05,168.73,76.5,257.01,Fasting
SYN-DM-04639,7.64,164.31,206.95,2.28,43.02,415.81,117.79,44.9,113.44,Unknown
SYN-DM-04640,6.37,179.04,163.99,2.16,35.57,336.23,125.96,48.3,143.7,Fasting
SYN-DM-04641,7.85,102.04,271.86,1.1,101.38,15.18,76.72,50.9,370.65,Unknown
SYN-DM-04642,8.05,166.41,145.21,2.19,40.43,353.34,169.94,54.9,221.78,Non-fasting
SYN-DM-04643,8.68,95.77,201.31,1.17,41.96,117.86,140.45,50.4,140.81,Non-fasting
SYN-DM-04644,8.21,133.22,140.09,1.05,40.51,94.41,110.8,74.4,207.93,Unknown
SYN-DM-04645,7.77,144.15,281.12,1.88,68.47,163.11,164.85,53.0,358.39,Non-fasting
SYN-DM-04646,7.23,153.74,281.55,2.3,51.04,98.05,126.41,43.1,200.48,Non-fasting
SYN-DM-04647,6.46,106.33,140.62,1.87,33.77,72.51,171.2,51.6,331.04,Fasting
SYN-DM-04648,8.56,163.18,201.85,2.07,43.89,199.77,138.96,50.1,315.49,Non-fasting
SYN-DM-04649,8.49,207.11,268.37,2.07,50.73,167.3,137.41,31.6,356.21,Fasting
SYN-DM-04650,6.28,143.78,302.82,1.54,48.33,75.76,130.18,46.5,236.0,Unknown
SYN-DM-04651,10.1,202.36,275.67,2.12,57.17,356.29,144.11,45.8,258.91,Fasting
SYN-DM-04652,6.25,204.03,177.82,2.22,92.49,69.93,93.42,39.6,137.73,Fasting
SYN-DM-04653,5.98,191.36,115.53,0.77,84.38,320.94,88.01,54.7,92.5,Unknown
SYN-DM-04654,6.78,140.99,297.56,1.02,56.15,352.18,69.08,68.2,375.82,Fasting
SYN-DM-04655,8.66,175.94,127.53,2.2,46.53,279.1,152.39,37.5,241.83,Fasting
SYN-DM-04656,6.73,197.84,299.42,2.04,100.67,303.54,134.56,57.3,259.6,Non-fasting
SYN-DM-04657,10.11,129.3,223.94,0.74,89.18,349.71,68.24,38.8,255.68,Unknown
SYN-DM-04658,7.4,226.27,194.25,0.73,44.3,379.65,106.88,39.7,143.22,Non-fasting
SYN-DM-04659,7.15,203.58,171.26,0.89,32.1,143.61,93.83,47.7,186.51,Unknown
SYN-DM-04660,9.37,126.76,247.25,1.73,47.0,254.04,162.5,50.4,123.46,Fasting
SYN-DM-04661,8.3,134.53,204.07,1.4,63.5,134.46,152.43,51.9,127.39,Fasting
SYN-DM-04662,8.33,118.79,127.2,0.76,34.56,329.83,166.76,40.7,146.88,Non-fasting
SYN-DM-04663,8.14,109.32,235.88,1.05,97.85,70.23,101.28,35.8,125.46,Unknown
SYN-DM-04664,9.89,103.98,216.97,1.32,62.68,386.0,143.04,47.3,397.06,Unknown
SYN-DM-04665,7.72,223.72,292.39,1.55,59.58,352.71,108.49,55.8,270.66,Non-fasting
SYN-DM-04666,6.88,164.86,162.87,1.99,58.84,76.54,89.72,57.5,340.15,Fasting
SYN-DM-04667,7.75,97.24,282.93,1.86,82.76,109.77,90.72,34.8,283.7,Non-fasting
SYN-DM-04668,5.9,226.05,145.88,2.15,57.8,220.43,116.89,48.0,379.48,Non-fasting
SYN-DM-04669,8.63,98.19,219.81,1.56,80.41,196.21,133.93,48.7,250.52,Fasting
SYN-DM-04670,7.79,127.13,189.03,1.35,30.9,159.46,159.79,52.3,169.39,Unknown
SYN-DM-04671,9.43,192.12,153.1,1.21,67.64,283.52,87.81,40.1,162.37,Unknown
SYN-DM-04672,6.84,107.37,192.98,0.73,43.66,141.98,101.26,43.6,150.87,Fasting
SYN-DM-04673,6.79,111.37,241.83,1.67,54.07,13.85,103.36,25.1,229.86,Non-fasting
SYN-DM-04674,9.12,233.62,150.45,1.46,39.58,355.68,172.22,39.5,266.2,Non-fasting
SYN-DM-04675,6.07,201.48,129.2,1.96,100.59,11.18,100.75,31.3,218.99,Fasting
SYN-DM-04676,10.19,221.25,284.59,1.95,98.16,394.05,152.69,56.8,387.43,Unknown
SYN-DM-04677,9.1,218.83,202.87,1.42,78.66,141.45,107.4,48.1,303.83,Unknown
SYN-DM-04678,7.89,116.0,173.23,1.94,60.43,385.76,62.65,48.6,259.62,Fasting
SYN-DM-04679,6.05,110.4,117.06,1.62,91.46,93.18,120.05,42.0,384.34,Unknown
SYN-DM-04680,7.96,126.65,254.38,1.35,62.91,32.93,81.5,43.0,132.26,Unknown
SYN-DM-04681,8.13,204.88,208.72,1.1,60.09,286.87,99.39,45.9,288.67,Unknown
SYN-DM-04682,10.16,94.63,225.21,1.27,32.96,175.32,67.72,32.0,102.22,Non-fasting
SYN-DM-04683,7.49,134.23,206.61,2.04,74.72,305.33,71.78,27.0,251.4,Non-fasting
SYN-DM-04684,5.82,165.52,246.44,0.76,62.9,123.5,152.41,32.4,127.22,Unknown
SYN-DM-04685,8.48,222.04,187.03,2.01,43.13,201.77,81.97,50.9,207.73,Unknown
SYN-DM-04686,7.51,206.63,130.89,2.14,68.27,163.91,77.54,33.7,388.7,Non-fasting
SYN-DM-04687,7.85,176.24,300.57,0.89,84.79,383.64,77.6,52.7,311.68,Unknown
SYN-DM-04688,9.57,97.22,228.74,1.7,98.14,32.09,163.02,29.2,383.96,Fasting
SYN-DM-04689,6.83,112.16,122.59,1.09,42.65,355.74,154.37,66.9,200.74,Unknown
SYN-DM-04690,9.41,112.75,111.54,1.69,101.08,37.52,90.63,26.0,394.72,Fasting
SYN-DM-04691,6.46,209.52,146.98,0.83,51.02,246.3,132.75,60.5,197.15,Non-fasting
SYN-DM-04692,7.28,110.24,154.0,2.27,100.66,326.06,135.69,32.2,88.9,Non-fasting
SYN-DM-04693,9.55,175.44,298.32,1.32,88.77,166.3,101.75,29.0,247.98,Fasting
SYN-DM-04694,6.49,147.82,241.85,0.97,93.49,286.75,79.01,35.5,353.81,Fasting
SYN-DM-04695,9.11,109.85,246.04,1.0,65.7,365.52,163.91,27.2,298.1,Fasting
SYN-DM-04696,8.62,113.39,293.68,1.76,83.88,296.57,155.68,68.3,376.51,Unknown
SYN-DM-04697,6.26,159.36,152.78,1.56,54.51,17.48,118.98,55.2,253.98,Non-fasting
SYN-DM-04698,6.92,192.13,130.68,1.37,67.91,167.97,113.23,53.9,178.56,Unknown
SYN-DM-04699,6.55,140.14,177.93,2.09,72.1,161.11,154.73,44.2,246.06,Non-fasting
SYN-DM-04700,6.66,130.43,167.66,2.24,53.59,97.55,171.7,47.1,292.18,Non-fasting
SYN-DM-04701,7.42,194.54,227.14,2.12,54.52,352.99,160.62,42.4,243.38,Unknown
SYN-DM-04702,8.45,201.45,187.58,0.72,35.93,22.6,103.92,56.7,363.51,Fasting
SYN-DM-04703,9.46,106.58,151.8,1.12,80.67,190.51,163.34,47.8,115.82,Unknown
SYN-DM-04704,8.09,140.52,167.01,1.35,93.82,306.24,67.3,43.5,376.55,Unknown
SYN-DM-04705,7.2,149.25,162.75,1.74,44.16,204.75,145.4,54.5,288.78,Unknown
SYN-DM-04706,8.23,202.61,246.63,2.2,79.65,311.17,102.02,62.6,98.7,Unknown
SYN-DM-04707,9.73,213.36,199.17,0.71,99.18,407.75,135.82,42.9,372.69,Unknown
SYN-DM-04708,10.15,166.62,172.75,0.88,68.39,400.54,113.76,48.7,232.76,Fasting
SYN-DM-04709,7.55,127.71,293.39,0.96,87.86,229.85,149.61,40.8,140.58,Unknown
SYN-DM-04710,7.66,127.05,250.17,1.46,41.09,71.24,157.76,20,361.01,Unknown
SYN-DM-04711,8.94,120.24,206.34,1.53,71.25,241.18,91.73,48.0,142.88,Non-fasting
SYN-DM-04712,8.44,101.48,255.39,1.65,60.86,194.94,78.85,31.8,217.05,Non-fasting
SYN-DM-04713,9.35,187.6,250.54,1.82,62.39,54.79,156.5,61.9,177.76,Non-fasting
SYN-DM-04714,8.76,163.37,237.22,0.86,72.37,98.37,94.04,53.9,156.03,Unknown
SYN-DM-04715,6.48,141.2,173.03,2.24,28.41,100.58,132.0,45.2,342.69,Fasting
SYN-DM-04716,6.82,113.72,108.18,2.2,54.59,37.2,63.67,36.2,170.91,Fasting
SYN-DM-04717,6.63,101.43,274.11,0.87,55.48,240.35,104.57,40.9,180.99,Fasting
SYN-DM-04718,9.46,205.3,204.02,1.34,83.43,159.68,149.94,48.7,328.2,Unknown
SYN-DM-04719,8.19,228.91,294.24,2.15,80.18,28.55,69.23,50.8,375.06,Fasting
SYN-DM-04720,6.69,155.48,284.51,1.62,45.93,56.74,68.34,40.8,181.59,Unknown
SYN-DM-04721,8.81,153.61,231.02,1.89,77.37,50.57,99.14,29.0,127.86,Non-fasting
SYN-DM-04722,10.19,180.73,117.3,0.74,29.48,390.09,110.0,53.5,185.38,Non-fasting
SYN-DM-04723,8.31,109.59,155.72,1.23,101.69,375.94,141.56,44.0,409.33,Non-fasting
SYN-DM-04724,9.83,209.81,171.52,2.16,95.88,292.73,76.3,48.9,385.8,Fasting
SYN-DM-04725,9.79,121.26,192.7,2.29,83.92,265.43,159.59,50.3,232.58,Unknown
SYN-DM-04726,8.24,97.06,179.44,1.48,69.19,44.83,152.56,57.9,373.74,Unknown
SYN-DM-04727,5.95,187.82,265.33,1.02,68.17,169.76,103.93,51.2,348.4,Non-fasting
SYN-DM-04728,8.6,126.1,115.39,1.83,68.55,250.19,139.73,63.7,219.89,Fasting
SYN-DM-04729,8.96,131.94,107.44,1.35,97.99,358.15,62.61,44.4,260.85,Fasting
SYN-DM-04730,8.17,199.93,221.39,0.89,62.8,327.39,98.1,56.4,96.3,Non-fasting
SYN-DM-04731,9.79,183.84,134.96,2.15,41.22,226.5,160.59,20,364.82,Non-fasting
SYN-DM-04732,10.03,200.28,309.65,1.21,66.3,280.44,160.23,38.5,270.17,Unknown
SYN-DM-04733,7.71,200.66,130.82,1.07,90.49,314.28,96.34,26.0,101.67,Non-fasting
SYN-DM-04734,7.83,103.58,249.02,0.98,41.52,272.4,119.72,36.4,389.29,Non-fasting
SYN-DM-04735,7.81,212.25,281.42,1.65,83.45,129.75,113.95,40.6,298.83,Non-fasting
SYN-DM-04736,8.34,185.51,125.2,1.77,42.22,358.39,104.29,34.4,123.9,Non-fasting
SYN-DM-04737,8.83,161.17,288.72,1.58,47.21,58.78,153.69,61.3,373.38,Unknown
SYN-DM-04738,7.06,216.21,124.8,1.17,33.61,63.92,142.66,45.4,218.07,Fasting
SYN-DM-04739,7.52,207.37,144.78,1.97,64.08,391.67,86.47,50.8,221.3,Non-fasting
SYN-DM-04740,8.69,234.18,163.32,1.37,81.83,189.93,131.48,47.2,128.17,Fasting
SYN-DM-04741,8.24,147.61,224.3,0.83,46.61,407.93,136.56,32.2,294.16,Fasting
SYN-DM-04742,9.53,117.59,154.36,1.19,80.05,358.79,68.08,31.4,358.71,Non-fasting
SYN-DM-04743,7.19,146.89,248.6,1.34,58.0,122.16,134.33,36.2,239.07,Unknown
SYN-DM-04744,5.94,94.4,107.86,1.29,55.65,332.57,89.75,59.2,138.97,Unknown
SYN-DM-04745,9.33,102.18,228.33,2.17,41.17,333.23,113.48,39.3,384.2,Fasting
SYN-DM-04746,6.88,204.52,289.64,1.6,63.71,213.21,125.32,58.6,298.07,Fasting
SYN-DM-04747,6.98,174.96,104.52,1.71,51.09,113.41,70.05,39.0,245.49,Fasting
SYN-DM-04748,8.51,164.74,175.77,2.12,70.81,163.07,138.11,75.2,252.26,Unknown
SYN-DM-04749,9.11,158.11,143.23,1.06,85.79,257.69,163.52,33.8,302.32,Fasting
SYN-DM-04750,5.91,115.22,112.18,1.29,36.66,362.71,85.73,51.1,258.38,Fasting
SYN-DM-04751,7.82,133.94,194.39,1.85,61.94,12.37,102.07,64.5,148.26,Unknown
SYN-DM-04752,8.78,192.33,179.89,1.32,71.05,91.45,69.7,58.7,170.02,Fasting
SYN-DM-04753,6.78,157.0,191.43,0.72,55.44,272.09,100.02,53.1,178.44,Non-fasting
SYN-DM-04754,9.38,95.51,242.06,1.19,83.18,48.6,90.68,20,314.43,Fasting
SYN-DM-04755,9.84,224.68,252.24,2.08,58.72,257.74,138.78,44.3,336.87,Non-fasting
SYN-DM-04756,9.74,244.01,247.33,0.83,63.77,327.72,122.59,57.0,146.68,Non-fasting
SYN-DM-04757,5.98,241.89,223.04,1.09,73.72,332.86,128.28,42.8,234.72,Fasting
SYN-DM-04758,8.74,162.68,228.29,2.08,56.44,41.33,151.0,43.2,215.88,Non-fasting
SYN-DM-04759,9.21,181.66,253.1,1.15,81.56,138.59,70.04,38.3,203.42,Unknown
SYN-DM-04760,6.11,99.13,190.31,1.69,88.21,65.04,63.1,50.9,236.31,Unknown
SYN-DM-04761,9.17,101.59,211.63,1.6,34.04,324.1,160.99,37.3,377.47,Unknown
SYN-DM-04762,9.83,177.57,289.02,1.63,98.31,135.66,145.82,52.1,235.45,Fasting
SYN-DM-04763,7.94,148.35,302.02,1.82,59.86,160.43,171.08,43.9,110.4,Non-fasting
SYN-DM-04764,8.71,92.61,260.11,1.46,50.57,24.29,140.02,63.2,247.02,Fasting
SYN-DM-04765,9.56,215.53,242.79,1.23,69.04,366.86,158.4,48.1,325.95,Fasting
SYN-DM-04766,5.95,91.85,131.66,2.23,85.11,354.56,72.85,24.3,121.24,Unknown
SYN-DM-04767,7.64,202.71,247.82,0.9,101.35,67.86,141.48,70.2,360.22,Fasting
SYN-DM-04768,9.49,202.93,204.21,1.2,99.83,158.35,156.32,56.3,97.77,Unknown
SYN-DM-04769,8.32,129.4,178.32,1.56,82.32,248.58,69.78,58.9,194.16,Unknown
SYN-DM-04770,8.46,158.08,285.78,1.89,67.91,254.22,156.45,36.7,333.47,Unknown
SYN-DM-04771,7.03,124.01,215.05,1.1,81.66,410.37,159.36,64.0,391.74,Non-fasting
SYN-DM-04772,8.77,218.95,219.97,1.12,32.18,100.23,119.55,36.8,117.05,Unknown
SYN-DM-04773,6.85,189.89,183.21,1.19,34.24,159.93,104.73,37.9,343.58,Unknown
SYN-DM-04774,9.26,216.59,129.94,0.87,72.78,133.26,105.41,34.8,274.53,Unknown
SYN-DM-04775,5.98,203.27,223.75,1.38,32.56,281.32,126.09,43.3,286.94,Non-fasting
SYN-DM-04776,7.02,150.77,270.04,2.15,31.46,52.69,78.71,50.1,409.04,Unknown
SYN-DM-04777,6.88,103.53,161.45,2.15,40.02,304.65,161.99,44.2,277.5,Non-fasting
SYN-DM-04778,6.53,211.17,119.36,1.8,94.66,169.12,147.81,56.4,135.26,Fasting
SYN-DM-04779,9.57,220.86,201.13,0.92,35.33,355.15,119.02,20,192.25,Unknown
SYN-DM-04780,9.5,182.63,224.91,1.87,88.71,106.18,131.72,37.4,273.26,Unknown
SYN-DM-04781,8.8,155.09,285.8,1.1,86.86,179.52,154.21,40.6,228.51,Fasting
SYN-DM-04782,5.93,174.07,204.93,1.57,63.07,377.0,153.8,56.2,161.23,Unknown
SYN-DM-04783,8.04,131.58,132.2,1.14,35.72,212.46,101.73,47.3,116.49,Unknown
SYN-DM-04784,9.31,150.45,114.53,1.84,97.9,236.81,155.53,43.5,151.02,Non-fasting
SYN-DM-04785,7.84,112.58,267.03,1.38,54.87,271.32,141.2,44.9,140.25,Non-fasting
SYN-DM-04786,6.98,163.5,232.57,0.76,92.36,362.68,100.76,40.7,116.68,Non-fasting
SYN-DM-04787,7.42,165.07,285.3,1.49,73.28,60.82,104.88,45.1,108.04,Unknown
SYN-DM-04788,5.88,218.06,179.32,0.76,46.45,179.5,86.6,65.3,171.45,Non-fasting
SYN-DM-04789,7.63,191.75,300.34,1.44,33.96,199.85,172.52,41.2,175.09,Fasting
SYN-DM-04790,7.36,243.07,214.41,2.08,98.93,387.69,87.78,24.9,298.32,Unknown
SYN-DM-04791,10.19,208.88,239.65,1.07,70.23,122.25,152.48,21.4,102.25,Non-fasting
SYN-DM-04792,8.23,157.21,263.2,1.39,62.17,392.32,85.52,50.9,261.37,Non-fasting
SYN-DM-04793,9.14,92.57,145.93,0.9,79.76,86.63,147.48,62.3,409.77,Fasting
SYN-DM-04794,7.56,231.36,252.0,2.14,42.79,366.78,90.08,46.7,220.53,Fasting
SYN-DM-04795,7.84,224.95,124.68,0.73,92.72,138.01,122.1,36.0,120.35,Fasting
SYN-DM-04796,6.59,133.43,186.91,1.01,46.26,316.76,161.34,36.0,380.1,Non-fasting
SYN-DM-04797,5.98,238.68,276.79,1.48,70.82,359.23,71.17,34.9,302.56,Unknown
SYN-DM-04798,7.04,135.22,200.23,2.19,51.97,323.03,75.69,47.5,190.47,Fasting
SYN-DM-04799,9.17,140.64,304.53,1.1,48.41,39.52,153.07,45.6,354.69,Unknown
SYN-DM-04800,8.17,233.57,134.82,1.15,41.88,237.59,160.23,43.9,312.75,Fasting
SYN-DM-04801,8.47,227.73,121.61,1.62,59.0,99.32,63.09,41.6,408.25,Unknown
SYN-DM-04802,9.87,175.69,217.61,1.65,40.95,243.91,158.39,54.9,352.17,Unknown
SYN-DM-04803,9.32,208.88,194.02,0.76,72.34,228.25,89.21,37.9,372.82,Non-fasting
SYN-DM-04804,7.79,219.78,262.64,2.09,70.46,229.15,165.51,31.2,388.82,Non-fasting
SYN-DM-04805,6.44,170.71,132.69,2.15,66.16,367.81,104.9,32.7,132.8,Fasting
SYN-DM-04806,7.23,187.05,226.5,2.16,53.1,226.08,84.52,38.9,377.18,Unknown
SYN-DM-04807,10.18,99.06,273.16,1.72,55.65,62.51,65.42,61.3,387.02,Unknown
SYN-DM-04808,9.18,217.68,230.0,2.27,32.08,148.65,128.41,48.1,217.27,Non-fasting
SYN-DM-04809,9.43,111.91,132.82,0.76,92.54,384.06,128.99,68.4,286.76,Fasting
SYN-DM-04810,7.99,224.58,142.22,2.06,77.64,375.55,122.97,50.0,360.9,Non-fasting
SYN-DM-04811,8.45,212.47,206.07,1.16,38.33,215.92,120.91,51.2,200.83,Fasting
SYN-DM-04812,7.21,95.82,305.04,0.88,72.39,147.13,136.2,47.2,124.02,Unknown
SYN-DM-04813,10.06,238.29,235.61,1.09,28.44,358.82,118.8,60.2,96.26,Unknown
SYN-DM-04814,6.41,202.78,298.44,1.8,68.93,123.36,130.79,57.4,115.16,Unknown
SYN-DM-04815,7.38,193.39,300.18,0.74,66.47,62.56,117.11,61.5,281.66,Non-fasting
SYN-DM-04816,10.08,189.39,194.08,1.44,48.35,111.56,163.72,40.2,203.37,Fasting
SYN-DM-04817,8.71,161.96,163.25,0.93,43.98,170.91,145.98,63.3,351.41,Unknown
SYN-DM-04818,8.31,89.63,298.68,2.3,53.14,418.2,63.33,79.7,244.9,Unknown
SYN-DM-04819,7.92,134.74,263.26,1.36,89.71,248.35,69.1,43.1,280.35,Non-fasting
SYN-DM-04820,7.44,234.58,206.42,1.46,97.0,51.49,134.62,54.7,110.96,Non-fasting
SYN-DM-04821,8.52,202.02,153.69,0.84,39.02,411.68,143.64,51.0,179.61,Non-fasting
SYN-DM-04822,9.49,235.55,208.65,1.61,33.9,378.95,98.17,50.2,402.71,Non-fasting
SYN-DM-04823,6.2,116.39,181.42,2.04,58.51,71.36,104.41,22.9,336.86,Unknown
SYN-DM-04824,6.32,237.17,283.05,0.99,76.68,41.47,71.26,23.5,131.94,Non-fasting
SYN-DM-04825,6.67,244.53,278.51,0.95,57.35,61.53,116.8,52.9,266.56,Non-fasting
SYN-DM-04826,10.13,173.94,224.81,1.46,69.88,217.6,115.6,39.3,368.7,Non-fasting
SYN-DM-04827,9.04,224.4,222.21,1.91,82.24,51.22,86.02,45.1,245.89,Non-fasting
SYN-DM-04828,6.18,163.17,251.91,1.07,85.47,220.66,171.4,57.7,133.3,Fasting
SYN-DM-04829,9.67,142.19,216.67,2.21,80.72,217.36,144.12,60.3,248.94,Unknown
SYN-DM-04830,9.79,106.17,226.96,2.16,73.84,285.14,85.48,22.7,326.47,Non-fasting
SYN-DM-04831,8.88,217.36,269.74,0.84,100.08,167.87,94.48,32.3,173.89,Unknown
SYN-DM-04832,6.51,233.31,247.57,2.09,83.41,343.81,84.07,63.5,175.31,Fasting
SYN-DM-04833,6.41,221.17,120.1,1.44,44.19,23.41,73.12,30.4,390.36,Non-fasting
SYN-DM-04834,6.07,156.41,220.34,0.79,47.6,10.29,155.66,57.0,220.28,Non-fasting
SYN-DM-04835,7.52,151.07,142.23,1.06,34.74,171.35,150.25,27.9,402.59,Non-fasting
SYN-DM-04836,7.45,239.39,290.62,0.73,88.33,351.18,146.9,34.8,280.51,Unknown
SYN-DM-04837,8.64,161.59,248.29,1.2,55.82,69.99,114.89,50.5,92.43,Unknown
SYN-DM-04838,5.95,93.82,256.0,1.76,90.55,158.85,77.24,42.7,278.39,Non-fasting
SYN-DM-04839,9.25,205.6,218.56,0.94,74.39,335.78,134.14,63.9,305.31,Fasting
SYN-DM-04840,9.81,213.41,245.46,0.88,69.31,53.36,137.43,41.6,265.51,Fasting
SYN-DM-04841,9.88,225.73,251.68,0.86,37.46,49.93,101.74,38.4,386.06,Non-fasting
SYN-DM-04842,8.54,102.53,223.54,2.12,61.27,365.3,114.28,41.9,312.82,Fasting
SYN-DM-04843,6.04,221.85,282.05,1.97,79.85,339.79,73.14,59.0,283.56,Unknown
SYN-DM-04844,8.92,111.03,185.13,1.51,70.56,156.26,134.48,79.7,388.81,Non-fasting
SYN-DM-04845,8.83,113.71,251.5,2.22,63.55,361.43,110.15,41.8,374.6,Unknown
SYN-DM-04846,6.61,133.51,240.59,1.6,45.36,147.95,100.53,77.3,235.2,Non-fasting
SYN-DM-04847,8.21,199.86,197.04,1.61,86.59,315.0,93.13,20,225.4,Unknown
SYN-DM-04848,10.11,97.02,116.8,0.97,29.42,263.88,160.51,40.0,265.96,Unknown
SYN-DM-04849,7.39,90.92,202.96,1.49,32.85,285.4,148.74,64.5,390.59,Fasting
SYN-DM-04850,9.32,119.92,220.65,2.14,66.67,217.83,82.59,50.0,101.4,Unknown
SYN-DM-04851,8.01,88.03,272.25,1.46,53.56,207.89,131.47,60.6,334.6,Unknown
SYN-DM-04852,9.85,188.9,102.08,0.95,90.7,320.71,112.63,50.5,204.6,Fasting
SYN-DM-04853,8.71,233.95,144.44,1.28,82.04,386.92,104.91,60.6,168.64,Fasting
SYN-DM-04854,6.13,149.94,173.51,1.0,88.52,58.17,128.25,50.6,149.61,Unknown
SYN-DM-04855,8.02,224.91,299.31,1.31,39.36,59.51,107.95,41.2,352.13,Unknown
SYN-DM-04856,9.46,134.6,237.57,1.74,101.03,118.17,97.82,35.0,239.87,Unknown
SYN-DM-04857,6.63,183.91,125.8,2.25,53.37,73.4,106.18,37.0,149.38,Fasting
SYN-DM-04858,6.99,208.82,161.93,1.84,34.29,276.96,127.46,38.9,190.59,Unknown
SYN-DM-04859,9.19,99.43,137.76,2.08,76.0,410.25,101.24,48.7,282.39,Non-fasting
SYN-DM-04860,8.79,206.51,245.44,0.88,71.44,188.94,128.82,53.4,324.0,Non-fasting
SYN-DM-04861,7.93,244.1,114.18,0.88,38.34,101.61,81.45,66.2,335.41,Non-fasting
SYN-DM-04862,10.16,162.53,204.82,1.1,62.71,242.84,109.85,52.4,242.97,Non-fasting
SYN-DM-04863,8.91,229.51,102.55,1.96,53.59,346.68,143.9,45.1,119.04,Fasting
SYN-DM-04864,7.18,132.35,254.79,1.39,46.5,33.9,109.43,22.0,275.58,Fasting
SYN-DM-04865,8.25,215.5,285.35,0.8,45.03,204.97,117.84,49.0,293.91,Non-fasting
SYN-DM-04866,6.4,218.82,269.69,2.22,75.92,136.55,155.48,56.7,140.05,Fasting
SYN-DM-04867,8.06,132.22,309.81,1.95,39.82,254.01,161.88,37.2,119.11,Unknown
SYN-DM-04868,7.98,204.12,204.92,0.82,92.73,343.08,122.9,33.3,141.88,Non-fasting
SYN-DM-04869,6.77,121.31,267.34,2.1,28.97,349.31,111.35,56.0,193.42,Fasting
SYN-DM-04870,7.26,99.8,179.28,1.5,53.04,112.21,173.69,43.7,148.23,Non-fasting
SYN-DM-04871,6.85,137.69,103.83,1.14,93.42,365.5,93.9,45.6,161.77,Non-fasting
SYN-DM-04872,6.93,157.16,248.99,0.77,56.95,88.54,121.52,44.4,258.21,Fasting
SYN-DM-04873,6.85,149.17,285.14,0.95,67.53,232.39,110.38,53.1,139.52,Non-fasting
SYN-DM-04874,8.66,214.93,265.16,1.56,41.56,341.38,83.37,27.3,217.49,Non-fasting
SYN-DM-04875,6.09,123.86,145.86,1.5,93.91,253.01,102.7,55.4,144.8,Non-fasting
SYN-DM-04876,7.56,104.58,286.35,1.87,86.11,363.37,105.48,44.3,145.08,Unknown
SYN-DM-04877,5.87,226.39,267.13,0.84,61.51,399.11,71.03,60.5,184.55,Non-fasting
SYN-DM-04878,8.19,129.72,155.48,2.26,90.2,108.16,64.92,64.2,165.78,Non-fasting
SYN-DM-04879,7.18,106.63,246.46,2.15,88.42,407.07,72.14,48.4,381.96,Non-fasting
SYN-DM-04880,8.66,145.75,124.65,0.74,44.28,243.68,117.69,53.4,173.43,Fasting
SYN-DM-04881,8.24,211.33,148.3,0.95,40.36,337.68,110.17,47.2,198.18,Fasting
SYN-DM-04882,6.8,193.93,272.58,1.13,61.99,117.5,70.95,49.4,243.14,Unknown
SYN-DM-04883,6.36,164.79,235.73,1.49,42.54,36.68,137.63,43.5,272.54,Fasting
SYN-DM-04884,5.87,151.0,183.59,2.06,88.47,375.75,103.82,24.4,231.17,Unknown
SYN-DM-04885,8.32,187.56,247.94,1.08,45.63,131.62,140.22,41.7,397.0,Non-fasting
SYN-DM-04886,7.32,104.97,269.7,2.27,47.43,311.88,122.67,45.2,112.19,Fasting
SYN-DM-04887,6.54,148.37,146.05,0.97,91.72,415.92,85.01,27.7,269.99,Unknown
SYN-DM-04888,6.36,191.25,197.73,1.08,33.23,205.73,145.4,26.7,304.49,Unknown
SYN-DM-04889,7.54,223.16,261.37,1.12,84.89,82.9,113.6,40.9,90.19,Unknown
SYN-DM-04890,7.3,130.28,237.23,1.39,31.39,270.34,173.3,49.3,289.88,Fasting
SYN-DM-04891,7.08,201.67,285.66,1.8,85.21,166.37,68.77,56.2,401.94,Non-fasting
SYN-DM-04892,8.35,135.48,138.48,1.05,67.36,57.47,97.11,54.1,366.59,Fasting
SYN-DM-04893,9.53,150.24,294.86,1.91,34.26,413.62,111.6,42.1,95.71,Fasting
SYN-DM-04894,9.94,166.38,180.53,1.33,97.37,188.49,123.91,40.9,306.32,Non-fasting
SYN-DM-04895,7.07,113.22,184.2,1.29,35.54,28.8,171.13,46.6,402.55,Fasting
SYN-DM-04896,9.22,244.28,227.11,1.86,35.09,52.85,98.99,46.8,123.35,Fasting
SYN-DM-04897,7.76,189.16,188.05,0.9,39.91,347.26,111.96,46.5,350.47,Unknown
SYN-DM-04898,7.95,143.1,277.47,1.99,69.55,28.01,137.72,32.4,103.12,Unknown
SYN-DM-04899,10.08,239.48,194.67,1.53,53.11,256.34,135.32,63.3,217.63,Unknown
SYN-DM-04900,8.48,98.72,132.38,1.49,37.5,81.92,90.76,42.5,237.59,Fasting
SYN-DM-04901,8.96,205.64,300.47,1.1,63.4,30.95,115.82,47.8,318.59,Non-fasting
SYN-DM-04902,9.97,177.69,150.29,2.04,39.04,25.56,102.8,43.2,324.6,Non-fasting
SYN-DM-04903,7.69,110.26,210.73,1.05,86.24,325.06,63.06,71.9,321.77,Non-fasting
SYN-DM-04904,7.04,239.62,290.16,1.8,55.39,247.16,126.85,50.9,351.51,Fasting
SYN-DM-04905,9.12,139.36,288.11,0.93,85.61,378.37,163.89,26.2,187.99,Unknown
SYN-DM-04906,8.48,136.52,204.58,1.32,39.71,348.39,89.26,49.6,136.45,Unknown
SYN-DM-04907,8.31,121.52,141.19,1.65,30.8,102.74,167.34,41.6,387.89,Unknown
SYN-DM-04908,6.29,168.41,134.12,1.9,47.25,102.22,136.67,37.6,371.2,Non-fasting
SYN-DM-04909,6.04,120.61,165.82,1.1,59.0,351.78,93.07,52.0,315.36,Non-fasting
SYN-DM-04910,6.87,166.91,242.96,0.78,55.89,179.18,130.93,41.1,111.15,Fasting
SYN-DM-04911,10.01,91.29,249.44,1.03,92.48,265.89,121.07,45.8,394.13,Non-fasting
SYN-DM-04912,7.31,160.15,191.5,1.04,61.43,141.57,137.18,49.0,377.41,Fasting
SYN-DM-04913,6.06,99.09,287.93,1.52,90.6,98.24,129.09,45.6,255.99,Unknown
SYN-DM-04914,6.83,203.31,112.67,1.89,30.02,117.15,127.8,48.1,151.33,Fasting
SYN-DM-04915,6.59,196.92,109.63,1.56,74.16,380.42,146.92,48.0,177.6,Fasting
SYN-DM-04916,7.85,101.92,250.78,0.81,93.85,92.26,133.41,25.5,287.02,Fasting
SYN-DM-04917,6.5,106.64,142.81,2.28,64.32,87.29,104.24,59.2,273.13,Non-fasting
SYN-DM-04918,6.02,110.71,309.14,1.26,87.45,184.43,152.5,39.2,296.95,Unknown
SYN-DM-04919,6.34,185.01,181.27,1.71,98.36,180.61,159.8,47.0,358.02,Unknown
SYN-DM-04920,6.19,239.24,205.19,2.29,91.32,172.31,64.38,44.3,131.21,Fasting
SYN-DM-04921,5.82,200.89,134.2,1.77,77.68,170.88,119.06,58.7,181.85,Non-fasting
SYN-DM-04922,7.49,92.62,285.4,0.71,77.39,91.94,82.7,51.8,122.23,Non-fasting
SYN-DM-04923,8.84,119.2,264.02,2.05,95.95,255.95,93.32,66.5,221.21,Fasting
SYN-DM-04924,6.48,161.31,224.89,2.0,94.23,230.97,142.46,43.6,201.47,Unknown
SYN-DM-04925,5.82,193.92,124.9,1.73,59.31,322.41,118.82,39.2,321.39,Unknown
SYN-DM-04926,8.1,162.78,289.3,1.04,44.26,373.23,86.32,46.7,406.73,Unknown
SYN-DM-04927,10.01,226.67,260.98,1.22,58.4,213.79,76.46,54.5,179.87,Unknown
SYN-DM-04928,9.33,159.14,174.15,1.32,30.63,51.44,140.07,40.4,395.76,Fasting
SYN-DM-04929,9.24,92.81,285.04,0.88,67.4,279.32,93.45,20,279.28,Fasting
SYN-DM-04930,8.63,156.23,230.93,0.9,45.31,342.96,126.79,37.5,262.43,Unknown
SYN-DM-04931,6.0,114.94,285.51,1.24,76.97,283.77,80.36,27.9,147.71,Unknown
SYN-DM-04932,7.34,154.62,254.3,1.94,79.99,404.34,130.13,56.1,291.19,Unknown
SYN-DM-04933,8.54,119.7,295.63,1.18,35.12,183.39,83.41,46.6,175.63,Fasting
SYN-DM-04934,7.53,218.53,128.16,1.65,57.86,43.29,77.69,43.3,313.77,Fasting
SYN-DM-04935,9.48,126.67,230.14,0.77,35.85,188.08,91.48,50.5,355.2,Unknown
SYN-DM-04936,10.13,91.99,114.14,1.7,71.0,378.98,132.02,42.7,311.84,Fasting
SYN-DM-04937,8.92,130.49,114.05,1.48,55.22,263.76,114.98,31.3,344.93,Unknown
SYN-DM-04938,8.84,193.77,133.15,1.82,71.44,78.3,144.59,35.1,265.15,Non-fasting
SYN-DM-04939,9.83,111.14,258.81,1.32,99.49,135.77,166.15,37.8,185.8,Unknown
SYN-DM-04940,10.0,92.58,245.82,1.71,64.25,223.51,133.38,48.6,269.77,Unknown
SYN-DM-04941,6.69,216.5,121.59,0.97,32.54,322.51,156.75,33.8,309.59,Non-fasting
SYN-DM-04942,9.65,125.66,132.13,2.28,38.11,325.91,159.99,58.3,145.1,Non-fasting
SYN-DM-04943,7.47,244.2,199.57,1.62,36.72,369.79,86.43,66.2,189.52,Non-fasting
SYN-DM-04944,9.63,240.87,243.36,1.53,86.98,278.48,164.12,63.3,296.05,Fasting
SYN-DM-04945,9.67,179.38,309.83,1.1,72.27,220.48,69.43,46.9,236.95,Non-fasting
SYN-DM-04946,10.18,199.69,302.57,1.69,83.22,40.21,122.8,26.2,320.2,Non-fasting
SYN-DM-04947,6.57,221.67,264.77,2.1,80.04,40.41,133.42,50.2,184.61,Non-fasting
SYN-DM-04948,6.65,198.27,172.81,1.39,74.24,140.32,164.52,34.3,304.69,Unknown
SYN-DM-04949,8.61,183.7,307.17,1.09,96.03,31.17,73.66,38.0,103.79,Non-fasting
SYN-DM-04950,9.74,117.36,264.3,1.81,37.78,302.04,74.92,41.9,251.13,Unknown
SYN-DM-04951,9.68,110.72,149.11,1.38,64.36,328.52,121.11,48.2,227.57,Fasting
SYN-DM-04952,7.97,191.64,281.72,2.15,92.91,261.64,85.62,77.0,335.99,Non-fasting
SYN-DM-04953,8.74,219.57,282.85,1.42,80.96,375.74,159.62,40.2,183.84,Fasting
SYN-DM-04954,8.09,143.05,133.57,1.07,101.97,249.74,142.25,43.6,225.24,Fasting
SYN-DM-04955,8.42,148.7,114.17,1.83,30.65,109.1,151.4,70.8,274.12,Unknown
SYN-DM-04956,9.09,164.24,309.2,1.22,98.2,346.09,162.39,57.0,370.45,Non-fasting
SYN-DM-04957,10.03,99.93,292.36,0.82,64.24,372.33,101.0,64.6,135.65,Non-fasting
SYN-DM-04958,9.84,92.74,198.91,1.77,66.74,192.65,133.46,33.7,151.84,Unknown
SYN-DM-04959,9.25,107.97,139.51,1.91,95.85,47.1,64.01,47.9,356.0,Fasting
SYN-DM-04960,8.04,163.06,274.35,2.01,49.52,377.9,127.98,35.7,120.35,Fasting
SYN-DM-04961,9.77,109.87,220.5,1.25,48.44,102.78,80.97,54.6,209.8,Unknown
SYN-DM-04962,6.68,219.78,278.13,0.86,64.41,257.13,65.18,68.7,384.2,Unknown
SYN-DM-04963,8.19,159.88,290.2,1.14,58.31,37.0,128.09,71.6,190.47,Fasting
SYN-DM-04964,10.04,166.55,108.3,2.05,45.32,365.87,65.73,45.0,372.98,Non-fasting
SYN-DM-04965,6.07,113.61,232.35,1.59,48.63,54.7,152.14,41.1,326.07,Non-fasting
SYN-DM-04966,8.06,114.83,150.11,1.8,93.63,120.67,79.09,53.5,401.08,Fasting
SYN-DM-04967,6.13,128.29,252.76,1.73,56.9,272.08,153.28,57.7,141.03,Unknown
SYN-DM-04968,9.68,152.25,227.38,0.79,55.47,222.41,79.68,33.0,151.81,Unknown
SYN-DM-04969,8.89,117.44,114.22,1.9,31.93,270.19,93.66,68.5,323.91,Fasting
SYN-DM-04970,6.76,117.85,159.77,2.26,90.51,178.83,76.92,23.1,368.19,Unknown
SYN-DM-04971,6.84,130.08,309.52,2.17,37.06,236.26,70.38,39.1,304.36,Fasting
SYN-DM-04972,9.02,122.03,278.83,2.24,67.27,359.6,103.81,46.8,229.26,Fasting
SYN-DM-04973,8.73,107.57,109.29,0.74,59.16,11.91,66.66,60.8,150.77,Fasting
SYN-DM-04974,9.87,125.97,252.87,1.78,36.04,70.3,99.5,41.2,285.96,Non-fasting
SYN-DM-04975,8.05,101.21,157.47,1.39,69.33,298.93,78.23,56.2,153.2,Non-fasting
SYN-DM-04976,7.63,177.89,288.32,1.55,69.77,410.78,132.24,48.6,89.01,Unknown
SYN-DM-04977,8.19,91.81,272.81,1.32,88.22,267.38,112.0,23.1,169.69,Non-fasting
SYN-DM-04978,6.77,177.76,184.83,1.63,99.53,389.93,85.54,30.1,277.94,Unknown
SYN-DM-04979,9.29,237.64,278.77,1.76,101.66,29.13,106.65,22.4,354.07,Unknown
SYN-DM-04980,10.06,207.49,151.65,2.06,59.34,372.46,128.89,51.2,160.53,Fasting
SYN-DM-04981,6.91,217.39,179.36,0.75,99.5,8.19,71.73,32.3,180.17,Non-fasting
SYN-DM-04982,6.52,159.8,254.77,1.54,71.27,214.44,168.46,51.1,276.73,Unknown
SYN-DM-04983,8.91,186.8,109.92,1.63,78.4,116.29,125.88,49.5,403.89,Non-fasting
SYN-DM-04984,9.78,93.05,135.43,1.64,87.37,201.15,93.39,52.5,178.47,Non-fasting
SYN-DM-04985,7.88,149.89,112.5,1.66,63.1,252.17,146.85,54.9,215.77,Unknown
SYN-DM-04986,8.51,226.72,129.77,1.12,69.39,362.12,77.38,47.0,264.84,Non-fasting
SYN-DM-04987,8.33,113.96,142.44,1.13,100.86,261.4,104.92,50.2,366.66,Non-fasting
SYN-DM-04988,8.06,150.51,152.02,2.05,64.95,295.2,74.96,39.0,259.06,Non-fasting
SYN-DM-04989,10.17,157.99,154.19,1.17,67.64,404.91,117.51,56.3,96.06,Non-fasting
SYN-DM-04990,8.61,178.07,181.46,2.15,37.25,132.24,88.77,62.5,137.17,Non-fasting
SYN-DM-04991,5.86,198.44,205.54,2.05,63.14,297.62,113.76,51.1,354.13,Fasting
SYN-DM-04992,7.76,93.82,298.77,2.3,83.22,233.47,107.02,28.0,246.1,Unknown
SYN-DM-04993,6.61,210.11,173.87,1.28,60.15,127.0,168.03,36.6,356.5,Non-fasting
SYN-DM-04994,7.58,223.43,118.99,1.58,89.86,295.63,82.65,39.6,300.02,Fasting
SYN-DM-04995,9.05,104.54,183.92,0.77,78.48,356.04,107.39,52.4,326.69,Non-fasting
SYN-DM-04996,6.38,203.85,309.06,1.82,73.42,325.1,92.24,71.7,312.12,Unknown
SYN-DM-04997,9.68,233.06,254.87,0.84,95.62,13.72,126.05,46.9,240.74,Unknown
SYN-DM-04998,8.38,141.69,297.3,2.13,29.45,127.36,81.61,61.5,318.06,Unknown
SYN-DM-04999,6.41,141.67,289.83,2.13,72.64,289.08,134.29,49.1,140.77,Unknown
SYN-DM-05000,7.43,139.54,158.84,1.73,57.62,365.42,93.73,58.9,377.27,Non-fasting
