patient_id,anti_vegf_agent,anti_vegf_injection_count,focal_laser_status,panretinal_photocoagulation_status,intravitreal_steroid_status,vitrectomy_status,cataract_surgery_status,treatment_eye,last_treatment_response,treatment_adverse_event
SYN-DM-00001,Bevacizumab,16.15,Planned,Completed,Planned,Planned,Not indicated,Neither,Worsened,Other
SYN-DM-00002,Ranibizumab,7.98,Completed,Completed,Given,Planned,Not indicated,Left,Not assessed,None
SYN-DM-00003,Ranibizumab,9.73,Planned,Partial,Planned,Not indicated,Planned,Left,Worsened,None
SYN-DM-00004,Bevacizumab,12.17,Completed,Partial,Not given,Completed,Planned,Left,Not assessed,Other
SYN-DM-00005,Bevacizumab,7.71,Completed,Planned,Given,Planned,Completed,Bilateral,Worsened,Other
SYN-DM-00006,Bevacizumab,10.62,Not indicated,Partial,Given,Not indicated,Completed,Left,Improved,Inflammation
SYN-DM-00007,Bevacizumab,10.95,Completed,Planned,Not given,Planned,Completed,Left,Worsened,None
SYN-DM-00008,Ranibizumab,2.46,Planned,Completed,Planned,Not indicated,Not indicated,Neither,Stable,Inflammation
SYN-DM-00009,None,14.94,Planned,Not indicated,Not given,Completed,Completed,Neither,Improved,Other
SYN-DM-00010,None,3.31,Planned,Not indicated,Not given,Not indicated,Planned,Left,Worsened,Other
SYN-DM-00011,Ranibizumab,9.35,Planned,Completed,Not given,Not indicated,Planned,Neither,Worsened,Other
SYN-DM-00012,None,2.57,Completed,Partial,Given,Planned,Not indicated,Left,Stable,Pressure rise
SYN-DM-00013,Bevacizumab,11.43,Planned,Partial,Planned,Planned,Completed,Left,Stable,None
SYN-DM-00014,Bevacizumab,0.95,Planned,Planned,Not given,Planned,Planned,Bilateral,Worsened,Pressure rise
SYN-DM-00015,None,15.84,Completed,Planned,Not given,Planned,Planned,Right,Improved,Pressure rise
SYN-DM-00016,Bevacizumab,4.74,Completed,Not indicated,Given,Not indicated,Planned,Left,Stable,Other
SYN-DM-00017,Ranibizumab,13.02,Not indicated,Not indicated,Not given,Completed,Not indicated,Neither,Not assessed,None
SYN-DM-00018,Aflibercept,8.08,Not indicated,Planned,Given,Completed,Completed,Neither,Worsened,Pressure rise
SYN-DM-00019,Ranibizumab,14.38,Not indicated,Completed,Not given,Completed,Planned,Bilateral,Not assessed,Inflammation
SYN-DM-00020,Ranibizumab,8.97,Not indicated,Completed,Not given,Completed,Not indicated,Neither,Improved,Inflammation
SYN-DM-00021,Ranibizumab,14.12,Not indicated,Partial,Not given,Completed,Completed,Left,Not assessed,Pressure rise
SYN-DM-00022,None,4.06,Not indicated,Completed,Planned,Completed,Planned,Neither,Stable,None
SYN-DM-00023,Ranibizumab,5.05,Not indicated,Not indicated,Planned,Completed,Completed,Left,Not assessed,None
SYN-DM-00024,Ranibizumab,3.19,Not indicated,Completed,Given,Planned,Completed,Right,Improved,None
SYN-DM-00025,Aflibercept,1.98,Not indicated,Not indicated,Not given,Not indicated,Not indicated,Neither,Worsened,Inflammation
SYN-DM-00026,Aflibercept,5.77,Not indicated,Planned,Given,Completed,Planned,Bilateral,Improved,Inflammation
SYN-DM-00027,Aflibercept,5.15,Not indicated,Not indicated,Not given,Completed,Completed,Neither,Improved,Other
SYN-DM-00028,Aflibercept,7.65,Not indicated,Planned,Planned,Not indicated,Not indicated,Left,Worsened,Other
SYN-DM-00029,Bevacizumab,7.61,Planned,Completed,Not given,Planned,Not indicated,Right,Worsened,Pressure rise
SYN-DM-00030,Ranibizumab,5.77,Planned,Not indicated,Given,Not indicated,Completed,Bilateral,Not assessed,Pressure rise
SYN-DM-00031,Bevacizumab,16.17,Planned,Completed,Not given,Planned,Planned,Bilateral,Improved,Inflammation
SYN-DM-00032,None,5.61,Planned,Completed,Not given,Planned,Planned,Left,Worsened,None
SYN-DM-00033,None,14.41,Not indicated,Partial,Given,Planned,Not indicated,Left,Not assessed,Inflammation
SYN-DM-00034,Bevacizumab,1.55,Planned,Planned,Not given,Not indicated,Not indicated,Neither,Improved,None
SYN-DM-00035,None,14.15,Not indicated,Not indicated,Not given,Planned,Completed,Right,Stable,Other
SYN-DM-00036,Aflibercept,5.75,Planned,Planned,Planned,Planned,Not indicated,Neither,Not assessed,Pressure rise
SYN-DM-00037,None,7.28,Not indicated,Completed,Planned,Completed,Not indicated,Right,Stable,Pressure rise
SYN-DM-00038,Bevacizumab,2.84,Not indicated,Completed,Given,Completed,Not indicated,Neither,Improved,None
SYN-DM-00039,None,13.63,Completed,Planned,Planned,Planned,Planned,Bilateral,Improved,None
SYN-DM-00040,None,0.94,Planned,Completed,Planned,Completed,Planned,Bilateral,Not assessed,Pressure rise
SYN-DM-00041,None,5.38,Planned,Planned,Planned,Completed,Completed,Right,Stable,Pressure rise
SYN-DM-00042,Aflibercept,15.74,Completed,Completed,Planned,Completed,Planned,Left,Stable,Pressure rise
SYN-DM-00043,Bevacizumab,2.62,Not indicated,Partial,Planned,Not indicated,Planned,Bilateral,Worsened,Inflammation
SYN-DM-00044,Ranibizumab,2.41,Not indicated,Completed,Not given,Not indicated,Not indicated,Right,Not assessed,None
SYN-DM-00045,Aflibercept,0.69,Completed,Partial,Not given,Not indicated,Planned,Left,Worsened,Inflammation
SYN-DM-00046,Bevacizumab,8.01,Completed,Planned,Not given,Completed,Not indicated,Neither,Stable,Inflammation
SYN-DM-00047,Bevacizumab,8.59,Not indicated,Completed,Planned,Not indicated,Not indicated,Neither,Worsened,Pressure rise
SYN-DM-00048,Bevacizumab,9.04,Not indicated,Completed,Not given,Completed,Planned,Right,Stable,Pressure rise
SYN-DM-00049,Aflibercept,5.31,Planned,Planned,Given,Not indicated,Completed,Left,Worsened,Inflammation
SYN-DM-00050,Aflibercept,1.14,Completed,Planned,Not given,Planned,Completed,Bilateral,Not assessed,Inflammation
SYN-DM-00051,Ranibizumab,13.16,Planned,Partial,Planned,Planned,Completed,Neither,Improved,Pressure rise
SYN-DM-00052,Ranibizumab,2.12,Not indicated,Not indicated,Given,Planned,Completed,Neither,Stable,Inflammation
SYN-DM-00053,Ranibizumab,11.12,Not indicated,Planned,Not given,Not indicated,Completed,Left,Improved,None
SYN-DM-00054,Aflibercept,16.91,Completed,Completed,Planned,Completed,Not indicated,Right,Improved,None
SYN-DM-00055,None,8.51,Planned,Planned,Given,Completed,Not indicated,Bilateral,Stable,Other
SYN-DM-00056,Bevacizumab,12.65,Not indicated,Completed,Given,Not indicated,Completed,Neither,Not assessed,Other
SYN-DM-00057,None,2.77,Not indicated,Planned,Planned,Not indicated,Not indicated,Bilateral,Worsened,Inflammation
SYN-DM-00058,Aflibercept,2.66,Not indicated,Planned,Planned,Completed,Not indicated,Right,Not assessed,Pressure rise
SYN-DM-00059,Ranibizumab,17.16,Completed,Planned,Planned,Planned,Completed,Right,Stable,None
SYN-DM-00060,Ranibizumab,7.51,Planned,Partial,Given,Completed,Completed,Right,Stable,Other
SYN-DM-00061,Ranibizumab,13.01,Not indicated,Partial,Planned,Completed,Completed,Right,Stable,None
SYN-DM-00062,Aflibercept,0.33,Completed,Completed,Given,Completed,Not indicated,Neither,Stable,Other
SYN-DM-00063,Aflibercept,5.68,Not indicated,Completed,Not given,Completed,Planned,Left,Worsened,Other
SYN-DM-00064,Aflibercept,0.11,Planned,Partial,Planned,Planned,Not indicated,Neither,Stable,None
SYN-DM-00065,Bevacizumab,11.2,Not indicated,Not indicated,Given,Completed,Planned,Left,Worsened,Pressure rise
SYN-DM-00066,Ranibizumab,15.88,Completed,Planned,Not given,Planned,Planned,Right,Worsened,Inflammation
SYN-DM-00067,Bevacizumab,3.9,Not indicated,Partial,Not given,Planned,Completed,Bilateral,Improved,Inflammation
SYN-DM-00068,Ranibizumab,17.81,Not indicated,Partial,Not given,Not indicated,Not indicated,Right,Worsened,None
SYN-DM-00069,None,17.01,Not indicated,Not indicated,Not given,Not indicated,Not indicated,Bilateral,Improved,Inflammation
SYN-DM-00070,None,15.25,Completed,Partial,Planned,Completed,Completed,Bilateral,Stable,Pressure rise
SYN-DM-00071,Aflibercept,4.55,Not indicated,Partial,Planned,Completed,Completed,Right,Not assessed,Other
SYN-DM-00072,Ranibizumab,0.04,Not indicated,Partial,Given,Completed,Not indicated,Right,Worsened,Inflammation
SYN-DM-00073,Aflibercept,9.88,Completed,Partial,Planned,Completed,Not indicated,Neither,Improved,None
SYN-DM-00074,None,16.81,Planned,Planned,Given,Planned,Not indicated,Neither,Stable,None
SYN-DM-00075,Ranibizumab,17.05,Planned,Partial,Not given,Planned,Planned,Left,Worsened,Other
SYN-DM-00076,Aflibercept,7.93,Not indicated,Partial,Not given,Not indicated,Planned,Right,Stable,Other
SYN-DM-00077,Ranibizumab,16.1,Planned,Planned,Not given,Planned,Planned,Neither,Stable,Other
SYN-DM-00078,Bevacizumab,2.45,Not indicated,Partial,Not given,Planned,Not indicated,Left,Improved,Other
SYN-DM-00079,None,12.46,Planned,Planned,Planned,Planned,Not indicated,Right,Worsened,Other
SYN-DM-00080,None,14.27,Planned,Completed,Not given,Completed,Planned,Right,Improved,None
SYN-DM-00081,Ranibizumab,2.0,Completed,Completed,Not given,Not indicated,Completed,Bilateral,Stable,Pressure rise
SYN-DM-00082,Ranibizumab,12.8,Not indicated,Completed,Planned,Planned,Completed,Right,Worsened,Pressure rise
SYN-DM-00083,None,16.1,Not indicated,Partial,Not given,Not indicated,Planned,Bilateral,Worsened,None
SYN-DM-00084,Ranibizumab,15.6,Completed,Planned,Not given,Planned,Completed,Neither,Not assessed,Pressure rise
SYN-DM-00085,None,0.72,Planned,Partial,Not given,Completed,Completed,Neither,Worsened,Other
SYN-DM-00086,Ranibizumab,13.01,Not indicated,Not indicated,Given,Not indicated,Completed,Bilateral,Stable,Pressure rise
SYN-DM-00087,Bevacizumab,1.34,Completed,Partial,Not given,Completed,Not indicated,Neither,Not assessed,Other
SYN-DM-00088,Aflibercept,7.85,Completed,Not indicated,Given,Completed,Planned,Neither,Worsened,Other
SYN-DM-00089,Aflibercept,8.48,Completed,Completed,Planned,Planned,Not indicated,Left,Not assessed,Other
SYN-DM-00090,Bevacizumab,12.46,Not indicated,Planned,Given,Not indicated,Planned,Left,Improved,Inflammation
SYN-DM-00091,Bevacizumab,7.72,Completed,Partial,Given,Planned,Not indicated,Left,Not assessed,Other
SYN-DM-00092,Aflibercept,13.11,Completed,Partial,Not given,Not indicated,Not indicated,Bilateral,Stable,None
SYN-DM-00093,None,11.67,Completed,Planned,Not given,Planned,Planned,Bilateral,Stable,Pressure rise
SYN-DM-00094,Bevacizumab,11.32,Completed,Completed,Not given,Completed,Completed,Right,Not assessed,Other
SYN-DM-00095,Aflibercept,15.9,Completed,Planned,Not given,Completed,Completed,Bilateral,Stable,Inflammation
SYN-DM-00096,Aflibercept,9.13,Completed,Partial,Given,Not indicated,Completed,Right,Improved,Inflammation
SYN-DM-00097,Bevacizumab,16.53,Not indicated,Not indicated,Planned,Completed,Planned,Right,Improved,Other
SYN-DM-00098,Aflibercept,13.29,Completed,Completed,Planned,Completed,Planned,Right,Not assessed,Other
SYN-DM-00099,Aflibercept,8.92,Not indicated,Planned,Given,Planned,Not indicated,Left,Worsened,Other
SYN-DM-00100,Aflibercept,0.93,Not indicated,Partial,Planned,Not indicated,Planned,Left,Not assessed,None
SYN-DM-00101,Ranibizumab,10.37,Completed,Not indicated,Not given,Not indicated,Completed,Right,Not assessed,Other
SYN-DM-00102,None,17.53,Not indicated,Completed,Given,Completed,Completed,Bilateral,Not assessed,None
SYN-DM-00103,Aflibercept,4.35,Not indicated,Not indicated,Planned,Not indicated,Not indicated,Right,Improved,Pressure rise
SYN-DM-00104,Bevacizumab,1.27,Completed,Not indicated,Not given,Planned,Not indicated,Right,Not assessed,None
SYN-DM-00105,None,7.12,Completed,Partial,Given,Planned,Completed,Neither,Improved,Inflammation
SYN-DM-00106,Aflibercept,6.48,Planned,Partial,Planned,Completed,Planned,Right,Not assessed,Pressure rise
SYN-DM-00107,Bevacizumab,2.49,Completed,Not indicated,Not given,Not indicated,Not indicated,Bilateral,Worsened,None
SYN-DM-00108,Aflibercept,10.88,Completed,Not indicated,Not given,Planned,Not indicated,Right,Not assessed,Pressure rise
SYN-DM-00109,Bevacizumab,9.53,Planned,Planned,Given,Completed,Not indicated,Neither,Improved,Inflammation
SYN-DM-00110,None,6.58,Not indicated,Planned,Planned,Not indicated,Planned,Neither,Stable,None
SYN-DM-00111,Ranibizumab,9.11,Completed,Not indicated,Planned,Planned,Not indicated,Bilateral,Improved,Inflammation
SYN-DM-00112,Ranibizumab,12.54,Completed,Not indicated,Not given,Planned,Planned,Neither,Stable,None
SYN-DM-00113,Bevacizumab,0.63,Completed,Planned,Planned,Not indicated,Planned,Bilateral,Not assessed,Pressure rise
SYN-DM-00114,Ranibizumab,4.49,Not indicated,Not indicated,Planned,Completed,Planned,Left,Improved,Inflammation
SYN-DM-00115,Aflibercept,1.47,Planned,Completed,Given,Completed,Planned,Bilateral,Improved,Inflammation
SYN-DM-00116,Aflibercept,5.74,Completed,Not indicated,Not given,Not indicated,Not indicated,Right,Worsened,Inflammation
SYN-DM-00117,Aflibercept,12.32,Not indicated,Not indicated,Given,Not indicated,Not indicated,Bilateral,Worsened,Pressure rise
SYN-DM-00118,Ranibizumab,6.06,Planned,Planned,Not given,Not indicated,Not indicated,Right,Stable,None
SYN-DM-00119,Aflibercept,15.59,Completed,Not indicated,Not given,Completed,Completed,Right,Improved,Inflammation
SYN-DM-00120,Aflibercept,1.6,Not indicated,Completed,Not given,Completed,Planned,Neither,Improved,Pressure rise
SYN-DM-00121,Aflibercept,12.25,Not indicated,Not indicated,Given,Completed,Completed,Right,Improved,Inflammation
SYN-DM-00122,Aflibercept,12.09,Not indicated,Not indicated,Given,Planned,Completed,Bilateral,Worsened,Other
SYN-DM-00123,Aflibercept,12.6,Not indicated,Completed,Given,Completed,Completed,Neither,Not assessed,Other
SYN-DM-00124,Ranibizumab,11.07,Planned,Completed,Given,Completed,Not indicated,Bilateral,Not assessed,Other
SYN-DM-00125,Bevacizumab,6.18,Planned,Not indicated,Planned,Not indicated,Completed,Right,Improved,Other
SYN-DM-00126,Aflibercept,16.94,Completed,Planned,Planned,Not indicated,Not indicated,Left,Improved,Pressure rise
SYN-DM-00127,Aflibercept,15.88,Not indicated,Not indicated,Given,Completed,Planned,Left,Not assessed,None
SYN-DM-00128,Ranibizumab,4.31,Completed,Partial,Not given,Not indicated,Completed,Left,Worsened,Inflammation
SYN-DM-00129,Bevacizumab,0.12,Not indicated,Completed,Planned,Completed,Completed,Right,Stable,Inflammation
SYN-DM-00130,None,10.14,Completed,Not indicated,Given,Planned,Completed,Left,Not assessed,Other
SYN-DM-00131,None,4.93,Completed,Partial,Not given,Planned,Completed,Bilateral,Stable,None
SYN-DM-00132,None,2.82,Planned,Not indicated,Not given,Planned,Completed,Right,Stable,None
SYN-DM-00133,Ranibizumab,4.59,Not indicated,Partial,Given,Planned,Planned,Bilateral,Worsened,Other
SYN-DM-00134,Aflibercept,15.41,Not indicated,Partial,Planned,Not indicated,Planned,Neither,Worsened,Inflammation
SYN-DM-00135,None,1.58,Not indicated,Planned,Given,Not indicated,Planned,Neither,Worsened,Inflammation
SYN-DM-00136,None,13.13,Planned,Not indicated,Given,Not indicated,Planned,Left,Worsened,Inflammation
SYN-DM-00137,Aflibercept,17.22,Planned,Completed,Not given,Planned,Planned,Right,Not assessed,Inflammation
SYN-DM-00138,Aflibercept,14.34,Not indicated,Partial,Given,Completed,Completed,Right,Improved,Other
SYN-DM-00139,None,2.23,Planned,Not indicated,Planned,Planned,Planned,Bilateral,Improved,Inflammation
SYN-DM-00140,None,13.24,Completed,Partial,Given,Planned,Not indicated,Right,Improved,Other
SYN-DM-00141,Aflibercept,0.42,Planned,Completed,Given,Not indicated,Not indicated,Neither,Stable,None
SYN-DM-00142,Bevacizumab,6.95,Planned,Planned,Given,Planned,Not indicated,Right,Improved,None
SYN-DM-00143,Ranibizumab,5.16,Completed,Completed,Planned,Planned,Completed,Neither,Worsened,Inflammation
SYN-DM-00144,Ranibizumab,8.1,Not indicated,Completed,Not given,Completed,Completed,Neither,Worsened,Pressure rise
SYN-DM-00145,None,16.43,Not indicated,Completed,Not given,Planned,Planned,Neither,Improved,Pressure rise
SYN-DM-00146,None,14.44,Not indicated,Partial,Not given,Completed,Not indicated,Left,Stable,None
SYN-DM-00147,Aflibercept,7.34,Not indicated,Partial,Planned,Completed,Planned,Right,Worsened,Other
SYN-DM-00148,Ranibizumab,16.39,Not indicated,Partial,Given,Planned,Completed,Right,Improved,Pressure rise
SYN-DM-00149,Bevacizumab,5.3,Not indicated,Not indicated,Not given,Not indicated,Completed,Bilateral,Not assessed,Inflammation
SYN-DM-00150,Aflibercept,0.44,Completed,Not indicated,Not given,Completed,Not indicated,Right,Worsened,Other
SYN-DM-00151,Bevacizumab,16.36,Planned,Not indicated,Planned,Completed,Not indicated,Bilateral,Improved,Inflammation
SYN-DM-00152,Aflibercept,8.63,Planned,Completed,Not given,Not indicated,Not indicated,Bilateral,Worsened,Pressure rise
SYN-DM-00153,Ranibizumab,6.34,Completed,Planned,Planned,Not indicated,Completed,Left,Stable,Inflammation
SYN-DM-00154,Ranibizumab,8.53,Not indicated,Completed,Not given,Not indicated,Not indicated,Right,Not assessed,Pressure rise
SYN-DM-00155,Ranibizumab,13.47,Planned,Planned,Given,Not indicated,Planned,Right,Worsened,Pressure rise
SYN-DM-00156,Bevacizumab,8.85,Completed,Partial,Given,Not indicated,Planned,Right,Stable,Pressure rise
SYN-DM-00157,Aflibercept,12.68,Planned,Completed,Given,Completed,Completed,Left,Improved,Other
SYN-DM-00158,None,15.11,Planned,Completed,Not given,Completed,Not indicated,Right,Not assessed,None
SYN-DM-00159,Aflibercept,7.09,Not indicated,Not indicated,Given,Completed,Not indicated,Bilateral,Improved,Inflammation
SYN-DM-00160,Aflibercept,15.81,Planned,Not indicated,Given,Not indicated,Not indicated,Left,Improved,Pressure rise
SYN-DM-00161,Bevacizumab,2.19,Not indicated,Completed,Given,Not indicated,Planned,Right,Worsened,None
SYN-DM-00162,None,7.45,Completed,Partial,Given,Completed,Not indicated,Bilateral,Stable,Other
SYN-DM-00163,Aflibercept,4.62,Planned,Completed,Not given,Planned,Completed,Right,Worsened,Pressure rise
SYN-DM-00164,Ranibizumab,12.22,Completed,Partial,Not given,Planned,Planned,Neither,Improved,Other
SYN-DM-00165,Aflibercept,7.56,Not indicated,Partial,Not given,Planned,Completed,Left,Worsened,Inflammation
SYN-DM-00166,None,15.82,Completed,Completed,Given,Completed,Not indicated,Left,Improved,Pressure rise
SYN-DM-00167,Ranibizumab,3.38,Planned,Planned,Not given,Planned,Not indicated,Right,Improved,Other
SYN-DM-00168,Bevacizumab,15.17,Completed,Not indicated,Planned,Planned,Planned,Right,Stable,Other
SYN-DM-00169,Ranibizumab,12.78,Not indicated,Not indicated,Given,Planned,Completed,Right,Stable,Other
SYN-DM-00170,Aflibercept,17.78,Planned,Completed,Given,Completed,Completed,Bilateral,Improved,Other
SYN-DM-00171,Ranibizumab,9.9,Completed,Not indicated,Planned,Planned,Planned,Left,Worsened,None
SYN-DM-00172,Aflibercept,11.8,Not indicated,Partial,Given,Not indicated,Completed,Right,Improved,None
SYN-DM-00173,None,9.83,Completed,Not indicated,Not given,Completed,Not indicated,Neither,Improved,None
SYN-DM-00174,Aflibercept,4.04,Completed,Planned,Planned,Not indicated,Completed,Neither,Not assessed,None
SYN-DM-00175,None,16.67,Completed,Completed,Not given,Not indicated,Not indicated,Right,Not assessed,None
SYN-DM-00176,None,5.42,Planned,Partial,Not given,Not indicated,Planned,Right,Worsened,Pressure rise
SYN-DM-00177,Ranibizumab,4.0,Not indicated,Planned,Planned,Planned,Completed,Bilateral,Improved,None
SYN-DM-00178,Ranibizumab,9.11,Planned,Completed,Not given,Not indicated,Not indicated,Neither,Not assessed,Other
SYN-DM-00179,Ranibizumab,15.85,Planned,Not indicated,Not given,Completed,Planned,Left,Stable,Other
SYN-DM-00180,Ranibizumab,7.86,Planned,Planned,Not given,Completed,Completed,Bilateral,Stable,Inflammation
SYN-DM-00181,Aflibercept,9.82,Not indicated,Partial,Planned,Completed,Not indicated,Left,Worsened,None
SYN-DM-00182,Bevacizumab,5.18,Not indicated,Not indicated,Not given,Completed,Planned,Right,Worsened,Other
SYN-DM-00183,Ranibizumab,9.73,Completed,Partial,Given,Completed,Completed,Left,Stable,Other
SYN-DM-00184,None,14.4,Planned,Partial,Planned,Planned,Planned,Left,Worsened,Pressure rise
SYN-DM-00185,Aflibercept,13.09,Not indicated,Partial,Given,Not indicated,Planned,Bilateral,Not assessed,Pressure rise
SYN-DM-00186,None,0.83,Completed,Not indicated,Given,Planned,Planned,Left,Worsened,None
SYN-DM-00187,Bevacizumab,12.96,Completed,Completed,Not given,Completed,Not indicated,Bilateral,Improved,None
SYN-DM-00188,Bevacizumab,5.51,Planned,Not indicated,Given,Planned,Completed,Bilateral,Not assessed,Inflammation
SYN-DM-00189,Aflibercept,17.95,Completed,Not indicated,Not given,Not indicated,Planned,Right,Worsened,Other
SYN-DM-00190,None,15.29,Planned,Planned,Not given,Completed,Completed,Left,Worsened,Pressure rise
SYN-DM-00191,Aflibercept,11.72,Planned,Completed,Planned,Planned,Planned,Left,Stable,None
SYN-DM-00192,Aflibercept,16.02,Completed,Not indicated,Planned,Not indicated,Not indicated,Bilateral,Improved,Other
SYN-DM-00193,None,10.16,Planned,Planned,Given,Planned,Planned,Right,Stable,Inflammation
SYN-DM-00194,None,4.98,Completed,Not indicated,Given,Not indicated,Planned,Right,Improved,Other
SYN-DM-00195,Aflibercept,13.82,Not indicated,Not indicated,Not given,Completed,Completed,Left,Not assessed,None
SYN-DM-00196,Aflibercept,0.55,Completed,Completed,Planned,Planned,Completed,Neither,Improved,Pressure rise
SYN-DM-00197,None,8.45,Planned,Completed,Planned,Planned,Planned,Left,Stable,None
SYN-DM-00198,Bevacizumab,12.55,Not indicated,Not indicated,Given,Not indicated,Completed,Neither,Worsened,Inflammation
SYN-DM-00199,Aflibercept,16.73,Completed,Not indicated,Planned,Planned,Completed,Bilateral,Not assessed,None
SYN-DM-00200,Ranibizumab,15.62,Not indicated,Partial,Given,Completed,Completed,Right,Improved,Other
SYN-DM-00201,Aflibercept,13.3,Planned,Planned,Not given,Planned,Planned,Bilateral,Not assessed,Pressure rise
SYN-DM-00202,Bevacizumab,8.84,Not indicated,Completed,Planned,Planned,Completed,Right,Improved,Other
SYN-DM-00203,Ranibizumab,7.9,Not indicated,Planned,Not given,Planned,Planned,Left,Not assessed,Pressure rise
SYN-DM-00204,None,4.6,Completed,Completed,Planned,Completed,Not indicated,Left,Stable,None
SYN-DM-00205,None,14.36,Completed,Completed,Given,Not indicated,Not indicated,Right,Worsened,Other
SYN-DM-00206,Aflibercept,8.15,Planned,Not indicated,Given,Not indicated,Completed,Left,Improved,Other
SYN-DM-00207,Ranibizumab,11.42,Not indicated,Not indicated,Not given,Planned,Planned,Left,Worsened,None
SYN-DM-00208,Aflibercept,15.95,Planned,Planned,Planned,Planned,Not indicated,Right,Stable,Other
SYN-DM-00209,None,12.79,Not indicated,Completed,Planned,Not indicated,Planned,Right,Improved,None
SYN-DM-00210,None,5.65,Planned,Completed,Given,Not indicated,Not indicated,Neither,Worsened,Inflammation
SYN-DM-00211,Bevacizumab,9.02,Planned,Not indicated,Planned,Planned,Completed,Left,Stable,None
SYN-DM-00212,Bevacizumab,17.22,Completed,Not indicated,Not given,Not indicated,Planned,Neither,Worsened,Pressure rise
SYN-DM-00213,Aflibercept,14.22,Not indicated,Completed,Given,Completed,Planned,Neither,Improved,Pressure rise
SYN-DM-00214,Aflibercept,12.95,Not indicated,Partial,Given,Not indicated,Not indicated,Left,Not assessed,None
SYN-DM-00215,None,17.52,Planned,Partial,Given,Not indicated,Not indicated,Left,Worsened,Other
SYN-DM-00216,None,17.38,Completed,Completed,Given,Not indicated,Not indicated,Right,Not assessed,Inflammation
SYN-DM-00217,None,15.25,Completed,Partial,Not given,Completed,Not indicated,Right,Improved,Other
SYN-DM-00218,Aflibercept,7.26,Planned,Completed,Planned,Not indicated,Planned,Left,Stable,Inflammation
SYN-DM-00219,Ranibizumab,17.9,Planned,Not indicated,Not given,Completed,Planned,Left,Improved,Inflammation
SYN-DM-00220,Ranibizumab,16.99,Not indicated,Partial,Given,Not indicated,Planned,Left,Worsened,Pressure rise
SYN-DM-00221,None,0.16,Planned,Planned,Planned,Planned,Completed,Right,Improved,Pressure rise
SYN-DM-00222,Bevacizumab,1.71,Completed,Completed,Not given,Not indicated,Completed,Neither,Worsened,None
SYN-DM-00223,Aflibercept,10.22,Planned,Partial,Given,Planned,Completed,Bilateral,Not assessed,None
SYN-DM-00224,None,13.1,Not indicated,Not indicated,Given,Not indicated,Not indicated,Neither,Stable,Pressure rise
SYN-DM-00225,Bevacizumab,17.79,Completed,Planned,Planned,Completed,Planned,Left,Stable,Inflammation
SYN-DM-00226,None,13.95,Completed,Completed,Not given,Planned,Completed,Bilateral,Improved,Inflammation
SYN-DM-00227,None,15.69,Not indicated,Completed,Given,Planned,Planned,Bilateral,Improved,Inflammation
SYN-DM-00228,Ranibizumab,3.39,Completed,Not indicated,Planned,Not indicated,Planned,Neither,Not assessed,Other
SYN-DM-00229,Aflibercept,0.17,Completed,Partial,Not given,Not indicated,Not indicated,Left,Not assessed,Other
SYN-DM-00230,None,5.77,Not indicated,Planned,Planned,Not indicated,Not indicated,Right,Not assessed,Inflammation
SYN-DM-00231,Ranibizumab,10.76,Completed,Partial,Given,Completed,Not indicated,Neither,Stable,None
SYN-DM-00232,Aflibercept,12.99,Planned,Partial,Given,Planned,Completed,Right,Stable,Other
SYN-DM-00233,Ranibizumab,4.06,Completed,Not indicated,Not given,Not indicated,Completed,Neither,Improved,Inflammation
SYN-DM-00234,Ranibizumab,4.61,Completed,Not indicated,Given,Completed,Not indicated,Neither,Improved,Other
SYN-DM-00235,None,8.64,Planned,Planned,Planned,Not indicated,Completed,Left,Not assessed,Inflammation
SYN-DM-00236,Ranibizumab,1.45,Completed,Completed,Given,Planned,Planned,Right,Improved,Pressure rise
SYN-DM-00237,Aflibercept,3.35,Not indicated,Completed,Given,Completed,Completed,Neither,Stable,Inflammation
SYN-DM-00238,Bevacizumab,11.01,Completed,Completed,Given,Planned,Not indicated,Neither,Improved,Pressure rise
SYN-DM-00239,Aflibercept,3.29,Planned,Completed,Given,Planned,Planned,Left,Not assessed,Inflammation
SYN-DM-00240,None,6.82,Not indicated,Partial,Planned,Not indicated,Not indicated,Right,Improved,Pressure rise
SYN-DM-00241,Aflibercept,9.75,Planned,Partial,Not given,Planned,Not indicated,Neither,Stable,Other
SYN-DM-00242,Ranibizumab,7.4,Not indicated,Not indicated,Given,Planned,Planned,Neither,Improved,Other
SYN-DM-00243,Ranibizumab,7.33,Completed,Completed,Planned,Completed,Not indicated,Bilateral,Stable,Inflammation
SYN-DM-00244,Aflibercept,14.11,Completed,Completed,Given,Completed,Not indicated,Neither,Not assessed,Inflammation
SYN-DM-00245,Bevacizumab,0.48,Planned,Planned,Planned,Not indicated,Not indicated,Left,Improved,Other
SYN-DM-00246,Ranibizumab,0.27,Completed,Partial,Planned,Completed,Completed,Right,Not assessed,Other
SYN-DM-00247,Bevacizumab,3.05,Planned,Planned,Given,Planned,Completed,Right,Stable,None
SYN-DM-00248,None,8.15,Completed,Partial,Planned,Not indicated,Planned,Bilateral,Not assessed,Inflammation
SYN-DM-00249,Ranibizumab,13.71,Completed,Not indicated,Planned,Planned,Completed,Bilateral,Not assessed,Pressure rise
SYN-DM-00250,Bevacizumab,6.4,Planned,Planned,Planned,Planned,Planned,Bilateral,Worsened,None
SYN-DM-00251,Aflibercept,12.56,Not indicated,Completed,Not given,Planned,Not indicated,Bilateral,Stable,Other
SYN-DM-00252,Aflibercept,4.45,Not indicated,Partial,Planned,Not indicated,Not indicated,Left,Improved,Pressure rise
SYN-DM-00253,Bevacizumab,17.87,Not indicated,Not indicated,Not given,Planned,Completed,Neither,Stable,Pressure rise
SYN-DM-00254,Ranibizumab,6.93,Not indicated,Completed,Given,Completed,Planned,Left,Stable,Inflammation
SYN-DM-00255,Ranibizumab,9.3,Planned,Partial,Given,Not indicated,Not indicated,Neither,Stable,Inflammation
SYN-DM-00256,Bevacizumab,16.44,Planned,Not indicated,Given,Not indicated,Completed,Bilateral,Not assessed,Other
SYN-DM-00257,Aflibercept,10.66,Completed,Not indicated,Given,Not indicated,Not indicated,Neither,Stable,Inflammation
SYN-DM-00258,None,15.6,Planned,Planned,Not given,Completed,Completed,Left,Worsened,Inflammation
SYN-DM-00259,None,14.39,Planned,Completed,Planned,Completed,Planned,Right,Worsened,Pressure rise
SYN-DM-00260,Ranibizumab,1.5,Completed,Completed,Given,Not indicated,Not indicated,Neither,Not assessed,Inflammation
SYN-DM-00261,Aflibercept,8.87,Planned,Not indicated,Given,Completed,Planned,Left,Worsened,Other
SYN-DM-00262,None,15.86,Planned,Partial,Not given,Planned,Completed,Right,Improved,None
SYN-DM-00263,Aflibercept,17.03,Completed,Not indicated,Not given,Planned,Not indicated,Bilateral,Not assessed,None
SYN-DM-00264,Ranibizumab,17.77,Completed,Completed,Not given,Planned,Planned,Neither,Worsened,Pressure rise
SYN-DM-00265,None,6.33,Planned,Partial,Planned,Completed,Completed,Right,Improved,None
SYN-DM-00266,Ranibizumab,8.71,Planned,Partial,Planned,Not indicated,Planned,Neither,Worsened,Pressure rise
SYN-DM-00267,Bevacizumab,5.08,Not indicated,Not indicated,Planned,Completed,Planned,Neither,Not assessed,None
SYN-DM-00268,Aflibercept,7.78,Planned,Planned,Planned,Completed,Not indicated,Neither,Not assessed,Inflammation
SYN-DM-00269,Ranibizumab,5.79,Not indicated,Planned,Planned,Not indicated,Not indicated,Left,Not assessed,Other
SYN-DM-00270,None,3.65,Planned,Planned,Not given,Completed,Completed,Bilateral,Improved,Pressure rise
SYN-DM-00271,Bevacizumab,5.15,Completed,Completed,Planned,Not indicated,Not indicated,Neither,Not assessed,Other
SYN-DM-00272,Aflibercept,14.19,Not indicated,Planned,Planned,Completed,Not indicated,Neither,Worsened,None
SYN-DM-00273,Bevacizumab,3.68,Completed,Not indicated,Given,Not indicated,Planned,Neither,Not assessed,None
SYN-DM-00274,Ranibizumab,2.15,Planned,Planned,Not given,Not indicated,Not indicated,Bilateral,Stable,Inflammation
SYN-DM-00275,Ranibizumab,10.22,Planned,Not indicated,Given,Planned,Completed,Neither,Improved,Other
SYN-DM-00276,Aflibercept,7.47,Not indicated,Planned,Not given,Completed,Completed,Right,Not assessed,Other
SYN-DM-00277,Aflibercept,0.19,Completed,Planned,Given,Planned,Not indicated,Neither,Improved,None
SYN-DM-00278,Ranibizumab,3.12,Not indicated,Not indicated,Given,Not indicated,Planned,Neither,Improved,Pressure rise
SYN-DM-00279,Ranibizumab,12.21,Completed,Not indicated,Planned,Completed,Completed,Neither,Stable,Other
SYN-DM-00280,None,2.86,Planned,Not indicated,Given,Completed,Not indicated,Neither,Improved,Pressure rise
SYN-DM-00281,Aflibercept,15.14,Not indicated,Planned,Not given,Planned,Completed,Neither,Improved,Inflammation
SYN-DM-00282,None,15.98,Completed,Partial,Planned,Completed,Planned,Bilateral,Improved,None
SYN-DM-00283,Ranibizumab,1.54,Planned,Planned,Given,Completed,Planned,Right,Stable,Inflammation
SYN-DM-00284,None,17.49,Planned,Completed,Planned,Not indicated,Not indicated,Right,Stable,Other
SYN-DM-00285,None,4.28,Completed,Partial,Given,Planned,Completed,Neither,Worsened,None
SYN-DM-00286,None,16.49,Not indicated,Planned,Planned,Planned,Not indicated,Right,Stable,Pressure rise
SYN-DM-00287,Aflibercept,9.01,Not indicated,Partial,Given,Not indicated,Planned,Left,Worsened,Inflammation
SYN-DM-00288,Aflibercept,17.19,Completed,Not indicated,Given,Not indicated,Planned,Left,Worsened,Inflammation
SYN-DM-00289,Aflibercept,11.01,Completed,Partial,Given,Not indicated,Not indicated,Bilateral,Worsened,None
SYN-DM-00290,None,7.6,Planned,Completed,Given,Not indicated,Completed,Right,Improved,Inflammation
SYN-DM-00291,Ranibizumab,12.53,Not indicated,Planned,Planned,Not indicated,Planned,Neither,Improved,Pressure rise
SYN-DM-00292,Aflibercept,5.45,Not indicated,Partial,Not given,Planned,Planned,Bilateral,Worsened,Inflammation
SYN-DM-00293,Aflibercept,2.83,Completed,Partial,Planned,Planned,Planned,Right,Worsened,Other
SYN-DM-00294,Bevacizumab,10.41,Planned,Planned,Not given,Not indicated,Completed,Bilateral,Not assessed,Pressure rise
SYN-DM-00295,Ranibizumab,14.09,Planned,Not indicated,Given,Not indicated,Not indicated,Bilateral,Worsened,Other
SYN-DM-00296,Ranibizumab,3.02,Completed,Completed,Not given,Completed,Planned,Bilateral,Worsened,Inflammation
SYN-DM-00297,Bevacizumab,17.46,Planned,Partial,Not given,Completed,Planned,Left,Not assessed,None
SYN-DM-00298,Ranibizumab,3.16,Planned,Completed,Planned,Planned,Planned,Left,Improved,None
SYN-DM-00299,None,11.81,Planned,Not indicated,Planned,Not indicated,Planned,Bilateral,Improved,Inflammation
SYN-DM-00300,Ranibizumab,15.24,Planned,Completed,Not given,Not indicated,Planned,Right,Worsened,None
SYN-DM-00301,Bevacizumab,13.94,Completed,Completed,Planned,Completed,Planned,Right,Improved,Other
SYN-DM-00302,Bevacizumab,0.15,Not indicated,Not indicated,Not given,Planned,Completed,Neither,Improved,None
SYN-DM-00303,Ranibizumab,12.38,Not indicated,Partial,Planned,Not indicated,Not indicated,Bilateral,Stable,Other
SYN-DM-00304,None,5.45,Planned,Completed,Planned,Completed,Planned,Left,Stable,Pressure rise
SYN-DM-00305,None,14.23,Not indicated,Planned,Not given,Planned,Not indicated,Neither,Stable,None
SYN-DM-00306,Aflibercept,7.62,Completed,Partial,Given,Planned,Completed,Neither,Stable,None
SYN-DM-00307,None,6.71,Completed,Planned,Given,Planned,Completed,Left,Not assessed,None
SYN-DM-00308,Aflibercept,9.09,Not indicated,Completed,Planned,Planned,Not indicated,Neither,Improved,None
SYN-DM-00309,Ranibizumab,8.89,Completed,Planned,Planned,Planned,Completed,Left,Improved,Inflammation
SYN-DM-00310,Bevacizumab,12.3,Not indicated,Not indicated,Not given,Completed,Planned,Left,Not assessed,Other
SYN-DM-00311,Ranibizumab,4.72,Not indicated,Planned,Planned,Planned,Completed,Right,Worsened,Inflammation
SYN-DM-00312,Bevacizumab,4.58,Not indicated,Planned,Not given,Planned,Planned,Right,Stable,None
SYN-DM-00313,Bevacizumab,17.65,Not indicated,Completed,Given,Planned,Planned,Neither,Worsened,Inflammation
SYN-DM-00314,None,6.62,Planned,Planned,Given,Completed,Completed,Right,Worsened,None
SYN-DM-00315,Ranibizumab,11.92,Completed,Not indicated,Given,Completed,Completed,Neither,Worsened,Inflammation
SYN-DM-00316,Bevacizumab,17.86,Not indicated,Planned,Given,Planned,Planned,Right,Worsened,None
SYN-DM-00317,Bevacizumab,5.78,Not indicated,Partial,Given,Not indicated,Not indicated,Neither,Stable,None
SYN-DM-00318,None,7.82,Completed,Not indicated,Given,Completed,Planned,Bilateral,Not assessed,Inflammation
SYN-DM-00319,Ranibizumab,4.88,Planned,Completed,Not given,Planned,Not indicated,Right,Stable,Other
SYN-DM-00320,Ranibizumab,16.5,Planned,Not indicated,Given,Planned,Planned,Left,Worsened,Pressure rise
SYN-DM-00321,None,1.45,Completed,Completed,Planned,Not indicated,Not indicated,Left,Improved,Other
SYN-DM-00322,Bevacizumab,13.66,Not indicated,Planned,Given,Planned,Planned,Left,Worsened,None
SYN-DM-00323,Bevacizumab,8.18,Completed,Planned,Planned,Completed,Planned,Left,Worsened,Pressure rise
SYN-DM-00324,Bevacizumab,6.36,Completed,Completed,Planned,Not indicated,Not indicated,Bilateral,Improved,None
SYN-DM-00325,None,7.27,Not indicated,Planned,Planned,Completed,Planned,Bilateral,Stable,None
SYN-DM-00326,Bevacizumab,6.34,Completed,Completed,Planned,Not indicated,Completed,Bilateral,Not assessed,Other
SYN-DM-00327,Ranibizumab,11.52,Planned,Completed,Not given,Completed,Planned,Bilateral,Stable,Inflammation
SYN-DM-00328,None,3.4,Planned,Planned,Given,Not indicated,Completed,Right,Not assessed,Inflammation
SYN-DM-00329,Ranibizumab,14.67,Planned,Partial,Not given,Completed,Planned,Neither,Not assessed,Pressure rise
SYN-DM-00330,Bevacizumab,3.59,Not indicated,Completed,Given,Completed,Completed,Bilateral,Worsened,Pressure rise
SYN-DM-00331,None,6.32,Planned,Planned,Given,Completed,Not indicated,Left,Stable,Inflammation
SYN-DM-00332,None,17.92,Completed,Partial,Given,Not indicated,Planned,Right,Not assessed,Other
SYN-DM-00333,Bevacizumab,10.93,Completed,Planned,Not given,Not indicated,Planned,Neither,Stable,Inflammation
SYN-DM-00334,None,16.71,Planned,Planned,Planned,Planned,Not indicated,Right,Stable,None
SYN-DM-00335,Aflibercept,12.62,Completed,Not indicated,Given,Planned,Planned,Left,Worsened,Pressure rise
SYN-DM-00336,Bevacizumab,12.19,Completed,Completed,Planned,Not indicated,Not indicated,Bilateral,Not assessed,None
SYN-DM-00337,Ranibizumab,13.64,Completed,Partial,Planned,Planned,Completed,Left,Stable,None
SYN-DM-00338,Aflibercept,2.82,Completed,Completed,Not given,Completed,Completed,Left,Improved,None
SYN-DM-00339,Aflibercept,6.46,Not indicated,Completed,Planned,Not indicated,Completed,Right,Stable,Other
SYN-DM-00340,None,0.24,Not indicated,Planned,Given,Planned,Completed,Bilateral,Not assessed,None
SYN-DM-00341,Ranibizumab,5.0,Completed,Partial,Not given,Planned,Not indicated,Right,Improved,Inflammation
SYN-DM-00342,Aflibercept,0.7,Not indicated,Completed,Given,Planned,Completed,Neither,Not assessed,Inflammation
SYN-DM-00343,Bevacizumab,4.34,Not indicated,Completed,Not given,Planned,Not indicated,Neither,Stable,Pressure rise
SYN-DM-00344,Ranibizumab,10.09,Planned,Partial,Given,Completed,Planned,Bilateral,Worsened,None
SYN-DM-00345,Aflibercept,14.94,Completed,Planned,Given,Planned,Planned,Left,Not assessed,Pressure rise
SYN-DM-00346,Bevacizumab,16.11,Not indicated,Partial,Planned,Not indicated,Not indicated,Left,Improved,Pressure rise
SYN-DM-00347,Aflibercept,9.66,Completed,Completed,Not given,Planned,Completed,Right,Not assessed,None
SYN-DM-00348,Bevacizumab,6.32,Completed,Completed,Given,Completed,Not indicated,Right,Improved,Pressure rise
SYN-DM-00349,Bevacizumab,3.66,Not indicated,Not indicated,Not given,Completed,Completed,Bilateral,Not assessed,Inflammation
SYN-DM-00350,Aflibercept,12.92,Planned,Not indicated,Not given,Completed,Not indicated,Neither,Not assessed,None
SYN-DM-00351,Bevacizumab,0.16,Completed,Completed,Planned,Completed,Not indicated,Neither,Improved,Other
SYN-DM-00352,Ranibizumab,6.05,Completed,Partial,Planned,Completed,Planned,Neither,Improved,None
SYN-DM-00353,Ranibizumab,3.2,Not indicated,Not indicated,Given,Planned,Not indicated,Left,Stable,Inflammation
SYN-DM-00354,None,13.8,Planned,Completed,Given,Planned,Planned,Neither,Improved,Inflammation
SYN-DM-00355,Ranibizumab,17.76,Planned,Partial,Given,Planned,Planned,Right,Stable,None
SYN-DM-00356,Ranibizumab,9.88,Not indicated,Planned,Given,Not indicated,Not indicated,Right,Improved,Other
SYN-DM-00357,Aflibercept,1.37,Completed,Partial,Not given,Completed,Completed,Left,Stable,Other
SYN-DM-00358,None,9.23,Planned,Planned,Given,Planned,Planned,Bilateral,Improved,None
SYN-DM-00359,Ranibizumab,16.06,Not indicated,Partial,Given,Completed,Completed,Left,Not assessed,Inflammation
SYN-DM-00360,Bevacizumab,0.94,Planned,Partial,Given,Completed,Completed,Neither,Not assessed,Inflammation
SYN-DM-00361,Aflibercept,6.79,Planned,Planned,Not given,Not indicated,Completed,Right,Worsened,Pressure rise
SYN-DM-00362,None,8.07,Completed,Not indicated,Not given,Completed,Completed,Neither,Not assessed,Inflammation
SYN-DM-00363,None,6.97,Completed,Not indicated,Planned,Not indicated,Not indicated,Left,Stable,None
SYN-DM-00364,None,11.01,Not indicated,Partial,Planned,Not indicated,Completed,Neither,Worsened,Inflammation
SYN-DM-00365,Bevacizumab,5.71,Not indicated,Not indicated,Planned,Completed,Completed,Bilateral,Worsened,Other
SYN-DM-00366,Aflibercept,3.48,Not indicated,Planned,Not given,Planned,Not indicated,Bilateral,Not assessed,Other
SYN-DM-00367,None,15.1,Planned,Partial,Not given,Not indicated,Completed,Right,Improved,Inflammation
SYN-DM-00368,Aflibercept,16.88,Planned,Not indicated,Not given,Not indicated,Not indicated,Bilateral,Worsened,Inflammation
SYN-DM-00369,Ranibizumab,0.44,Planned,Completed,Planned,Planned,Not indicated,Left,Improved,Pressure rise
SYN-DM-00370,Aflibercept,4.99,Not indicated,Not indicated,Planned,Completed,Planned,Left,Worsened,Other
SYN-DM-00371,Aflibercept,9.09,Completed,Partial,Given,Planned,Planned,Neither,Worsened,Inflammation
SYN-DM-00372,Bevacizumab,11.09,Planned,Partial,Not given,Not indicated,Planned,Neither,Improved,Other
SYN-DM-00373,None,0.37,Not indicated,Partial,Not given,Planned,Not indicated,Right,Not assessed,Other
SYN-DM-00374,Aflibercept,4.41,Planned,Planned,Planned,Completed,Not indicated,Neither,Not assessed,Pressure rise
SYN-DM-00375,Bevacizumab,16.96,Not indicated,Planned,Planned,Completed,Planned,Left,Worsened,Pressure rise
SYN-DM-00376,Aflibercept,0.84,Planned,Planned,Planned,Not indicated,Completed,Bilateral,Worsened,Inflammation
SYN-DM-00377,Bevacizumab,9.95,Completed,Partial,Not given,Not indicated,Planned,Left,Worsened,None
SYN-DM-00378,Bevacizumab,10.07,Planned,Planned,Not given,Not indicated,Not indicated,Bilateral,Stable,Pressure rise
SYN-DM-00379,Ranibizumab,14.28,Planned,Not indicated,Not given,Planned,Not indicated,Left,Not assessed,None
SYN-DM-00380,Bevacizumab,1.05,Not indicated,Planned,Given,Completed,Completed,Bilateral,Stable,None
SYN-DM-00381,Bevacizumab,4.84,Planned,Not indicated,Planned,Not indicated,Completed,Bilateral,Not assessed,None
SYN-DM-00382,None,1.66,Planned,Not indicated,Not given,Planned,Completed,Neither,Stable,Other
SYN-DM-00383,Bevacizumab,0.63,Not indicated,Partial,Planned,Planned,Not indicated,Bilateral,Improved,Pressure rise
SYN-DM-00384,None,6.01,Completed,Partial,Not given,Not indicated,Completed,Bilateral,Not assessed,Inflammation
SYN-DM-00385,Ranibizumab,4.68,Completed,Partial,Given,Planned,Completed,Right,Stable,Other
SYN-DM-00386,Ranibizumab,15.96,Planned,Completed,Not given,Not indicated,Completed,Right,Improved,Other
SYN-DM-00387,Ranibizumab,8.91,Completed,Not indicated,Not given,Planned,Not indicated,Right,Worsened,Other
SYN-DM-00388,None,2.87,Completed,Not indicated,Given,Planned,Planned,Right,Stable,None
SYN-DM-00389,None,17.68,Planned,Completed,Planned,Completed,Not indicated,Bilateral,Stable,None
SYN-DM-00390,Bevacizumab,2.09,Completed,Partial,Given,Not indicated,Completed,Left,Improved,Other
SYN-DM-00391,Aflibercept,14.03,Completed,Completed,Given,Not indicated,Completed,Bilateral,Stable,Other
SYN-DM-00392,Aflibercept,12.28,Completed,Not indicated,Given,Not indicated,Completed,Neither,Stable,None
SYN-DM-00393,Bevacizumab,3.68,Not indicated,Completed,Planned,Completed,Not indicated,Bilateral,Stable,Other
SYN-DM-00394,Ranibizumab,4.33,Completed,Completed,Planned,Completed,Completed,Bilateral,Stable,Inflammation
SYN-DM-00395,None,1.92,Planned,Partial,Not given,Completed,Planned,Neither,Improved,None
SYN-DM-00396,None,4.0,Not indicated,Completed,Given,Completed,Completed,Right,Stable,None
SYN-DM-00397,None,5.45,Completed,Partial,Not given,Not indicated,Not indicated,Left,Improved,None
SYN-DM-00398,Aflibercept,0.71,Completed,Planned,Not given,Not indicated,Not indicated,Neither,Improved,Pressure rise
SYN-DM-00399,None,4.16,Planned,Completed,Not given,Planned,Not indicated,Neither,Improved,Other
SYN-DM-00400,Bevacizumab,8.62,Planned,Planned,Planned,Not indicated,Not indicated,Left,Stable,Inflammation
SYN-DM-00401,Aflibercept,12.49,Not indicated,Completed,Planned,Completed,Not indicated,Bilateral,Worsened,Pressure rise
SYN-DM-00402,Bevacizumab,5.64,Completed,Partial,Given,Planned,Planned,Left,Improved,Inflammation
SYN-DM-00403,Aflibercept,12.12,Not indicated,Planned,Given,Planned,Planned,Right,Worsened,Pressure rise
SYN-DM-00404,Bevacizumab,8.08,Not indicated,Planned,Not given,Not indicated,Planned,Left,Improved,None
SYN-DM-00405,Ranibizumab,16.55,Not indicated,Planned,Given,Planned,Not indicated,Right,Worsened,Other
SYN-DM-00406,Ranibizumab,8.88,Not indicated,Planned,Given,Completed,Completed,Neither,Stable,Other
SYN-DM-00407,Aflibercept,16.12,Not indicated,Planned,Planned,Planned,Not indicated,Bilateral,Worsened,Pressure rise
SYN-DM-00408,None,0.83,Completed,Planned,Not given,Completed,Not indicated,Neither,Worsened,Pressure rise
SYN-DM-00409,Aflibercept,14.79,Planned,Not indicated,Given,Planned,Planned,Left,Improved,None
SYN-DM-00410,Aflibercept,11.68,Planned,Partial,Planned,Not indicated,Completed,Right,Worsened,Inflammation
SYN-DM-00411,None,15.7,Not indicated,Partial,Planned,Completed,Completed,Neither,Not assessed,Other
SYN-DM-00412,Aflibercept,14.19,Completed,Planned,Not given,Planned,Completed,Neither,Not assessed,Pressure rise
SYN-DM-00413,Ranibizumab,14.46,Planned,Not indicated,Not given,Completed,Completed,Left,Improved,Other
SYN-DM-00414,Bevacizumab,5.71,Not indicated,Completed,Planned,Not indicated,Completed,Right,Improved,Pressure rise
SYN-DM-00415,Bevacizumab,9.51,Not indicated,Planned,Given,Planned,Completed,Neither,Stable,Inflammation
SYN-DM-00416,Bevacizumab,12.97,Not indicated,Partial,Given,Completed,Planned,Bilateral,Worsened,Inflammation
SYN-DM-00417,Bevacizumab,2.32,Completed,Partial,Given,Planned,Not indicated,Bilateral,Worsened,None
SYN-DM-00418,Bevacizumab,6.81,Not indicated,Partial,Not given,Planned,Completed,Neither,Not assessed,Pressure rise
SYN-DM-00419,Aflibercept,10.17,Not indicated,Partial,Given,Planned,Completed,Bilateral,Improved,Pressure rise
SYN-DM-00420,Ranibizumab,13.51,Completed,Planned,Planned,Not indicated,Completed,Right,Worsened,None
SYN-DM-00421,Aflibercept,1.2,Planned,Not indicated,Planned,Planned,Not indicated,Bilateral,Worsened,Other
SYN-DM-00422,Aflibercept,11.64,Not indicated,Planned,Given,Not indicated,Completed,Left,Stable,Inflammation
SYN-DM-00423,None,5.51,Completed,Planned,Planned,Completed,Completed,Bilateral,Worsened,None
SYN-DM-00424,None,4.98,Not indicated,Planned,Not given,Completed,Completed,Right,Improved,Other
SYN-DM-00425,Bevacizumab,1.56,Planned,Completed,Planned,Not indicated,Planned,Left,Not assessed,Pressure rise
SYN-DM-00426,Ranibizumab,6.76,Planned,Partial,Not given,Completed,Not indicated,Neither,Worsened,None
SYN-DM-00427,Ranibizumab,2.32,Not indicated,Completed,Not given,Completed,Not indicated,Left,Not assessed,Pressure rise
SYN-DM-00428,Aflibercept,16.35,Completed,Partial,Given,Planned,Planned,Left,Improved,Inflammation
SYN-DM-00429,None,3.89,Planned,Completed,Not given,Planned,Planned,Bilateral,Worsened,Pressure rise
SYN-DM-00430,Aflibercept,2.93,Not indicated,Partial,Not given,Not indicated,Completed,Neither,Improved,Pressure rise
SYN-DM-00431,Aflibercept,4.42,Planned,Not indicated,Not given,Completed,Planned,Neither,Worsened,Inflammation
SYN-DM-00432,Bevacizumab,8.62,Planned,Partial,Planned,Not indicated,Not indicated,Right,Worsened,None
SYN-DM-00433,Bevacizumab,8.88,Not indicated,Completed,Given,Planned,Completed,Right,Worsened,Inflammation
SYN-DM-00434,None,4.72,Completed,Completed,Given,Completed,Planned,Right,Not assessed,Other
SYN-DM-00435,Aflibercept,0.24,Not indicated,Completed,Given,Not indicated,Completed,Neither,Not assessed,None
SYN-DM-00436,Ranibizumab,0.38,Planned,Planned,Not given,Completed,Not indicated,Neither,Not assessed,Inflammation
SYN-DM-00437,None,2.79,Planned,Planned,Given,Completed,Planned,Left,Worsened,Other
SYN-DM-00438,Ranibizumab,7.49,Completed,Partial,Planned,Completed,Planned,Right,Worsened,None
SYN-DM-00439,Ranibizumab,0.19,Completed,Not indicated,Planned,Completed,Completed,Left,Improved,Pressure rise
SYN-DM-00440,Aflibercept,6.38,Not indicated,Completed,Planned,Completed,Not indicated,Bilateral,Worsened,Inflammation
SYN-DM-00441,None,17.23,Not indicated,Planned,Given,Planned,Planned,Bilateral,Stable,Other
SYN-DM-00442,Bevacizumab,9.35,Planned,Partial,Given,Completed,Completed,Right,Improved,Pressure rise
SYN-DM-00443,Aflibercept,12.74,Not indicated,Completed,Not given,Completed,Not indicated,Bilateral,Worsened,Inflammation
SYN-DM-00444,Bevacizumab,14.19,Completed,Not indicated,Not given,Completed,Not indicated,Left,Not assessed,Pressure rise
SYN-DM-00445,Ranibizumab,15.69,Not indicated,Partial,Planned,Planned,Completed,Left,Worsened,Pressure rise
SYN-DM-00446,Ranibizumab,9.89,Not indicated,Completed,Not given,Planned,Not indicated,Left,Stable,Other
SYN-DM-00447,Ranibizumab,13.37,Not indicated,Partial,Given,Completed,Not indicated,Left,Improved,Pressure rise
SYN-DM-00448,Ranibizumab,4.84,Completed,Partial,Not given,Not indicated,Completed,Right,Improved,Pressure rise
SYN-DM-00449,Ranibizumab,13.7,Completed,Not indicated,Not given,Not indicated,Not indicated,Bilateral,Not assessed,Pressure rise
SYN-DM-00450,Aflibercept,8.44,Planned,Planned,Not given,Planned,Not indicated,Neither,Stable,Pressure rise
SYN-DM-00451,Aflibercept,17.6,Completed,Partial,Not given,Completed,Planned,Right,Stable,Other
SYN-DM-00452,Bevacizumab,3.83,Planned,Planned,Planned,Completed,Completed,Left,Not assessed,Pressure rise
SYN-DM-00453,Ranibizumab,9.44,Completed,Not indicated,Not given,Completed,Completed,Bilateral,Not assessed,Pressure rise
SYN-DM-00454,Aflibercept,3.48,Planned,Not indicated,Not given,Not indicated,Planned,Left,Improved,Inflammation
SYN-DM-00455,Bevacizumab,13.88,Not indicated,Not indicated,Planned,Not indicated,Not indicated,Left,Improved,None
SYN-DM-00456,Bevacizumab,1.0,Completed,Planned,Given,Not indicated,Completed,Right,Stable,Other
SYN-DM-00457,Bevacizumab,11.31,Completed,Not indicated,Planned,Planned,Not indicated,Left,Not assessed,Inflammation
SYN-DM-00458,Ranibizumab,13.48,Not indicated,Not indicated,Not given,Planned,Not indicated,Left,Improved,Pressure rise
SYN-DM-00459,Aflibercept,6.99,Planned,Completed,Given,Planned,Completed,Neither,Not assessed,Pressure rise
SYN-DM-00460,Bevacizumab,5.25,Not indicated,Partial,Given,Not indicated,Not indicated,Neither,Worsened,None
SYN-DM-00461,Aflibercept,8.03,Not indicated,Partial,Planned,Planned,Not indicated,Right,Stable,Pressure rise
SYN-DM-00462,Bevacizumab,15.54,Planned,Not indicated,Given,Not indicated,Not indicated,Left,Worsened,Other
SYN-DM-00463,Ranibizumab,0.62,Planned,Planned,Given,Planned,Not indicated,Bilateral,Stable,Inflammation
SYN-DM-00464,Ranibizumab,11.81,Completed,Partial,Given,Completed,Completed,Left,Worsened,None
SYN-DM-00465,Aflibercept,6.19,Completed,Not indicated,Planned,Not indicated,Not indicated,Bilateral,Stable,Other
SYN-DM-00466,None,7.09,Completed,Partial,Not given,Completed,Completed,Bilateral,Stable,Inflammation
SYN-DM-00467,Aflibercept,13.08,Not indicated,Completed,Planned,Completed,Not indicated,Left,Worsened,None
SYN-DM-00468,None,2.46,Not indicated,Not indicated,Not given,Completed,Planned,Bilateral,Not assessed,Pressure rise
SYN-DM-00469,Aflibercept,12.37,Completed,Completed,Given,Completed,Completed,Neither,Not assessed,Inflammation
SYN-DM-00470,Ranibizumab,12.17,Planned,Not indicated,Planned,Completed,Not indicated,Neither,Stable,Inflammation
SYN-DM-00471,Aflibercept,14.73,Not indicated,Not indicated,Given,Completed,Planned,Neither,Worsened,Inflammation
SYN-DM-00472,None,5.46,Not indicated,Planned,Planned,Planned,Planned,Right,Not assessed,Pressure rise
SYN-DM-00473,Aflibercept,0.81,Completed,Not indicated,Given,Completed,Not indicated,Neither,Improved,Inflammation
SYN-DM-00474,Ranibizumab,10.38,Completed,Completed,Planned,Not indicated,Not indicated,Neither,Not assessed,Pressure rise
SYN-DM-00475,Aflibercept,16.26,Not indicated,Not indicated,Given,Planned,Not indicated,Left,Not assessed,Pressure rise
SYN-DM-00476,None,4.52,Completed,Completed,Planned,Completed,Completed,Right,Improved,Pressure rise
SYN-DM-00477,Ranibizumab,1.43,Planned,Partial,Not given,Not indicated,Completed,Bilateral,Not assessed,Inflammation
SYN-DM-00478,Aflibercept,16.53,Not indicated,Completed,Given,Planned,Not indicated,Right,Not assessed,Inflammation
SYN-DM-00479,None,10.99,Completed,Not indicated,Not given,Completed,Not indicated,Bilateral,Worsened,Inflammation
SYN-DM-00480,Ranibizumab,17.76,Completed,Partial,Given,Completed,Completed,Bilateral,Improved,None
SYN-DM-00481,None,13.28,Not indicated,Partial,Given,Planned,Completed,Neither,Stable,Other
SYN-DM-00482,Aflibercept,8.6,Completed,Not indicated,Not given,Planned,Planned,Neither,Improved,Other
SYN-DM-00483,Aflibercept,12.18,Completed,Not indicated,Planned,Not indicated,Completed,Bilateral,Worsened,Pressure rise
SYN-DM-00484,Ranibizumab,0.04,Planned,Partial,Not given,Planned,Not indicated,Neither,Stable,Other
SYN-DM-00485,Aflibercept,12.95,Planned,Not indicated,Given,Not indicated,Not indicated,Right,Not assessed,Other
SYN-DM-00486,Ranibizumab,5.5,Not indicated,Partial,Given,Planned,Not indicated,Left,Worsened,None
SYN-DM-00487,None,16.37,Planned,Planned,Not given,Not indicated,Not indicated,Bilateral,Improved,Inflammation
SYN-DM-00488,None,4.13,Planned,Not indicated,Planned,Planned,Planned,Right,Not assessed,Inflammation
SYN-DM-00489,Ranibizumab,1.6,Not indicated,Partial,Not given,Not indicated,Not indicated,Right,Stable,Other
SYN-DM-00490,Aflibercept,10.58,Completed,Not indicated,Planned,Not indicated,Completed,Bilateral,Worsened,Pressure rise
SYN-DM-00491,None,1.26,Not indicated,Completed,Not given,Not indicated,Not indicated,Bilateral,Improved,Inflammation
SYN-DM-00492,None,10.72,Completed,Not indicated,Given,Completed,Planned,Bilateral,Improved,None
SYN-DM-00493,None,17.84,Planned,Partial,Given,Planned,Not indicated,Right,Worsened,None
SYN-DM-00494,Ranibizumab,14.0,Completed,Planned,Given,Not indicated,Planned,Bilateral,Not assessed,Pressure rise
SYN-DM-00495,Ranibizumab,1.56,Planned,Not indicated,Planned,Completed,Completed,Bilateral,Not assessed,Pressure rise
SYN-DM-00496,Ranibizumab,11.2,Planned,Planned,Planned,Planned,Planned,Right,Improved,Inflammation
SYN-DM-00497,Bevacizumab,8.84,Not indicated,Not indicated,Given,Planned,Planned,Neither,Not assessed,Pressure rise
SYN-DM-00498,None,14.13,Planned,Not indicated,Given,Planned,Not indicated,Right,Improved,None
SYN-DM-00499,Aflibercept,4.29,Not indicated,Completed,Given,Completed,Completed,Neither,Improved,Inflammation
SYN-DM-00500,Ranibizumab,2.17,Planned,Completed,Not given,Planned,Completed,Right,Not assessed,None
SYN-DM-00501,Bevacizumab,12.26,Completed,Partial,Not given,Planned,Completed,Neither,Not assessed,None
SYN-DM-00502,Aflibercept,2.77,Not indicated,Partial,Planned,Planned,Completed,Neither,Not assessed,Other
SYN-DM-00503,Aflibercept,5.61,Completed,Partial,Not given,Completed,Not indicated,Bilateral,Stable,None
SYN-DM-00504,Ranibizumab,12.72,Not indicated,Partial,Not given,Not indicated,Completed,Right,Not assessed,Other
SYN-DM-00505,Bevacizumab,15.32,Planned,Not indicated,Not given,Not indicated,Completed,Left,Improved,Pressure rise
SYN-DM-00506,None,1.5,Completed,Completed,Not given,Not indicated,Completed,Left,Stable,Other
SYN-DM-00507,None,17.82,Completed,Not indicated,Not given,Completed,Planned,Bilateral,Stable,None
SYN-DM-00508,Ranibizumab,17.77,Planned,Planned,Not given,Completed,Completed,Left,Stable,Other
SYN-DM-00509,Ranibizumab,4.94,Planned,Partial,Planned,Planned,Not indicated,Bilateral,Stable,Pressure rise
SYN-DM-00510,Ranibizumab,9.48,Not indicated,Not indicated,Not given,Not indicated,Not indicated,Right,Not assessed,None
SYN-DM-00511,None,0.44,Planned,Partial,Given,Planned,Not indicated,Left,Not assessed,Other
SYN-DM-00512,Bevacizumab,2.37,Not indicated,Completed,Not given,Planned,Not indicated,Right,Worsened,Inflammation
SYN-DM-00513,Ranibizumab,5.81,Not indicated,Planned,Planned,Not indicated,Completed,Left,Not assessed,Inflammation
SYN-DM-00514,Ranibizumab,15.92,Completed,Not indicated,Planned,Completed,Planned,Neither,Improved,Pressure rise
SYN-DM-00515,Bevacizumab,6.05,Planned,Planned,Given,Completed,Not indicated,Neither,Worsened,Inflammation
SYN-DM-00516,Bevacizumab,0.67,Completed,Not indicated,Not given,Planned,Not indicated,Neither,Not assessed,Other
SYN-DM-00517,None,12.26,Not indicated,Planned,Given,Completed,Planned,Left,Stable,None
SYN-DM-00518,Ranibizumab,12.66,Not indicated,Planned,Given,Planned,Completed,Left,Stable,None
SYN-DM-00519,Bevacizumab,12.57,Completed,Planned,Given,Planned,Planned,Bilateral,Worsened,Other
SYN-DM-00520,Bevacizumab,4.03,Planned,Planned,Planned,Completed,Planned,Right,Not assessed,Inflammation
SYN-DM-00521,Ranibizumab,6.71,Completed,Completed,Given,Completed,Completed,Bilateral,Not assessed,Pressure rise
SYN-DM-00522,None,7.34,Planned,Planned,Not given,Not indicated,Completed,Left,Improved,Inflammation
SYN-DM-00523,Ranibizumab,4.1,Completed,Planned,Planned,Completed,Completed,Bilateral,Worsened,Pressure rise
SYN-DM-00524,Aflibercept,6.03,Planned,Partial,Given,Planned,Not indicated,Bilateral,Worsened,Other
SYN-DM-00525,None,8.72,Planned,Partial,Not given,Not indicated,Planned,Bilateral,Stable,Inflammation
SYN-DM-00526,Aflibercept,0.6,Planned,Planned,Planned,Completed,Planned,Right,Improved,Inflammation
SYN-DM-00527,Bevacizumab,15.42,Not indicated,Completed,Planned,Completed,Completed,Left,Stable,Other
SYN-DM-00528,Aflibercept,5.66,Planned,Completed,Not given,Not indicated,Planned,Neither,Stable,Inflammation
SYN-DM-00529,None,9.27,Completed,Planned,Not given,Not indicated,Completed,Bilateral,Improved,None
SYN-DM-00530,Ranibizumab,6.86,Completed,Completed,Planned,Planned,Planned,Bilateral,Worsened,Inflammation
SYN-DM-00531,Aflibercept,12.04,Not indicated,Completed,Planned,Not indicated,Not indicated,Left,Stable,None
SYN-DM-00532,None,0.36,Completed,Partial,Given,Not indicated,Planned,Neither,Worsened,Pressure rise
SYN-DM-00533,Bevacizumab,11.84,Not indicated,Not indicated,Not given,Planned,Completed,Bilateral,Stable,None
SYN-DM-00534,None,2.95,Completed,Completed,Given,Planned,Not indicated,Bilateral,Not assessed,Inflammation
SYN-DM-00535,Bevacizumab,17.25,Completed,Planned,Not given,Not indicated,Completed,Left,Stable,Other
SYN-DM-00536,None,11.25,Not indicated,Planned,Given,Completed,Completed,Right,Stable,Inflammation
SYN-DM-00537,Aflibercept,8.42,Not indicated,Planned,Given,Completed,Not indicated,Bilateral,Not assessed,Other
SYN-DM-00538,Ranibizumab,5.95,Not indicated,Not indicated,Not given,Planned,Not indicated,Right,Worsened,None
SYN-DM-00539,Aflibercept,14.0,Completed,Completed,Not given,Planned,Planned,Bilateral,Stable,None
SYN-DM-00540,Aflibercept,5.54,Completed,Partial,Given,Planned,Not indicated,Neither,Improved,Inflammation
SYN-DM-00541,None,2.6,Not indicated,Planned,Given,Not indicated,Planned,Left,Improved,Pressure rise
SYN-DM-00542,Ranibizumab,6.35,Planned,Completed,Given,Planned,Completed,Right,Not assessed,Other
SYN-DM-00543,Aflibercept,17.83,Completed,Planned,Not given,Planned,Completed,Left,Improved,Pressure rise
SYN-DM-00544,Aflibercept,14.34,Planned,Completed,Planned,Completed,Planned,Left,Stable,None
SYN-DM-00545,Bevacizumab,4.12,Completed,Not indicated,Not given,Not indicated,Completed,Neither,Not assessed,Pressure rise
SYN-DM-00546,None,11.79,Not indicated,Not indicated,Not given,Completed,Not indicated,Left,Worsened,Other
SYN-DM-00547,Ranibizumab,1.75,Not indicated,Completed,Not given,Completed,Not indicated,Left,Not assessed,Other
SYN-DM-00548,Ranibizumab,9.05,Completed,Not indicated,Planned,Completed,Completed,Neither,Improved,Other
SYN-DM-00549,Ranibizumab,15.61,Planned,Partial,Not given,Completed,Completed,Left,Not assessed,Other
SYN-DM-00550,Bevacizumab,13.1,Planned,Completed,Not given,Completed,Planned,Neither,Stable,Other
SYN-DM-00551,Ranibizumab,14.99,Completed,Completed,Not given,Not indicated,Not indicated,Bilateral,Stable,None
SYN-DM-00552,None,2.54,Not indicated,Planned,Not given,Not indicated,Planned,Left,Improved,Inflammation
SYN-DM-00553,Aflibercept,6.14,Completed,Partial,Planned,Completed,Planned,Left,Worsened,None
SYN-DM-00554,None,8.13,Not indicated,Not indicated,Not given,Completed,Planned,Left,Not assessed,Inflammation
SYN-DM-00555,Bevacizumab,13.53,Not indicated,Completed,Planned,Planned,Not indicated,Neither,Improved,None
SYN-DM-00556,None,15.99,Planned,Completed,Given,Planned,Not indicated,Left,Worsened,None
SYN-DM-00557,None,14.49,Completed,Not indicated,Given,Planned,Completed,Right,Not assessed,Inflammation
SYN-DM-00558,None,2.9,Not indicated,Completed,Planned,Not indicated,Not indicated,Neither,Stable,None
SYN-DM-00559,Aflibercept,10.02,Planned,Not indicated,Not given,Not indicated,Planned,Right,Stable,Other
SYN-DM-00560,Aflibercept,5.08,Completed,Not indicated,Given,Completed,Planned,Right,Stable,Other
SYN-DM-00561,None,5.88,Completed,Partial,Planned,Not indicated,Not indicated,Left,Improved,Pressure rise
SYN-DM-00562,Bevacizumab,9.8,Not indicated,Completed,Not given,Completed,Not indicated,Neither,Improved,Inflammation
SYN-DM-00563,None,13.49,Completed,Planned,Planned,Not indicated,Planned,Left,Not assessed,Other
SYN-DM-00564,None,13.51,Completed,Partial,Given,Not indicated,Not indicated,Neither,Improved,Pressure rise
SYN-DM-00565,Ranibizumab,10.48,Planned,Partial,Given,Planned,Planned,Bilateral,Stable,Inflammation
SYN-DM-00566,Aflibercept,9.36,Not indicated,Planned,Planned,Planned,Completed,Left,Stable,Inflammation
SYN-DM-00567,None,8.34,Planned,Completed,Given,Planned,Planned,Bilateral,Stable,Other
SYN-DM-00568,Aflibercept,16.57,Completed,Not indicated,Planned,Planned,Not indicated,Bilateral,Improved,Pressure rise
SYN-DM-00569,Ranibizumab,4.74,Completed,Completed,Given,Completed,Planned,Neither,Improved,None
SYN-DM-00570,None,7.29,Planned,Not indicated,Not given,Planned,Planned,Left,Not assessed,None
SYN-DM-00571,Bevacizumab,14.41,Not indicated,Planned,Not given,Planned,Completed,Left,Worsened,Pressure rise
SYN-DM-00572,None,17.46,Planned,Planned,Planned,Not indicated,Completed,Bilateral,Not assessed,Other
SYN-DM-00573,Ranibizumab,13.57,Not indicated,Not indicated,Planned,Planned,Completed,Right,Not assessed,Inflammation
SYN-DM-00574,None,9.82,Not indicated,Completed,Not given,Completed,Not indicated,Neither,Improved,Inflammation
SYN-DM-00575,Ranibizumab,6.66,Not indicated,Not indicated,Given,Not indicated,Planned,Bilateral,Improved,Pressure rise
SYN-DM-00576,Ranibizumab,6.42,Planned,Not indicated,Planned,Completed,Completed,Right,Stable,None
SYN-DM-00577,None,16.41,Completed,Not indicated,Planned,Completed,Planned,Right,Not assessed,Other
SYN-DM-00578,Aflibercept,4.16,Not indicated,Completed,Planned,Not indicated,Planned,Neither,Stable,Other
SYN-DM-00579,Aflibercept,17.26,Completed,Completed,Planned,Not indicated,Not indicated,Neither,Worsened,Inflammation
SYN-DM-00580,Aflibercept,12.04,Completed,Completed,Not given,Not indicated,Completed,Bilateral,Stable,Inflammation
SYN-DM-00581,Bevacizumab,16.15,Not indicated,Not indicated,Planned,Planned,Planned,Bilateral,Not assessed,Other
SYN-DM-00582,Bevacizumab,0.87,Completed,Partial,Not given,Not indicated,Planned,Left,Not assessed,Inflammation
SYN-DM-00583,None,0.88,Planned,Completed,Planned,Planned,Completed,Right,Not assessed,None
SYN-DM-00584,Bevacizumab,13.89,Completed,Planned,Not given,Completed,Planned,Left,Stable,Inflammation
SYN-DM-00585,Ranibizumab,12.72,Not indicated,Planned,Not given,Completed,Completed,Bilateral,Worsened,Inflammation
SYN-DM-00586,Aflibercept,0.36,Completed,Not indicated,Planned,Not indicated,Not indicated,Right,Worsened,Inflammation
SYN-DM-00587,Ranibizumab,2.91,Completed,Partial,Planned,Not indicated,Not indicated,Bilateral,Worsened,Other
SYN-DM-00588,Ranibizumab,3.43,Planned,Completed,Given,Not indicated,Completed,Bilateral,Improved,None
SYN-DM-00589,Bevacizumab,7.66,Not indicated,Completed,Given,Planned,Planned,Right,Stable,Pressure rise
SYN-DM-00590,None,9.15,Completed,Planned,Not given,Completed,Not indicated,Bilateral,Improved,Pressure rise
SYN-DM-00591,Bevacizumab,17.96,Completed,Partial,Given,Not indicated,Not indicated,Right,Improved,Other
SYN-DM-00592,None,5.31,Planned,Partial,Given,Completed,Planned,Bilateral,Improved,Pressure rise
SYN-DM-00593,Aflibercept,13.2,Planned,Not indicated,Not given,Not indicated,Not indicated,Neither,Not assessed,Other
SYN-DM-00594,Ranibizumab,8.81,Not indicated,Planned,Planned,Not indicated,Completed,Left,Worsened,Pressure rise
SYN-DM-00595,Ranibizumab,11.11,Completed,Completed,Planned,Completed,Not indicated,Right,Improved,Other
SYN-DM-00596,Bevacizumab,10.12,Planned,Completed,Given,Not indicated,Not indicated,Left,Not assessed,Other
SYN-DM-00597,None,13.37,Completed,Completed,Given,Planned,Completed,Neither,Stable,Other
SYN-DM-00598,Ranibizumab,11.98,Planned,Completed,Not given,Completed,Not indicated,Neither,Not assessed,Inflammation
SYN-DM-00599,Bevacizumab,2.66,Completed,Completed,Given,Completed,Not indicated,Left,Worsened,None
SYN-DM-00600,Bevacizumab,0.85,Completed,Planned,Given,Not indicated,Completed,Neither,Worsened,Pressure rise
SYN-DM-00601,None,10.14,Not indicated,Completed,Not given,Not indicated,Completed,Neither,Not assessed,Pressure rise
SYN-DM-00602,Aflibercept,10.26,Planned,Not indicated,Planned,Planned,Planned,Neither,Not assessed,Pressure rise
SYN-DM-00603,Bevacizumab,2.89,Planned,Completed,Not given,Completed,Not indicated,Left,Improved,None
SYN-DM-00604,Ranibizumab,10.69,Planned,Not indicated,Planned,Completed,Planned,Right,Improved,Pressure rise
SYN-DM-00605,Aflibercept,12.73,Planned,Completed,Given,Not indicated,Planned,Left,Stable,Inflammation
SYN-DM-00606,Ranibizumab,4.72,Not indicated,Completed,Not given,Planned,Completed,Bilateral,Improved,Other
SYN-DM-00607,Aflibercept,0.58,Completed,Planned,Given,Planned,Not indicated,Left,Stable,Other
SYN-DM-00608,Bevacizumab,2.94,Completed,Partial,Given,Not indicated,Completed,Right,Improved,Other
SYN-DM-00609,Bevacizumab,7.03,Completed,Completed,Not given,Planned,Planned,Neither,Worsened,Other
SYN-DM-00610,Aflibercept,2.57,Completed,Completed,Given,Completed,Completed,Bilateral,Not assessed,Inflammation
SYN-DM-00611,None,16.66,Not indicated,Planned,Planned,Planned,Completed,Bilateral,Worsened,Other
SYN-DM-00612,Bevacizumab,3.29,Planned,Planned,Given,Not indicated,Planned,Left,Stable,None
SYN-DM-00613,Aflibercept,0.64,Not indicated,Not indicated,Planned,Planned,Completed,Left,Stable,Other
SYN-DM-00614,Ranibizumab,7.86,Planned,Completed,Planned,Planned,Planned,Bilateral,Improved,Other
SYN-DM-00615,None,8.07,Planned,Not indicated,Not given,Planned,Planned,Neither,Stable,Other
SYN-DM-00616,None,3.98,Planned,Not indicated,Planned,Not indicated,Completed,Left,Not assessed,None
SYN-DM-00617,None,16.98,Not indicated,Planned,Planned,Completed,Completed,Right,Not assessed,Other
SYN-DM-00618,Aflibercept,17.09,Not indicated,Planned,Given,Completed,Not indicated,Left,Improved,None
SYN-DM-00619,Ranibizumab,15.9,Not indicated,Not indicated,Not given,Planned,Completed,Bilateral,Worsened,Inflammation
SYN-DM-00620,Aflibercept,12.31,Planned,Completed,Given,Completed,Not indicated,Bilateral,Not assessed,Other
SYN-DM-00621,Bevacizumab,0.31,Completed,Completed,Not given,Not indicated,Planned,Left,Improved,Pressure rise
SYN-DM-00622,Aflibercept,0.45,Completed,Partial,Planned,Not indicated,Planned,Left,Stable,Other
SYN-DM-00623,Bevacizumab,10.46,Planned,Partial,Planned,Not indicated,Completed,Right,Improved,None
SYN-DM-00624,Bevacizumab,9.84,Not indicated,Not indicated,Given,Planned,Planned,Neither,Worsened,None
SYN-DM-00625,Ranibizumab,13.19,Planned,Not indicated,Given,Not indicated,Not indicated,Right,Improved,Pressure rise
SYN-DM-00626,Ranibizumab,17.26,Completed,Completed,Given,Planned,Planned,Right,Not assessed,Pressure rise
SYN-DM-00627,Ranibizumab,0.36,Planned,Completed,Not given,Completed,Completed,Right,Not assessed,Inflammation
SYN-DM-00628,Ranibizumab,16.14,Completed,Completed,Not given,Completed,Planned,Right,Not assessed,Other
SYN-DM-00629,None,15.12,Completed,Completed,Given,Not indicated,Not indicated,Bilateral,Worsened,Inflammation
SYN-DM-00630,Ranibizumab,10.73,Not indicated,Not indicated,Planned,Planned,Planned,Right,Stable,Inflammation
SYN-DM-00631,None,8.08,Planned,Not indicated,Not given,Not indicated,Planned,Left,Not assessed,Pressure rise
SYN-DM-00632,Ranibizumab,0.05,Completed,Not indicated,Not given,Planned,Completed,Bilateral,Improved,Inflammation
SYN-DM-00633,Bevacizumab,7.6,Planned,Planned,Given,Planned,Not indicated,Neither,Not assessed,Other
SYN-DM-00634,Aflibercept,15.49,Completed,Not indicated,Not given,Completed,Completed,Left,Not assessed,Inflammation
SYN-DM-00635,Bevacizumab,10.08,Completed,Completed,Planned,Not indicated,Planned,Left,Worsened,Other
SYN-DM-00636,Ranibizumab,0.77,Planned,Completed,Planned,Completed,Not indicated,Neither,Stable,Pressure rise
SYN-DM-00637,Aflibercept,9.17,Completed,Completed,Not given,Not indicated,Not indicated,Bilateral,Worsened,Pressure rise
SYN-DM-00638,Ranibizumab,3.58,Completed,Planned,Planned,Completed,Completed,Bilateral,Worsened,Other
SYN-DM-00639,Ranibizumab,15.78,Planned,Partial,Planned,Completed,Not indicated,Bilateral,Stable,Other
SYN-DM-00640,Aflibercept,1.15,Planned,Partial,Planned,Completed,Planned,Left,Not assessed,Inflammation
SYN-DM-00641,Bevacizumab,11.41,Planned,Planned,Not given,Not indicated,Completed,Right,Worsened,None
SYN-DM-00642,Ranibizumab,8.81,Not indicated,Partial,Given,Not indicated,Planned,Neither,Stable,Inflammation
SYN-DM-00643,Ranibizumab,15.35,Not indicated,Completed,Planned,Not indicated,Not indicated,Left,Worsened,None
SYN-DM-00644,Ranibizumab,6.89,Planned,Not indicated,Planned,Not indicated,Planned,Bilateral,Stable,Other
SYN-DM-00645,Aflibercept,9.53,Completed,Not indicated,Given,Completed,Not indicated,Right,Not assessed,None
SYN-DM-00646,Bevacizumab,10.57,Not indicated,Partial,Not given,Planned,Completed,Right,Stable,Other
SYN-DM-00647,Ranibizumab,4.41,Completed,Not indicated,Not given,Completed,Planned,Left,Worsened,Inflammation
SYN-DM-00648,Bevacizumab,1.35,Completed,Completed,Planned,Completed,Not indicated,Neither,Not assessed,Inflammation
SYN-DM-00649,Bevacizumab,5.59,Planned,Completed,Given,Not indicated,Not indicated,Left,Stable,None
SYN-DM-00650,Aflibercept,17.99,Completed,Planned,Given,Completed,Completed,Right,Stable,Other
SYN-DM-00651,None,12.2,Planned,Not indicated,Planned,Completed,Planned,Right,Worsened,None
SYN-DM-00652,Bevacizumab,7.9,Planned,Planned,Not given,Not indicated,Completed,Right,Worsened,Pressure rise
SYN-DM-00653,Bevacizumab,0.03,Not indicated,Not indicated,Planned,Completed,Completed,Bilateral,Stable,None
SYN-DM-00654,Aflibercept,14.69,Not indicated,Partial,Given,Not indicated,Completed,Bilateral,Worsened,Other
SYN-DM-00655,Aflibercept,15.85,Completed,Planned,Planned,Not indicated,Planned,Bilateral,Not assessed,Other
SYN-DM-00656,Bevacizumab,14.0,Not indicated,Planned,Not given,Not indicated,Planned,Right,Stable,Inflammation
SYN-DM-00657,Bevacizumab,7.28,Not indicated,Not indicated,Planned,Not indicated,Not indicated,Bilateral,Stable,Pressure rise
SYN-DM-00658,Aflibercept,6.49,Completed,Completed,Given,Not indicated,Not indicated,Neither,Worsened,Pressure rise
SYN-DM-00659,Ranibizumab,3.63,Completed,Completed,Given,Planned,Planned,Neither,Improved,None
SYN-DM-00660,Aflibercept,9.4,Not indicated,Planned,Not given,Not indicated,Not indicated,Bilateral,Not assessed,Inflammation
SYN-DM-00661,Aflibercept,7.64,Not indicated,Partial,Not given,Not indicated,Not indicated,Left,Improved,Pressure rise
SYN-DM-00662,Aflibercept,9.44,Planned,Planned,Not given,Completed,Completed,Right,Not assessed,Inflammation
SYN-DM-00663,None,12.49,Not indicated,Completed,Given,Planned,Not indicated,Right,Worsened,Pressure rise
SYN-DM-00664,Ranibizumab,5.55,Planned,Completed,Given,Planned,Completed,Neither,Improved,Inflammation
SYN-DM-00665,Bevacizumab,0.05,Completed,Completed,Given,Planned,Not indicated,Left,Stable,Other
SYN-DM-00666,None,9.02,Completed,Not indicated,Given,Not indicated,Completed,Neither,Improved,None
SYN-DM-00667,Aflibercept,16.95,Completed,Planned,Given,Completed,Not indicated,Bilateral,Stable,None
SYN-DM-00668,None,8.86,Planned,Partial,Given,Planned,Completed,Left,Not assessed,Pressure rise
SYN-DM-00669,Ranibizumab,1.05,Planned,Planned,Planned,Planned,Not indicated,Left,Not assessed,Other
SYN-DM-00670,Ranibizumab,0.2,Planned,Not indicated,Not given,Planned,Completed,Neither,Not assessed,None
SYN-DM-00671,None,16.93,Completed,Partial,Not given,Planned,Planned,Left,Stable,None
SYN-DM-00672,Ranibizumab,0.11,Planned,Completed,Not given,Completed,Completed,Neither,Stable,None
SYN-DM-00673,Bevacizumab,15.51,Not indicated,Planned,Planned,Completed,Completed,Neither,Not assessed,Inflammation
SYN-DM-00674,Ranibizumab,17.41,Planned,Not indicated,Not given,Completed,Planned,Bilateral,Stable,None
SYN-DM-00675,Aflibercept,4.13,Not indicated,Partial,Planned,Planned,Planned,Bilateral,Improved,Other
SYN-DM-00676,None,14.29,Planned,Not indicated,Given,Not indicated,Not indicated,Left,Worsened,None
SYN-DM-00677,None,12.38,Completed,Not indicated,Not given,Not indicated,Completed,Left,Improved,Inflammation
SYN-DM-00678,Bevacizumab,15.66,Not indicated,Not indicated,Given,Not indicated,Planned,Bilateral,Worsened,Inflammation
SYN-DM-00679,Aflibercept,10.91,Planned,Not indicated,Planned,Planned,Completed,Right,Not assessed,None
SYN-DM-00680,Bevacizumab,15.33,Planned,Not indicated,Planned,Completed,Not indicated,Left,Improved,Other
SYN-DM-00681,Bevacizumab,10.39,Not indicated,Planned,Given,Planned,Planned,Left,Improved,Other
SYN-DM-00682,Bevacizumab,6.25,Planned,Planned,Not given,Planned,Not indicated,Bilateral,Improved,Inflammation
SYN-DM-00683,Ranibizumab,10.32,Completed,Partial,Planned,Not indicated,Planned,Neither,Stable,Other
SYN-DM-00684,Aflibercept,4.82,Not indicated,Completed,Planned,Completed,Planned,Right,Improved,Other
SYN-DM-00685,Ranibizumab,5.76,Planned,Planned,Not given,Not indicated,Not indicated,Neither,Improved,Pressure rise
SYN-DM-00686,None,5.94,Not indicated,Completed,Not given,Completed,Not indicated,Bilateral,Improved,None
SYN-DM-00687,Bevacizumab,1.91,Completed,Partial,Not given,Not indicated,Not indicated,Bilateral,Improved,Inflammation
SYN-DM-00688,Aflibercept,6.6,Not indicated,Partial,Not given,Not indicated,Planned,Left,Improved,Pressure rise
SYN-DM-00689,Aflibercept,9.62,Planned,Partial,Given,Planned,Not indicated,Right,Stable,Other
SYN-DM-00690,Ranibizumab,2.61,Planned,Planned,Planned,Planned,Not indicated,Right,Worsened,Pressure rise
SYN-DM-00691,Ranibizumab,10.49,Not indicated,Partial,Given,Not indicated,Completed,Right,Not assessed,Pressure rise
SYN-DM-00692,Bevacizumab,12.24,Not indicated,Planned,Not given,Completed,Not indicated,Bilateral,Stable,Other
SYN-DM-00693,Aflibercept,8.83,Planned,Completed,Not given,Completed,Completed,Left,Improved,Other
SYN-DM-00694,None,12.52,Planned,Not indicated,Given,Planned,Planned,Bilateral,Worsened,Other
SYN-DM-00695,Aflibercept,12.0,Planned,Not indicated,Not given,Not indicated,Planned,Bilateral,Not assessed,None
SYN-DM-00696,None,17.35,Planned,Partial,Given,Completed,Not indicated,Right,Worsened,Inflammation
SYN-DM-00697,Bevacizumab,3.07,Completed,Planned,Not given,Not indicated,Not indicated,Left,Worsened,None
SYN-DM-00698,Aflibercept,14.57,Planned,Planned,Planned,Not indicated,Completed,Left,Improved,Inflammation
SYN-DM-00699,Bevacizumab,9.45,Planned,Not indicated,Planned,Planned,Not indicated,Left,Improved,None
SYN-DM-00700,None,7.7,Planned,Not indicated,Given,Not indicated,Not indicated,Right,Stable,Other
SYN-DM-00701,Bevacizumab,5.7,Completed,Partial,Planned,Planned,Planned,Neither,Improved,Other
SYN-DM-00702,Aflibercept,2.19,Not indicated,Completed,Planned,Completed,Completed,Bilateral,Stable,Other
SYN-DM-00703,Bevacizumab,11.68,Completed,Completed,Given,Completed,Not indicated,Bilateral,Improved,Pressure rise
SYN-DM-00704,None,17.53,Planned,Completed,Planned,Planned,Completed,Left,Worsened,None
SYN-DM-00705,Bevacizumab,0.48,Completed,Planned,Not given,Not indicated,Not indicated,Neither,Improved,None
SYN-DM-00706,Ranibizumab,5.56,Not indicated,Planned,Not given,Not indicated,Planned,Right,Not assessed,None
SYN-DM-00707,Aflibercept,15.05,Completed,Partial,Given,Completed,Completed,Right,Improved,None
SYN-DM-00708,None,11.74,Planned,Completed,Planned,Completed,Not indicated,Neither,Stable,None
SYN-DM-00709,Bevacizumab,6.92,Planned,Planned,Planned,Completed,Planned,Left,Improved,Pressure rise
SYN-DM-00710,Ranibizumab,13.93,Completed,Partial,Planned,Planned,Planned,Left,Not assessed,None
SYN-DM-00711,Ranibizumab,1.9,Not indicated,Completed,Given,Completed,Completed,Right,Stable,None
SYN-DM-00712,Aflibercept,11.47,Planned,Not indicated,Planned,Completed,Completed,Right,Worsened,Inflammation
SYN-DM-00713,Ranibizumab,3.55,Planned,Completed,Given,Not indicated,Completed,Right,Stable,Other
SYN-DM-00714,Bevacizumab,17.72,Not indicated,Not indicated,Given,Completed,Completed,Neither,Not assessed,Other
SYN-DM-00715,Bevacizumab,8.76,Planned,Not indicated,Given,Completed,Not indicated,Right,Worsened,Pressure rise
SYN-DM-00716,Bevacizumab,5.69,Completed,Partial,Given,Not indicated,Not indicated,Neither,Not assessed,None
SYN-DM-00717,Aflibercept,11.74,Not indicated,Planned,Planned,Not indicated,Completed,Neither,Improved,None
SYN-DM-00718,None,5.01,Not indicated,Planned,Given,Not indicated,Completed,Right,Stable,Inflammation
SYN-DM-00719,Aflibercept,11.45,Planned,Planned,Not given,Not indicated,Planned,Neither,Stable,None
SYN-DM-00720,None,6.68,Not indicated,Partial,Not given,Not indicated,Planned,Right,Improved,None
SYN-DM-00721,Aflibercept,14.71,Planned,Completed,Not given,Planned,Not indicated,Left,Worsened,None
SYN-DM-00722,Ranibizumab,8.48,Completed,Completed,Planned,Completed,Completed,Right,Improved,Pressure rise
SYN-DM-00723,None,11.15,Not indicated,Planned,Given,Completed,Completed,Bilateral,Worsened,Inflammation
SYN-DM-00724,Aflibercept,9.42,Completed,Not indicated,Not given,Completed,Not indicated,Right,Improved,Other
SYN-DM-00725,None,13.38,Completed,Not indicated,Planned,Planned,Completed,Bilateral,Not assessed,None
SYN-DM-00726,Aflibercept,9.36,Planned,Completed,Planned,Planned,Planned,Neither,Worsened,Pressure rise
SYN-DM-00727,Ranibizumab,5.78,Planned,Partial,Given,Not indicated,Completed,Right,Improved,Inflammation
SYN-DM-00728,Ranibizumab,9.9,Completed,Planned,Not given,Completed,Not indicated,Bilateral,Improved,Other
SYN-DM-00729,None,0.84,Completed,Completed,Planned,Completed,Completed,Left,Stable,None
SYN-DM-00730,Aflibercept,5.8,Planned,Not indicated,Planned,Completed,Planned,Neither,Worsened,Pressure rise
SYN-DM-00731,Ranibizumab,14.09,Planned,Planned,Not given,Planned,Completed,Neither,Stable,None
SYN-DM-00732,Aflibercept,17.6,Completed,Planned,Not given,Not indicated,Planned,Neither,Not assessed,Inflammation
SYN-DM-00733,Aflibercept,3.29,Completed,Partial,Given,Planned,Completed,Neither,Worsened,Other
SYN-DM-00734,Bevacizumab,5.18,Planned,Completed,Not given,Not indicated,Not indicated,Right,Stable,Inflammation
SYN-DM-00735,Aflibercept,3.88,Completed,Completed,Not given,Completed,Not indicated,Bilateral,Improved,None
SYN-DM-00736,Ranibizumab,8.25,Planned,Planned,Planned,Not indicated,Completed,Right,Worsened,Other
SYN-DM-00737,Aflibercept,12.78,Completed,Completed,Planned,Completed,Completed,Neither,Worsened,None
SYN-DM-00738,Bevacizumab,17.5,Planned,Not indicated,Not given,Planned,Not indicated,Bilateral,Not assessed,Other
SYN-DM-00739,Bevacizumab,13.52,Not indicated,Partial,Given,Planned,Completed,Neither,Not assessed,Pressure rise
SYN-DM-00740,Ranibizumab,17.37,Completed,Partial,Given,Not indicated,Planned,Bilateral,Stable,None
SYN-DM-00741,Bevacizumab,2.33,Completed,Partial,Not given,Planned,Not indicated,Bilateral,Worsened,Inflammation
SYN-DM-00742,Bevacizumab,1.58,Completed,Not indicated,Given,Planned,Not indicated,Right,Worsened,Other
SYN-DM-00743,None,1.03,Planned,Planned,Planned,Not indicated,Completed,Neither,Stable,None
SYN-DM-00744,Bevacizumab,7.67,Planned,Partial,Not given,Not indicated,Not indicated,Bilateral,Not assessed,Pressure rise
SYN-DM-00745,Aflibercept,7.16,Completed,Planned,Not given,Planned,Not indicated,Left,Not assessed,Pressure rise
SYN-DM-00746,Aflibercept,7.92,Planned,Planned,Given,Planned,Planned,Neither,Not assessed,Pressure rise
SYN-DM-00747,Bevacizumab,9.59,Planned,Partial,Planned,Planned,Planned,Left,Improved,Inflammation
SYN-DM-00748,None,4.28,Not indicated,Not indicated,Not given,Completed,Not indicated,Left,Stable,Other
SYN-DM-00749,Bevacizumab,9.39,Planned,Planned,Not given,Completed,Not indicated,Bilateral,Stable,Other
SYN-DM-00750,None,16.93,Completed,Partial,Planned,Planned,Not indicated,Bilateral,Worsened,None
SYN-DM-00751,None,6.24,Planned,Not indicated,Given,Not indicated,Planned,Left,Improved,None
SYN-DM-00752,Aflibercept,17.34,Not indicated,Not indicated,Not given,Not indicated,Not indicated,Right,Stable,Pressure rise
SYN-DM-00753,Bevacizumab,12.23,Planned,Not indicated,Not given,Not indicated,Not indicated,Right,Not assessed,Other
SYN-DM-00754,Aflibercept,12.76,Planned,Planned,Not given,Not indicated,Not indicated,Right,Not assessed,Inflammation
SYN-DM-00755,Bevacizumab,10.08,Planned,Not indicated,Not given,Not indicated,Planned,Neither,Not assessed,Inflammation
SYN-DM-00756,Ranibizumab,9.24,Planned,Planned,Planned,Not indicated,Completed,Left,Stable,Other
SYN-DM-00757,Aflibercept,15.8,Not indicated,Partial,Given,Planned,Planned,Neither,Stable,Inflammation
SYN-DM-00758,Bevacizumab,11.21,Not indicated,Partial,Planned,Planned,Completed,Bilateral,Improved,None
SYN-DM-00759,Aflibercept,16.28,Planned,Planned,Planned,Not indicated,Not indicated,Bilateral,Not assessed,Pressure rise
SYN-DM-00760,Bevacizumab,7.78,Planned,Partial,Given,Planned,Not indicated,Right,Stable,None
SYN-DM-00761,Bevacizumab,3.47,Completed,Planned,Given,Completed,Not indicated,Right,Improved,None
SYN-DM-00762,Aflibercept,3.73,Not indicated,Not indicated,Planned,Completed,Planned,Neither,Worsened,Other
SYN-DM-00763,Bevacizumab,4.98,Not indicated,Not indicated,Not given,Planned,Completed,Right,Stable,Pressure rise
SYN-DM-00764,Aflibercept,16.76,Planned,Partial,Not given,Not indicated,Planned,Left,Improved,None
SYN-DM-00765,Aflibercept,15.54,Completed,Partial,Given,Not indicated,Planned,Left,Worsened,Other
SYN-DM-00766,Bevacizumab,12.12,Planned,Not indicated,Planned,Completed,Completed,Right,Worsened,Other
SYN-DM-00767,Ranibizumab,9.53,Not indicated,Planned,Given,Not indicated,Not indicated,Neither,Not assessed,Other
SYN-DM-00768,Ranibizumab,6.42,Planned,Not indicated,Not given,Completed,Not indicated,Right,Not assessed,Other
SYN-DM-00769,Bevacizumab,12.27,Not indicated,Planned,Not given,Completed,Completed,Left,Worsened,None
SYN-DM-00770,Ranibizumab,15.59,Not indicated,Partial,Not given,Not indicated,Not indicated,Bilateral,Worsened,None
SYN-DM-00771,Ranibizumab,8.59,Not indicated,Completed,Planned,Completed,Not indicated,Left,Improved,Inflammation
SYN-DM-00772,None,7.66,Not indicated,Planned,Planned,Not indicated,Planned,Neither,Not assessed,None
SYN-DM-00773,Bevacizumab,7.48,Planned,Not indicated,Planned,Completed,Planned,Right,Worsened,Other
SYN-DM-00774,Aflibercept,17.4,Planned,Not indicated,Planned,Planned,Not indicated,Left,Stable,Pressure rise
SYN-DM-00775,None,13.26,Planned,Planned,Not given,Not indicated,Not indicated,Right,Improved,Pressure rise
SYN-DM-00776,Ranibizumab,4.04,Not indicated,Partial,Planned,Planned,Completed,Neither,Worsened,Inflammation
SYN-DM-00777,Aflibercept,1.66,Not indicated,Planned,Not given,Completed,Completed,Left,Improved,None
SYN-DM-00778,None,17.07,Completed,Completed,Planned,Planned,Planned,Right,Improved,Other
SYN-DM-00779,Aflibercept,4.41,Planned,Partial,Given,Not indicated,Not indicated,Bilateral,Stable,None
SYN-DM-00780,Aflibercept,15.58,Completed,Not indicated,Not given,Completed,Not indicated,Neither,Improved,Pressure rise
SYN-DM-00781,Ranibizumab,0.99,Planned,Completed,Not given,Completed,Not indicated,Neither,Improved,None
SYN-DM-00782,Ranibizumab,8.68,Not indicated,Planned,Given,Completed,Planned,Left,Worsened,Other
SYN-DM-00783,Ranibizumab,8.46,Completed,Partial,Planned,Not indicated,Planned,Right,Improved,Pressure rise
SYN-DM-00784,Aflibercept,12.48,Planned,Not indicated,Planned,Not indicated,Not indicated,Bilateral,Stable,Pressure rise
SYN-DM-00785,None,1.81,Not indicated,Planned,Planned,Completed,Not indicated,Right,Not assessed,Inflammation
SYN-DM-00786,Ranibizumab,0.92,Completed,Completed,Planned,Not indicated,Planned,Left,Worsened,None
SYN-DM-00787,Ranibizumab,9.36,Planned,Planned,Not given,Not indicated,Not indicated,Neither,Not assessed,None
SYN-DM-00788,None,5.36,Not indicated,Planned,Planned,Not indicated,Completed,Right,Worsened,Pressure rise
SYN-DM-00789,Aflibercept,16.15,Not indicated,Not indicated,Not given,Completed,Completed,Neither,Worsened,None
SYN-DM-00790,Bevacizumab,13.8,Planned,Planned,Given,Completed,Not indicated,Bilateral,Worsened,None
SYN-DM-00791,None,2.49,Not indicated,Completed,Given,Not indicated,Not indicated,Neither,Worsened,Pressure rise
SYN-DM-00792,Bevacizumab,16.17,Not indicated,Not indicated,Not given,Completed,Not indicated,Left,Improved,Other
SYN-DM-00793,Ranibizumab,2.91,Completed,Not indicated,Planned,Planned,Planned,Left,Worsened,Other
SYN-DM-00794,None,1.97,Not indicated,Not indicated,Not given,Not indicated,Planned,Bilateral,Not assessed,Inflammation
SYN-DM-00795,Aflibercept,7.26,Planned,Completed,Given,Planned,Completed,Bilateral,Improved,Pressure rise
SYN-DM-00796,None,14.41,Planned,Planned,Planned,Not indicated,Not indicated,Right,Improved,Other
SYN-DM-00797,Aflibercept,16.64,Not indicated,Planned,Not given,Completed,Planned,Right,Stable,None
SYN-DM-00798,None,10.52,Completed,Completed,Given,Completed,Completed,Bilateral,Stable,None
SYN-DM-00799,Ranibizumab,14.78,Planned,Completed,Not given,Planned,Not indicated,Neither,Improved,None
SYN-DM-00800,Bevacizumab,2.39,Planned,Not indicated,Not given,Completed,Not indicated,Bilateral,Not assessed,Inflammation
SYN-DM-00801,None,12.49,Not indicated,Partial,Given,Completed,Planned,Left,Stable,Other
SYN-DM-00802,Ranibizumab,1.46,Not indicated,Partial,Not given,Completed,Not indicated,Bilateral,Worsened,None
SYN-DM-00803,Bevacizumab,0.92,Not indicated,Not indicated,Planned,Completed,Completed,Right,Worsened,None
SYN-DM-00804,Bevacizumab,12.93,Planned,Planned,Given,Planned,Planned,Bilateral,Improved,Other
SYN-DM-00805,Bevacizumab,0.07,Completed,Completed,Given,Completed,Not indicated,Bilateral,Improved,None
SYN-DM-00806,Aflibercept,0.51,Completed,Planned,Not given,Not indicated,Planned,Left,Improved,Pressure rise
SYN-DM-00807,Aflibercept,17.21,Planned,Completed,Not given,Not indicated,Not indicated,Neither,Worsened,None
SYN-DM-00808,None,7.37,Completed,Partial,Planned,Completed,Planned,Bilateral,Stable,Pressure rise
SYN-DM-00809,Ranibizumab,8.01,Not indicated,Partial,Planned,Completed,Completed,Right,Worsened,None
SYN-DM-00810,Bevacizumab,2.7,Planned,Completed,Planned,Completed,Completed,Neither,Improved,Other
SYN-DM-00811,Bevacizumab,8.2,Not indicated,Completed,Planned,Not indicated,Planned,Right,Stable,Inflammation
SYN-DM-00812,Aflibercept,8.56,Completed,Planned,Not given,Not indicated,Planned,Neither,Worsened,Other
SYN-DM-00813,Bevacizumab,0.4,Completed,Completed,Not given,Completed,Planned,Left,Worsened,Pressure rise
SYN-DM-00814,Ranibizumab,14.04,Completed,Completed,Not given,Planned,Planned,Neither,Worsened,Other
SYN-DM-00815,Bevacizumab,3.21,Completed,Not indicated,Given,Not indicated,Not indicated,Left,Stable,None
SYN-DM-00816,Aflibercept,13.19,Completed,Planned,Not given,Planned,Planned,Left,Improved,Pressure rise
SYN-DM-00817,Aflibercept,14.99,Planned,Not indicated,Given,Completed,Completed,Left,Improved,Other
SYN-DM-00818,None,0.09,Planned,Planned,Planned,Completed,Completed,Bilateral,Not assessed,Inflammation
SYN-DM-00819,Ranibizumab,15.73,Planned,Partial,Planned,Not indicated,Not indicated,Left,Improved,Pressure rise
SYN-DM-00820,Aflibercept,1.8,Planned,Planned,Given,Completed,Not indicated,Right,Stable,Inflammation
SYN-DM-00821,Ranibizumab,12.59,Planned,Completed,Planned,Not indicated,Completed,Neither,Stable,Other
SYN-DM-00822,Bevacizumab,1.42,Completed,Planned,Planned,Planned,Completed,Right,Improved,Inflammation
SYN-DM-00823,Ranibizumab,10.44,Planned,Completed,Not given,Completed,Completed,Right,Improved,Pressure rise
SYN-DM-00824,Aflibercept,12.05,Planned,Planned,Planned,Completed,Planned,Bilateral,Worsened,Other
SYN-DM-00825,Bevacizumab,12.16,Not indicated,Partial,Not given,Planned,Planned,Right,Worsened,Pressure rise
SYN-DM-00826,None,1.24,Planned,Partial,Given,Completed,Planned,Bilateral,Stable,Other
SYN-DM-00827,None,0.5,Not indicated,Completed,Planned,Completed,Completed,Right,Improved,None
SYN-DM-00828,None,13.48,Completed,Completed,Given,Completed,Completed,Neither,Worsened,Other
SYN-DM-00829,Ranibizumab,11.0,Planned,Not indicated,Not given,Completed,Not indicated,Right,Worsened,Inflammation
SYN-DM-00830,Bevacizumab,13.41,Planned,Planned,Not given,Completed,Planned,Neither,Improved,Inflammation
SYN-DM-00831,Aflibercept,14.64,Completed,Completed,Given,Completed,Completed,Bilateral,Worsened,Other
SYN-DM-00832,None,4.62,Not indicated,Partial,Planned,Not indicated,Planned,Right,Improved,Inflammation
SYN-DM-00833,Ranibizumab,14.42,Completed,Completed,Given,Planned,Completed,Bilateral,Worsened,Pressure rise
SYN-DM-00834,Aflibercept,12.8,Completed,Not indicated,Planned,Not indicated,Completed,Right,Worsened,Inflammation
SYN-DM-00835,None,16.75,Completed,Completed,Planned,Not indicated,Planned,Neither,Worsened,Pressure rise
SYN-DM-00836,None,13.83,Planned,Partial,Not given,Completed,Not indicated,Bilateral,Not assessed,Other
SYN-DM-00837,None,5.15,Completed,Partial,Not given,Planned,Planned,Bilateral,Worsened,Pressure rise
SYN-DM-00838,Aflibercept,5.2,Completed,Not indicated,Not given,Not indicated,Not indicated,Bilateral,Improved,None
SYN-DM-00839,Ranibizumab,10.33,Completed,Partial,Planned,Completed,Completed,Right,Improved,Other
SYN-DM-00840,None,16.96,Planned,Not indicated,Given,Planned,Not indicated,Bilateral,Not assessed,Inflammation
SYN-DM-00841,Ranibizumab,12.06,Completed,Completed,Given,Not indicated,Planned,Right,Improved,None
SYN-DM-00842,Bevacizumab,13.91,Not indicated,Not indicated,Given,Planned,Completed,Right,Stable,None
SYN-DM-00843,None,10.63,Not indicated,Not indicated,Planned,Completed,Planned,Left,Stable,None
SYN-DM-00844,Bevacizumab,0.37,Not indicated,Completed,Planned,Planned,Completed,Bilateral,Stable,Inflammation
SYN-DM-00845,Aflibercept,4.19,Planned,Not indicated,Not given,Not indicated,Planned,Right,Improved,None
SYN-DM-00846,Aflibercept,2.46,Completed,Not indicated,Given,Planned,Completed,Bilateral,Improved,Other
SYN-DM-00847,Bevacizumab,5.36,Planned,Not indicated,Given,Planned,Not indicated,Right,Not assessed,Pressure rise
SYN-DM-00848,Bevacizumab,17.98,Completed,Completed,Not given,Planned,Planned,Neither,Not assessed,None
SYN-DM-00849,Ranibizumab,10.37,Planned,Planned,Not given,Not indicated,Planned,Right,Stable,None
SYN-DM-00850,None,2.11,Planned,Planned,Planned,Not indicated,Completed,Neither,Improved,None
SYN-DM-00851,None,14.3,Not indicated,Not indicated,Planned,Completed,Completed,Right,Worsened,Other
SYN-DM-00852,Bevacizumab,15.94,Completed,Not indicated,Given,Planned,Planned,Left,Improved,Inflammation
SYN-DM-00853,Ranibizumab,8.43,Planned,Partial,Not given,Planned,Completed,Bilateral,Not assessed,Inflammation
SYN-DM-00854,Aflibercept,15.19,Completed,Not indicated,Given,Not indicated,Not indicated,Left,Not assessed,Inflammation
SYN-DM-00855,None,6.74,Completed,Not indicated,Planned,Planned,Completed,Right,Stable,Pressure rise
SYN-DM-00856,None,6.28,Not indicated,Not indicated,Given,Planned,Completed,Right,Improved,Pressure rise
SYN-DM-00857,Aflibercept,11.24,Completed,Not indicated,Not given,Completed,Planned,Bilateral,Improved,None
SYN-DM-00858,Bevacizumab,1.97,Not indicated,Not indicated,Given,Planned,Not indicated,Right,Worsened,Pressure rise
SYN-DM-00859,Ranibizumab,11.37,Completed,Completed,Not given,Completed,Completed,Left,Improved,Other
SYN-DM-00860,Bevacizumab,13.48,Planned,Partial,Planned,Completed,Planned,Left,Improved,Pressure rise
SYN-DM-00861,None,8.87,Planned,Planned,Planned,Completed,Not indicated,Bilateral,Not assessed,Inflammation
SYN-DM-00862,None,17.72,Not indicated,Planned,Not given,Not indicated,Planned,Bilateral,Not assessed,Pressure rise
SYN-DM-00863,Bevacizumab,6.59,Not indicated,Planned,Given,Planned,Completed,Neither,Worsened,Other
SYN-DM-00864,Ranibizumab,3.65,Not indicated,Partial,Planned,Completed,Planned,Left,Not assessed,Other
SYN-DM-00865,Bevacizumab,17.02,Planned,Planned,Planned,Not indicated,Completed,Neither,Stable,Pressure rise
SYN-DM-00866,Aflibercept,4.92,Completed,Partial,Given,Planned,Planned,Left,Stable,Inflammation
SYN-DM-00867,Ranibizumab,4.37,Completed,Planned,Planned,Planned,Planned,Right,Improved,None
SYN-DM-00868,Ranibizumab,13.63,Completed,Not indicated,Given,Not indicated,Planned,Left,Stable,Pressure rise
SYN-DM-00869,Aflibercept,8.65,Completed,Partial,Given,Not indicated,Planned,Right,Improved,Pressure rise
SYN-DM-00870,None,15.08,Planned,Partial,Not given,Planned,Not indicated,Neither,Not assessed,Pressure rise
SYN-DM-00871,Aflibercept,6.65,Completed,Completed,Not given,Planned,Not indicated,Left,Stable,Pressure rise
SYN-DM-00872,Bevacizumab,4.97,Completed,Not indicated,Given,Not indicated,Completed,Neither,Worsened,Other
SYN-DM-00873,Bevacizumab,16.19,Completed,Completed,Planned,Completed,Planned,Right,Improved,None
SYN-DM-00874,Aflibercept,17.45,Not indicated,Not indicated,Planned,Completed,Planned,Neither,Improved,Inflammation
SYN-DM-00875,Aflibercept,10.1,Planned,Not indicated,Planned,Not indicated,Not indicated,Right,Not assessed,Inflammation
SYN-DM-00876,Ranibizumab,6.62,Not indicated,Partial,Given,Not indicated,Not indicated,Right,Stable,Pressure rise
SYN-DM-00877,Bevacizumab,3.11,Completed,Partial,Not given,Completed,Planned,Right,Stable,Inflammation
SYN-DM-00878,Ranibizumab,11.55,Completed,Completed,Not given,Not indicated,Planned,Neither,Stable,Inflammation
SYN-DM-00879,None,8.79,Completed,Not indicated,Planned,Planned,Completed,Neither,Stable,Inflammation
SYN-DM-00880,Bevacizumab,16.64,Planned,Planned,Planned,Not indicated,Not indicated,Neither,Stable,Inflammation
SYN-DM-00881,Aflibercept,2.55,Planned,Completed,Planned,Not indicated,Completed,Right,Not assessed,Inflammation
SYN-DM-00882,None,15.83,Completed,Not indicated,Planned,Planned,Planned,Neither,Not assessed,Other
SYN-DM-00883,None,9.74,Not indicated,Partial,Planned,Completed,Not indicated,Bilateral,Worsened,Other
SYN-DM-00884,None,13.27,Not indicated,Completed,Planned,Not indicated,Not indicated,Neither,Stable,Pressure rise
SYN-DM-00885,Bevacizumab,13.87,Planned,Completed,Not given,Not indicated,Completed,Left,Worsened,Other
SYN-DM-00886,Aflibercept,6.01,Completed,Not indicated,Given,Not indicated,Not indicated,Right,Improved,None
SYN-DM-00887,Bevacizumab,0.71,Completed,Partial,Given,Completed,Planned,Bilateral,Not assessed,Inflammation
SYN-DM-00888,None,14.84,Not indicated,Completed,Given,Completed,Not indicated,Right,Worsened,None
SYN-DM-00889,None,0.32,Not indicated,Not indicated,Planned,Not indicated,Planned,Right,Improved,None
SYN-DM-00890,Bevacizumab,15.97,Completed,Completed,Not given,Not indicated,Completed,Neither,Worsened,Pressure rise
SYN-DM-00891,Ranibizumab,9.48,Planned,Planned,Not given,Completed,Planned,Right,Improved,None
SYN-DM-00892,Ranibizumab,5.96,Planned,Partial,Not given,Completed,Completed,Bilateral,Worsened,Inflammation
SYN-DM-00893,None,5.33,Not indicated,Partial,Given,Planned,Not indicated,Left,Stable,Other
SYN-DM-00894,Aflibercept,12.12,Completed,Not indicated,Not given,Not indicated,Completed,Right,Not assessed,None
SYN-DM-00895,Bevacizumab,8.66,Not indicated,Planned,Given,Completed,Completed,Right,Worsened,None
SYN-DM-00896,None,4.66,Planned,Planned,Planned,Completed,Planned,Bilateral,Worsened,Other
SYN-DM-00897,None,9.57,Completed,Not indicated,Not given,Not indicated,Planned,Neither,Worsened,Pressure rise
SYN-DM-00898,Bevacizumab,13.59,Planned,Planned,Given,Planned,Planned,Bilateral,Not assessed,None
SYN-DM-00899,None,9.1,Not indicated,Partial,Given,Not indicated,Not indicated,Bilateral,Stable,None
SYN-DM-00900,None,16.68,Completed,Completed,Given,Completed,Completed,Left,Stable,Pressure rise
SYN-DM-00901,Aflibercept,16.92,Completed,Not indicated,Planned,Planned,Not indicated,Right,Not assessed,Other
SYN-DM-00902,Ranibizumab,12.55,Not indicated,Partial,Given,Planned,Completed,Bilateral,Stable,Inflammation
SYN-DM-00903,Ranibizumab,16.99,Completed,Planned,Given,Completed,Completed,Left,Worsened,Pressure rise
SYN-DM-00904,Aflibercept,8.9,Planned,Not indicated,Planned,Completed,Planned,Bilateral,Worsened,Pressure rise
SYN-DM-00905,Aflibercept,9.57,Completed,Completed,Not given,Not indicated,Not indicated,Bilateral,Worsened,None
SYN-DM-00906,Ranibizumab,16.67,Completed,Partial,Not given,Completed,Not indicated,Neither,Not assessed,Other
SYN-DM-00907,Aflibercept,1.7,Not indicated,Completed,Planned,Planned,Planned,Neither,Improved,Pressure rise
SYN-DM-00908,Aflibercept,16.45,Planned,Partial,Given,Completed,Completed,Bilateral,Improved,Other
SYN-DM-00909,None,15.1,Completed,Not indicated,Not given,Completed,Planned,Bilateral,Not assessed,Inflammation
SYN-DM-00910,None,1.43,Completed,Completed,Planned,Planned,Planned,Neither,Stable,None
SYN-DM-00911,Aflibercept,7.76,Completed,Planned,Planned,Not indicated,Planned,Right,Not assessed,None
SYN-DM-00912,Aflibercept,6.1,Not indicated,Completed,Given,Not indicated,Not indicated,Right,Not assessed,Other
SYN-DM-00913,None,6.52,Completed,Not indicated,Not given,Not indicated,Not indicated,Neither,Worsened,None
SYN-DM-00914,None,4.69,Not indicated,Planned,Not given,Planned,Not indicated,Neither,Worsened,Pressure rise
SYN-DM-00915,Aflibercept,1.42,Completed,Not indicated,Given,Not indicated,Completed,Right,Improved,Pressure rise
SYN-DM-00916,Bevacizumab,10.44,Not indicated,Partial,Given,Not indicated,Completed,Left,Not assessed,None
SYN-DM-00917,None,4.91,Not indicated,Not indicated,Not given,Completed,Planned,Bilateral,Improved,Other
SYN-DM-00918,None,9.07,Planned,Planned,Given,Completed,Planned,Bilateral,Improved,Inflammation
SYN-DM-00919,Aflibercept,16.6,Planned,Not indicated,Planned,Planned,Not indicated,Neither,Not assessed,Inflammation
SYN-DM-00920,Ranibizumab,2.5,Not indicated,Not indicated,Planned,Completed,Planned,Bilateral,Worsened,Other
SYN-DM-00921,Ranibizumab,7.67,Completed,Completed,Planned,Not indicated,Not indicated,Left,Worsened,Inflammation
SYN-DM-00922,Ranibizumab,13.53,Not indicated,Planned,Not given,Planned,Not indicated,Right,Worsened,Pressure rise
SYN-DM-00923,Bevacizumab,13.98,Completed,Planned,Planned,Not indicated,Planned,Right,Stable,None
SYN-DM-00924,Aflibercept,9.77,Completed,Partial,Planned,Completed,Completed,Left,Not assessed,Other
SYN-DM-00925,Ranibizumab,8.35,Not indicated,Partial,Not given,Not indicated,Completed,Right,Improved,Inflammation
SYN-DM-00926,Bevacizumab,13.32,Completed,Completed,Planned,Planned,Completed,Left,Improved,Other
SYN-DM-00927,Ranibizumab,7.71,Completed,Not indicated,Not given,Completed,Completed,Left,Stable,Other
SYN-DM-00928,None,12.71,Completed,Partial,Planned,Planned,Not indicated,Bilateral,Worsened,None
SYN-DM-00929,None,1.63,Not indicated,Planned,Not given,Not indicated,Completed,Bilateral,Improved,Inflammation
SYN-DM-00930,Aflibercept,12.35,Not indicated,Partial,Given,Completed,Planned,Bilateral,Stable,Inflammation
SYN-DM-00931,Aflibercept,2.33,Completed,Planned,Given,Completed,Planned,Bilateral,Improved,Inflammation
SYN-DM-00932,Ranibizumab,16.7,Not indicated,Planned,Not given,Not indicated,Completed,Neither,Not assessed,Inflammation
SYN-DM-00933,Bevacizumab,7.0,Completed,Completed,Planned,Not indicated,Planned,Right,Improved,Other
SYN-DM-00934,Ranibizumab,4.05,Completed,Completed,Planned,Completed,Not indicated,Neither,Not assessed,Inflammation
SYN-DM-00935,Aflibercept,5.12,Not indicated,Planned,Planned,Not indicated,Not indicated,Bilateral,Worsened,None
SYN-DM-00936,Aflibercept,10.16,Planned,Partial,Planned,Not indicated,Completed,Neither,Not assessed,None
SYN-DM-00937,Ranibizumab,1.64,Planned,Not indicated,Planned,Completed,Planned,Right,Not assessed,Pressure rise
SYN-DM-00938,Ranibizumab,14.83,Planned,Planned,Not given,Planned,Not indicated,Left,Stable,Inflammation
SYN-DM-00939,Aflibercept,8.25,Planned,Partial,Given,Planned,Completed,Neither,Improved,Other
SYN-DM-00940,None,17.78,Not indicated,Planned,Not given,Completed,Not indicated,Right,Not assessed,Pressure rise
SYN-DM-00941,Ranibizumab,16.39,Planned,Completed,Given,Not indicated,Not indicated,Bilateral,Not assessed,Pressure rise
SYN-DM-00942,Ranibizumab,2.37,Completed,Not indicated,Given,Completed,Completed,Bilateral,Improved,Other
SYN-DM-00943,Bevacizumab,0.16,Planned,Completed,Not given,Not indicated,Planned,Neither,Worsened,Other
SYN-DM-00944,Bevacizumab,7.32,Completed,Not indicated,Given,Completed,Planned,Neither,Worsened,None
SYN-DM-00945,Bevacizumab,2.01,Not indicated,Partial,Planned,Planned,Not indicated,Bilateral,Worsened,Inflammation
SYN-DM-00946,Ranibizumab,14.38,Not indicated,Planned,Given,Not indicated,Planned,Bilateral,Stable,Other
SYN-DM-00947,Bevacizumab,2.86,Not indicated,Completed,Given,Planned,Planned,Left,Improved,Other
SYN-DM-00948,None,3.02,Not indicated,Partial,Given,Not indicated,Not indicated,Right,Stable,None
SYN-DM-00949,Ranibizumab,10.52,Planned,Not indicated,Not given,Completed,Completed,Right,Worsened,Inflammation
SYN-DM-00950,Bevacizumab,16.43,Planned,Not indicated,Planned,Not indicated,Completed,Bilateral,Worsened,None
SYN-DM-00951,Ranibizumab,15.0,Completed,Completed,Not given,Completed,Not indicated,Neither,Stable,None
SYN-DM-00952,Ranibizumab,2.96,Completed,Completed,Given,Not indicated,Planned,Left,Not assessed,None
SYN-DM-00953,Aflibercept,17.89,Planned,Partial,Not given,Planned,Completed,Bilateral,Stable,None
SYN-DM-00954,None,14.32,Planned,Not indicated,Not given,Not indicated,Planned,Right,Worsened,None
SYN-DM-00955,Bevacizumab,1.12,Planned,Not indicated,Not given,Planned,Planned,Right,Worsened,None
SYN-DM-00956,Ranibizumab,1.45,Not indicated,Partial,Given,Not indicated,Not indicated,Bilateral,Not assessed,None
SYN-DM-00957,Ranibizumab,9.59,Planned,Completed,Given,Completed,Not indicated,Bilateral,Not assessed,None
SYN-DM-00958,Bevacizumab,4.72,Not indicated,Planned,Planned,Completed,Not indicated,Right,Not assessed,Inflammation
SYN-DM-00959,Aflibercept,8.17,Planned,Not indicated,Not given,Not indicated,Not indicated,Right,Worsened,Inflammation
SYN-DM-00960,Aflibercept,8.86,Not indicated,Not indicated,Given,Planned,Planned,Bilateral,Stable,Other
SYN-DM-00961,Ranibizumab,11.7,Planned,Partial,Given,Not indicated,Completed,Neither,Improved,Other
SYN-DM-00962,Aflibercept,14.36,Not indicated,Completed,Planned,Planned,Planned,Left,Stable,None
SYN-DM-00963,Bevacizumab,7.06,Not indicated,Completed,Given,Completed,Not indicated,Bilateral,Stable,Other
SYN-DM-00964,Aflibercept,8.37,Completed,Partial,Given,Completed,Not indicated,Right,Worsened,Pressure rise
SYN-DM-00965,Ranibizumab,11.4,Not indicated,Completed,Not given,Planned,Completed,Right,Worsened,Pressure rise
SYN-DM-00966,Bevacizumab,11.18,Not indicated,Partial,Given,Not indicated,Completed,Neither,Worsened,Pressure rise
SYN-DM-00967,Bevacizumab,13.45,Completed,Partial,Not given,Planned,Completed,Right,Not assessed,Other
SYN-DM-00968,Aflibercept,5.13,Planned,Completed,Not given,Planned,Not indicated,Bilateral,Stable,None
SYN-DM-00969,Aflibercept,15.57,Not indicated,Partial,Planned,Completed,Planned,Bilateral,Stable,Other
SYN-DM-00970,Ranibizumab,13.12,Completed,Planned,Given,Not indicated,Planned,Left,Worsened,Inflammation
SYN-DM-00971,Aflibercept,17.85,Completed,Planned,Not given,Not indicated,Not indicated,Neither,Stable,None
SYN-DM-00972,None,5.19,Planned,Partial,Given,Planned,Completed,Bilateral,Stable,Other
SYN-DM-00973,None,7.74,Planned,Completed,Not given,Planned,Not indicated,Left,Not assessed,Inflammation
SYN-DM-00974,None,7.81,Not indicated,Not indicated,Planned,Planned,Completed,Right,Improved,Inflammation
SYN-DM-00975,Bevacizumab,6.43,Not indicated,Planned,Planned,Not indicated,Not indicated,Left,Worsened,None
SYN-DM-00976,Bevacizumab,9.69,Not indicated,Planned,Given,Planned,Not indicated,Bilateral,Not assessed,Other
SYN-DM-00977,None,16.38,Completed,Not indicated,Planned,Completed,Planned,Left,Worsened,Inflammation
SYN-DM-00978,None,9.69,Planned,Planned,Given,Not indicated,Completed,Left,Improved,Pressure rise
SYN-DM-00979,Bevacizumab,4.44,Completed,Partial,Not given,Completed,Not indicated,Right,Not assessed,Other
SYN-DM-00980,Bevacizumab,13.48,Not indicated,Completed,Planned,Completed,Planned,Neither,Improved,Other
SYN-DM-00981,None,16.57,Completed,Partial,Planned,Not indicated,Completed,Left,Stable,Inflammation
SYN-DM-00982,Ranibizumab,11.56,Not indicated,Partial,Given,Not indicated,Planned,Bilateral,Worsened,Inflammation
SYN-DM-00983,Ranibizumab,14.79,Completed,Planned,Given,Planned,Not indicated,Neither,Worsened,None
SYN-DM-00984,Ranibizumab,14.03,Planned,Planned,Not given,Planned,Completed,Neither,Improved,None
SYN-DM-00985,Ranibizumab,3.33,Planned,Completed,Planned,Planned,Completed,Bilateral,Worsened,None
SYN-DM-00986,Bevacizumab,5.0,Completed,Planned,Planned,Not indicated,Not indicated,Right,Worsened,Inflammation
SYN-DM-00987,Ranibizumab,13.05,Completed,Planned,Given,Completed,Planned,Neither,Not assessed,None
SYN-DM-00988,Ranibizumab,11.67,Completed,Completed,Planned,Completed,Not indicated,Left,Worsened,None
SYN-DM-00989,Aflibercept,8.3,Not indicated,Partial,Not given,Planned,Completed,Bilateral,Improved,Other
SYN-DM-00990,None,11.66,Completed,Planned,Planned,Not indicated,Planned,Bilateral,Improved,Inflammation
SYN-DM-00991,None,17.82,Not indicated,Partial,Not given,Completed,Planned,Neither,Stable,None
SYN-DM-00992,None,2.85,Not indicated,Completed,Planned,Not indicated,Completed,Neither,Improved,Inflammation
SYN-DM-00993,Aflibercept,11.29,Not indicated,Partial,Not given,Not indicated,Completed,Left,Stable,None
SYN-DM-00994,Aflibercept,3.87,Not indicated,Not indicated,Given,Planned,Completed,Left,Stable,None
SYN-DM-00995,Bevacizumab,13.69,Not indicated,Not indicated,Not given,Planned,Completed,Left,Not assessed,Other
SYN-DM-00996,Aflibercept,4.38,Not indicated,Planned,Planned,Completed,Not indicated,Neither,Worsened,Inflammation
SYN-DM-00997,Aflibercept,16.18,Planned,Planned,Given,Planned,Planned,Neither,Worsened,None
SYN-DM-00998,Aflibercept,16.74,Completed,Not indicated,Not given,Not indicated,Completed,Neither,Not assessed,Inflammation
SYN-DM-00999,None,5.18,Planned,Planned,Planned,Planned,Not indicated,Neither,Not assessed,Other
SYN-DM-01000,Bevacizumab,6.76,Completed,Completed,Given,Not indicated,Planned,Neither,Stable,Other
SYN-DM-01001,Ranibizumab,11.06,Completed,Planned,Given,Not indicated,Not indicated,Left,Not assessed,Pressure rise
SYN-DM-01002,Aflibercept,10.08,Completed,Planned,Given,Not indicated,Planned,Neither,Not assessed,Inflammation
SYN-DM-01003,Bevacizumab,1.84,Not indicated,Completed,Planned,Not indicated,Completed,Neither,Worsened,None
SYN-DM-01004,Ranibizumab,14.01,Not indicated,Completed,Not given,Not indicated,Planned,Bilateral,Worsened,Inflammation
SYN-DM-01005,Ranibizumab,14.59,Completed,Not indicated,Planned,Completed,Completed,Bilateral,Worsened,Other
SYN-DM-01006,Ranibizumab,1.98,Completed,Not indicated,Not given,Completed,Not indicated,Left,Worsened,None
SYN-DM-01007,Bevacizumab,1.05,Not indicated,Partial,Planned,Planned,Planned,Right,Improved,None
SYN-DM-01008,Aflibercept,15.98,Planned,Partial,Not given,Planned,Planned,Neither,Not assessed,None
SYN-DM-01009,None,4.51,Planned,Planned,Given,Completed,Not indicated,Left,Not assessed,None
SYN-DM-01010,Bevacizumab,7.31,Planned,Not indicated,Planned,Not indicated,Completed,Right,Stable,Other
SYN-DM-01011,Aflibercept,2.79,Not indicated,Completed,Planned,Planned,Not indicated,Right,Not assessed,None
SYN-DM-01012,None,9.32,Completed,Planned,Not given,Planned,Not indicated,Neither,Improved,Inflammation
SYN-DM-01013,Ranibizumab,15.89,Completed,Planned,Not given,Planned,Completed,Neither,Not assessed,Inflammation
SYN-DM-01014,None,10.99,Completed,Not indicated,Planned,Planned,Not indicated,Neither,Not assessed,Inflammation
SYN-DM-01015,Bevacizumab,17.55,Completed,Partial,Planned,Not indicated,Not indicated,Bilateral,Improved,Other
SYN-DM-01016,Ranibizumab,7.68,Not indicated,Partial,Given,Planned,Planned,Right,Improved,Inflammation
SYN-DM-01017,Ranibizumab,1.44,Completed,Not indicated,Given,Completed,Not indicated,Neither,Improved,None
SYN-DM-01018,Bevacizumab,4.58,Not indicated,Partial,Given,Planned,Planned,Left,Not assessed,Other
SYN-DM-01019,Bevacizumab,3.86,Completed,Not indicated,Not given,Planned,Completed,Bilateral,Stable,None
SYN-DM-01020,Aflibercept,15.0,Planned,Not indicated,Planned,Not indicated,Completed,Bilateral,Stable,None
SYN-DM-01021,Aflibercept,15.1,Planned,Planned,Given,Planned,Planned,Right,Worsened,Pressure rise
SYN-DM-01022,Bevacizumab,13.19,Not indicated,Partial,Planned,Completed,Completed,Bilateral,Improved,Pressure rise
SYN-DM-01023,Bevacizumab,5.02,Planned,Planned,Planned,Planned,Completed,Bilateral,Worsened,Pressure rise
SYN-DM-01024,Bevacizumab,4.38,Not indicated,Planned,Not given,Not indicated,Completed,Left,Improved,Pressure rise
SYN-DM-01025,Aflibercept,4.05,Completed,Not indicated,Planned,Not indicated,Not indicated,Left,Not assessed,Pressure rise
SYN-DM-01026,Bevacizumab,1.85,Completed,Partial,Not given,Completed,Planned,Right,Worsened,Pressure rise
SYN-DM-01027,Aflibercept,3.13,Not indicated,Not indicated,Not given,Planned,Completed,Right,Worsened,Pressure rise
SYN-DM-01028,Bevacizumab,13.38,Completed,Partial,Not given,Not indicated,Completed,Left,Improved,Inflammation
SYN-DM-01029,Bevacizumab,5.14,Completed,Not indicated,Not given,Completed,Planned,Right,Worsened,Other
SYN-DM-01030,Bevacizumab,2.69,Completed,Partial,Given,Planned,Planned,Bilateral,Not assessed,Pressure rise
SYN-DM-01031,Ranibizumab,17.81,Completed,Not indicated,Given,Completed,Completed,Right,Stable,None
SYN-DM-01032,Ranibizumab,2.64,Not indicated,Planned,Not given,Completed,Not indicated,Bilateral,Improved,Pressure rise
SYN-DM-01033,None,6.89,Planned,Partial,Not given,Not indicated,Completed,Left,Worsened,None
SYN-DM-01034,Aflibercept,9.95,Not indicated,Not indicated,Given,Completed,Not indicated,Left,Worsened,Inflammation
SYN-DM-01035,Bevacizumab,4.14,Planned,Planned,Given,Not indicated,Planned,Left,Stable,Inflammation
SYN-DM-01036,Aflibercept,7.16,Planned,Not indicated,Planned,Planned,Not indicated,Bilateral,Not assessed,None
SYN-DM-01037,Bevacizumab,0.28,Completed,Not indicated,Not given,Completed,Planned,Neither,Stable,Inflammation
SYN-DM-01038,Aflibercept,16.79,Planned,Not indicated,Given,Completed,Completed,Left,Not assessed,None
SYN-DM-01039,Aflibercept,4.8,Planned,Not indicated,Planned,Completed,Completed,Bilateral,Worsened,Inflammation
SYN-DM-01040,None,12.26,Planned,Partial,Given,Not indicated,Planned,Right,Worsened,None
SYN-DM-01041,Bevacizumab,7.6,Completed,Planned,Given,Not indicated,Planned,Right,Improved,Other
SYN-DM-01042,None,10.25,Completed,Completed,Planned,Planned,Planned,Bilateral,Not assessed,Other
SYN-DM-01043,Aflibercept,0.9,Not indicated,Completed,Planned,Not indicated,Completed,Bilateral,Worsened,Inflammation
SYN-DM-01044,Aflibercept,1.41,Not indicated,Partial,Planned,Not indicated,Completed,Bilateral,Worsened,Inflammation
SYN-DM-01045,None,6.55,Completed,Not indicated,Not given,Completed,Completed,Bilateral,Stable,None
SYN-DM-01046,Ranibizumab,2.43,Completed,Completed,Given,Completed,Completed,Bilateral,Not assessed,Pressure rise
SYN-DM-01047,None,15.41,Completed,Planned,Given,Completed,Planned,Right,Improved,Pressure rise
SYN-DM-01048,Ranibizumab,7.79,Not indicated,Not indicated,Given,Planned,Completed,Neither,Improved,Inflammation
SYN-DM-01049,Aflibercept,16.98,Not indicated,Partial,Planned,Completed,Completed,Right,Not assessed,None
SYN-DM-01050,Ranibizumab,5.51,Not indicated,Not indicated,Planned,Planned,Completed,Right,Worsened,None
SYN-DM-01051,None,6.64,Completed,Not indicated,Planned,Planned,Planned,Left,Not assessed,Pressure rise
SYN-DM-01052,None,9.38,Completed,Planned,Not given,Completed,Completed,Bilateral,Not assessed,None
SYN-DM-01053,None,15.81,Planned,Partial,Not given,Not indicated,Planned,Bilateral,Not assessed,None
SYN-DM-01054,None,17.78,Not indicated,Partial,Planned,Completed,Not indicated,Left,Not assessed,Inflammation
SYN-DM-01055,None,2.79,Completed,Planned,Planned,Not indicated,Planned,Bilateral,Improved,Other
SYN-DM-01056,Aflibercept,10.82,Not indicated,Partial,Not given,Planned,Not indicated,Right,Stable,None
SYN-DM-01057,Ranibizumab,6.66,Not indicated,Completed,Not given,Planned,Completed,Bilateral,Worsened,None
SYN-DM-01058,Ranibizumab,10.25,Completed,Partial,Not given,Completed,Not indicated,Right,Not assessed,Inflammation
SYN-DM-01059,Ranibizumab,3.39,Not indicated,Not indicated,Planned,Completed,Planned,Right,Improved,None
SYN-DM-01060,Bevacizumab,1.62,Completed,Partial,Planned,Completed,Not indicated,Neither,Improved,Pressure rise
SYN-DM-01061,Ranibizumab,13.99,Completed,Partial,Given,Completed,Planned,Neither,Worsened,None
SYN-DM-01062,None,16.35,Not indicated,Planned,Given,Planned,Not indicated,Neither,Worsened,Other
SYN-DM-01063,Ranibizumab,6.81,Planned,Planned,Not given,Completed,Not indicated,Left,Improved,Pressure rise
SYN-DM-01064,Ranibizumab,4.91,Not indicated,Partial,Given,Completed,Planned,Neither,Improved,Pressure rise
SYN-DM-01065,Aflibercept,14.14,Completed,Partial,Not given,Not indicated,Completed,Neither,Improved,Other
SYN-DM-01066,Ranibizumab,13.63,Not indicated,Planned,Given,Not indicated,Planned,Neither,Stable,None
SYN-DM-01067,Aflibercept,11.19,Not indicated,Planned,Not given,Planned,Completed,Neither,Worsened,None
SYN-DM-01068,Aflibercept,11.1,Not indicated,Completed,Planned,Not indicated,Completed,Left,Not assessed,None
SYN-DM-01069,Aflibercept,15.9,Planned,Planned,Given,Planned,Not indicated,Bilateral,Worsened,Other
SYN-DM-01070,Ranibizumab,3.12,Completed,Partial,Planned,Completed,Planned,Left,Stable,Other
SYN-DM-01071,Ranibizumab,17.39,Completed,Planned,Given,Completed,Not indicated,Neither,Stable,Other
SYN-DM-01072,Aflibercept,4.93,Completed,Completed,Planned,Completed,Not indicated,Right,Stable,Other
SYN-DM-01073,Aflibercept,2.81,Completed,Not indicated,Not given,Not indicated,Completed,Bilateral,Worsened,Other
SYN-DM-01074,Bevacizumab,10.02,Planned,Not indicated,Not given,Planned,Not indicated,Bilateral,Not assessed,Other
SYN-DM-01075,Aflibercept,0.43,Not indicated,Completed,Given,Completed,Not indicated,Neither,Worsened,Inflammation
SYN-DM-01076,Ranibizumab,11.84,Planned,Not indicated,Planned,Completed,Completed,Neither,Stable,None
SYN-DM-01077,Bevacizumab,16.71,Not indicated,Planned,Given,Completed,Completed,Right,Not assessed,None
SYN-DM-01078,Ranibizumab,6.32,Not indicated,Planned,Given,Planned,Not indicated,Left,Stable,None
SYN-DM-01079,None,17.84,Completed,Not indicated,Given,Completed,Not indicated,Neither,Improved,Other
SYN-DM-01080,Ranibizumab,3.95,Planned,Completed,Given,Planned,Not indicated,Right,Improved,Other
SYN-DM-01081,Ranibizumab,7.22,Not indicated,Planned,Not given,Completed,Planned,Left,Worsened,Pressure rise
SYN-DM-01082,Bevacizumab,6.22,Completed,Completed,Planned,Planned,Planned,Right,Improved,Inflammation
SYN-DM-01083,Ranibizumab,10.92,Completed,Completed,Planned,Not indicated,Planned,Neither,Worsened,Other
SYN-DM-01084,Bevacizumab,1.9,Completed,Planned,Not given,Not indicated,Not indicated,Bilateral,Not assessed,Pressure rise
SYN-DM-01085,None,8.32,Planned,Partial,Planned,Planned,Not indicated,Right,Worsened,Pressure rise
SYN-DM-01086,Aflibercept,4.52,Completed,Completed,Planned,Completed,Completed,Bilateral,Stable,Inflammation
SYN-DM-01087,Aflibercept,8.49,Not indicated,Planned,Not given,Completed,Completed,Right,Not assessed,Other
SYN-DM-01088,None,5.36,Not indicated,Not indicated,Given,Not indicated,Completed,Left,Not assessed,Other
SYN-DM-01089,Aflibercept,14.09,Not indicated,Partial,Planned,Planned,Not indicated,Bilateral,Not assessed,None
SYN-DM-01090,Ranibizumab,16.67,Not indicated,Completed,Given,Not indicated,Completed,Left,Not assessed,Inflammation
SYN-DM-01091,None,5.98,Not indicated,Completed,Not given,Completed,Completed,Right,Improved,Other
SYN-DM-01092,Bevacizumab,9.32,Not indicated,Not indicated,Not given,Not indicated,Planned,Left,Not assessed,Other
SYN-DM-01093,Aflibercept,11.4,Not indicated,Partial,Planned,Completed,Not indicated,Neither,Worsened,Pressure rise
SYN-DM-01094,Ranibizumab,16.77,Not indicated,Completed,Planned,Planned,Completed,Left,Not assessed,Other
SYN-DM-01095,Aflibercept,0.5,Completed,Completed,Not given,Planned,Planned,Left,Improved,Inflammation
SYN-DM-01096,Ranibizumab,4.01,Planned,Planned,Planned,Planned,Planned,Left,Stable,Other
SYN-DM-01097,Aflibercept,8.06,Planned,Completed,Given,Completed,Not indicated,Right,Worsened,Pressure rise
SYN-DM-01098,Ranibizumab,3.01,Planned,Partial,Planned,Completed,Not indicated,Bilateral,Stable,Other
SYN-DM-01099,None,6.08,Planned,Not indicated,Given,Completed,Completed,Neither,Improved,Pressure rise
SYN-DM-01100,None,6.68,Not indicated,Not indicated,Given,Completed,Not indicated,Left,Stable,Pressure rise
SYN-DM-01101,Ranibizumab,5.82,Planned,Not indicated,Planned,Completed,Planned,Neither,Worsened,None
SYN-DM-01102,None,3.65,Not indicated,Planned,Given,Not indicated,Not indicated,Left,Worsened,None
SYN-DM-01103,Aflibercept,4.71,Planned,Planned,Not given,Not indicated,Planned,Neither,Improved,Other
SYN-DM-01104,None,2.55,Not indicated,Partial,Given,Planned,Completed,Right,Worsened,Pressure rise
SYN-DM-01105,None,11.94,Planned,Completed,Planned,Completed,Planned,Neither,Worsened,Inflammation
SYN-DM-01106,Bevacizumab,0.84,Planned,Planned,Given,Planned,Planned,Left,Worsened,Pressure rise
SYN-DM-01107,Bevacizumab,9.17,Planned,Not indicated,Not given,Not indicated,Not indicated,Neither,Not assessed,Pressure rise
SYN-DM-01108,Bevacizumab,16.28,Completed,Not indicated,Given,Completed,Planned,Right,Worsened,Inflammation
SYN-DM-01109,Aflibercept,13.88,Planned,Planned,Planned,Not indicated,Planned,Bilateral,Stable,Pressure rise
SYN-DM-01110,Bevacizumab,17.5,Planned,Planned,Not given,Completed,Completed,Bilateral,Stable,Other
SYN-DM-01111,Bevacizumab,1.6,Not indicated,Not indicated,Planned,Completed,Not indicated,Right,Improved,None
SYN-DM-01112,Aflibercept,2.05,Completed,Planned,Not given,Planned,Planned,Bilateral,Improved,None
SYN-DM-01113,Aflibercept,7.28,Not indicated,Not indicated,Given,Not indicated,Not indicated,Bilateral,Improved,Other
SYN-DM-01114,Ranibizumab,7.88,Not indicated,Partial,Not given,Not indicated,Completed,Neither,Improved,Inflammation
SYN-DM-01115,Aflibercept,17.43,Completed,Completed,Planned,Planned,Planned,Right,Improved,Pressure rise
SYN-DM-01116,Aflibercept,6.55,Not indicated,Planned,Not given,Completed,Not indicated,Right,Not assessed,Inflammation
SYN-DM-01117,Ranibizumab,10.35,Planned,Planned,Not given,Not indicated,Planned,Left,Not assessed,Inflammation
SYN-DM-01118,None,5.47,Not indicated,Partial,Given,Completed,Not indicated,Bilateral,Not assessed,Inflammation
SYN-DM-01119,Bevacizumab,16.53,Completed,Partial,Not given,Planned,Completed,Neither,Stable,None
SYN-DM-01120,Bevacizumab,14.03,Not indicated,Not indicated,Given,Completed,Not indicated,Left,Worsened,Inflammation
SYN-DM-01121,Aflibercept,3.52,Not indicated,Partial,Planned,Completed,Planned,Neither,Not assessed,None
SYN-DM-01122,None,0.74,Planned,Completed,Given,Planned,Completed,Neither,Stable,Other
SYN-DM-01123,Ranibizumab,13.69,Completed,Not indicated,Planned,Completed,Completed,Left,Improved,Inflammation
SYN-DM-01124,Aflibercept,6.69,Completed,Not indicated,Given,Completed,Planned,Left,Not assessed,Pressure rise
SYN-DM-01125,Aflibercept,7.29,Not indicated,Not indicated,Given,Not indicated,Not indicated,Bilateral,Stable,Inflammation
SYN-DM-01126,Aflibercept,1.35,Not indicated,Not indicated,Not given,Not indicated,Not indicated,Left,Stable,Other
SYN-DM-01127,Ranibizumab,4.16,Completed,Completed,Planned,Completed,Not indicated,Left,Improved,Pressure rise
SYN-DM-01128,Aflibercept,0.08,Planned,Completed,Planned,Not indicated,Planned,Bilateral,Not assessed,None
SYN-DM-01129,Bevacizumab,15.92,Planned,Partial,Not given,Planned,Completed,Bilateral,Improved,Other
SYN-DM-01130,Ranibizumab,1.54,Completed,Partial,Not given,Completed,Planned,Right,Improved,Inflammation
SYN-DM-01131,Aflibercept,16.34,Planned,Planned,Given,Not indicated,Not indicated,Bilateral,Stable,Inflammation
SYN-DM-01132,Ranibizumab,8.97,Not indicated,Planned,Not given,Planned,Completed,Right,Worsened,Pressure rise
SYN-DM-01133,None,7.48,Completed,Partial,Not given,Completed,Planned,Bilateral,Not assessed,None
SYN-DM-01134,Ranibizumab,0.6,Completed,Completed,Planned,Not indicated,Completed,Neither,Improved,Inflammation
SYN-DM-01135,Ranibizumab,2.01,Planned,Not indicated,Planned,Planned,Not indicated,Bilateral,Stable,Other
SYN-DM-01136,Aflibercept,15.85,Not indicated,Partial,Planned,Completed,Completed,Neither,Not assessed,None
SYN-DM-01137,Ranibizumab,11.57,Completed,Not indicated,Planned,Completed,Not indicated,Right,Stable,Inflammation
SYN-DM-01138,Bevacizumab,14.94,Planned,Partial,Planned,Completed,Planned,Right,Not assessed,None
SYN-DM-01139,Bevacizumab,10.31,Not indicated,Planned,Planned,Planned,Not indicated,Bilateral,Not assessed,Other
SYN-DM-01140,Bevacizumab,2.54,Completed,Not indicated,Not given,Not indicated,Planned,Left,Worsened,None
SYN-DM-01141,None,5.66,Not indicated,Planned,Not given,Completed,Completed,Neither,Not assessed,Other
SYN-DM-01142,None,0.8,Not indicated,Planned,Not given,Not indicated,Completed,Bilateral,Worsened,Pressure rise
SYN-DM-01143,None,16.47,Planned,Not indicated,Planned,Completed,Not indicated,Bilateral,Stable,Other
SYN-DM-01144,None,12.66,Planned,Completed,Not given,Not indicated,Not indicated,Right,Worsened,Inflammation
SYN-DM-01145,Ranibizumab,8.61,Not indicated,Planned,Given,Not indicated,Planned,Left,Stable,Inflammation
SYN-DM-01146,None,7.95,Not indicated,Not indicated,Not given,Completed,Completed,Neither,Stable,Inflammation
SYN-DM-01147,Bevacizumab,10.97,Planned,Completed,Given,Not indicated,Planned,Right,Improved,None
SYN-DM-01148,Aflibercept,12.25,Completed,Not indicated,Not given,Completed,Planned,Neither,Not assessed,Inflammation
SYN-DM-01149,Ranibizumab,1.61,Planned,Completed,Not given,Not indicated,Completed,Left,Not assessed,None
SYN-DM-01150,Bevacizumab,3.19,Planned,Planned,Planned,Planned,Not indicated,Left,Improved,Other
SYN-DM-01151,Bevacizumab,7.0,Completed,Completed,Planned,Not indicated,Completed,Neither,Worsened,None
SYN-DM-01152,Ranibizumab,1.68,Completed,Planned,Not given,Completed,Completed,Neither,Worsened,Inflammation
SYN-DM-01153,None,15.73,Not indicated,Completed,Not given,Planned,Not indicated,Bilateral,Improved,Pressure rise
SYN-DM-01154,None,0.66,Planned,Not indicated,Planned,Not indicated,Completed,Right,Not assessed,Inflammation
SYN-DM-01155,Aflibercept,9.97,Not indicated,Not indicated,Given,Planned,Planned,Left,Stable,Inflammation
SYN-DM-01156,Bevacizumab,12.63,Planned,Planned,Not given,Planned,Not indicated,Neither,Improved,None
SYN-DM-01157,Ranibizumab,5.06,Not indicated,Partial,Given,Planned,Not indicated,Right,Improved,Inflammation
SYN-DM-01158,Ranibizumab,3.47,Completed,Partial,Given,Planned,Not indicated,Right,Not assessed,Inflammation
SYN-DM-01159,None,7.12,Completed,Partial,Planned,Planned,Planned,Neither,Worsened,None
SYN-DM-01160,None,14.52,Completed,Completed,Given,Completed,Completed,Neither,Not assessed,Pressure rise
SYN-DM-01161,Ranibizumab,12.11,Not indicated,Completed,Given,Completed,Planned,Left,Stable,Pressure rise
SYN-DM-01162,Bevacizumab,7.56,Planned,Completed,Not given,Not indicated,Not indicated,Right,Improved,Inflammation
SYN-DM-01163,Ranibizumab,14.16,Not indicated,Completed,Not given,Completed,Not indicated,Bilateral,Improved,Other
SYN-DM-01164,Aflibercept,9.51,Completed,Partial,Given,Completed,Completed,Bilateral,Improved,Pressure rise
SYN-DM-01165,Bevacizumab,2.9,Not indicated,Partial,Not given,Not indicated,Not indicated,Right,Improved,Inflammation
SYN-DM-01166,None,10.27,Not indicated,Completed,Planned,Planned,Not indicated,Bilateral,Stable,Inflammation
SYN-DM-01167,None,16.39,Planned,Planned,Given,Planned,Not indicated,Neither,Improved,None
SYN-DM-01168,Aflibercept,3.42,Not indicated,Not indicated,Planned,Completed,Completed,Right,Worsened,None
SYN-DM-01169,Ranibizumab,7.05,Completed,Not indicated,Planned,Completed,Completed,Bilateral,Not assessed,None
SYN-DM-01170,Aflibercept,3.45,Completed,Not indicated,Given,Not indicated,Completed,Left,Worsened,Pressure rise
SYN-DM-01171,Aflibercept,16.19,Not indicated,Partial,Not given,Planned,Completed,Right,Not assessed,Other
SYN-DM-01172,Aflibercept,2.74,Planned,Not indicated,Not given,Completed,Not indicated,Right,Improved,Inflammation
SYN-DM-01173,Aflibercept,16.72,Planned,Planned,Planned,Completed,Not indicated,Right,Improved,None
SYN-DM-01174,None,6.77,Completed,Completed,Given,Completed,Not indicated,Right,Improved,None
SYN-DM-01175,Aflibercept,3.7,Completed,Completed,Given,Completed,Not indicated,Left,Stable,None
SYN-DM-01176,Aflibercept,10.56,Planned,Partial,Not given,Completed,Not indicated,Bilateral,Not assessed,Other
SYN-DM-01177,Ranibizumab,16.87,Not indicated,Planned,Given,Completed,Not indicated,Neither,Improved,Inflammation
SYN-DM-01178,Aflibercept,9.73,Not indicated,Completed,Not given,Planned,Not indicated,Bilateral,Worsened,Inflammation
SYN-DM-01179,Aflibercept,16.77,Completed,Not indicated,Given,Planned,Completed,Bilateral,Improved,Inflammation
SYN-DM-01180,Bevacizumab,8.41,Not indicated,Partial,Planned,Planned,Completed,Bilateral,Not assessed,Pressure rise
SYN-DM-01181,Aflibercept,13.0,Planned,Completed,Not given,Completed,Planned,Neither,Not assessed,None
SYN-DM-01182,Aflibercept,8.21,Not indicated,Partial,Given,Not indicated,Completed,Right,Stable,Pressure rise
SYN-DM-01183,None,3.37,Planned,Not indicated,Not given,Planned,Completed,Right,Worsened,Other
SYN-DM-01184,Aflibercept,6.65,Not indicated,Not indicated,Planned,Planned,Completed,Left,Improved,Other
SYN-DM-01185,None,9.96,Planned,Planned,Not given,Completed,Not indicated,Right,Improved,None
SYN-DM-01186,Bevacizumab,11.05,Planned,Planned,Not given,Planned,Completed,Bilateral,Not assessed,Pressure rise
SYN-DM-01187,Ranibizumab,17.21,Planned,Partial,Given,Planned,Not indicated,Left,Improved,Pressure rise
SYN-DM-01188,None,0.05,Not indicated,Not indicated,Given,Planned,Completed,Right,Not assessed,Other
SYN-DM-01189,Ranibizumab,11.41,Completed,Partial,Given,Planned,Not indicated,Right,Worsened,Other
SYN-DM-01190,Ranibizumab,17.46,Not indicated,Planned,Planned,Completed,Planned,Right,Worsened,None
SYN-DM-01191,Aflibercept,0.7,Completed,Not indicated,Not given,Not indicated,Planned,Right,Improved,Pressure rise
SYN-DM-01192,Bevacizumab,17.42,Planned,Planned,Not given,Completed,Not indicated,Right,Worsened,Other
SYN-DM-01193,Aflibercept,6.63,Not indicated,Completed,Given,Planned,Planned,Neither,Improved,None
SYN-DM-01194,None,8.05,Completed,Not indicated,Planned,Planned,Not indicated,Right,Worsened,Inflammation
SYN-DM-01195,Bevacizumab,17.52,Completed,Completed,Planned,Not indicated,Completed,Bilateral,Improved,Pressure rise
SYN-DM-01196,Ranibizumab,9.97,Completed,Planned,Not given,Planned,Planned,Right,Not assessed,None
SYN-DM-01197,None,12.13,Planned,Not indicated,Not given,Not indicated,Planned,Right,Stable,None
SYN-DM-01198,Aflibercept,10.89,Completed,Not indicated,Not given,Planned,Planned,Neither,Worsened,Inflammation
SYN-DM-01199,Aflibercept,6.72,Not indicated,Not indicated,Given,Not indicated,Planned,Bilateral,Worsened,Pressure rise
SYN-DM-01200,None,4.89,Planned,Not indicated,Not given,Planned,Planned,Right,Not assessed,Pressure rise
SYN-DM-01201,None,6.18,Not indicated,Planned,Given,Planned,Not indicated,Bilateral,Improved,Inflammation
SYN-DM-01202,Ranibizumab,7.3,Planned,Planned,Not given,Not indicated,Completed,Bilateral,Improved,Inflammation
SYN-DM-01203,Bevacizumab,5.69,Completed,Not indicated,Not given,Not indicated,Planned,Right,Stable,Pressure rise
SYN-DM-01204,Aflibercept,5.79,Not indicated,Not indicated,Not given,Planned,Not indicated,Right,Not assessed,Other
SYN-DM-01205,None,7.42,Not indicated,Not indicated,Not given,Not indicated,Completed,Bilateral,Worsened,Inflammation
SYN-DM-01206,Ranibizumab,12.62,Planned,Planned,Not given,Planned,Planned,Right,Stable,Pressure rise
SYN-DM-01207,Ranibizumab,9.84,Completed,Partial,Not given,Completed,Completed,Bilateral,Worsened,None
SYN-DM-01208,Bevacizumab,13.58,Completed,Completed,Given,Completed,Planned,Neither,Not assessed,Pressure rise
SYN-DM-01209,Aflibercept,6.94,Not indicated,Completed,Given,Completed,Completed,Neither,Worsened,Pressure rise
SYN-DM-01210,None,15.47,Planned,Completed,Given,Completed,Not indicated,Right,Improved,Inflammation
SYN-DM-01211,Aflibercept,13.43,Not indicated,Not indicated,Given,Not indicated,Planned,Right,Stable,None
SYN-DM-01212,None,16.19,Planned,Partial,Not given,Completed,Not indicated,Left,Not assessed,Pressure rise
SYN-DM-01213,None,16.65,Not indicated,Partial,Not given,Not indicated,Not indicated,Left,Stable,None
SYN-DM-01214,Bevacizumab,12.84,Not indicated,Partial,Not given,Planned,Planned,Neither,Stable,Pressure rise
SYN-DM-01215,Bevacizumab,8.11,Completed,Partial,Given,Completed,Completed,Left,Not assessed,Inflammation
SYN-DM-01216,Ranibizumab,4.88,Not indicated,Planned,Planned,Completed,Planned,Left,Not assessed,Pressure rise
SYN-DM-01217,Ranibizumab,5.97,Completed,Partial,Not given,Completed,Not indicated,Right,Worsened,None
SYN-DM-01218,None,5.89,Completed,Partial,Given,Planned,Planned,Left,Improved,Inflammation
SYN-DM-01219,Aflibercept,14.19,Planned,Not indicated,Not given,Not indicated,Planned,Neither,Not assessed,Pressure rise
SYN-DM-01220,None,13.99,Completed,Planned,Planned,Not indicated,Completed,Left,Worsened,Other
SYN-DM-01221,None,16.17,Planned,Planned,Planned,Not indicated,Planned,Left,Not assessed,None
SYN-DM-01222,Ranibizumab,8.46,Planned,Planned,Planned,Completed,Completed,Bilateral,Not assessed,Other
SYN-DM-01223,Ranibizumab,11.68,Not indicated,Planned,Not given,Planned,Not indicated,Left,Improved,Other
SYN-DM-01224,Bevacizumab,16.01,Not indicated,Not indicated,Not given,Not indicated,Not indicated,Left,Stable,None
SYN-DM-01225,Aflibercept,10.03,Completed,Planned,Not given,Not indicated,Completed,Neither,Worsened,Other
SYN-DM-01226,Bevacizumab,2.88,Planned,Completed,Planned,Planned,Not indicated,Right,Not assessed,Other
SYN-DM-01227,None,14.65,Planned,Completed,Planned,Not indicated,Planned,Bilateral,Worsened,Other
SYN-DM-01228,Aflibercept,11.48,Not indicated,Planned,Given,Planned,Not indicated,Neither,Stable,Inflammation
SYN-DM-01229,Ranibizumab,12.74,Planned,Planned,Given,Planned,Completed,Bilateral,Not assessed,None
SYN-DM-01230,Bevacizumab,6.88,Not indicated,Not indicated,Not given,Planned,Planned,Right,Not assessed,Other
SYN-DM-01231,Aflibercept,15.16,Planned,Not indicated,Not given,Planned,Not indicated,Left,Improved,Inflammation
SYN-DM-01232,None,2.75,Completed,Not indicated,Not given,Completed,Completed,Bilateral,Improved,Inflammation
SYN-DM-01233,None,5.65,Planned,Partial,Not given,Completed,Planned,Neither,Worsened,Inflammation
SYN-DM-01234,Ranibizumab,3.18,Completed,Partial,Planned,Completed,Not indicated,Right,Not assessed,None
SYN-DM-01235,Aflibercept,2.16,Planned,Planned,Given,Planned,Completed,Right,Stable,Pressure rise
SYN-DM-01236,None,4.05,Not indicated,Planned,Given,Completed,Not indicated,Neither,Stable,Inflammation
SYN-DM-01237,Bevacizumab,15.22,Completed,Partial,Planned,Completed,Completed,Neither,Stable,Pressure rise
SYN-DM-01238,None,12.27,Not indicated,Completed,Not given,Planned,Planned,Neither,Improved,Inflammation
SYN-DM-01239,Aflibercept,5.9,Planned,Partial,Not given,Planned,Completed,Left,Stable,Inflammation
SYN-DM-01240,Ranibizumab,10.66,Completed,Partial,Given,Planned,Completed,Bilateral,Not assessed,Other
SYN-DM-01241,Aflibercept,8.27,Completed,Not indicated,Planned,Completed,Completed,Left,Worsened,None
SYN-DM-01242,Bevacizumab,3.74,Not indicated,Not indicated,Given,Completed,Not indicated,Neither,Not assessed,None
SYN-DM-01243,None,5.75,Not indicated,Completed,Not given,Not indicated,Planned,Right,Not assessed,None
SYN-DM-01244,Bevacizumab,16.69,Not indicated,Completed,Not given,Completed,Planned,Left,Improved,Inflammation
SYN-DM-01245,Bevacizumab,5.19,Planned,Not indicated,Given,Not indicated,Completed,Left,Improved,Other
SYN-DM-01246,Ranibizumab,9.69,Not indicated,Completed,Not given,Planned,Not indicated,Bilateral,Not assessed,Pressure rise
SYN-DM-01247,None,14.74,Completed,Not indicated,Given,Planned,Completed,Bilateral,Stable,Inflammation
SYN-DM-01248,Bevacizumab,11.38,Completed,Not indicated,Given,Completed,Not indicated,Right,Worsened,None
SYN-DM-01249,None,10.71,Planned,Completed,Planned,Completed,Planned,Right,Stable,Pressure rise
SYN-DM-01250,Ranibizumab,8.0,Planned,Completed,Not given,Planned,Planned,Right,Improved,Inflammation
SYN-DM-01251,Aflibercept,1.37,Planned,Partial,Not given,Not indicated,Completed,Neither,Worsened,Inflammation
SYN-DM-01252,Ranibizumab,7.18,Not indicated,Not indicated,Planned,Planned,Planned,Bilateral,Not assessed,None
SYN-DM-01253,Ranibizumab,17.58,Completed,Not indicated,Planned,Completed,Planned,Neither,Improved,Inflammation
SYN-DM-01254,Ranibizumab,15.41,Completed,Partial,Not given,Completed,Completed,Neither,Worsened,Inflammation
SYN-DM-01255,Bevacizumab,17.05,Not indicated,Completed,Planned,Not indicated,Not indicated,Bilateral,Improved,Other
SYN-DM-01256,Aflibercept,16.17,Planned,Not indicated,Not given,Completed,Planned,Neither,Improved,Inflammation
SYN-DM-01257,Ranibizumab,7.21,Not indicated,Planned,Not given,Not indicated,Planned,Right,Improved,Pressure rise
SYN-DM-01258,Ranibizumab,11.65,Completed,Completed,Not given,Planned,Planned,Left,Worsened,Inflammation
SYN-DM-01259,Aflibercept,15.23,Completed,Partial,Given,Planned,Not indicated,Bilateral,Improved,Other
SYN-DM-01260,Ranibizumab,11.63,Planned,Partial,Given,Planned,Not indicated,Bilateral,Stable,Other
SYN-DM-01261,Ranibizumab,17.72,Planned,Not indicated,Given,Not indicated,Completed,Left,Stable,Inflammation
SYN-DM-01262,Aflibercept,17.74,Completed,Planned,Not given,Not indicated,Not indicated,Left,Improved,Other
SYN-DM-01263,Aflibercept,10.21,Planned,Completed,Planned,Planned,Completed,Neither,Improved,Other
SYN-DM-01264,Bevacizumab,8.91,Not indicated,Planned,Planned,Not indicated,Not indicated,Bilateral,Stable,Inflammation
SYN-DM-01265,None,6.7,Completed,Partial,Planned,Completed,Not indicated,Right,Worsened,Other
SYN-DM-01266,Aflibercept,13.33,Not indicated,Not indicated,Planned,Not indicated,Not indicated,Bilateral,Improved,None
SYN-DM-01267,Ranibizumab,12.27,Planned,Partial,Planned,Completed,Not indicated,Neither,Worsened,None
SYN-DM-01268,Ranibizumab,7.27,Not indicated,Partial,Given,Not indicated,Completed,Right,Stable,Other
SYN-DM-01269,Bevacizumab,3.92,Not indicated,Planned,Planned,Planned,Not indicated,Neither,Improved,Other
SYN-DM-01270,None,9.38,Planned,Partial,Not given,Not indicated,Planned,Right,Worsened,Other
SYN-DM-01271,Ranibizumab,9.83,Planned,Partial,Given,Completed,Not indicated,Bilateral,Not assessed,Pressure rise
SYN-DM-01272,Ranibizumab,10.18,Planned,Not indicated,Not given,Planned,Completed,Right,Improved,Inflammation
SYN-DM-01273,Ranibizumab,15.3,Not indicated,Planned,Not given,Planned,Not indicated,Right,Worsened,Pressure rise
SYN-DM-01274,None,4.34,Completed,Partial,Given,Completed,Completed,Neither,Worsened,Other
SYN-DM-01275,None,12.73,Not indicated,Partial,Planned,Planned,Completed,Right,Improved,Pressure rise
SYN-DM-01276,None,4.16,Planned,Partial,Not given,Not indicated,Completed,Left,Stable,Inflammation
SYN-DM-01277,Aflibercept,5.81,Completed,Not indicated,Given,Not indicated,Completed,Neither,Not assessed,None
SYN-DM-01278,Bevacizumab,13.49,Planned,Completed,Planned,Not indicated,Not indicated,Right,Not assessed,Pressure rise
SYN-DM-01279,Aflibercept,1.04,Not indicated,Partial,Not given,Planned,Completed,Right,Stable,None
SYN-DM-01280,None,8.37,Completed,Partial,Not given,Planned,Not indicated,Right,Worsened,Pressure rise
SYN-DM-01281,Aflibercept,3.87,Completed,Completed,Planned,Not indicated,Completed,Neither,Stable,None
SYN-DM-01282,None,7.36,Planned,Completed,Given,Completed,Planned,Neither,Improved,Other
SYN-DM-01283,Ranibizumab,7.51,Completed,Completed,Planned,Planned,Planned,Left,Worsened,Inflammation
SYN-DM-01284,Aflibercept,16.4,Planned,Not indicated,Not given,Planned,Completed,Left,Worsened,Other
SYN-DM-01285,Aflibercept,10.47,Completed,Planned,Not given,Completed,Completed,Bilateral,Stable,Other
SYN-DM-01286,Aflibercept,13.2,Completed,Planned,Not given,Completed,Not indicated,Right,Stable,Other
SYN-DM-01287,None,2.6,Completed,Planned,Planned,Not indicated,Completed,Neither,Stable,None
SYN-DM-01288,None,8.06,Planned,Partial,Given,Planned,Not indicated,Left,Worsened,Other
SYN-DM-01289,None,15.51,Planned,Partial,Given,Completed,Completed,Neither,Stable,None
SYN-DM-01290,Ranibizumab,7.06,Not indicated,Completed,Planned,Planned,Not indicated,Right,Improved,Other
SYN-DM-01291,Ranibizumab,4.6,Not indicated,Partial,Not given,Planned,Completed,Bilateral,Not assessed,Pressure rise
SYN-DM-01292,Aflibercept,8.16,Completed,Partial,Not given,Not indicated,Planned,Bilateral,Improved,Other
SYN-DM-01293,Ranibizumab,13.09,Planned,Not indicated,Not given,Completed,Planned,Right,Worsened,Inflammation
SYN-DM-01294,None,11.3,Completed,Planned,Not given,Not indicated,Completed,Left,Stable,Pressure rise
SYN-DM-01295,None,5.37,Not indicated,Planned,Not given,Not indicated,Planned,Right,Worsened,Other
SYN-DM-01296,None,3.52,Completed,Not indicated,Given,Not indicated,Completed,Neither,Not assessed,Other
SYN-DM-01297,None,12.8,Not indicated,Completed,Planned,Completed,Not indicated,Right,Improved,None
SYN-DM-01298,None,14.28,Planned,Not indicated,Given,Completed,Planned,Neither,Not assessed,Inflammation
SYN-DM-01299,Ranibizumab,9.58,Not indicated,Not indicated,Not given,Planned,Planned,Left,Stable,Other
SYN-DM-01300,Aflibercept,1.95,Planned,Planned,Not given,Not indicated,Not indicated,Right,Worsened,None
SYN-DM-01301,None,10.53,Planned,Not indicated,Given,Planned,Planned,Bilateral,Not assessed,Other
SYN-DM-01302,Aflibercept,8.36,Not indicated,Not indicated,Not given,Not indicated,Completed,Right,Stable,Pressure rise
SYN-DM-01303,Bevacizumab,3.76,Completed,Not indicated,Not given,Planned,Completed,Right,Improved,None
SYN-DM-01304,None,11.04,Completed,Not indicated,Planned,Not indicated,Planned,Bilateral,Improved,Pressure rise
SYN-DM-01305,Ranibizumab,13.77,Completed,Not indicated,Given,Completed,Completed,Neither,Stable,Pressure rise
SYN-DM-01306,Ranibizumab,6.67,Completed,Planned,Not given,Not indicated,Completed,Bilateral,Not assessed,Inflammation
SYN-DM-01307,Bevacizumab,16.1,Planned,Partial,Given,Completed,Not indicated,Neither,Not assessed,Pressure rise
SYN-DM-01308,Aflibercept,3.12,Planned,Planned,Not given,Planned,Not indicated,Bilateral,Improved,Pressure rise
SYN-DM-01309,Bevacizumab,13.22,Planned,Partial,Given,Planned,Not indicated,Neither,Stable,Inflammation
SYN-DM-01310,None,15.44,Completed,Partial,Given,Planned,Not indicated,Right,Worsened,Other
SYN-DM-01311,None,16.23,Completed,Not indicated,Given,Not indicated,Completed,Right,Stable,Pressure rise
SYN-DM-01312,Aflibercept,9.61,Not indicated,Not indicated,Given,Planned,Completed,Bilateral,Worsened,Pressure rise
SYN-DM-01313,Bevacizumab,13.97,Planned,Not indicated,Planned,Completed,Planned,Right,Not assessed,Other
SYN-DM-01314,None,1.18,Planned,Partial,Planned,Not indicated,Not indicated,Right,Stable,None
SYN-DM-01315,Bevacizumab,12.74,Completed,Partial,Not given,Not indicated,Not indicated,Neither,Stable,Pressure rise
SYN-DM-01316,None,0.98,Planned,Completed,Not given,Not indicated,Completed,Bilateral,Worsened,Inflammation
SYN-DM-01317,Aflibercept,2.61,Planned,Partial,Not given,Completed,Completed,Left,Improved,Other
SYN-DM-01318,None,7.56,Planned,Planned,Planned,Completed,Not indicated,Left,Stable,Pressure rise
SYN-DM-01319,Aflibercept,3.17,Planned,Planned,Given,Completed,Not indicated,Right,Stable,Other
SYN-DM-01320,Ranibizumab,10.98,Not indicated,Completed,Planned,Completed,Completed,Left,Worsened,Inflammation
SYN-DM-01321,Ranibizumab,1.14,Planned,Completed,Not given,Planned,Planned,Bilateral,Improved,Pressure rise
SYN-DM-01322,Bevacizumab,12.51,Completed,Partial,Not given,Not indicated,Completed,Left,Stable,Pressure rise
SYN-DM-01323,Bevacizumab,4.12,Completed,Planned,Planned,Planned,Planned,Bilateral,Stable,Inflammation
SYN-DM-01324,None,11.23,Not indicated,Not indicated,Planned,Planned,Planned,Left,Improved,Pressure rise
SYN-DM-01325,Ranibizumab,2.49,Completed,Not indicated,Given,Planned,Completed,Neither,Stable,Pressure rise
SYN-DM-01326,Aflibercept,8.96,Not indicated,Planned,Not given,Not indicated,Completed,Neither,Worsened,None
SYN-DM-01327,Aflibercept,0.42,Completed,Not indicated,Given,Not indicated,Completed,Bilateral,Not assessed,Pressure rise
SYN-DM-01328,None,4.02,Completed,Planned,Not given,Not indicated,Not indicated,Right,Stable,Inflammation
SYN-DM-01329,Bevacizumab,1.32,Not indicated,Partial,Not given,Planned,Not indicated,Bilateral,Not assessed,Pressure rise
SYN-DM-01330,Ranibizumab,17.04,Planned,Completed,Planned,Not indicated,Not indicated,Bilateral,Not assessed,Inflammation
SYN-DM-01331,Aflibercept,13.13,Planned,Not indicated,Given,Planned,Planned,Right,Worsened,Inflammation
SYN-DM-01332,Bevacizumab,13.71,Planned,Planned,Not given,Completed,Planned,Neither,Worsened,Pressure rise
SYN-DM-01333,Aflibercept,10.88,Planned,Completed,Not given,Not indicated,Completed,Neither,Worsened,Other
SYN-DM-01334,Ranibizumab,13.25,Planned,Partial,Not given,Completed,Planned,Right,Improved,Other
SYN-DM-01335,Bevacizumab,7.28,Planned,Completed,Planned,Planned,Planned,Left,Improved,None
SYN-DM-01336,Bevacizumab,2.75,Not indicated,Partial,Planned,Not indicated,Planned,Right,Stable,Inflammation
SYN-DM-01337,None,1.89,Not indicated,Planned,Not given,Completed,Completed,Neither,Not assessed,None
SYN-DM-01338,None,12.26,Completed,Partial,Not given,Not indicated,Planned,Left,Stable,Other
SYN-DM-01339,Ranibizumab,16.68,Not indicated,Planned,Given,Not indicated,Planned,Neither,Not assessed,None
SYN-DM-01340,Bevacizumab,14.9,Planned,Planned,Given,Not indicated,Completed,Left,Improved,Inflammation
SYN-DM-01341,Bevacizumab,11.27,Completed,Partial,Given,Planned,Not indicated,Bilateral,Improved,Pressure rise
SYN-DM-01342,None,7.8,Planned,Planned,Given,Completed,Not indicated,Bilateral,Worsened,None
SYN-DM-01343,Ranibizumab,1.28,Planned,Not indicated,Not given,Planned,Completed,Left,Improved,Inflammation
SYN-DM-01344,None,3.14,Not indicated,Partial,Not given,Completed,Completed,Left,Worsened,Inflammation
SYN-DM-01345,Aflibercept,11.77,Not indicated,Not indicated,Given,Planned,Completed,Neither,Improved,None
SYN-DM-01346,Ranibizumab,0.53,Planned,Completed,Planned,Completed,Planned,Bilateral,Worsened,Other
SYN-DM-01347,Aflibercept,17.39,Not indicated,Planned,Given,Completed,Not indicated,Bilateral,Worsened,Other
SYN-DM-01348,None,15.43,Completed,Not indicated,Planned,Not indicated,Not indicated,Right,Not assessed,Inflammation
SYN-DM-01349,None,12.14,Planned,Partial,Given,Completed,Planned,Right,Stable,Pressure rise
SYN-DM-01350,Aflibercept,0.6,Completed,Not indicated,Given,Planned,Not indicated,Bilateral,Improved,Inflammation
SYN-DM-01351,Bevacizumab,15.62,Not indicated,Completed,Not given,Planned,Completed,Neither,Not assessed,Inflammation
SYN-DM-01352,Ranibizumab,16.0,Not indicated,Not indicated,Not given,Planned,Not indicated,Right,Worsened,Inflammation
SYN-DM-01353,None,8.0,Planned,Partial,Given,Completed,Planned,Bilateral,Stable,Inflammation
SYN-DM-01354,Bevacizumab,5.81,Planned,Partial,Given,Not indicated,Not indicated,Bilateral,Not assessed,Inflammation
SYN-DM-01355,None,3.23,Planned,Not indicated,Not given,Not indicated,Completed,Right,Not assessed,Pressure rise
SYN-DM-01356,Aflibercept,10.81,Not indicated,Completed,Not given,Completed,Completed,Left,Not assessed,Inflammation
SYN-DM-01357,None,11.16,Completed,Completed,Planned,Completed,Planned,Right,Improved,None
SYN-DM-01358,Ranibizumab,13.65,Planned,Partial,Not given,Planned,Completed,Left,Not assessed,None
SYN-DM-01359,Bevacizumab,13.61,Not indicated,Partial,Given,Not indicated,Not indicated,Left,Not assessed,Other
SYN-DM-01360,Ranibizumab,11.23,Planned,Planned,Given,Planned,Not indicated,Left,Worsened,None
SYN-DM-01361,Aflibercept,17.56,Completed,Completed,Planned,Completed,Planned,Neither,Stable,None
SYN-DM-01362,Ranibizumab,14.24,Completed,Not indicated,Planned,Completed,Not indicated,Left,Worsened,Other
SYN-DM-01363,Bevacizumab,4.1,Not indicated,Completed,Planned,Not indicated,Not indicated,Bilateral,Not assessed,Other
SYN-DM-01364,Ranibizumab,6.27,Planned,Completed,Given,Not indicated,Planned,Right,Improved,Inflammation
SYN-DM-01365,Aflibercept,6.73,Completed,Planned,Planned,Planned,Planned,Bilateral,Improved,Other
SYN-DM-01366,Bevacizumab,14.1,Completed,Completed,Planned,Planned,Not indicated,Right,Improved,Inflammation
SYN-DM-01367,None,17.24,Not indicated,Partial,Planned,Planned,Not indicated,Left,Stable,Other
SYN-DM-01368,Aflibercept,1.18,Planned,Planned,Given,Planned,Planned,Right,Not assessed,Other
SYN-DM-01369,Aflibercept,0.09,Completed,Not indicated,Planned,Not indicated,Planned,Right,Not assessed,Other
SYN-DM-01370,Bevacizumab,12.18,Not indicated,Completed,Planned,Planned,Planned,Right,Not assessed,Inflammation
SYN-DM-01371,Bevacizumab,15.68,Not indicated,Completed,Planned,Planned,Completed,Neither,Stable,Pressure rise
SYN-DM-01372,Ranibizumab,9.81,Not indicated,Partial,Given,Not indicated,Completed,Left,Not assessed,Inflammation
SYN-DM-01373,Ranibizumab,3.91,Completed,Not indicated,Not given,Planned,Not indicated,Neither,Not assessed,Inflammation
SYN-DM-01374,Aflibercept,12.57,Not indicated,Partial,Planned,Completed,Not indicated,Left,Stable,Inflammation
SYN-DM-01375,None,16.75,Planned,Completed,Given,Not indicated,Completed,Left,Stable,Pressure rise
SYN-DM-01376,None,1.89,Planned,Planned,Planned,Completed,Planned,Bilateral,Worsened,None
SYN-DM-01377,None,16.61,Completed,Planned,Given,Completed,Planned,Bilateral,Improved,None
SYN-DM-01378,Bevacizumab,4.04,Not indicated,Completed,Not given,Completed,Not indicated,Right,Stable,Pressure rise
SYN-DM-01379,Ranibizumab,13.53,Planned,Not indicated,Planned,Completed,Not indicated,Bilateral,Worsened,Pressure rise
SYN-DM-01380,Bevacizumab,8.49,Not indicated,Completed,Not given,Not indicated,Planned,Right,Improved,Pressure rise
SYN-DM-01381,Aflibercept,16.24,Completed,Partial,Not given,Not indicated,Completed,Left,Not assessed,None
SYN-DM-01382,Ranibizumab,4.23,Completed,Completed,Given,Not indicated,Completed,Left,Improved,Inflammation
SYN-DM-01383,Ranibizumab,8.15,Completed,Partial,Not given,Not indicated,Planned,Bilateral,Not assessed,Other
SYN-DM-01384,Aflibercept,3.11,Not indicated,Planned,Planned,Not indicated,Completed,Right,Not assessed,Pressure rise
SYN-DM-01385,Bevacizumab,8.28,Planned,Completed,Given,Planned,Not indicated,Right,Improved,None
SYN-DM-01386,Ranibizumab,16.64,Completed,Not indicated,Given,Completed,Not indicated,Neither,Worsened,Inflammation
SYN-DM-01387,Bevacizumab,12.13,Planned,Completed,Planned,Not indicated,Planned,Neither,Improved,None
SYN-DM-01388,Ranibizumab,12.17,Not indicated,Planned,Not given,Planned,Planned,Left,Not assessed,Other
SYN-DM-01389,Aflibercept,6.37,Completed,Partial,Planned,Planned,Completed,Bilateral,Worsened,Pressure rise
SYN-DM-01390,Bevacizumab,13.99,Planned,Partial,Not given,Planned,Not indicated,Left,Improved,Inflammation
SYN-DM-01391,Aflibercept,17.78,Not indicated,Planned,Planned,Planned,Planned,Left,Worsened,Other
SYN-DM-01392,Ranibizumab,9.25,Planned,Partial,Given,Completed,Not indicated,Neither,Not assessed,Pressure rise
SYN-DM-01393,Bevacizumab,0.58,Not indicated,Partial,Planned,Not indicated,Planned,Left,Not assessed,None
SYN-DM-01394,Ranibizumab,11.71,Completed,Partial,Given,Completed,Completed,Right,Not assessed,None
SYN-DM-01395,Aflibercept,12.76,Not indicated,Not indicated,Given,Planned,Planned,Left,Worsened,Inflammation
SYN-DM-01396,Bevacizumab,14.78,Planned,Partial,Planned,Completed,Planned,Right,Stable,Inflammation
SYN-DM-01397,Ranibizumab,5.02,Completed,Partial,Planned,Not indicated,Not indicated,Left,Worsened,Inflammation
SYN-DM-01398,Bevacizumab,13.76,Completed,Partial,Not given,Completed,Not indicated,Left,Stable,None
SYN-DM-01399,None,17.29,Completed,Planned,Not given,Completed,Not indicated,Right,Worsened,Inflammation
SYN-DM-01400,Aflibercept,1.78,Not indicated,Partial,Not given,Completed,Planned,Bilateral,Improved,Pressure rise
SYN-DM-01401,Ranibizumab,12.63,Planned,Not indicated,Planned,Completed,Not indicated,Left,Stable,Inflammation
SYN-DM-01402,Aflibercept,7.35,Completed,Partial,Planned,Planned,Completed,Neither,Improved,Pressure rise
SYN-DM-01403,None,13.91,Not indicated,Planned,Planned,Not indicated,Completed,Right,Not assessed,Other
SYN-DM-01404,Aflibercept,9.09,Completed,Planned,Given,Completed,Completed,Left,Worsened,Inflammation
SYN-DM-01405,None,11.45,Not indicated,Not indicated,Given,Completed,Completed,Left,Not assessed,Inflammation
SYN-DM-01406,None,2.55,Planned,Partial,Given,Not indicated,Not indicated,Right,Improved,Other
SYN-DM-01407,None,7.05,Planned,Planned,Not given,Completed,Planned,Left,Improved,Pressure rise
SYN-DM-01408,Aflibercept,16.31,Not indicated,Planned,Given,Completed,Completed,Neither,Stable,Pressure rise
SYN-DM-01409,Aflibercept,13.92,Planned,Completed,Planned,Planned,Planned,Left,Worsened,Inflammation
SYN-DM-01410,Bevacizumab,11.59,Not indicated,Completed,Given,Completed,Not indicated,Left,Worsened,Inflammation
SYN-DM-01411,Ranibizumab,9.48,Not indicated,Not indicated,Given,Completed,Completed,Right,Stable,Pressure rise
SYN-DM-01412,None,2.93,Planned,Not indicated,Not given,Planned,Planned,Right,Worsened,Other
SYN-DM-01413,Aflibercept,10.31,Completed,Not indicated,Not given,Not indicated,Not indicated,Neither,Improved,Other
SYN-DM-01414,None,10.74,Planned,Completed,Given,Not indicated,Not indicated,Left,Improved,Pressure rise
SYN-DM-01415,None,17.79,Planned,Partial,Not given,Not indicated,Planned,Bilateral,Worsened,None
SYN-DM-01416,Aflibercept,0.37,Not indicated,Completed,Planned,Completed,Not indicated,Right,Worsened,None
SYN-DM-01417,Aflibercept,8.19,Not indicated,Planned,Not given,Planned,Not indicated,Left,Improved,Inflammation
SYN-DM-01418,Aflibercept,14.57,Not indicated,Not indicated,Planned,Completed,Completed,Neither,Improved,Pressure rise
SYN-DM-01419,None,16.81,Completed,Not indicated,Planned,Not indicated,Planned,Neither,Stable,Other
SYN-DM-01420,None,10.69,Not indicated,Planned,Planned,Planned,Completed,Neither,Improved,None
SYN-DM-01421,Bevacizumab,10.04,Completed,Not indicated,Planned,Completed,Completed,Bilateral,Not assessed,None
SYN-DM-01422,Aflibercept,4.82,Planned,Partial,Not given,Not indicated,Not indicated,Neither,Worsened,Inflammation
SYN-DM-01423,Aflibercept,2.75,Planned,Planned,Planned,Completed,Planned,Bilateral,Improved,None
SYN-DM-01424,Ranibizumab,10.61,Planned,Partial,Not given,Completed,Completed,Bilateral,Stable,Inflammation
SYN-DM-01425,Aflibercept,8.64,Completed,Not indicated,Not given,Planned,Not indicated,Neither,Worsened,Pressure rise
SYN-DM-01426,None,4.72,Planned,Planned,Given,Completed,Completed,Neither,Worsened,None
SYN-DM-01427,Aflibercept,5.01,Completed,Not indicated,Given,Completed,Completed,Neither,Not assessed,Other
SYN-DM-01428,Bevacizumab,12.98,Not indicated,Planned,Given,Planned,Planned,Right,Not assessed,None
SYN-DM-01429,Bevacizumab,0.97,Not indicated,Completed,Planned,Planned,Planned,Bilateral,Worsened,Other
SYN-DM-01430,Ranibizumab,9.66,Completed,Completed,Given,Planned,Completed,Left,Stable,Pressure rise
SYN-DM-01431,Ranibizumab,11.43,Planned,Partial,Given,Planned,Completed,Neither,Improved,Inflammation
SYN-DM-01432,None,14.87,Planned,Completed,Not given,Completed,Completed,Right,Improved,Pressure rise
SYN-DM-01433,Aflibercept,8.46,Planned,Partial,Not given,Not indicated,Not indicated,Neither,Not assessed,Other
SYN-DM-01434,Ranibizumab,16.65,Planned,Completed,Planned,Completed,Not indicated,Neither,Improved,None
SYN-DM-01435,Bevacizumab,3.73,Completed,Partial,Planned,Planned,Completed,Neither,Improved,Inflammation
SYN-DM-01436,Ranibizumab,8.18,Completed,Partial,Given,Completed,Not indicated,Bilateral,Improved,None
SYN-DM-01437,Aflibercept,15.62,Planned,Completed,Given,Completed,Not indicated,Left,Stable,Inflammation
SYN-DM-01438,Aflibercept,17.37,Planned,Not indicated,Given,Completed,Completed,Neither,Stable,Pressure rise
SYN-DM-01439,Ranibizumab,3.17,Planned,Partial,Given,Not indicated,Not indicated,Left,Not assessed,Pressure rise
SYN-DM-01440,None,15.27,Planned,Completed,Not given,Completed,Not indicated,Neither,Not assessed,None
SYN-DM-01441,Aflibercept,12.64,Planned,Planned,Given,Planned,Completed,Neither,Improved,Inflammation
SYN-DM-01442,Ranibizumab,1.41,Not indicated,Completed,Planned,Completed,Completed,Right,Worsened,None
SYN-DM-01443,Aflibercept,3.73,Not indicated,Partial,Not given,Not indicated,Not indicated,Right,Worsened,None
SYN-DM-01444,Ranibizumab,12.76,Planned,Completed,Given,Completed,Planned,Bilateral,Not assessed,Pressure rise
SYN-DM-01445,Aflibercept,8.34,Planned,Completed,Planned,Planned,Completed,Neither,Worsened,Pressure rise
SYN-DM-01446,None,2.1,Not indicated,Not indicated,Not given,Planned,Planned,Neither,Not assessed,Inflammation
SYN-DM-01447,Ranibizumab,9.98,Completed,Completed,Planned,Planned,Planned,Left,Improved,Inflammation
SYN-DM-01448,Aflibercept,8.91,Completed,Not indicated,Not given,Completed,Not indicated,Right,Stable,Other
SYN-DM-01449,None,11.68,Planned,Partial,Planned,Planned,Not indicated,Bilateral,Worsened,Pressure rise
SYN-DM-01450,Bevacizumab,15.61,Planned,Not indicated,Not given,Not indicated,Planned,Bilateral,Stable,None
SYN-DM-01451,Aflibercept,2.74,Planned,Partial,Planned,Completed,Not indicated,Left,Worsened,Other
SYN-DM-01452,Ranibizumab,10.43,Not indicated,Partial,Planned,Completed,Not indicated,Left,Worsened,Inflammation
SYN-DM-01453,Aflibercept,0.83,Not indicated,Planned,Not given,Completed,Not indicated,Right,Not assessed,None
SYN-DM-01454,Ranibizumab,11.75,Planned,Partial,Not given,Not indicated,Completed,Bilateral,Not assessed,Pressure rise
SYN-DM-01455,None,9.56,Planned,Partial,Not given,Planned,Planned,Neither,Improved,Other
SYN-DM-01456,None,6.38,Planned,Planned,Given,Planned,Not indicated,Bilateral,Improved,Pressure rise
SYN-DM-01457,Bevacizumab,12.46,Not indicated,Not indicated,Planned,Completed,Not indicated,Bilateral,Improved,None
SYN-DM-01458,Ranibizumab,17.94,Not indicated,Not indicated,Not given,Completed,Not indicated,Left,Improved,Pressure rise
SYN-DM-01459,Bevacizumab,13.29,Not indicated,Completed,Planned,Not indicated,Completed,Bilateral,Worsened,Inflammation
SYN-DM-01460,Bevacizumab,7.44,Not indicated,Planned,Planned,Planned,Completed,Left,Worsened,None
SYN-DM-01461,Bevacizumab,8.33,Planned,Partial,Given,Planned,Not indicated,Bilateral,Improved,Other
SYN-DM-01462,Bevacizumab,10.86,Not indicated,Partial,Given,Planned,Planned,Right,Worsened,None
SYN-DM-01463,Aflibercept,8.94,Not indicated,Completed,Given,Not indicated,Planned,Bilateral,Improved,Inflammation
SYN-DM-01464,Aflibercept,8.84,Not indicated,Completed,Given,Planned,Not indicated,Right,Stable,None
SYN-DM-01465,Bevacizumab,0.81,Not indicated,Not indicated,Given,Completed,Planned,Left,Stable,None
SYN-DM-01466,Ranibizumab,0.67,Not indicated,Partial,Not given,Planned,Not indicated,Left,Not assessed,None
SYN-DM-01467,None,10.58,Planned,Partial,Not given,Completed,Planned,Right,Worsened,None
SYN-DM-01468,None,7.96,Not indicated,Planned,Planned,Planned,Completed,Bilateral,Worsened,Pressure rise
SYN-DM-01469,Aflibercept,2.45,Completed,Partial,Given,Planned,Not indicated,Right,Improved,Inflammation
SYN-DM-01470,Bevacizumab,7.83,Planned,Completed,Planned,Planned,Not indicated,Left,Worsened,Other
SYN-DM-01471,None,13.84,Not indicated,Completed,Given,Completed,Planned,Bilateral,Improved,None
SYN-DM-01472,Ranibizumab,16.25,Not indicated,Not indicated,Planned,Completed,Planned,Bilateral,Improved,Pressure rise
SYN-DM-01473,Bevacizumab,0.38,Completed,Not indicated,Given,Completed,Planned,Right,Not assessed,Other
SYN-DM-01474,None,15.15,Completed,Not indicated,Given,Planned,Completed,Bilateral,Not assessed,Inflammation
SYN-DM-01475,Ranibizumab,17.15,Completed,Not indicated,Given,Planned,Planned,Right,Stable,None
SYN-DM-01476,Aflibercept,12.85,Planned,Not indicated,Given,Planned,Not indicated,Left,Worsened,Inflammation
SYN-DM-01477,Bevacizumab,9.31,Completed,Planned,Not given,Not indicated,Not indicated,Neither,Worsened,Inflammation
SYN-DM-01478,Aflibercept,1.02,Planned,Planned,Given,Not indicated,Planned,Bilateral,Improved,Pressure rise
SYN-DM-01479,Aflibercept,16.73,Not indicated,Not indicated,Planned,Planned,Completed,Bilateral,Improved,Pressure rise
SYN-DM-01480,None,12.43,Completed,Completed,Planned,Not indicated,Planned,Neither,Improved,Pressure rise
SYN-DM-01481,Ranibizumab,14.96,Completed,Not indicated,Given,Not indicated,Planned,Neither,Improved,Inflammation
SYN-DM-01482,Ranibizumab,2.53,Not indicated,Completed,Given,Not indicated,Planned,Right,Worsened,Inflammation
SYN-DM-01483,None,1.34,Planned,Not indicated,Planned,Completed,Not indicated,Neither,Stable,Pressure rise
SYN-DM-01484,Ranibizumab,15.18,Planned,Not indicated,Planned,Completed,Completed,Neither,Stable,None
SYN-DM-01485,Ranibizumab,1.44,Completed,Completed,Not given,Not indicated,Planned,Neither,Stable,None
SYN-DM-01486,Aflibercept,0.58,Not indicated,Completed,Planned,Planned,Planned,Left,Not assessed,Pressure rise
SYN-DM-01487,Ranibizumab,16.06,Not indicated,Not indicated,Planned,Completed,Not indicated,Left,Worsened,Pressure rise
SYN-DM-01488,None,4.06,Completed,Completed,Planned,Not indicated,Not indicated,Neither,Not assessed,Pressure rise
SYN-DM-01489,Aflibercept,8.5,Completed,Partial,Not given,Completed,Planned,Right,Worsened,Inflammation
SYN-DM-01490,Bevacizumab,16.69,Planned,Completed,Not given,Planned,Completed,Right,Not assessed,None
SYN-DM-01491,Aflibercept,17.27,Planned,Partial,Given,Planned,Planned,Bilateral,Worsened,Inflammation
SYN-DM-01492,Ranibizumab,16.29,Not indicated,Partial,Planned,Not indicated,Planned,Bilateral,Improved,Pressure rise
SYN-DM-01493,None,7.62,Planned,Planned,Not given,Completed,Planned,Right,Worsened,Inflammation
SYN-DM-01494,Ranibizumab,11.29,Not indicated,Completed,Planned,Not indicated,Completed,Neither,Stable,None
SYN-DM-01495,Ranibizumab,2.32,Not indicated,Planned,Not given,Planned,Not indicated,Left,Stable,None
SYN-DM-01496,None,11.23,Completed,Planned,Not given,Planned,Not indicated,Bilateral,Not assessed,Other
SYN-DM-01497,None,8.98,Not indicated,Partial,Planned,Not indicated,Completed,Left,Improved,None
SYN-DM-01498,Bevacizumab,12.45,Not indicated,Not indicated,Given,Planned,Completed,Right,Stable,None
SYN-DM-01499,Aflibercept,9.2,Completed,Completed,Not given,Not indicated,Planned,Left,Stable,Other
SYN-DM-01500,None,13.57,Not indicated,Planned,Planned,Not indicated,Not indicated,Bilateral,Improved,Other
SYN-DM-01501,Bevacizumab,9.95,Planned,Partial,Given,Not indicated,Completed,Right,Not assessed,None
SYN-DM-01502,None,10.18,Not indicated,Partial,Not given,Planned,Not indicated,Right,Not assessed,None
SYN-DM-01503,Aflibercept,4.32,Not indicated,Not indicated,Given,Planned,Completed,Right,Worsened,Pressure rise
SYN-DM-01504,Aflibercept,10.74,Completed,Partial,Not given,Not indicated,Not indicated,Neither,Not assessed,Inflammation
SYN-DM-01505,Ranibizumab,2.21,Not indicated,Not indicated,Planned,Planned,Planned,Neither,Worsened,None
SYN-DM-01506,None,4.78,Completed,Partial,Planned,Planned,Completed,Left,Improved,None
SYN-DM-01507,None,1.14,Completed,Not indicated,Planned,Not indicated,Not indicated,Left,Not assessed,Other
SYN-DM-01508,Ranibizumab,5.73,Not indicated,Partial,Planned,Not indicated,Planned,Neither,Improved,Pressure rise
SYN-DM-01509,None,3.6,Planned,Completed,Planned,Not indicated,Planned,Bilateral,Improved,None
SYN-DM-01510,Ranibizumab,11.77,Not indicated,Planned,Planned,Completed,Completed,Bilateral,Improved,Pressure rise
SYN-DM-01511,None,14.02,Not indicated,Planned,Planned,Planned,Completed,Bilateral,Worsened,Other
SYN-DM-01512,Ranibizumab,9.61,Completed,Planned,Given,Completed,Not indicated,Right,Not assessed,None
SYN-DM-01513,Bevacizumab,3.54,Not indicated,Not indicated,Not given,Planned,Completed,Right,Improved,Other
SYN-DM-01514,Ranibizumab,8.37,Not indicated,Not indicated,Not given,Not indicated,Planned,Right,Stable,Pressure rise
SYN-DM-01515,Bevacizumab,6.07,Completed,Completed,Given,Completed,Not indicated,Bilateral,Stable,Other
SYN-DM-01516,Ranibizumab,7.67,Planned,Planned,Planned,Planned,Planned,Bilateral,Not assessed,Inflammation
SYN-DM-01517,Bevacizumab,8.08,Planned,Partial,Planned,Not indicated,Not indicated,Left,Not assessed,Other
SYN-DM-01518,Aflibercept,14.26,Not indicated,Partial,Not given,Planned,Completed,Left,Worsened,Pressure rise
SYN-DM-01519,Ranibizumab,9.68,Not indicated,Not indicated,Given,Planned,Planned,Right,Improved,Other
SYN-DM-01520,None,7.56,Completed,Completed,Not given,Not indicated,Completed,Bilateral,Stable,Pressure rise
SYN-DM-01521,Ranibizumab,3.43,Planned,Completed,Planned,Completed,Planned,Bilateral,Worsened,Pressure rise
SYN-DM-01522,Ranibizumab,10.65,Completed,Partial,Planned,Planned,Completed,Right,Improved,Pressure rise
SYN-DM-01523,Bevacizumab,11.53,Completed,Not indicated,Not given,Not indicated,Planned,Bilateral,Worsened,Other
SYN-DM-01524,Aflibercept,15.86,Planned,Not indicated,Planned,Completed,Planned,Left,Not assessed,None
SYN-DM-01525,None,8.44,Completed,Planned,Not given,Planned,Not indicated,Right,Worsened,None
SYN-DM-01526,Aflibercept,3.24,Planned,Partial,Given,Planned,Not indicated,Neither,Worsened,Pressure rise
SYN-DM-01527,Ranibizumab,13.76,Completed,Planned,Planned,Planned,Planned,Left,Improved,Other
SYN-DM-01528,Ranibizumab,8.75,Not indicated,Partial,Not given,Planned,Completed,Right,Stable,Pressure rise
SYN-DM-01529,Ranibizumab,11.83,Planned,Completed,Not given,Planned,Not indicated,Neither,Worsened,None
SYN-DM-01530,Ranibizumab,15.11,Completed,Planned,Not given,Not indicated,Not indicated,Left,Improved,Pressure rise
SYN-DM-01531,Aflibercept,10.21,Completed,Planned,Not given,Not indicated,Completed,Neither,Improved,Pressure rise
SYN-DM-01532,Aflibercept,0.97,Completed,Not indicated,Planned,Not indicated,Not indicated,Neither,Worsened,None
SYN-DM-01533,Ranibizumab,15.01,Completed,Not indicated,Not given,Planned,Not indicated,Left,Stable,None
SYN-DM-01534,Aflibercept,15.43,Not indicated,Partial,Given,Not indicated,Completed,Neither,Improved,Inflammation
SYN-DM-01535,None,10.36,Completed,Partial,Not given,Planned,Planned,Right,Stable,Pressure rise
SYN-DM-01536,None,8.44,Not indicated,Partial,Not given,Planned,Not indicated,Neither,Not assessed,None
SYN-DM-01537,Bevacizumab,10.56,Planned,Not indicated,Given,Not indicated,Planned,Neither,Worsened,Other
SYN-DM-01538,Bevacizumab,2.97,Completed,Not indicated,Not given,Completed,Completed,Neither,Not assessed,Inflammation
SYN-DM-01539,Ranibizumab,3.55,Not indicated,Completed,Planned,Completed,Planned,Left,Not assessed,Other
SYN-DM-01540,Aflibercept,2.81,Not indicated,Planned,Given,Planned,Completed,Bilateral,Stable,None
SYN-DM-01541,Bevacizumab,2.76,Not indicated,Planned,Not given,Planned,Completed,Right,Worsened,Pressure rise
SYN-DM-01542,Aflibercept,14.15,Completed,Partial,Given,Not indicated,Completed,Right,Not assessed,Inflammation
SYN-DM-01543,Bevacizumab,17.44,Completed,Completed,Not given,Planned,Not indicated,Bilateral,Stable,Other
SYN-DM-01544,Ranibizumab,3.84,Completed,Completed,Planned,Completed,Planned,Neither,Stable,Other
SYN-DM-01545,None,2.75,Not indicated,Completed,Given,Completed,Completed,Left,Not assessed,Inflammation
SYN-DM-01546,None,16.73,Planned,Planned,Given,Completed,Not indicated,Neither,Worsened,None
SYN-DM-01547,Ranibizumab,7.29,Planned,Partial,Not given,Planned,Not indicated,Left,Stable,Pressure rise
SYN-DM-01548,None,7.24,Planned,Completed,Planned,Not indicated,Completed,Left,Stable,Other
SYN-DM-01549,Bevacizumab,17.89,Planned,Not indicated,Planned,Planned,Planned,Left,Stable,None
SYN-DM-01550,Aflibercept,13.62,Not indicated,Partial,Not given,Completed,Planned,Neither,Stable,None
SYN-DM-01551,Aflibercept,3.47,Completed,Not indicated,Not given,Completed,Completed,Bilateral,Worsened,Pressure rise
SYN-DM-01552,Aflibercept,16.46,Not indicated,Planned,Planned,Planned,Planned,Bilateral,Stable,None
SYN-DM-01553,Ranibizumab,8.83,Planned,Completed,Planned,Completed,Planned,Neither,Not assessed,Other
SYN-DM-01554,Bevacizumab,16.4,Planned,Partial,Not given,Not indicated,Completed,Left,Stable,Inflammation
SYN-DM-01555,Ranibizumab,12.64,Planned,Completed,Planned,Completed,Completed,Bilateral,Not assessed,None
SYN-DM-01556,Aflibercept,1.48,Not indicated,Completed,Given,Not indicated,Not indicated,Neither,Not assessed,Pressure rise
SYN-DM-01557,Bevacizumab,6.35,Completed,Not indicated,Given,Completed,Planned,Bilateral,Not assessed,Other
SYN-DM-01558,Bevacizumab,7.9,Planned,Completed,Not given,Planned,Planned,Right,Not assessed,Pressure rise
SYN-DM-01559,None,3.6,Completed,Planned,Planned,Completed,Completed,Bilateral,Worsened,Other
SYN-DM-01560,Ranibizumab,17.78,Not indicated,Not indicated,Not given,Planned,Planned,Bilateral,Stable,Pressure rise
SYN-DM-01561,Bevacizumab,1.7,Not indicated,Planned,Planned,Completed,Completed,Neither,Not assessed,Pressure rise
SYN-DM-01562,Ranibizumab,5.6,Planned,Not indicated,Not given,Not indicated,Completed,Left,Improved,None
SYN-DM-01563,Aflibercept,4.56,Not indicated,Completed,Given,Not indicated,Planned,Neither,Improved,Inflammation
SYN-DM-01564,Ranibizumab,11.53,Completed,Partial,Given,Planned,Not indicated,Right,Worsened,Other
SYN-DM-01565,Aflibercept,15.6,Completed,Partial,Planned,Completed,Not indicated,Bilateral,Not assessed,Pressure rise
SYN-DM-01566,Ranibizumab,2.16,Completed,Not indicated,Given,Completed,Not indicated,Left,Not assessed,Inflammation
SYN-DM-01567,None,0.36,Not indicated,Planned,Given,Completed,Planned,Left,Worsened,Pressure rise
SYN-DM-01568,None,9.46,Completed,Not indicated,Not given,Not indicated,Planned,Bilateral,Stable,Pressure rise
SYN-DM-01569,Bevacizumab,5.14,Planned,Partial,Planned,Not indicated,Not indicated,Neither,Improved,Pressure rise
SYN-DM-01570,None,2.85,Planned,Completed,Not given,Not indicated,Completed,Neither,Improved,Pressure rise
SYN-DM-01571,None,4.22,Not indicated,Partial,Planned,Not indicated,Not indicated,Right,Stable,None
SYN-DM-01572,None,2.3,Not indicated,Completed,Given,Not indicated,Planned,Left,Stable,None
SYN-DM-01573,Bevacizumab,11.02,Planned,Completed,Not given,Not indicated,Planned,Left,Not assessed,None
SYN-DM-01574,None,15.17,Completed,Planned,Given,Completed,Not indicated,Neither,Improved,None
SYN-DM-01575,Aflibercept,17.54,Completed,Completed,Planned,Planned,Not indicated,Right,Worsened,None
SYN-DM-01576,None,3.08,Planned,Partial,Planned,Not indicated,Completed,Right,Not assessed,Other
SYN-DM-01577,Bevacizumab,13.55,Not indicated,Not indicated,Given,Not indicated,Planned,Bilateral,Stable,Inflammation
SYN-DM-01578,Bevacizumab,14.47,Planned,Not indicated,Not given,Planned,Completed,Bilateral,Worsened,Inflammation
SYN-DM-01579,Aflibercept,6.5,Completed,Not indicated,Given,Planned,Planned,Bilateral,Stable,Inflammation
SYN-DM-01580,Aflibercept,2.71,Not indicated,Planned,Not given,Planned,Not indicated,Left,Improved,None
SYN-DM-01581,Ranibizumab,16.78,Completed,Not indicated,Not given,Completed,Completed,Right,Worsened,None
SYN-DM-01582,Aflibercept,12.59,Not indicated,Partial,Not given,Not indicated,Planned,Bilateral,Stable,None
SYN-DM-01583,Bevacizumab,12.19,Planned,Completed,Planned,Planned,Planned,Neither,Not assessed,None
SYN-DM-01584,Aflibercept,2.27,Completed,Not indicated,Given,Planned,Not indicated,Left,Not assessed,Other
SYN-DM-01585,None,9.52,Completed,Not indicated,Planned,Not indicated,Completed,Right,Stable,Other
SYN-DM-01586,Bevacizumab,16.03,Completed,Completed,Planned,Completed,Planned,Right,Improved,None
SYN-DM-01587,Ranibizumab,2.51,Completed,Not indicated,Planned,Planned,Planned,Neither,Not assessed,Pressure rise
SYN-DM-01588,Aflibercept,1.23,Not indicated,Partial,Not given,Not indicated,Planned,Left,Not assessed,None
SYN-DM-01589,None,11.58,Completed,Partial,Given,Completed,Not indicated,Neither,Stable,Pressure rise
SYN-DM-01590,Ranibizumab,15.92,Planned,Partial,Given,Completed,Planned,Bilateral,Worsened,Other
SYN-DM-01591,Ranibizumab,8.61,Planned,Planned,Planned,Completed,Completed,Bilateral,Worsened,Other
SYN-DM-01592,None,2.44,Not indicated,Partial,Given,Planned,Not indicated,Left,Not assessed,None
SYN-DM-01593,Bevacizumab,12.35,Completed,Not indicated,Planned,Completed,Planned,Neither,Stable,None
SYN-DM-01594,Aflibercept,15.86,Completed,Partial,Given,Completed,Planned,Left,Improved,Pressure rise
SYN-DM-01595,Ranibizumab,1.47,Planned,Not indicated,Planned,Planned,Completed,Left,Improved,None
SYN-DM-01596,Bevacizumab,9.53,Planned,Completed,Planned,Not indicated,Completed,Right,Worsened,Pressure rise
SYN-DM-01597,None,8.08,Planned,Partial,Not given,Planned,Planned,Neither,Stable,Pressure rise
SYN-DM-01598,None,1.71,Planned,Planned,Not given,Completed,Not indicated,Left,Stable,Other
SYN-DM-01599,None,12.25,Not indicated,Partial,Given,Planned,Not indicated,Right,Worsened,Other
SYN-DM-01600,Ranibizumab,5.85,Completed,Partial,Not given,Not indicated,Planned,Left,Improved,Inflammation
SYN-DM-01601,Ranibizumab,8.09,Planned,Planned,Not given,Completed,Completed,Left,Improved,Other
SYN-DM-01602,Aflibercept,1.89,Planned,Not indicated,Not given,Planned,Planned,Right,Not assessed,Other
SYN-DM-01603,Aflibercept,6.28,Planned,Partial,Given,Planned,Not indicated,Bilateral,Worsened,None
SYN-DM-01604,None,2.14,Planned,Partial,Not given,Not indicated,Not indicated,Bilateral,Stable,None
SYN-DM-01605,Ranibizumab,7.37,Planned,Partial,Planned,Not indicated,Planned,Neither,Stable,None
SYN-DM-01606,Aflibercept,1.86,Planned,Partial,Not given,Planned,Planned,Right,Stable,Inflammation
SYN-DM-01607,Bevacizumab,17.19,Not indicated,Completed,Given,Not indicated,Completed,Neither,Not assessed,Inflammation
SYN-DM-01608,Bevacizumab,9.51,Planned,Completed,Planned,Not indicated,Not indicated,Bilateral,Stable,Inflammation
SYN-DM-01609,Ranibizumab,5.24,Planned,Partial,Given,Not indicated,Not indicated,Bilateral,Not assessed,Pressure rise
SYN-DM-01610,Bevacizumab,9.52,Not indicated,Not indicated,Planned,Planned,Not indicated,Bilateral,Worsened,None
SYN-DM-01611,Aflibercept,1.44,Planned,Planned,Planned,Completed,Not indicated,Left,Stable,None
SYN-DM-01612,None,15.42,Completed,Not indicated,Given,Completed,Completed,Left,Worsened,Pressure rise
SYN-DM-01613,Bevacizumab,16.86,Completed,Partial,Given,Planned,Planned,Neither,Improved,None
SYN-DM-01614,Aflibercept,17.09,Completed,Partial,Planned,Planned,Completed,Bilateral,Worsened,None
SYN-DM-01615,Bevacizumab,4.43,Not indicated,Planned,Planned,Completed,Planned,Bilateral,Improved,Other
SYN-DM-01616,Bevacizumab,5.26,Planned,Planned,Planned,Not indicated,Planned,Bilateral,Improved,Other
SYN-DM-01617,Ranibizumab,2.22,Completed,Not indicated,Not given,Planned,Completed,Bilateral,Stable,Inflammation
SYN-DM-01618,Bevacizumab,14.46,Not indicated,Planned,Planned,Planned,Not indicated,Bilateral,Worsened,Pressure rise
SYN-DM-01619,Ranibizumab,0.96,Not indicated,Completed,Not given,Not indicated,Planned,Bilateral,Stable,Inflammation
SYN-DM-01620,Ranibizumab,8.39,Completed,Partial,Given,Planned,Planned,Neither,Not assessed,Other
SYN-DM-01621,Ranibizumab,8.67,Planned,Planned,Planned,Completed,Planned,Left,Not assessed,Inflammation
SYN-DM-01622,Bevacizumab,10.23,Planned,Not indicated,Given,Planned,Completed,Neither,Stable,Inflammation
SYN-DM-01623,Bevacizumab,15.74,Not indicated,Partial,Given,Planned,Completed,Neither,Worsened,Other
SYN-DM-01624,Aflibercept,7.94,Completed,Not indicated,Given,Planned,Completed,Neither,Worsened,Pressure rise
SYN-DM-01625,Bevacizumab,10.15,Completed,Completed,Planned,Planned,Planned,Neither,Stable,Other
SYN-DM-01626,Bevacizumab,2.23,Planned,Partial,Planned,Not indicated,Not indicated,Left,Improved,Inflammation
SYN-DM-01627,Ranibizumab,17.33,Completed,Completed,Given,Not indicated,Not indicated,Bilateral,Not assessed,None
SYN-DM-01628,None,1.52,Planned,Not indicated,Planned,Not indicated,Completed,Left,Stable,None
SYN-DM-01629,Aflibercept,5.06,Completed,Not indicated,Given,Completed,Not indicated,Neither,Worsened,Pressure rise
SYN-DM-01630,Bevacizumab,15.2,Not indicated,Partial,Given,Completed,Completed,Neither,Worsened,Other
SYN-DM-01631,Ranibizumab,5.37,Not indicated,Planned,Planned,Completed,Completed,Right,Stable,Pressure rise
SYN-DM-01632,None,17.15,Planned,Planned,Planned,Planned,Not indicated,Left,Improved,Other
SYN-DM-01633,Bevacizumab,14.1,Not indicated,Not indicated,Planned,Planned,Not indicated,Right,Not assessed,None
SYN-DM-01634,Aflibercept,13.69,Not indicated,Completed,Planned,Planned,Completed,Left,Stable,Other
SYN-DM-01635,Bevacizumab,17.73,Planned,Planned,Given,Not indicated,Not indicated,Left,Improved,None
SYN-DM-01636,Bevacizumab,13.28,Planned,Planned,Not given,Not indicated,Planned,Bilateral,Stable,Pressure rise
SYN-DM-01637,None,5.78,Not indicated,Not indicated,Given,Planned,Not indicated,Bilateral,Worsened,Other
SYN-DM-01638,Bevacizumab,3.18,Completed,Partial,Given,Planned,Not indicated,Bilateral,Stable,Other
SYN-DM-01639,Bevacizumab,13.55,Not indicated,Planned,Not given,Completed,Planned,Left,Improved,Inflammation
SYN-DM-01640,Bevacizumab,11.61,Not indicated,Completed,Planned,Planned,Completed,Bilateral,Worsened,Pressure rise
SYN-DM-01641,Bevacizumab,6.29,Completed,Completed,Given,Planned,Not indicated,Right,Stable,None
SYN-DM-01642,Bevacizumab,15.72,Planned,Partial,Planned,Not indicated,Not indicated,Right,Not assessed,Inflammation
SYN-DM-01643,Bevacizumab,3.4,Completed,Not indicated,Planned,Not indicated,Completed,Left,Improved,None
SYN-DM-01644,Bevacizumab,7.07,Completed,Not indicated,Given,Planned,Planned,Left,Stable,Inflammation
SYN-DM-01645,Aflibercept,17.07,Planned,Partial,Not given,Completed,Planned,Left,Worsened,Inflammation
SYN-DM-01646,Ranibizumab,9.81,Completed,Completed,Not given,Planned,Not indicated,Left,Not assessed,Inflammation
SYN-DM-01647,Ranibizumab,0.72,Not indicated,Planned,Given,Completed,Planned,Neither,Not assessed,Pressure rise
SYN-DM-01648,Bevacizumab,15.63,Completed,Not indicated,Given,Completed,Completed,Right,Worsened,None
SYN-DM-01649,Aflibercept,8.02,Completed,Planned,Given,Not indicated,Completed,Neither,Improved,Pressure rise
SYN-DM-01650,Aflibercept,14.35,Planned,Planned,Given,Planned,Planned,Right,Worsened,Pressure rise
SYN-DM-01651,Bevacizumab,9.58,Completed,Not indicated,Given,Completed,Completed,Left,Improved,Inflammation
SYN-DM-01652,Ranibizumab,4.65,Planned,Completed,Given,Planned,Completed,Right,Stable,Other
SYN-DM-01653,Bevacizumab,2.06,Completed,Planned,Planned,Planned,Planned,Left,Stable,None
SYN-DM-01654,Bevacizumab,4.25,Planned,Completed,Not given,Completed,Planned,Right,Worsened,Other
SYN-DM-01655,Bevacizumab,12.65,Not indicated,Partial,Not given,Planned,Planned,Right,Improved,None
SYN-DM-01656,Aflibercept,8.5,Planned,Completed,Planned,Completed,Planned,Right,Worsened,Pressure rise
SYN-DM-01657,None,16.88,Completed,Planned,Not given,Completed,Completed,Right,Stable,Pressure rise
SYN-DM-01658,Aflibercept,4.26,Planned,Planned,Given,Completed,Not indicated,Left,Stable,None
SYN-DM-01659,None,12.65,Completed,Planned,Given,Not indicated,Completed,Left,Not assessed,None
SYN-DM-01660,None,2.93,Planned,Planned,Planned,Planned,Planned,Left,Improved,None
SYN-DM-01661,Ranibizumab,16.38,Not indicated,Completed,Not given,Not indicated,Completed,Neither,Not assessed,None
SYN-DM-01662,None,10.56,Completed,Partial,Not given,Completed,Planned,Bilateral,Stable,None
SYN-DM-01663,Aflibercept,2.35,Completed,Partial,Planned,Planned,Completed,Bilateral,Worsened,None
SYN-DM-01664,None,4.24,Completed,Partial,Planned,Not indicated,Completed,Bilateral,Stable,Pressure rise
SYN-DM-01665,Ranibizumab,4.92,Completed,Partial,Planned,Completed,Planned,Left,Stable,Pressure rise
SYN-DM-01666,Ranibizumab,17.42,Not indicated,Not indicated,Given,Completed,Completed,Left,Not assessed,Other
SYN-DM-01667,Ranibizumab,12.99,Not indicated,Completed,Not given,Planned,Not indicated,Right,Improved,Other
SYN-DM-01668,Aflibercept,6.67,Completed,Not indicated,Not given,Planned,Completed,Left,Not assessed,None
SYN-DM-01669,None,6.55,Completed,Completed,Given,Not indicated,Not indicated,Left,Stable,Inflammation
SYN-DM-01670,None,9.77,Not indicated,Completed,Planned,Completed,Completed,Bilateral,Not assessed,Pressure rise
SYN-DM-01671,Ranibizumab,4.05,Completed,Completed,Not given,Completed,Planned,Right,Worsened,Pressure rise
SYN-DM-01672,None,12.97,Not indicated,Partial,Given,Completed,Completed,Left,Improved,Pressure rise
SYN-DM-01673,None,2.77,Completed,Partial,Not given,Planned,Planned,Left,Not assessed,Inflammation
SYN-DM-01674,Aflibercept,8.12,Not indicated,Completed,Given,Completed,Completed,Left,Worsened,None
SYN-DM-01675,None,7.01,Planned,Completed,Not given,Not indicated,Planned,Left,Worsened,None
SYN-DM-01676,Aflibercept,14.06,Planned,Completed,Not given,Not indicated,Not indicated,Right,Not assessed,None
SYN-DM-01677,Aflibercept,11.07,Not indicated,Completed,Not given,Not indicated,Planned,Right,Improved,Inflammation
SYN-DM-01678,Bevacizumab,13.5,Not indicated,Completed,Given,Completed,Planned,Right,Worsened,Pressure rise
SYN-DM-01679,Bevacizumab,11.19,Planned,Partial,Not given,Completed,Completed,Bilateral,Not assessed,Other
SYN-DM-01680,None,9.19,Not indicated,Completed,Given,Planned,Completed,Left,Worsened,None
SYN-DM-01681,Aflibercept,1.24,Planned,Completed,Not given,Not indicated,Planned,Bilateral,Stable,Other
SYN-DM-01682,Bevacizumab,11.53,Completed,Not indicated,Planned,Not indicated,Not indicated,Neither,Worsened,Inflammation
SYN-DM-01683,Aflibercept,5.68,Not indicated,Not indicated,Not given,Completed,Completed,Left,Worsened,None
SYN-DM-01684,None,15.54,Planned,Completed,Given,Completed,Not indicated,Left,Stable,Other
SYN-DM-01685,Ranibizumab,12.72,Planned,Completed,Given,Planned,Not indicated,Neither,Not assessed,Other
SYN-DM-01686,Bevacizumab,3.3,Not indicated,Planned,Given,Completed,Not indicated,Neither,Not assessed,Other
SYN-DM-01687,Aflibercept,1.12,Not indicated,Planned,Planned,Completed,Not indicated,Right,Improved,Inflammation
SYN-DM-01688,Bevacizumab,5.23,Planned,Partial,Not given,Not indicated,Planned,Bilateral,Not assessed,Pressure rise
SYN-DM-01689,Bevacizumab,6.2,Completed,Partial,Not given,Completed,Not indicated,Neither,Stable,Pressure rise
SYN-DM-01690,None,12.83,Planned,Not indicated,Given,Planned,Planned,Right,Stable,Pressure rise
SYN-DM-01691,Ranibizumab,2.27,Completed,Partial,Given,Completed,Planned,Left,Improved,Inflammation
SYN-DM-01692,Ranibizumab,7.37,Planned,Partial,Planned,Not indicated,Not indicated,Left,Stable,None
SYN-DM-01693,None,3.39,Not indicated,Completed,Planned,Planned,Completed,Right,Stable,Other
SYN-DM-01694,Ranibizumab,9.1,Completed,Completed,Planned,Planned,Not indicated,Neither,Improved,None
SYN-DM-01695,Bevacizumab,14.88,Planned,Partial,Planned,Completed,Not indicated,Neither,Worsened,Other
SYN-DM-01696,None,16.53,Planned,Completed,Planned,Not indicated,Planned,Left,Not assessed,Pressure rise
SYN-DM-01697,Bevacizumab,11.3,Planned,Partial,Planned,Completed,Planned,Bilateral,Not assessed,Other
SYN-DM-01698,None,1.5,Completed,Completed,Planned,Planned,Planned,Neither,Worsened,Pressure rise
SYN-DM-01699,Aflibercept,2.99,Not indicated,Planned,Not given,Planned,Not indicated,Left,Not assessed,None
SYN-DM-01700,None,8.29,Not indicated,Not indicated,Not given,Planned,Planned,Neither,Worsened,Inflammation
SYN-DM-01701,None,9.46,Not indicated,Planned,Given,Not indicated,Completed,Left,Stable,None
SYN-DM-01702,Ranibizumab,13.92,Planned,Completed,Planned,Planned,Planned,Right,Worsened,None
SYN-DM-01703,None,14.44,Not indicated,Planned,Given,Completed,Completed,Bilateral,Improved,Inflammation
SYN-DM-01704,Bevacizumab,9.8,Not indicated,Completed,Not given,Completed,Completed,Right,Not assessed,Inflammation
SYN-DM-01705,Aflibercept,16.87,Not indicated,Planned,Planned,Completed,Completed,Left,Improved,Pressure rise
SYN-DM-01706,Aflibercept,1.99,Completed,Partial,Planned,Completed,Completed,Left,Not assessed,Other
SYN-DM-01707,Bevacizumab,14.26,Planned,Partial,Given,Planned,Completed,Right,Stable,Pressure rise
SYN-DM-01708,Aflibercept,10.93,Planned,Partial,Planned,Planned,Completed,Neither,Not assessed,Other
SYN-DM-01709,Aflibercept,11.48,Not indicated,Not indicated,Planned,Planned,Planned,Neither,Improved,Pressure rise
SYN-DM-01710,Ranibizumab,7.66,Completed,Planned,Given,Not indicated,Not indicated,Left,Not assessed,Other
SYN-DM-01711,None,7.42,Planned,Completed,Given,Not indicated,Completed,Right,Not assessed,Other
SYN-DM-01712,Ranibizumab,12.02,Not indicated,Planned,Planned,Not indicated,Not indicated,Neither,Stable,None
SYN-DM-01713,None,15.03,Completed,Not indicated,Given,Completed,Completed,Neither,Improved,None
SYN-DM-01714,Bevacizumab,8.13,Not indicated,Planned,Given,Not indicated,Not indicated,Neither,Stable,Other
SYN-DM-01715,Aflibercept,0.21,Not indicated,Not indicated,Planned,Completed,Not indicated,Neither,Improved,Other
SYN-DM-01716,Bevacizumab,15.25,Completed,Planned,Given,Planned,Planned,Neither,Worsened,Pressure rise
SYN-DM-01717,Aflibercept,0.6,Not indicated,Not indicated,Planned,Planned,Completed,Right,Worsened,Other
SYN-DM-01718,Bevacizumab,16.18,Not indicated,Partial,Planned,Completed,Completed,Neither,Improved,Pressure rise
SYN-DM-01719,Aflibercept,13.92,Not indicated,Planned,Given,Not indicated,Completed,Left,Improved,Inflammation
SYN-DM-01720,Bevacizumab,1.28,Not indicated,Planned,Not given,Completed,Not indicated,Left,Worsened,None
SYN-DM-01721,Ranibizumab,9.21,Completed,Completed,Given,Not indicated,Completed,Bilateral,Improved,Pressure rise
SYN-DM-01722,Bevacizumab,11.58,Planned,Completed,Planned,Completed,Not indicated,Neither,Worsened,Pressure rise
SYN-DM-01723,Bevacizumab,6.85,Not indicated,Partial,Not given,Completed,Planned,Left,Worsened,None
SYN-DM-01724,Bevacizumab,5.34,Completed,Completed,Not given,Planned,Completed,Neither,Not assessed,Inflammation
SYN-DM-01725,Aflibercept,11.14,Planned,Partial,Given,Completed,Not indicated,Bilateral,Worsened,Other
SYN-DM-01726,Ranibizumab,16.48,Completed,Completed,Given,Completed,Planned,Left,Stable,Pressure rise
SYN-DM-01727,None,13.97,Planned,Partial,Not given,Completed,Not indicated,Neither,Improved,None
SYN-DM-01728,None,1.68,Not indicated,Planned,Not given,Planned,Completed,Right,Stable,Pressure rise
SYN-DM-01729,Bevacizumab,5.71,Planned,Not indicated,Given,Not indicated,Planned,Neither,Improved,Other
SYN-DM-01730,Bevacizumab,1.52,Planned,Completed,Planned,Not indicated,Completed,Left,Not assessed,None
SYN-DM-01731,Aflibercept,10.64,Not indicated,Not indicated,Not given,Planned,Not indicated,Right,Not assessed,Pressure rise
SYN-DM-01732,Bevacizumab,17.17,Not indicated,Planned,Given,Not indicated,Planned,Bilateral,Improved,Other
SYN-DM-01733,Aflibercept,1.15,Completed,Partial,Planned,Not indicated,Completed,Bilateral,Worsened,Inflammation
SYN-DM-01734,Aflibercept,12.22,Planned,Planned,Planned,Not indicated,Not indicated,Left,Not assessed,None
SYN-DM-01735,Aflibercept,1.47,Planned,Planned,Planned,Not indicated,Completed,Bilateral,Not assessed,Inflammation
SYN-DM-01736,None,13.78,Planned,Not indicated,Given,Not indicated,Planned,Bilateral,Improved,None
SYN-DM-01737,Aflibercept,9.04,Planned,Not indicated,Not given,Completed,Planned,Bilateral,Not assessed,Other
SYN-DM-01738,None,0.11,Completed,Partial,Given,Completed,Planned,Bilateral,Improved,Inflammation
SYN-DM-01739,Bevacizumab,2.16,Planned,Completed,Given,Planned,Not indicated,Neither,Not assessed,Other
SYN-DM-01740,Aflibercept,7.78,Not indicated,Planned,Planned,Planned,Planned,Right,Stable,None
SYN-DM-01741,Bevacizumab,10.32,Not indicated,Planned,Planned,Not indicated,Planned,Right,Improved,Pressure rise
SYN-DM-01742,None,3.93,Not indicated,Completed,Not given,Completed,Not indicated,Neither,Stable,Pressure rise
SYN-DM-01743,Bevacizumab,17.65,Completed,Not indicated,Planned,Planned,Completed,Left,Improved,Other
SYN-DM-01744,Bevacizumab,13.54,Completed,Planned,Not given,Not indicated,Completed,Right,Improved,Other
SYN-DM-01745,Ranibizumab,1.18,Not indicated,Planned,Not given,Completed,Not indicated,Bilateral,Improved,Inflammation
SYN-DM-01746,Bevacizumab,11.15,Completed,Planned,Given,Not indicated,Planned,Left,Worsened,None
SYN-DM-01747,Ranibizumab,1.93,Planned,Partial,Planned,Not indicated,Completed,Right,Worsened,Other
SYN-DM-01748,None,3.44,Completed,Partial,Not given,Planned,Planned,Bilateral,Not assessed,None
SYN-DM-01749,None,8.13,Planned,Planned,Planned,Not indicated,Not indicated,Bilateral,Not assessed,Other
SYN-DM-01750,Bevacizumab,14.21,Planned,Planned,Planned,Planned,Not indicated,Neither,Improved,Other
SYN-DM-01751,Aflibercept,7.74,Not indicated,Not indicated,Not given,Planned,Not indicated,Bilateral,Not assessed,Inflammation
SYN-DM-01752,Aflibercept,12.0,Planned,Planned,Given,Completed,Completed,Bilateral,Worsened,Pressure rise
SYN-DM-01753,Bevacizumab,4.21,Planned,Planned,Given,Completed,Not indicated,Bilateral,Worsened,Pressure rise
SYN-DM-01754,Ranibizumab,1.22,Planned,Completed,Planned,Completed,Not indicated,Bilateral,Not assessed,Inflammation
SYN-DM-01755,Bevacizumab,3.12,Completed,Not indicated,Not given,Not indicated,Completed,Bilateral,Improved,Inflammation
SYN-DM-01756,Bevacizumab,8.81,Planned,Planned,Not given,Not indicated,Completed,Right,Worsened,Inflammation
SYN-DM-01757,Aflibercept,15.68,Not indicated,Completed,Not given,Planned,Planned,Left,Not assessed,Inflammation
SYN-DM-01758,Bevacizumab,11.94,Planned,Partial,Not given,Not indicated,Not indicated,Neither,Improved,Other
SYN-DM-01759,Bevacizumab,14.54,Planned,Not indicated,Not given,Planned,Completed,Bilateral,Worsened,Pressure rise
SYN-DM-01760,None,11.43,Planned,Planned,Planned,Not indicated,Not indicated,Right,Stable,Other
SYN-DM-01761,Bevacizumab,11.82,Not indicated,Not indicated,Planned,Completed,Not indicated,Bilateral,Not assessed,Pressure rise
SYN-DM-01762,Aflibercept,3.17,Planned,Completed,Given,Planned,Planned,Left,Stable,Pressure rise
SYN-DM-01763,None,14.0,Completed,Planned,Planned,Completed,Completed,Bilateral,Improved,Inflammation
SYN-DM-01764,Aflibercept,15.7,Not indicated,Not indicated,Planned,Not indicated,Not indicated,Left,Improved,None
SYN-DM-01765,Ranibizumab,11.35,Not indicated,Not indicated,Planned,Not indicated,Not indicated,Bilateral,Not assessed,None
SYN-DM-01766,Aflibercept,5.07,Planned,Not indicated,Planned,Planned,Planned,Neither,Not assessed,Inflammation
SYN-DM-01767,Aflibercept,13.51,Planned,Planned,Not given,Not indicated,Planned,Bilateral,Worsened,Pressure rise
SYN-DM-01768,Ranibizumab,17.98,Not indicated,Completed,Given,Completed,Completed,Neither,Worsened,Other
SYN-DM-01769,Bevacizumab,5.55,Completed,Not indicated,Not given,Planned,Completed,Left,Not assessed,None
SYN-DM-01770,None,6.69,Not indicated,Completed,Given,Completed,Not indicated,Left,Worsened,Pressure rise
SYN-DM-01771,None,11.88,Planned,Planned,Not given,Planned,Planned,Neither,Stable,None
SYN-DM-01772,Aflibercept,17.45,Planned,Partial,Planned,Planned,Completed,Bilateral,Stable,Pressure rise
SYN-DM-01773,None,5.06,Completed,Planned,Not given,Completed,Not indicated,Left,Stable,None
SYN-DM-01774,None,10.9,Planned,Completed,Not given,Planned,Not indicated,Left,Worsened,Pressure rise
SYN-DM-01775,None,14.8,Not indicated,Completed,Not given,Completed,Planned,Bilateral,Not assessed,None
SYN-DM-01776,Bevacizumab,12.33,Completed,Partial,Not given,Not indicated,Completed,Bilateral,Improved,Inflammation
SYN-DM-01777,Bevacizumab,1.74,Planned,Not indicated,Not given,Completed,Not indicated,Left,Not assessed,None
SYN-DM-01778,None,4.32,Planned,Planned,Given,Completed,Completed,Bilateral,Worsened,Pressure rise
SYN-DM-01779,Aflibercept,0.35,Not indicated,Partial,Given,Planned,Completed,Neither,Stable,None
SYN-DM-01780,Aflibercept,8.09,Planned,Partial,Given,Planned,Planned,Right,Not assessed,Inflammation
SYN-DM-01781,Bevacizumab,0.75,Not indicated,Completed,Not given,Completed,Not indicated,Left,Improved,Inflammation
SYN-DM-01782,None,15.58,Not indicated,Partial,Given,Completed,Planned,Left,Worsened,Inflammation
SYN-DM-01783,Aflibercept,4.8,Not indicated,Planned,Not given,Completed,Completed,Right,Worsened,None
SYN-DM-01784,Aflibercept,15.99,Planned,Partial,Planned,Planned,Not indicated,Neither,Stable,Pressure rise
SYN-DM-01785,Ranibizumab,7.0,Not indicated,Planned,Planned,Not indicated,Planned,Neither,Stable,Other
SYN-DM-01786,Ranibizumab,3.92,Planned,Partial,Planned,Not indicated,Not indicated,Bilateral,Improved,Inflammation
SYN-DM-01787,Bevacizumab,5.3,Planned,Partial,Given,Not indicated,Planned,Left,Worsened,Other
SYN-DM-01788,Bevacizumab,14.48,Completed,Partial,Planned,Planned,Not indicated,Neither,Worsened,Inflammation
SYN-DM-01789,Aflibercept,12.24,Completed,Not indicated,Not given,Not indicated,Completed,Bilateral,Stable,Other
SYN-DM-01790,Aflibercept,13.4,Completed,Completed,Not given,Completed,Planned,Neither,Not assessed,Inflammation
SYN-DM-01791,Ranibizumab,11.77,Not indicated,Partial,Given,Completed,Completed,Neither,Not assessed,Other
SYN-DM-01792,Aflibercept,15.53,Planned,Partial,Given,Planned,Completed,Bilateral,Improved,Other
SYN-DM-01793,Aflibercept,1.56,Planned,Not indicated,Planned,Not indicated,Not indicated,Bilateral,Worsened,Other
SYN-DM-01794,Ranibizumab,12.81,Not indicated,Partial,Not given,Not indicated,Not indicated,Bilateral,Worsened,Other
SYN-DM-01795,None,16.14,Planned,Not indicated,Given,Not indicated,Planned,Left,Stable,Inflammation
SYN-DM-01796,None,10.58,Completed,Partial,Not given,Planned,Not indicated,Neither,Not assessed,Other
SYN-DM-01797,Aflibercept,9.39,Completed,Completed,Not given,Completed,Not indicated,Left,Worsened,Pressure rise
SYN-DM-01798,Aflibercept,9.23,Not indicated,Partial,Given,Not indicated,Completed,Neither,Stable,Other
SYN-DM-01799,Bevacizumab,4.73,Completed,Completed,Given,Not indicated,Completed,Bilateral,Stable,None
SYN-DM-01800,Aflibercept,7.35,Planned,Not indicated,Planned,Completed,Not indicated,Left,Stable,Inflammation
SYN-DM-01801,Ranibizumab,7.81,Planned,Completed,Planned,Not indicated,Not indicated,Neither,Not assessed,Inflammation
SYN-DM-01802,Ranibizumab,10.11,Not indicated,Not indicated,Planned,Not indicated,Not indicated,Neither,Not assessed,Pressure rise
SYN-DM-01803,None,10.2,Not indicated,Completed,Given,Completed,Not indicated,Left,Not assessed,Inflammation
SYN-DM-01804,Ranibizumab,0.74,Completed,Planned,Not given,Planned,Not indicated,Neither,Improved,Other
SYN-DM-01805,Bevacizumab,17.47,Not indicated,Completed,Planned,Planned,Planned,Left,Improved,None
SYN-DM-01806,Aflibercept,14.38,Planned,Completed,Planned,Planned,Not indicated,Right,Stable,Other
SYN-DM-01807,Aflibercept,0.72,Not indicated,Completed,Planned,Not indicated,Not indicated,Bilateral,Worsened,Inflammation
SYN-DM-01808,Ranibizumab,2.54,Planned,Not indicated,Given,Completed,Completed,Neither,Stable,None
SYN-DM-01809,Ranibizumab,11.43,Not indicated,Not indicated,Not given,Not indicated,Planned,Left,Worsened,Pressure rise
SYN-DM-01810,Ranibizumab,3.52,Not indicated,Partial,Planned,Planned,Not indicated,Right,Improved,None
SYN-DM-01811,Aflibercept,16.3,Not indicated,Completed,Given,Completed,Completed,Neither,Worsened,None
SYN-DM-01812,Ranibizumab,11.14,Completed,Partial,Planned,Not indicated,Not indicated,Left,Improved,Inflammation
SYN-DM-01813,Aflibercept,2.18,Completed,Planned,Given,Not indicated,Not indicated,Right,Not assessed,Pressure rise
SYN-DM-01814,None,8.51,Completed,Planned,Not given,Completed,Completed,Left,Stable,Inflammation
SYN-DM-01815,Aflibercept,10.68,Not indicated,Partial,Given,Completed,Planned,Right,Stable,Pressure rise
SYN-DM-01816,None,4.03,Completed,Not indicated,Given,Planned,Planned,Left,Not assessed,Pressure rise
SYN-DM-01817,None,4.18,Planned,Not indicated,Given,Not indicated,Completed,Left,Stable,None
SYN-DM-01818,Ranibizumab,13.1,Completed,Planned,Given,Planned,Not indicated,Left,Improved,Pressure rise
SYN-DM-01819,Aflibercept,6.24,Planned,Partial,Given,Not indicated,Planned,Neither,Worsened,Other
SYN-DM-01820,Ranibizumab,2.97,Planned,Not indicated,Not given,Completed,Planned,Right,Stable,None
SYN-DM-01821,Ranibizumab,9.41,Completed,Completed,Planned,Not indicated,Planned,Bilateral,Worsened,None
SYN-DM-01822,None,1.04,Not indicated,Not indicated,Planned,Completed,Planned,Right,Improved,Pressure rise
SYN-DM-01823,Bevacizumab,17.87,Planned,Completed,Given,Planned,Planned,Bilateral,Stable,Inflammation
SYN-DM-01824,None,16.11,Not indicated,Not indicated,Planned,Not indicated,Completed,Neither,Worsened,Inflammation
SYN-DM-01825,Aflibercept,13.07,Completed,Planned,Not given,Completed,Not indicated,Neither,Not assessed,Other
SYN-DM-01826,Ranibizumab,9.2,Completed,Partial,Given,Not indicated,Completed,Bilateral,Stable,Inflammation
SYN-DM-01827,Aflibercept,8.12,Not indicated,Not indicated,Planned,Not indicated,Planned,Bilateral,Improved,Other
SYN-DM-01828,Ranibizumab,10.41,Completed,Partial,Planned,Completed,Planned,Bilateral,Stable,Pressure rise
SYN-DM-01829,None,14.17,Planned,Not indicated,Not given,Planned,Completed,Left,Not assessed,Pressure rise
SYN-DM-01830,Bevacizumab,6.21,Not indicated,Partial,Planned,Completed,Not indicated,Neither,Stable,None
SYN-DM-01831,Aflibercept,2.8,Completed,Partial,Given,Planned,Not indicated,Left,Improved,Other
SYN-DM-01832,Ranibizumab,0.68,Planned,Completed,Given,Planned,Not indicated,Neither,Not assessed,Inflammation
SYN-DM-01833,None,3.97,Not indicated,Planned,Not given,Completed,Planned,Left,Not assessed,Other
SYN-DM-01834,Ranibizumab,13.78,Completed,Planned,Not given,Completed,Completed,Neither,Worsened,Pressure rise
SYN-DM-01835,Ranibizumab,17.04,Planned,Partial,Planned,Planned,Not indicated,Right,Stable,None
SYN-DM-01836,Aflibercept,12.68,Completed,Completed,Given,Not indicated,Completed,Left,Worsened,None
SYN-DM-01837,Bevacizumab,7.38,Planned,Completed,Planned,Completed,Planned,Right,Not assessed,Other
SYN-DM-01838,Ranibizumab,0.35,Not indicated,Not indicated,Planned,Planned,Not indicated,Right,Not assessed,Other
SYN-DM-01839,None,0.91,Not indicated,Partial,Not given,Completed,Not indicated,Neither,Improved,Other
SYN-DM-01840,Aflibercept,0.87,Not indicated,Not indicated,Given,Planned,Planned,Left,Worsened,Other
SYN-DM-01841,Bevacizumab,0.67,Planned,Not indicated,Given,Planned,Completed,Neither,Stable,Inflammation
SYN-DM-01842,None,11.41,Completed,Planned,Given,Completed,Planned,Bilateral,Worsened,Inflammation
SYN-DM-01843,None,12.04,Completed,Completed,Planned,Not indicated,Planned,Neither,Not assessed,Other
SYN-DM-01844,Bevacizumab,17.61,Completed,Partial,Not given,Not indicated,Not indicated,Bilateral,Stable,Inflammation
SYN-DM-01845,Aflibercept,4.54,Not indicated,Not indicated,Given,Planned,Not indicated,Bilateral,Improved,Pressure rise
SYN-DM-01846,Aflibercept,10.75,Planned,Completed,Planned,Planned,Completed,Left,Not assessed,None
SYN-DM-01847,Ranibizumab,13.14,Not indicated,Planned,Given,Planned,Not indicated,Neither,Improved,Pressure rise
SYN-DM-01848,Ranibizumab,15.6,Not indicated,Partial,Not given,Completed,Planned,Left,Stable,Inflammation
SYN-DM-01849,Aflibercept,11.6,Completed,Partial,Given,Planned,Completed,Left,Stable,Other
SYN-DM-01850,Ranibizumab,14.6,Not indicated,Not indicated,Given,Completed,Planned,Right,Improved,Pressure rise
SYN-DM-01851,None,17.05,Completed,Partial,Planned,Planned,Completed,Left,Improved,Pressure rise
SYN-DM-01852,None,16.32,Not indicated,Planned,Planned,Planned,Completed,Bilateral,Stable,Pressure rise
SYN-DM-01853,Aflibercept,7.57,Planned,Not indicated,Not given,Planned,Planned,Left,Not assessed,Inflammation
SYN-DM-01854,Ranibizumab,3.92,Planned,Not indicated,Planned,Planned,Not indicated,Right,Improved,None
SYN-DM-01855,Ranibizumab,15.84,Not indicated,Completed,Not given,Completed,Planned,Bilateral,Stable,None
SYN-DM-01856,None,14.69,Not indicated,Planned,Planned,Completed,Completed,Neither,Improved,Other
SYN-DM-01857,Ranibizumab,10.06,Completed,Planned,Planned,Planned,Not indicated,Bilateral,Worsened,Other
SYN-DM-01858,Aflibercept,4.08,Planned,Partial,Planned,Completed,Completed,Left,Stable,Pressure rise
SYN-DM-01859,Aflibercept,17.23,Completed,Planned,Planned,Not indicated,Planned,Left,Not assessed,None
SYN-DM-01860,Bevacizumab,17.19,Not indicated,Partial,Not given,Completed,Completed,Right,Stable,None
SYN-DM-01861,Aflibercept,2.56,Not indicated,Not indicated,Planned,Completed,Not indicated,Right,Worsened,Inflammation
SYN-DM-01862,None,13.38,Not indicated,Planned,Not given,Not indicated,Planned,Neither,Stable,Other
SYN-DM-01863,Aflibercept,5.01,Completed,Not indicated,Not given,Planned,Not indicated,Left,Worsened,Pressure rise
SYN-DM-01864,Ranibizumab,3.34,Planned,Planned,Given,Planned,Not indicated,Left,Not assessed,Inflammation
SYN-DM-01865,None,13.77,Planned,Partial,Planned,Completed,Not indicated,Neither,Worsened,None
SYN-DM-01866,None,2.17,Not indicated,Not indicated,Planned,Planned,Completed,Bilateral,Worsened,Other
SYN-DM-01867,None,14.37,Planned,Planned,Planned,Not indicated,Completed,Bilateral,Stable,Inflammation
SYN-DM-01868,Aflibercept,13.56,Completed,Not indicated,Given,Not indicated,Not indicated,Left,Improved,Pressure rise
SYN-DM-01869,Bevacizumab,16.32,Planned,Planned,Planned,Planned,Completed,Right,Stable,Inflammation
SYN-DM-01870,Aflibercept,9.01,Completed,Completed,Not given,Completed,Completed,Neither,Not assessed,Inflammation
SYN-DM-01871,Aflibercept,6.73,Completed,Completed,Given,Not indicated,Not indicated,Neither,Improved,Pressure rise
SYN-DM-01872,None,5.97,Planned,Completed,Not given,Planned,Not indicated,Left,Not assessed,Other
SYN-DM-01873,None,13.02,Not indicated,Planned,Planned,Planned,Not indicated,Bilateral,Not assessed,Pressure rise
SYN-DM-01874,None,16.48,Planned,Completed,Planned,Completed,Not indicated,Bilateral,Not assessed,Inflammation
SYN-DM-01875,Aflibercept,12.58,Not indicated,Planned,Not given,Not indicated,Not indicated,Right,Not assessed,Pressure rise
SYN-DM-01876,Aflibercept,17.89,Completed,Planned,Not given,Not indicated,Not indicated,Left,Improved,None
SYN-DM-01877,None,7.35,Not indicated,Partial,Given,Not indicated,Completed,Neither,Not assessed,Other
SYN-DM-01878,Bevacizumab,17.68,Not indicated,Partial,Planned,Not indicated,Not indicated,Bilateral,Improved,Other
SYN-DM-01879,Aflibercept,12.06,Planned,Not indicated,Given,Not indicated,Completed,Left,Not assessed,Pressure rise
SYN-DM-01880,Aflibercept,13.77,Planned,Completed,Given,Not indicated,Not indicated,Bilateral,Improved,Other
SYN-DM-01881,Ranibizumab,0.67,Completed,Partial,Planned,Not indicated,Planned,Neither,Worsened,None
SYN-DM-01882,Bevacizumab,16.82,Not indicated,Not indicated,Given,Not indicated,Planned,Neither,Worsened,None
SYN-DM-01883,Aflibercept,15.29,Not indicated,Completed,Given,Planned,Planned,Right,Stable,Inflammation
SYN-DM-01884,Aflibercept,5.37,Completed,Planned,Given,Not indicated,Completed,Bilateral,Not assessed,None
SYN-DM-01885,Ranibizumab,4.95,Not indicated,Partial,Given,Not indicated,Planned,Neither,Worsened,Inflammation
SYN-DM-01886,None,0.27,Completed,Not indicated,Given,Planned,Not indicated,Right,Worsened,None
SYN-DM-01887,Bevacizumab,17.86,Planned,Partial,Planned,Not indicated,Planned,Left,Not assessed,None
SYN-DM-01888,None,2.26,Not indicated,Completed,Not given,Not indicated,Not indicated,Left,Stable,Other
SYN-DM-01889,None,4.69,Completed,Completed,Not given,Completed,Not indicated,Right,Stable,Other
SYN-DM-01890,Bevacizumab,17.74,Not indicated,Completed,Planned,Not indicated,Planned,Bilateral,Improved,Inflammation
SYN-DM-01891,None,4.47,Planned,Partial,Planned,Completed,Planned,Right,Improved,Other
SYN-DM-01892,Aflibercept,1.3,Not indicated,Partial,Planned,Not indicated,Planned,Right,Not assessed,Pressure rise
SYN-DM-01893,Aflibercept,6.5,Not indicated,Partial,Not given,Not indicated,Not indicated,Right,Stable,None
SYN-DM-01894,Ranibizumab,2.79,Completed,Partial,Planned,Completed,Completed,Bilateral,Improved,None
SYN-DM-01895,Ranibizumab,9.79,Completed,Completed,Given,Completed,Planned,Bilateral,Stable,None
SYN-DM-01896,Ranibizumab,10.33,Not indicated,Partial,Given,Planned,Completed,Right,Not assessed,Inflammation
SYN-DM-01897,Aflibercept,17.22,Planned,Planned,Planned,Planned,Not indicated,Neither,Improved,Inflammation
SYN-DM-01898,Aflibercept,6.41,Not indicated,Partial,Planned,Planned,Completed,Left,Improved,None
SYN-DM-01899,Bevacizumab,16.87,Not indicated,Partial,Given,Planned,Completed,Right,Worsened,None
SYN-DM-01900,Bevacizumab,3.25,Not indicated,Completed,Planned,Planned,Completed,Bilateral,Not assessed,Pressure rise
SYN-DM-01901,Bevacizumab,1.03,Completed,Not indicated,Not given,Not indicated,Completed,Bilateral,Stable,Other
SYN-DM-01902,Ranibizumab,16.61,Not indicated,Planned,Given,Not indicated,Not indicated,Right,Not assessed,Other
SYN-DM-01903,Ranibizumab,9.78,Completed,Partial,Given,Planned,Completed,Right,Stable,None
SYN-DM-01904,Bevacizumab,6.78,Planned,Planned,Planned,Planned,Planned,Bilateral,Worsened,Other
SYN-DM-01905,None,4.64,Not indicated,Not indicated,Planned,Completed,Planned,Neither,Worsened,None
SYN-DM-01906,Ranibizumab,15.41,Completed,Completed,Planned,Not indicated,Completed,Bilateral,Worsened,Inflammation
SYN-DM-01907,Bevacizumab,13.42,Completed,Completed,Not given,Not indicated,Not indicated,Bilateral,Stable,Other
SYN-DM-01908,None,6.04,Not indicated,Partial,Given,Not indicated,Planned,Right,Stable,Other
SYN-DM-01909,Aflibercept,14.53,Not indicated,Partial,Given,Completed,Completed,Left,Stable,Inflammation
SYN-DM-01910,Aflibercept,14.52,Completed,Not indicated,Given,Not indicated,Planned,Right,Not assessed,Inflammation
SYN-DM-01911,None,15.03,Completed,Partial,Planned,Planned,Not indicated,Neither,Not assessed,None
SYN-DM-01912,Aflibercept,9.06,Planned,Completed,Given,Completed,Not indicated,Right,Worsened,Inflammation
SYN-DM-01913,Bevacizumab,14.65,Completed,Not indicated,Given,Completed,Planned,Neither,Not assessed,Pressure rise
SYN-DM-01914,Ranibizumab,3.29,Not indicated,Planned,Given,Planned,Planned,Neither,Worsened,None
SYN-DM-01915,Bevacizumab,7.54,Completed,Not indicated,Planned,Planned,Not indicated,Left,Worsened,Inflammation
SYN-DM-01916,None,3.19,Completed,Not indicated,Planned,Completed,Planned,Right,Not assessed,Other
SYN-DM-01917,Ranibizumab,17.34,Not indicated,Partial,Not given,Planned,Planned,Right,Stable,Other
SYN-DM-01918,Aflibercept,1.75,Not indicated,Completed,Given,Not indicated,Not indicated,Neither,Not assessed,Inflammation
SYN-DM-01919,Ranibizumab,1.86,Not indicated,Not indicated,Not given,Not indicated,Not indicated,Left,Stable,Other
SYN-DM-01920,Bevacizumab,16.28,Planned,Partial,Given,Not indicated,Completed,Bilateral,Stable,Other
SYN-DM-01921,Aflibercept,12.31,Planned,Not indicated,Planned,Planned,Not indicated,Bilateral,Improved,Inflammation
SYN-DM-01922,Bevacizumab,1.85,Completed,Partial,Planned,Completed,Not indicated,Bilateral,Improved,Other
SYN-DM-01923,None,14.95,Completed,Not indicated,Planned,Completed,Completed,Neither,Worsened,Inflammation
SYN-DM-01924,Aflibercept,8.71,Planned,Partial,Given,Planned,Completed,Neither,Not assessed,Pressure rise
SYN-DM-01925,None,13.18,Not indicated,Planned,Planned,Completed,Planned,Bilateral,Worsened,Inflammation
SYN-DM-01926,Aflibercept,5.17,Not indicated,Not indicated,Planned,Completed,Planned,Left,Improved,None
SYN-DM-01927,Ranibizumab,5.53,Completed,Not indicated,Not given,Completed,Not indicated,Bilateral,Stable,Inflammation
SYN-DM-01928,None,11.0,Not indicated,Not indicated,Planned,Completed,Planned,Right,Stable,None
SYN-DM-01929,Ranibizumab,10.15,Planned,Planned,Planned,Not indicated,Not indicated,Neither,Improved,Inflammation
SYN-DM-01930,Aflibercept,8.63,Not indicated,Not indicated,Not given,Planned,Planned,Bilateral,Stable,None
SYN-DM-01931,Ranibizumab,1.22,Completed,Completed,Planned,Completed,Not indicated,Right,Not assessed,None
SYN-DM-01932,None,13.9,Completed,Not indicated,Not given,Not indicated,Completed,Right,Not assessed,Inflammation
SYN-DM-01933,Ranibizumab,4.94,Completed,Completed,Given,Not indicated,Planned,Right,Improved,Pressure rise
SYN-DM-01934,None,16.61,Completed,Planned,Planned,Not indicated,Completed,Bilateral,Stable,Inflammation
SYN-DM-01935,Bevacizumab,8.38,Not indicated,Completed,Planned,Completed,Planned,Bilateral,Stable,Inflammation
SYN-DM-01936,Ranibizumab,12.41,Completed,Planned,Given,Not indicated,Planned,Neither,Stable,Inflammation
SYN-DM-01937,Ranibizumab,15.57,Completed,Not indicated,Planned,Completed,Not indicated,Neither,Stable,Inflammation
SYN-DM-01938,Aflibercept,13.44,Completed,Completed,Not given,Not indicated,Completed,Left,Improved,None
SYN-DM-01939,Ranibizumab,16.83,Not indicated,Planned,Given,Completed,Planned,Bilateral,Not assessed,Pressure rise
SYN-DM-01940,Bevacizumab,0.81,Completed,Not indicated,Given,Completed,Planned,Bilateral,Improved,Pressure rise
SYN-DM-01941,Bevacizumab,7.7,Planned,Partial,Given,Completed,Completed,Neither,Worsened,Inflammation
SYN-DM-01942,Bevacizumab,8.7,Completed,Partial,Given,Planned,Planned,Right,Not assessed,Inflammation
SYN-DM-01943,None,16.21,Planned,Partial,Given,Planned,Planned,Neither,Stable,Other
SYN-DM-01944,None,7.37,Not indicated,Completed,Given,Planned,Completed,Right,Stable,Inflammation
SYN-DM-01945,Aflibercept,16.93,Completed,Planned,Given,Completed,Completed,Right,Worsened,Pressure rise
SYN-DM-01946,Ranibizumab,3.24,Planned,Completed,Not given,Planned,Not indicated,Neither,Improved,Other
SYN-DM-01947,Aflibercept,7.98,Not indicated,Partial,Given,Not indicated,Planned,Bilateral,Stable,None
SYN-DM-01948,None,15.25,Planned,Completed,Given,Not indicated,Not indicated,Neither,Worsened,None
SYN-DM-01949,None,5.32,Not indicated,Completed,Not given,Not indicated,Not indicated,Neither,Improved,Other
SYN-DM-01950,Bevacizumab,16.11,Not indicated,Partial,Not given,Not indicated,Planned,Right,Not assessed,Other
SYN-DM-01951,Aflibercept,1.88,Completed,Completed,Given,Not indicated,Planned,Bilateral,Stable,Pressure rise
SYN-DM-01952,Ranibizumab,13.61,Completed,Planned,Given,Planned,Completed,Bilateral,Stable,None
SYN-DM-01953,None,3.54,Completed,Partial,Planned,Not indicated,Planned,Bilateral,Improved,Inflammation
SYN-DM-01954,Bevacizumab,13.64,Not indicated,Completed,Planned,Planned,Not indicated,Right,Not assessed,Inflammation
SYN-DM-01955,Ranibizumab,10.89,Planned,Not indicated,Planned,Planned,Not indicated,Neither,Stable,Other
SYN-DM-01956,None,2.0,Not indicated,Planned,Planned,Not indicated,Completed,Neither,Worsened,Pressure rise
SYN-DM-01957,Bevacizumab,7.53,Planned,Completed,Planned,Completed,Not indicated,Neither,Not assessed,Other
SYN-DM-01958,Ranibizumab,1.95,Planned,Partial,Not given,Planned,Planned,Left,Worsened,Pressure rise
SYN-DM-01959,Ranibizumab,13.0,Not indicated,Not indicated,Planned,Completed,Completed,Right,Improved,Other
SYN-DM-01960,Bevacizumab,11.45,Planned,Planned,Given,Completed,Completed,Neither,Not assessed,None
SYN-DM-01961,None,12.55,Not indicated,Planned,Not given,Not indicated,Not indicated,Left,Stable,None
SYN-DM-01962,Aflibercept,13.15,Planned,Completed,Not given,Not indicated,Completed,Neither,Improved,Pressure rise
SYN-DM-01963,None,5.47,Not indicated,Not indicated,Given,Planned,Not indicated,Right,Improved,None
SYN-DM-01964,Aflibercept,4.86,Planned,Not indicated,Not given,Not indicated,Completed,Right,Not assessed,Pressure rise
SYN-DM-01965,Bevacizumab,9.68,Not indicated,Planned,Given,Planned,Completed,Right,Worsened,Other
SYN-DM-01966,Ranibizumab,16.76,Not indicated,Planned,Given,Completed,Planned,Right,Worsened,None
SYN-DM-01967,Ranibizumab,1.07,Completed,Partial,Given,Completed,Completed,Right,Stable,None
SYN-DM-01968,Aflibercept,10.59,Completed,Completed,Planned,Not indicated,Planned,Left,Improved,None
SYN-DM-01969,Aflibercept,4.57,Planned,Not indicated,Given,Not indicated,Not indicated,Bilateral,Improved,Pressure rise
SYN-DM-01970,None,1.79,Completed,Partial,Given,Completed,Completed,Left,Worsened,None
SYN-DM-01971,None,16.44,Completed,Completed,Planned,Completed,Completed,Left,Not assessed,Inflammation
SYN-DM-01972,None,15.9,Planned,Partial,Not given,Completed,Not indicated,Neither,Worsened,Pressure rise
SYN-DM-01973,Aflibercept,16.27,Completed,Not indicated,Planned,Completed,Planned,Right,Not assessed,Pressure rise
SYN-DM-01974,None,7.43,Not indicated,Planned,Not given,Planned,Not indicated,Left,Worsened,Pressure rise
SYN-DM-01975,None,8.34,Completed,Not indicated,Not given,Not indicated,Completed,Left,Worsened,None
SYN-DM-01976,Aflibercept,16.59,Planned,Partial,Not given,Completed,Not indicated,Left,Stable,Pressure rise
SYN-DM-01977,None,11.06,Not indicated,Partial,Not given,Not indicated,Completed,Right,Stable,None
SYN-DM-01978,Aflibercept,7.46,Not indicated,Planned,Not given,Completed,Completed,Neither,Stable,Other
SYN-DM-01979,None,11.27,Not indicated,Planned,Not given,Completed,Not indicated,Bilateral,Improved,Pressure rise
SYN-DM-01980,Ranibizumab,2.78,Not indicated,Completed,Given,Planned,Not indicated,Right,Stable,Pressure rise
SYN-DM-01981,None,0.74,Planned,Completed,Planned,Completed,Not indicated,Bilateral,Stable,None
SYN-DM-01982,Aflibercept,0.69,Completed,Partial,Given,Planned,Completed,Right,Stable,Pressure rise
SYN-DM-01983,Aflibercept,8.63,Planned,Planned,Given,Planned,Completed,Left,Improved,Other
SYN-DM-01984,Bevacizumab,1.8,Completed,Planned,Given,Not indicated,Planned,Right,Worsened,Other
SYN-DM-01985,Ranibizumab,5.76,Completed,Not indicated,Planned,Not indicated,Completed,Bilateral,Worsened,Pressure rise
SYN-DM-01986,Bevacizumab,5.67,Not indicated,Partial,Not given,Completed,Completed,Right,Improved,None
SYN-DM-01987,Ranibizumab,7.34,Planned,Not indicated,Not given,Planned,Not indicated,Right,Improved,Inflammation
SYN-DM-01988,Aflibercept,16.93,Not indicated,Partial,Given,Not indicated,Planned,Right,Not assessed,Other
SYN-DM-01989,Aflibercept,1.58,Completed,Not indicated,Given,Completed,Planned,Bilateral,Not assessed,None
SYN-DM-01990,None,6.47,Planned,Not indicated,Given,Planned,Completed,Bilateral,Not assessed,Inflammation
SYN-DM-01991,Bevacizumab,14.22,Not indicated,Planned,Not given,Not indicated,Completed,Bilateral,Worsened,None
SYN-DM-01992,Aflibercept,11.99,Not indicated,Partial,Not given,Planned,Planned,Left,Worsened,None
SYN-DM-01993,None,11.84,Planned,Completed,Planned,Planned,Not indicated,Right,Not assessed,Inflammation
SYN-DM-01994,Ranibizumab,3.13,Not indicated,Not indicated,Planned,Not indicated,Planned,Left,Stable,Other
SYN-DM-01995,Bevacizumab,4.3,Planned,Planned,Given,Completed,Not indicated,Right,Worsened,Pressure rise
SYN-DM-01996,None,7.03,Not indicated,Planned,Not given,Completed,Completed,Right,Improved,Inflammation
SYN-DM-01997,Aflibercept,16.22,Not indicated,Planned,Not given,Not indicated,Planned,Right,Not assessed,Pressure rise
SYN-DM-01998,None,10.66,Planned,Not indicated,Not given,Completed,Completed,Right,Stable,Inflammation
SYN-DM-01999,Aflibercept,8.89,Completed,Completed,Planned,Not indicated,Not indicated,Right,Not assessed,Inflammation
SYN-DM-02000,Bevacizumab,13.48,Planned,Completed,Not given,Not indicated,Completed,Left,Not assessed,Inflammation
SYN-DM-02001,Ranibizumab,3.76,Planned,Completed,Not given,Planned,Completed,Neither,Stable,Pressure rise
SYN-DM-02002,Bevacizumab,8.75,Planned,Partial,Given,Completed,Completed,Bilateral,Stable,Inflammation
SYN-DM-02003,Ranibizumab,8.13,Completed,Partial,Not given,Not indicated,Completed,Bilateral,Worsened,None
SYN-DM-02004,None,7.54,Planned,Partial,Not given,Completed,Completed,Bilateral,Worsened,None
SYN-DM-02005,None,13.39,Planned,Partial,Planned,Completed,Not indicated,Left,Improved,Inflammation
SYN-DM-02006,Bevacizumab,5.16,Not indicated,Partial,Given,Not indicated,Completed,Bilateral,Not assessed,None
SYN-DM-02007,Bevacizumab,16.82,Planned,Completed,Planned,Not indicated,Completed,Left,Improved,Pressure rise
SYN-DM-02008,None,7.48,Not indicated,Completed,Not given,Not indicated,Not indicated,Right,Improved,Other
SYN-DM-02009,Ranibizumab,16.14,Completed,Not indicated,Given,Planned,Not indicated,Bilateral,Stable,Inflammation
SYN-DM-02010,Ranibizumab,5.61,Planned,Planned,Planned,Planned,Planned,Right,Improved,Inflammation
SYN-DM-02011,None,0.44,Completed,Planned,Given,Not indicated,Planned,Neither,Worsened,Inflammation
SYN-DM-02012,Aflibercept,15.12,Not indicated,Not indicated,Given,Completed,Planned,Bilateral,Improved,Pressure rise
SYN-DM-02013,None,8.76,Planned,Planned,Given,Planned,Planned,Left,Improved,Pressure rise
SYN-DM-02014,Ranibizumab,9.45,Planned,Completed,Given,Not indicated,Completed,Bilateral,Worsened,Pressure rise
SYN-DM-02015,Aflibercept,14.5,Completed,Completed,Planned,Completed,Completed,Bilateral,Worsened,Pressure rise
SYN-DM-02016,None,8.71,Not indicated,Completed,Not given,Not indicated,Planned,Left,Improved,Inflammation
SYN-DM-02017,None,7.64,Not indicated,Partial,Not given,Planned,Completed,Bilateral,Worsened,Other
SYN-DM-02018,Bevacizumab,13.24,Not indicated,Not indicated,Given,Completed,Planned,Bilateral,Improved,Other
SYN-DM-02019,None,6.33,Planned,Completed,Not given,Planned,Not indicated,Right,Stable,Pressure rise
SYN-DM-02020,Aflibercept,12.64,Planned,Partial,Not given,Not indicated,Completed,Neither,Worsened,Other
SYN-DM-02021,None,9.87,Not indicated,Completed,Given,Planned,Not indicated,Neither,Not assessed,Pressure rise
SYN-DM-02022,Ranibizumab,8.9,Not indicated,Partial,Planned,Completed,Not indicated,Bilateral,Not assessed,Other
SYN-DM-02023,None,15.75,Not indicated,Planned,Given,Planned,Completed,Right,Stable,None
SYN-DM-02024,Ranibizumab,14.12,Planned,Not indicated,Not given,Completed,Not indicated,Bilateral,Not assessed,None
SYN-DM-02025,Aflibercept,8.37,Completed,Partial,Given,Completed,Planned,Right,Improved,Other
SYN-DM-02026,None,2.11,Not indicated,Not indicated,Given,Planned,Planned,Right,Stable,Inflammation
SYN-DM-02027,Bevacizumab,11.76,Not indicated,Partial,Planned,Not indicated,Not indicated,Right,Worsened,Inflammation
SYN-DM-02028,Bevacizumab,5.96,Completed,Completed,Not given,Planned,Completed,Bilateral,Worsened,Pressure rise
SYN-DM-02029,None,5.78,Planned,Completed,Given,Completed,Completed,Right,Improved,Inflammation
SYN-DM-02030,None,8.45,Not indicated,Not indicated,Given,Completed,Not indicated,Neither,Stable,None
SYN-DM-02031,Bevacizumab,9.89,Planned,Completed,Planned,Planned,Planned,Neither,Stable,Other
SYN-DM-02032,Bevacizumab,2.44,Planned,Partial,Given,Planned,Not indicated,Neither,Stable,Pressure rise
SYN-DM-02033,Bevacizumab,16.78,Planned,Completed,Given,Not indicated,Completed,Neither,Stable,None
SYN-DM-02034,None,10.51,Planned,Completed,Not given,Not indicated,Completed,Neither,Stable,Other
SYN-DM-02035,Aflibercept,14.34,Completed,Planned,Not given,Completed,Not indicated,Neither,Improved,None
SYN-DM-02036,None,14.29,Not indicated,Completed,Given,Completed,Planned,Bilateral,Stable,None
SYN-DM-02037,Aflibercept,17.19,Not indicated,Planned,Planned,Planned,Completed,Bilateral,Improved,Other
SYN-DM-02038,Aflibercept,13.46,Completed,Not indicated,Given,Completed,Completed,Bilateral,Not assessed,Other
SYN-DM-02039,Ranibizumab,9.33,Completed,Not indicated,Given,Not indicated,Not indicated,Neither,Not assessed,None
SYN-DM-02040,Ranibizumab,14.8,Planned,Planned,Not given,Completed,Planned,Bilateral,Worsened,Pressure rise
SYN-DM-02041,None,17.27,Not indicated,Partial,Planned,Planned,Not indicated,Left,Not assessed,Pressure rise
SYN-DM-02042,None,0.65,Planned,Not indicated,Not given,Completed,Not indicated,Bilateral,Stable,None
SYN-DM-02043,Ranibizumab,2.21,Planned,Planned,Given,Planned,Planned,Neither,Improved,Inflammation
SYN-DM-02044,Aflibercept,5.67,Completed,Not indicated,Not given,Not indicated,Not indicated,Right,Improved,Pressure rise
SYN-DM-02045,Aflibercept,14.26,Planned,Not indicated,Not given,Planned,Completed,Right,Worsened,Other
SYN-DM-02046,Ranibizumab,12.93,Completed,Partial,Given,Not indicated,Not indicated,Left,Stable,None
SYN-DM-02047,Ranibizumab,14.65,Not indicated,Planned,Given,Completed,Planned,Left,Worsened,None
SYN-DM-02048,Ranibizumab,16.93,Planned,Completed,Given,Planned,Planned,Bilateral,Improved,Pressure rise
SYN-DM-02049,None,8.76,Not indicated,Not indicated,Planned,Not indicated,Completed,Left,Worsened,Inflammation
SYN-DM-02050,Bevacizumab,16.58,Not indicated,Planned,Not given,Not indicated,Completed,Right,Worsened,Inflammation
SYN-DM-02051,None,14.39,Completed,Completed,Given,Not indicated,Planned,Left,Stable,None
SYN-DM-02052,None,3.25,Not indicated,Planned,Not given,Planned,Planned,Right,Worsened,Pressure rise
SYN-DM-02053,Aflibercept,11.82,Not indicated,Planned,Given,Completed,Planned,Bilateral,Improved,Other
SYN-DM-02054,Aflibercept,15.65,Completed,Planned,Not given,Completed,Planned,Neither,Worsened,Pressure rise
SYN-DM-02055,Bevacizumab,9.41,Completed,Partial,Given,Not indicated,Planned,Right,Improved,Pressure rise
SYN-DM-02056,Bevacizumab,5.06,Planned,Completed,Not given,Not indicated,Not indicated,Bilateral,Worsened,Inflammation
SYN-DM-02057,Aflibercept,10.14,Completed,Completed,Not given,Not indicated,Not indicated,Right,Stable,None
SYN-DM-02058,Bevacizumab,15.07,Not indicated,Partial,Planned,Planned,Planned,Neither,Not assessed,Pressure rise
SYN-DM-02059,Aflibercept,15.18,Not indicated,Not indicated,Not given,Planned,Not indicated,Bilateral,Not assessed,Other
SYN-DM-02060,Aflibercept,15.23,Not indicated,Partial,Not given,Not indicated,Not indicated,Bilateral,Improved,Inflammation
SYN-DM-02061,Aflibercept,14.34,Planned,Completed,Given,Completed,Not indicated,Left,Worsened,None
SYN-DM-02062,Aflibercept,4.2,Planned,Partial,Planned,Completed,Planned,Right,Not assessed,Inflammation
SYN-DM-02063,Aflibercept,4.2,Not indicated,Planned,Planned,Completed,Planned,Neither,Stable,Pressure rise
SYN-DM-02064,Ranibizumab,2.64,Completed,Completed,Planned,Planned,Planned,Neither,Not assessed,None
SYN-DM-02065,Ranibizumab,2.26,Planned,Partial,Given,Planned,Completed,Right,Worsened,Other
SYN-DM-02066,None,3.64,Completed,Planned,Given,Completed,Planned,Bilateral,Not assessed,Pressure rise
SYN-DM-02067,Bevacizumab,7.58,Planned,Completed,Planned,Not indicated,Not indicated,Neither,Improved,Other
SYN-DM-02068,Aflibercept,16.06,Not indicated,Planned,Not given,Completed,Completed,Bilateral,Worsened,Inflammation
SYN-DM-02069,Aflibercept,15.92,Not indicated,Planned,Not given,Not indicated,Planned,Bilateral,Stable,Inflammation
SYN-DM-02070,Aflibercept,6.99,Completed,Not indicated,Not given,Completed,Completed,Bilateral,Worsened,Other
SYN-DM-02071,Aflibercept,10.33,Planned,Completed,Not given,Not indicated,Planned,Bilateral,Improved,Inflammation
SYN-DM-02072,None,17.26,Not indicated,Completed,Planned,Completed,Not indicated,Neither,Improved,Inflammation
SYN-DM-02073,None,14.77,Not indicated,Planned,Not given,Not indicated,Planned,Neither,Not assessed,Inflammation
SYN-DM-02074,None,1.09,Planned,Completed,Planned,Not indicated,Planned,Bilateral,Improved,Pressure rise
SYN-DM-02075,None,0.12,Completed,Completed,Given,Completed,Completed,Right,Improved,Inflammation
SYN-DM-02076,None,11.95,Not indicated,Planned,Not given,Not indicated,Completed,Right,Improved,Other
SYN-DM-02077,Bevacizumab,0.86,Not indicated,Planned,Planned,Planned,Planned,Neither,Improved,None
SYN-DM-02078,Ranibizumab,10.35,Completed,Completed,Given,Completed,Planned,Neither,Stable,Pressure rise
SYN-DM-02079,Aflibercept,4.97,Completed,Partial,Not given,Completed,Completed,Right,Stable,Pressure rise
SYN-DM-02080,Aflibercept,3.79,Planned,Completed,Planned,Not indicated,Not indicated,Bilateral,Stable,Pressure rise
SYN-DM-02081,Bevacizumab,16.47,Not indicated,Completed,Given,Completed,Planned,Neither,Worsened,None
SYN-DM-02082,Ranibizumab,12.06,Completed,Partial,Not given,Completed,Planned,Bilateral,Improved,Pressure rise
SYN-DM-02083,Bevacizumab,15.37,Not indicated,Completed,Planned,Planned,Planned,Bilateral,Stable,Pressure rise
SYN-DM-02084,Ranibizumab,2.95,Planned,Planned,Not given,Planned,Planned,Right,Worsened,Other
SYN-DM-02085,None,0.53,Not indicated,Not indicated,Planned,Planned,Not indicated,Neither,Not assessed,Pressure rise
SYN-DM-02086,Aflibercept,1.08,Not indicated,Not indicated,Not given,Not indicated,Planned,Left,Not assessed,Pressure rise
SYN-DM-02087,Bevacizumab,9.83,Not indicated,Planned,Planned,Planned,Not indicated,Right,Not assessed,Pressure rise
SYN-DM-02088,Ranibizumab,12.22,Planned,Planned,Given,Planned,Planned,Bilateral,Worsened,Other
SYN-DM-02089,Aflibercept,17.25,Planned,Not indicated,Not given,Completed,Planned,Bilateral,Worsened,Pressure rise
SYN-DM-02090,Aflibercept,9.34,Completed,Planned,Planned,Completed,Planned,Bilateral,Not assessed,Other
SYN-DM-02091,None,0.91,Planned,Completed,Planned,Completed,Planned,Neither,Improved,Pressure rise
SYN-DM-02092,None,11.94,Not indicated,Not indicated,Not given,Not indicated,Not indicated,Left,Improved,Other
SYN-DM-02093,Ranibizumab,1.4,Planned,Completed,Not given,Not indicated,Completed,Neither,Improved,Inflammation
SYN-DM-02094,Aflibercept,17.27,Planned,Partial,Given,Planned,Planned,Left,Improved,Other
SYN-DM-02095,Ranibizumab,14.08,Completed,Partial,Planned,Planned,Planned,Right,Stable,Pressure rise
SYN-DM-02096,Bevacizumab,9.03,Planned,Not indicated,Planned,Planned,Not indicated,Bilateral,Not assessed,Pressure rise
SYN-DM-02097,Ranibizumab,13.23,Not indicated,Completed,Not given,Completed,Completed,Bilateral,Not assessed,Pressure rise
SYN-DM-02098,None,11.03,Planned,Partial,Given,Planned,Not indicated,Right,Improved,None
SYN-DM-02099,Aflibercept,13.84,Planned,Completed,Planned,Completed,Not indicated,Left,Worsened,Inflammation
SYN-DM-02100,Aflibercept,4.99,Not indicated,Completed,Not given,Planned,Not indicated,Bilateral,Stable,Other
SYN-DM-02101,Ranibizumab,0.7,Planned,Not indicated,Not given,Planned,Completed,Right,Improved,Pressure rise
SYN-DM-02102,None,3.59,Not indicated,Planned,Given,Not indicated,Not indicated,Neither,Improved,None
SYN-DM-02103,Ranibizumab,17.84,Not indicated,Partial,Not given,Completed,Not indicated,Bilateral,Stable,Inflammation
SYN-DM-02104,Ranibizumab,5.18,Planned,Partial,Not given,Completed,Planned,Bilateral,Improved,Pressure rise
SYN-DM-02105,Aflibercept,9.7,Completed,Not indicated,Planned,Not indicated,Completed,Right,Stable,Inflammation
SYN-DM-02106,Ranibizumab,9.52,Completed,Planned,Given,Completed,Completed,Left,Improved,Inflammation
SYN-DM-02107,Ranibizumab,1.32,Completed,Planned,Not given,Planned,Completed,Left,Not assessed,Pressure rise
SYN-DM-02108,Aflibercept,13.17,Planned,Partial,Given,Not indicated,Planned,Neither,Not assessed,None
SYN-DM-02109,Bevacizumab,5.4,Planned,Planned,Not given,Planned,Not indicated,Left,Improved,Inflammation
SYN-DM-02110,Ranibizumab,10.77,Planned,Planned,Given,Planned,Not indicated,Left,Worsened,Pressure rise
SYN-DM-02111,Aflibercept,11.06,Completed,Partial,Planned,Not indicated,Planned,Right,Worsened,None
SYN-DM-02112,None,10.63,Completed,Planned,Not given,Completed,Completed,Left,Stable,Inflammation
SYN-DM-02113,Bevacizumab,6.89,Not indicated,Completed,Given,Not indicated,Not indicated,Neither,Stable,Inflammation
SYN-DM-02114,Aflibercept,13.44,Planned,Not indicated,Not given,Planned,Planned,Neither,Not assessed,Inflammation
SYN-DM-02115,Bevacizumab,13.51,Not indicated,Completed,Planned,Not indicated,Planned,Right,Not assessed,Other
SYN-DM-02116,Bevacizumab,8.04,Planned,Planned,Planned,Completed,Planned,Bilateral,Improved,None
SYN-DM-02117,Ranibizumab,12.7,Planned,Planned,Planned,Not indicated,Planned,Bilateral,Worsened,Pressure rise
SYN-DM-02118,Ranibizumab,7.97,Completed,Not indicated,Not given,Not indicated,Planned,Left,Improved,Pressure rise
SYN-DM-02119,None,2.09,Not indicated,Planned,Given,Completed,Planned,Left,Stable,Inflammation
SYN-DM-02120,Ranibizumab,9.63,Not indicated,Planned,Given,Completed,Planned,Right,Worsened,None
SYN-DM-02121,Ranibizumab,13.09,Planned,Partial,Given,Not indicated,Not indicated,Left,Stable,Pressure rise
SYN-DM-02122,Ranibizumab,6.64,Completed,Not indicated,Planned,Completed,Planned,Bilateral,Worsened,Pressure rise
SYN-DM-02123,Bevacizumab,15.4,Not indicated,Not indicated,Planned,Completed,Completed,Neither,Stable,Other
SYN-DM-02124,Ranibizumab,13.45,Not indicated,Partial,Not given,Planned,Not indicated,Right,Stable,Other
SYN-DM-02125,Ranibizumab,2.37,Not indicated,Completed,Given,Completed,Not indicated,Bilateral,Worsened,None
SYN-DM-02126,Ranibizumab,7.09,Completed,Completed,Not given,Not indicated,Completed,Right,Stable,Inflammation
SYN-DM-02127,Bevacizumab,16.05,Not indicated,Partial,Not given,Completed,Planned,Right,Improved,Pressure rise
SYN-DM-02128,Aflibercept,12.73,Planned,Partial,Not given,Not indicated,Planned,Right,Not assessed,Inflammation
SYN-DM-02129,Ranibizumab,2.34,Completed,Planned,Not given,Completed,Not indicated,Neither,Improved,Other
SYN-DM-02130,None,9.39,Completed,Not indicated,Given,Completed,Planned,Right,Stable,None
SYN-DM-02131,Ranibizumab,16.93,Not indicated,Planned,Planned,Completed,Planned,Neither,Improved,Pressure rise
SYN-DM-02132,Aflibercept,0.38,Completed,Partial,Planned,Not indicated,Completed,Neither,Not assessed,Inflammation
SYN-DM-02133,Aflibercept,14.45,Not indicated,Not indicated,Not given,Planned,Completed,Right,Worsened,Pressure rise
SYN-DM-02134,None,8.51,Completed,Not indicated,Given,Completed,Completed,Right,Improved,None
SYN-DM-02135,Aflibercept,6.58,Not indicated,Partial,Planned,Completed,Planned,Right,Not assessed,None
SYN-DM-02136,Aflibercept,2.56,Completed,Planned,Not given,Completed,Planned,Bilateral,Worsened,None
SYN-DM-02137,Ranibizumab,6.75,Not indicated,Not indicated,Not given,Completed,Completed,Neither,Not assessed,Other
SYN-DM-02138,Aflibercept,14.52,Completed,Planned,Planned,Planned,Completed,Right,Not assessed,Other
SYN-DM-02139,None,8.44,Completed,Planned,Planned,Not indicated,Completed,Left,Improved,None
SYN-DM-02140,Ranibizumab,0.79,Planned,Partial,Not given,Completed,Planned,Bilateral,Stable,None
SYN-DM-02141,None,0.4,Not indicated,Planned,Planned,Completed,Planned,Neither,Not assessed,Inflammation
SYN-DM-02142,Ranibizumab,0.85,Completed,Completed,Planned,Completed,Not indicated,Right,Not assessed,Pressure rise
SYN-DM-02143,Ranibizumab,7.0,Not indicated,Completed,Planned,Completed,Completed,Bilateral,Worsened,None
SYN-DM-02144,Bevacizumab,16.32,Planned,Planned,Given,Completed,Completed,Right,Improved,None
SYN-DM-02145,Ranibizumab,2.27,Not indicated,Planned,Planned,Not indicated,Not indicated,Neither,Not assessed,None
SYN-DM-02146,None,13.71,Not indicated,Completed,Not given,Completed,Planned,Left,Worsened,Pressure rise
SYN-DM-02147,Bevacizumab,9.01,Planned,Partial,Planned,Completed,Not indicated,Neither,Not assessed,Pressure rise
SYN-DM-02148,None,15.83,Completed,Partial,Planned,Not indicated,Planned,Neither,Not assessed,Pressure rise
SYN-DM-02149,Ranibizumab,4.06,Completed,Planned,Not given,Planned,Completed,Left,Improved,Inflammation
SYN-DM-02150,Aflibercept,2.83,Completed,Not indicated,Not given,Not indicated,Not indicated,Right,Improved,Other
SYN-DM-02151,Ranibizumab,13.78,Completed,Planned,Given,Not indicated,Planned,Neither,Stable,None
SYN-DM-02152,None,4.54,Planned,Completed,Not given,Planned,Completed,Right,Not assessed,Pressure rise
SYN-DM-02153,Aflibercept,12.39,Completed,Completed,Planned,Planned,Completed,Bilateral,Not assessed,None
SYN-DM-02154,None,5.25,Completed,Planned,Not given,Not indicated,Planned,Left,Improved,None
SYN-DM-02155,Bevacizumab,17.92,Planned,Planned,Planned,Not indicated,Planned,Right,Not assessed,Other
SYN-DM-02156,Bevacizumab,10.67,Completed,Partial,Planned,Not indicated,Planned,Left,Not assessed,Other
SYN-DM-02157,Aflibercept,17.01,Planned,Completed,Given,Completed,Completed,Neither,Stable,None
SYN-DM-02158,None,13.14,Completed,Completed,Not given,Completed,Completed,Right,Not assessed,Pressure rise
SYN-DM-02159,None,17.57,Planned,Partial,Given,Not indicated,Not indicated,Left,Improved,Inflammation
SYN-DM-02160,None,4.1,Planned,Partial,Given,Completed,Planned,Right,Improved,None
SYN-DM-02161,None,9.56,Completed,Not indicated,Not given,Not indicated,Completed,Bilateral,Improved,Other
SYN-DM-02162,Aflibercept,16.74,Not indicated,Completed,Planned,Not indicated,Completed,Neither,Stable,Inflammation
SYN-DM-02163,Bevacizumab,1.55,Completed,Completed,Not given,Planned,Not indicated,Right,Not assessed,Pressure rise
SYN-DM-02164,None,7.55,Completed,Completed,Given,Completed,Not indicated,Left,Not assessed,Other
SYN-DM-02165,Ranibizumab,16.54,Planned,Partial,Planned,Planned,Planned,Bilateral,Stable,None
SYN-DM-02166,None,0.79,Not indicated,Partial,Not given,Planned,Planned,Neither,Improved,Inflammation
SYN-DM-02167,Bevacizumab,16.7,Not indicated,Partial,Given,Planned,Completed,Bilateral,Worsened,Pressure rise
SYN-DM-02168,None,6.86,Planned,Not indicated,Given,Planned,Not indicated,Bilateral,Not assessed,Inflammation
SYN-DM-02169,Bevacizumab,12.31,Completed,Not indicated,Not given,Completed,Completed,Left,Worsened,None
SYN-DM-02170,None,3.98,Not indicated,Completed,Not given,Planned,Completed,Left,Improved,None
SYN-DM-02171,Ranibizumab,9.6,Not indicated,Partial,Not given,Planned,Planned,Neither,Improved,Other
SYN-DM-02172,Ranibizumab,15.33,Planned,Completed,Given,Planned,Not indicated,Left,Stable,Inflammation
SYN-DM-02173,Aflibercept,6.13,Completed,Planned,Planned,Completed,Completed,Bilateral,Improved,Pressure rise
SYN-DM-02174,Bevacizumab,4.17,Planned,Partial,Not given,Completed,Planned,Neither,Worsened,Inflammation
SYN-DM-02175,Aflibercept,4.97,Completed,Completed,Not given,Not indicated,Completed,Bilateral,Worsened,Pressure rise
SYN-DM-02176,Bevacizumab,6.64,Completed,Partial,Not given,Not indicated,Planned,Right,Worsened,Inflammation
SYN-DM-02177,Aflibercept,9.24,Planned,Planned,Not given,Planned,Completed,Bilateral,Improved,Pressure rise
SYN-DM-02178,None,2.45,Completed,Completed,Planned,Planned,Not indicated,Bilateral,Worsened,None
SYN-DM-02179,Aflibercept,1.64,Completed,Not indicated,Given,Planned,Planned,Right,Not assessed,Pressure rise
SYN-DM-02180,Ranibizumab,5.75,Completed,Planned,Planned,Planned,Not indicated,Neither,Improved,None
SYN-DM-02181,Ranibizumab,16.67,Planned,Partial,Planned,Not indicated,Not indicated,Left,Stable,Pressure rise
SYN-DM-02182,Aflibercept,8.35,Planned,Not indicated,Planned,Not indicated,Not indicated,Neither,Worsened,Other
SYN-DM-02183,Bevacizumab,0.16,Planned,Planned,Not given,Not indicated,Not indicated,Left,Not assessed,Other
SYN-DM-02184,Bevacizumab,4.77,Not indicated,Completed,Planned,Not indicated,Planned,Right,Not assessed,None
SYN-DM-02185,Aflibercept,1.38,Not indicated,Planned,Not given,Planned,Not indicated,Right,Improved,Inflammation
SYN-DM-02186,Bevacizumab,9.65,Completed,Partial,Given,Planned,Planned,Bilateral,Not assessed,Inflammation
SYN-DM-02187,Aflibercept,0.87,Not indicated,Planned,Not given,Completed,Not indicated,Neither,Stable,None
SYN-DM-02188,Bevacizumab,5.91,Planned,Planned,Planned,Planned,Not indicated,Neither,Improved,Other
SYN-DM-02189,Aflibercept,3.59,Planned,Planned,Given,Not indicated,Completed,Neither,Not assessed,Inflammation
SYN-DM-02190,Bevacizumab,1.33,Not indicated,Not indicated,Planned,Completed,Not indicated,Right,Not assessed,Inflammation
SYN-DM-02191,Ranibizumab,12.42,Completed,Completed,Not given,Completed,Completed,Left,Improved,Other
SYN-DM-02192,Aflibercept,0.72,Not indicated,Planned,Given,Completed,Planned,Bilateral,Worsened,Other
SYN-DM-02193,Aflibercept,8.88,Not indicated,Planned,Given,Completed,Not indicated,Left,Stable,Other
SYN-DM-02194,Aflibercept,1.71,Completed,Not indicated,Planned,Completed,Completed,Right,Stable,Inflammation
SYN-DM-02195,None,4.92,Completed,Completed,Given,Not indicated,Planned,Right,Not assessed,Inflammation
SYN-DM-02196,Bevacizumab,5.66,Planned,Planned,Given,Not indicated,Planned,Neither,Improved,Inflammation
SYN-DM-02197,Bevacizumab,4.71,Not indicated,Planned,Planned,Not indicated,Completed,Neither,Improved,Other
SYN-DM-02198,Aflibercept,8.54,Completed,Completed,Given,Completed,Planned,Neither,Stable,Other
SYN-DM-02199,None,2.09,Planned,Not indicated,Given,Not indicated,Not indicated,Right,Not assessed,None
SYN-DM-02200,Aflibercept,15.75,Completed,Not indicated,Not given,Not indicated,Planned,Bilateral,Stable,Other
SYN-DM-02201,Aflibercept,2.26,Planned,Not indicated,Not given,Planned,Not indicated,Neither,Improved,Inflammation
SYN-DM-02202,Aflibercept,8.2,Completed,Planned,Given,Completed,Not indicated,Right,Stable,Inflammation
SYN-DM-02203,Ranibizumab,6.01,Not indicated,Completed,Planned,Completed,Not indicated,Neither,Worsened,Inflammation
SYN-DM-02204,Ranibizumab,10.42,Planned,Partial,Given,Planned,Completed,Right,Worsened,Other
SYN-DM-02205,Bevacizumab,17.04,Completed,Planned,Not given,Not indicated,Planned,Neither,Improved,Other
SYN-DM-02206,Aflibercept,6.72,Planned,Not indicated,Given,Planned,Completed,Bilateral,Stable,Inflammation
SYN-DM-02207,Aflibercept,5.32,Completed,Partial,Planned,Completed,Completed,Bilateral,Stable,Inflammation
SYN-DM-02208,None,9.78,Not indicated,Completed,Planned,Planned,Planned,Right,Worsened,Inflammation
SYN-DM-02209,Aflibercept,5.12,Completed,Partial,Given,Completed,Planned,Neither,Worsened,Other
SYN-DM-02210,None,8.84,Completed,Planned,Given,Not indicated,Planned,Neither,Worsened,None
SYN-DM-02211,Aflibercept,5.24,Planned,Completed,Not given,Not indicated,Completed,Bilateral,Improved,Other
SYN-DM-02212,Bevacizumab,11.83,Planned,Partial,Planned,Not indicated,Not indicated,Right,Not assessed,Pressure rise
SYN-DM-02213,Aflibercept,3.19,Completed,Planned,Planned,Completed,Planned,Bilateral,Not assessed,None
SYN-DM-02214,None,15.51,Planned,Completed,Planned,Not indicated,Planned,Neither,Worsened,Pressure rise
SYN-DM-02215,Aflibercept,0.03,Not indicated,Not indicated,Not given,Not indicated,Not indicated,Neither,Stable,Pressure rise
SYN-DM-02216,Aflibercept,13.54,Planned,Partial,Planned,Not indicated,Not indicated,Right,Stable,None
SYN-DM-02217,Ranibizumab,4.27,Not indicated,Partial,Not given,Not indicated,Not indicated,Neither,Worsened,Inflammation
SYN-DM-02218,Bevacizumab,10.95,Not indicated,Partial,Planned,Completed,Not indicated,Bilateral,Stable,Pressure rise
SYN-DM-02219,None,13.8,Not indicated,Not indicated,Given,Completed,Not indicated,Neither,Worsened,Pressure rise
SYN-DM-02220,Bevacizumab,9.06,Completed,Completed,Given,Completed,Completed,Neither,Worsened,Inflammation
SYN-DM-02221,Aflibercept,5.07,Planned,Planned,Not given,Completed,Planned,Bilateral,Worsened,None
SYN-DM-02222,Bevacizumab,14.81,Not indicated,Completed,Planned,Planned,Planned,Bilateral,Stable,Other
SYN-DM-02223,Ranibizumab,0.41,Completed,Planned,Planned,Planned,Not indicated,Bilateral,Worsened,Pressure rise
SYN-DM-02224,None,12.06,Completed,Planned,Not given,Planned,Not indicated,Right,Worsened,None
SYN-DM-02225,Bevacizumab,2.61,Completed,Planned,Not given,Not indicated,Planned,Left,Improved,Pressure rise
SYN-DM-02226,Ranibizumab,11.66,Not indicated,Completed,Given,Not indicated,Planned,Neither,Stable,Inflammation
SYN-DM-02227,None,5.46,Planned,Partial,Given,Planned,Completed,Right,Worsened,Inflammation
SYN-DM-02228,Aflibercept,5.18,Not indicated,Partial,Not given,Completed,Completed,Bilateral,Improved,None
SYN-DM-02229,Bevacizumab,11.63,Not indicated,Planned,Planned,Not indicated,Not indicated,Neither,Stable,Inflammation
SYN-DM-02230,None,0.33,Completed,Completed,Given,Not indicated,Not indicated,Bilateral,Not assessed,Inflammation
SYN-DM-02231,None,8.3,Completed,Partial,Given,Planned,Not indicated,Right,Not assessed,Inflammation
SYN-DM-02232,Ranibizumab,15.74,Completed,Planned,Not given,Planned,Completed,Neither,Stable,Inflammation
SYN-DM-02233,Ranibizumab,14.92,Completed,Partial,Given,Planned,Completed,Left,Improved,None
SYN-DM-02234,Ranibizumab,4.75,Not indicated,Partial,Planned,Not indicated,Completed,Right,Improved,Pressure rise
SYN-DM-02235,Ranibizumab,2.24,Not indicated,Not indicated,Given,Completed,Completed,Right,Not assessed,Pressure rise
SYN-DM-02236,None,14.27,Not indicated,Completed,Not given,Not indicated,Not indicated,Bilateral,Stable,Pressure rise
SYN-DM-02237,Bevacizumab,10.32,Completed,Completed,Planned,Planned,Not indicated,Bilateral,Not assessed,None
SYN-DM-02238,None,13.15,Planned,Partial,Not given,Planned,Completed,Neither,Worsened,Pressure rise
SYN-DM-02239,Bevacizumab,13.28,Not indicated,Planned,Given,Planned,Completed,Neither,Improved,Inflammation
SYN-DM-02240,Ranibizumab,1.46,Completed,Completed,Given,Planned,Planned,Left,Worsened,None
SYN-DM-02241,Bevacizumab,5.59,Completed,Completed,Given,Planned,Not indicated,Bilateral,Stable,Pressure rise
SYN-DM-02242,Bevacizumab,17.29,Planned,Completed,Planned,Completed,Completed,Neither,Worsened,Pressure rise
SYN-DM-02243,Aflibercept,16.9,Not indicated,Planned,Planned,Planned,Completed,Left,Stable,Other
SYN-DM-02244,Ranibizumab,4.1,Not indicated,Partial,Given,Planned,Planned,Neither,Worsened,Pressure rise
SYN-DM-02245,Aflibercept,5.05,Completed,Completed,Given,Planned,Planned,Neither,Worsened,Other
SYN-DM-02246,Bevacizumab,1.22,Completed,Not indicated,Given,Not indicated,Not indicated,Left,Worsened,None
SYN-DM-02247,Aflibercept,8.9,Completed,Planned,Not given,Not indicated,Completed,Right,Worsened,Inflammation
SYN-DM-02248,Bevacizumab,7.11,Completed,Partial,Given,Completed,Not indicated,Left,Stable,Pressure rise
SYN-DM-02249,Ranibizumab,16.76,Planned,Planned,Planned,Planned,Not indicated,Left,Improved,Inflammation
SYN-DM-02250,None,10.5,Not indicated,Partial,Not given,Planned,Not indicated,Right,Stable,Inflammation
SYN-DM-02251,None,1.83,Completed,Completed,Not given,Completed,Not indicated,Bilateral,Not assessed,Other
SYN-DM-02252,Aflibercept,3.75,Completed,Completed,Planned,Not indicated,Not indicated,Bilateral,Stable,Other
SYN-DM-02253,None,12.02,Completed,Not indicated,Not given,Completed,Not indicated,Bilateral,Stable,Pressure rise
SYN-DM-02254,Bevacizumab,7.19,Planned,Planned,Planned,Completed,Completed,Bilateral,Stable,Inflammation
SYN-DM-02255,None,10.22,Completed,Not indicated,Not given,Not indicated,Not indicated,Bilateral,Worsened,Other
SYN-DM-02256,Ranibizumab,10.87,Not indicated,Partial,Planned,Not indicated,Planned,Right,Worsened,None
SYN-DM-02257,Aflibercept,6.29,Not indicated,Planned,Not given,Not indicated,Completed,Right,Not assessed,Other
SYN-DM-02258,Aflibercept,7.07,Completed,Planned,Given,Completed,Not indicated,Right,Worsened,Pressure rise
SYN-DM-02259,Aflibercept,14.22,Not indicated,Planned,Given,Completed,Completed,Neither,Not assessed,None
SYN-DM-02260,Aflibercept,2.93,Completed,Partial,Not given,Completed,Completed,Right,Not assessed,None
SYN-DM-02261,Aflibercept,5.88,Completed,Not indicated,Given,Planned,Completed,Bilateral,Improved,Pressure rise
SYN-DM-02262,None,15.51,Planned,Completed,Not given,Not indicated,Completed,Right,Stable,Inflammation
SYN-DM-02263,Ranibizumab,5.32,Completed,Planned,Not given,Completed,Not indicated,Neither,Stable,Other
SYN-DM-02264,Aflibercept,8.4,Planned,Planned,Planned,Not indicated,Not indicated,Left,Worsened,Other
SYN-DM-02265,Ranibizumab,11.79,Not indicated,Planned,Not given,Planned,Planned,Bilateral,Worsened,Inflammation
SYN-DM-02266,None,5.72,Planned,Planned,Planned,Planned,Planned,Right,Worsened,Other
SYN-DM-02267,Aflibercept,0.06,Not indicated,Completed,Planned,Completed,Not indicated,Right,Worsened,Other
SYN-DM-02268,Bevacizumab,16.69,Planned,Not indicated,Given,Planned,Completed,Left,Stable,Inflammation
SYN-DM-02269,Ranibizumab,10.68,Not indicated,Planned,Given,Planned,Completed,Left,Stable,Other
SYN-DM-02270,None,12.44,Planned,Planned,Given,Planned,Completed,Right,Stable,None
SYN-DM-02271,Aflibercept,14.22,Not indicated,Completed,Planned,Completed,Planned,Left,Not assessed,Pressure rise
SYN-DM-02272,Ranibizumab,0.16,Planned,Not indicated,Given,Completed,Completed,Left,Not assessed,None
SYN-DM-02273,Aflibercept,1.09,Completed,Planned,Planned,Not indicated,Planned,Right,Worsened,Inflammation
SYN-DM-02274,None,15.13,Completed,Partial,Given,Not indicated,Completed,Neither,Improved,None
SYN-DM-02275,None,7.75,Completed,Not indicated,Not given,Not indicated,Completed,Left,Worsened,Inflammation
SYN-DM-02276,Bevacizumab,1.86,Not indicated,Not indicated,Not given,Planned,Completed,Right,Not assessed,Pressure rise
SYN-DM-02277,Bevacizumab,12.44,Planned,Not indicated,Not given,Not indicated,Not indicated,Neither,Not assessed,Other
SYN-DM-02278,Ranibizumab,0.25,Planned,Not indicated,Planned,Not indicated,Not indicated,Left,Stable,None
SYN-DM-02279,Bevacizumab,15.56,Planned,Partial,Planned,Not indicated,Planned,Right,Stable,None
SYN-DM-02280,None,16.42,Planned,Partial,Not given,Planned,Completed,Left,Improved,Other
SYN-DM-02281,Ranibizumab,12.41,Planned,Not indicated,Planned,Completed,Completed,Left,Worsened,Pressure rise
SYN-DM-02282,Bevacizumab,7.0,Not indicated,Completed,Not given,Completed,Completed,Right,Not assessed,None
SYN-DM-02283,Aflibercept,3.95,Completed,Planned,Planned,Planned,Completed,Right,Improved,Other
SYN-DM-02284,Bevacizumab,14.97,Not indicated,Partial,Not given,Not indicated,Completed,Bilateral,Stable,Inflammation
SYN-DM-02285,Bevacizumab,5.81,Planned,Not indicated,Not given,Planned,Completed,Left,Stable,Other
SYN-DM-02286,Bevacizumab,7.02,Not indicated,Completed,Given,Completed,Planned,Bilateral,Worsened,Other
SYN-DM-02287,Bevacizumab,12.98,Planned,Not indicated,Planned,Not indicated,Not indicated,Left,Improved,Pressure rise
SYN-DM-02288,Bevacizumab,6.0,Planned,Partial,Planned,Completed,Not indicated,Bilateral,Improved,Pressure rise
SYN-DM-02289,Bevacizumab,1.79,Planned,Planned,Given,Completed,Planned,Neither,Worsened,Inflammation
SYN-DM-02290,Bevacizumab,5.0,Planned,Partial,Given,Completed,Not indicated,Neither,Improved,Pressure rise
SYN-DM-02291,None,5.27,Completed,Completed,Planned,Not indicated,Not indicated,Left,Improved,Pressure rise
SYN-DM-02292,Ranibizumab,7.35,Completed,Completed,Not given,Planned,Not indicated,Left,Worsened,Inflammation
SYN-DM-02293,Bevacizumab,10.61,Not indicated,Not indicated,Not given,Completed,Completed,Neither,Stable,None
SYN-DM-02294,Aflibercept,14.09,Completed,Completed,Planned,Not indicated,Not indicated,Neither,Not assessed,Pressure rise
SYN-DM-02295,None,9.36,Completed,Not indicated,Planned,Planned,Completed,Neither,Worsened,Pressure rise
SYN-DM-02296,Ranibizumab,16.76,Not indicated,Not indicated,Not given,Planned,Not indicated,Left,Worsened,Other
SYN-DM-02297,Bevacizumab,5.9,Not indicated,Not indicated,Planned,Planned,Planned,Bilateral,Stable,Other
SYN-DM-02298,Ranibizumab,11.36,Planned,Not indicated,Not given,Planned,Completed,Left,Improved,None
SYN-DM-02299,Ranibizumab,9.96,Not indicated,Completed,Not given,Not indicated,Not indicated,Bilateral,Worsened,Inflammation
SYN-DM-02300,Bevacizumab,4.14,Not indicated,Not indicated,Given,Planned,Completed,Right,Stable,Pressure rise
SYN-DM-02301,Aflibercept,2.0,Planned,Partial,Not given,Not indicated,Planned,Bilateral,Worsened,Inflammation
SYN-DM-02302,Aflibercept,8.19,Completed,Partial,Not given,Planned,Planned,Left,Stable,Inflammation
SYN-DM-02303,Bevacizumab,9.22,Completed,Partial,Planned,Not indicated,Not indicated,Neither,Improved,Inflammation
SYN-DM-02304,Bevacizumab,10.84,Planned,Planned,Not given,Completed,Completed,Bilateral,Improved,None
SYN-DM-02305,Ranibizumab,12.02,Not indicated,Partial,Planned,Completed,Not indicated,Bilateral,Improved,Pressure rise
SYN-DM-02306,Aflibercept,13.46,Not indicated,Not indicated,Planned,Not indicated,Completed,Neither,Not assessed,Inflammation
SYN-DM-02307,Bevacizumab,8.1,Completed,Completed,Not given,Completed,Completed,Right,Worsened,Pressure rise
SYN-DM-02308,None,17.3,Not indicated,Not indicated,Given,Not indicated,Not indicated,Bilateral,Not assessed,Other
SYN-DM-02309,Aflibercept,9.53,Planned,Not indicated,Planned,Planned,Planned,Neither,Stable,None
SYN-DM-02310,Bevacizumab,6.97,Completed,Not indicated,Planned,Planned,Completed,Right,Improved,None
SYN-DM-02311,None,12.98,Completed,Planned,Given,Completed,Planned,Bilateral,Worsened,Pressure rise
SYN-DM-02312,Bevacizumab,1.55,Planned,Completed,Not given,Not indicated,Not indicated,Neither,Improved,Other
SYN-DM-02313,Aflibercept,8.1,Planned,Partial,Not given,Completed,Completed,Right,Worsened,Pressure rise
SYN-DM-02314,Aflibercept,3.37,Not indicated,Partial,Given,Completed,Completed,Right,Worsened,Other
SYN-DM-02315,Bevacizumab,7.83,Completed,Partial,Planned,Not indicated,Not indicated,Right,Not assessed,Other
SYN-DM-02316,None,7.83,Completed,Partial,Given,Completed,Planned,Left,Stable,Pressure rise
SYN-DM-02317,Bevacizumab,5.62,Completed,Completed,Planned,Not indicated,Not indicated,Left,Improved,Pressure rise
SYN-DM-02318,Bevacizumab,11.04,Planned,Planned,Planned,Planned,Completed,Right,Improved,Pressure rise
SYN-DM-02319,Aflibercept,4.66,Planned,Not indicated,Not given,Planned,Planned,Neither,Not assessed,Pressure rise
SYN-DM-02320,Ranibizumab,14.32,Planned,Completed,Given,Not indicated,Not indicated,Right,Not assessed,Other
SYN-DM-02321,Ranibizumab,12.1,Planned,Completed,Planned,Not indicated,Not indicated,Neither,Worsened,Other
SYN-DM-02322,Ranibizumab,13.72,Planned,Not indicated,Given,Completed,Planned,Left,Improved,Inflammation
SYN-DM-02323,None,12.5,Completed,Partial,Planned,Not indicated,Completed,Neither,Stable,None
SYN-DM-02324,None,2.28,Completed,Completed,Not given,Planned,Not indicated,Left,Stable,Pressure rise
SYN-DM-02325,None,12.58,Planned,Completed,Not given,Completed,Planned,Neither,Improved,Inflammation
SYN-DM-02326,Bevacizumab,14.28,Not indicated,Planned,Given,Completed,Not indicated,Left,Stable,Pressure rise
SYN-DM-02327,Ranibizumab,14.14,Completed,Partial,Given,Not indicated,Not indicated,Neither,Stable,Inflammation
SYN-DM-02328,Bevacizumab,0.8,Not indicated,Completed,Not given,Not indicated,Not indicated,Bilateral,Stable,Inflammation
SYN-DM-02329,Bevacizumab,14.19,Not indicated,Not indicated,Given,Completed,Planned,Bilateral,Worsened,Inflammation
SYN-DM-02330,Bevacizumab,3.55,Planned,Not indicated,Planned,Planned,Completed,Left,Not assessed,Other
SYN-DM-02331,Bevacizumab,5.1,Completed,Planned,Planned,Planned,Completed,Bilateral,Stable,Other
SYN-DM-02332,Bevacizumab,17.3,Planned,Not indicated,Planned,Not indicated,Planned,Left,Worsened,Other
SYN-DM-02333,Ranibizumab,15.27,Planned,Partial,Given,Not indicated,Planned,Right,Worsened,Pressure rise
SYN-DM-02334,None,12.38,Planned,Partial,Planned,Completed,Planned,Bilateral,Worsened,None
SYN-DM-02335,None,11.56,Completed,Not indicated,Given,Not indicated,Not indicated,Bilateral,Stable,Pressure rise
SYN-DM-02336,None,4.92,Planned,Completed,Not given,Not indicated,Planned,Neither,Not assessed,Inflammation
SYN-DM-02337,Ranibizumab,16.31,Not indicated,Partial,Not given,Planned,Not indicated,Neither,Not assessed,Pressure rise
SYN-DM-02338,Aflibercept,4.23,Not indicated,Planned,Not given,Not indicated,Planned,Right,Worsened,Other
SYN-DM-02339,Ranibizumab,8.69,Completed,Planned,Given,Not indicated,Planned,Left,Not assessed,None
SYN-DM-02340,Ranibizumab,10.4,Not indicated,Not indicated,Given,Not indicated,Completed,Right,Worsened,Other
SYN-DM-02341,Aflibercept,14.0,Not indicated,Planned,Not given,Completed,Completed,Bilateral,Stable,None
SYN-DM-02342,None,16.49,Not indicated,Planned,Planned,Completed,Planned,Left,Stable,Other
SYN-DM-02343,Aflibercept,6.03,Completed,Planned,Given,Not indicated,Planned,Neither,Not assessed,None
SYN-DM-02344,Ranibizumab,14.69,Completed,Partial,Planned,Planned,Completed,Bilateral,Stable,Pressure rise
SYN-DM-02345,Aflibercept,5.32,Completed,Partial,Given,Not indicated,Completed,Neither,Improved,Inflammation
SYN-DM-02346,Bevacizumab,6.95,Not indicated,Partial,Given,Planned,Planned,Neither,Not assessed,Pressure rise
SYN-DM-02347,Aflibercept,14.97,Planned,Partial,Planned,Not indicated,Planned,Bilateral,Worsened,None
SYN-DM-02348,Ranibizumab,5.13,Planned,Not indicated,Given,Not indicated,Completed,Bilateral,Not assessed,None
SYN-DM-02349,Ranibizumab,17.67,Planned,Completed,Not given,Planned,Not indicated,Right,Stable,Other
SYN-DM-02350,Bevacizumab,0.05,Not indicated,Completed,Planned,Not indicated,Not indicated,Neither,Not assessed,Inflammation
SYN-DM-02351,Ranibizumab,2.57,Completed,Planned,Planned,Completed,Planned,Right,Stable,Pressure rise
SYN-DM-02352,None,3.32,Completed,Not indicated,Planned,Not indicated,Completed,Left,Improved,Other
SYN-DM-02353,Ranibizumab,5.0,Completed,Planned,Not given,Planned,Not indicated,Bilateral,Not assessed,Inflammation
SYN-DM-02354,None,0.25,Completed,Completed,Planned,Not indicated,Not indicated,Right,Improved,Pressure rise
SYN-DM-02355,Ranibizumab,1.02,Planned,Completed,Given,Not indicated,Not indicated,Neither,Improved,Other
SYN-DM-02356,Ranibizumab,9.12,Completed,Planned,Planned,Not indicated,Not indicated,Right,Not assessed,Inflammation
SYN-DM-02357,None,12.69,Not indicated,Planned,Planned,Not indicated,Planned,Neither,Worsened,None
SYN-DM-02358,Ranibizumab,15.26,Planned,Partial,Planned,Completed,Completed,Left,Improved,Pressure rise
SYN-DM-02359,Ranibizumab,3.36,Planned,Not indicated,Given,Planned,Completed,Right,Stable,Other
SYN-DM-02360,None,15.22,Not indicated,Planned,Not given,Completed,Planned,Bilateral,Not assessed,Other
SYN-DM-02361,Bevacizumab,17.48,Completed,Completed,Given,Not indicated,Planned,Neither,Stable,Other
SYN-DM-02362,Ranibizumab,13.67,Completed,Completed,Not given,Not indicated,Planned,Bilateral,Worsened,None
SYN-DM-02363,None,15.21,Not indicated,Planned,Planned,Not indicated,Completed,Bilateral,Not assessed,Other
SYN-DM-02364,Aflibercept,13.48,Planned,Completed,Not given,Not indicated,Completed,Left,Worsened,None
SYN-DM-02365,Ranibizumab,7.72,Planned,Planned,Not given,Not indicated,Not indicated,Left,Not assessed,Other
SYN-DM-02366,Bevacizumab,0.49,Not indicated,Not indicated,Planned,Not indicated,Not indicated,Bilateral,Improved,Other
SYN-DM-02367,Ranibizumab,8.43,Completed,Not indicated,Planned,Completed,Planned,Bilateral,Worsened,Pressure rise
SYN-DM-02368,None,8.86,Completed,Partial,Planned,Not indicated,Completed,Right,Not assessed,Inflammation
SYN-DM-02369,Ranibizumab,13.47,Completed,Partial,Planned,Planned,Not indicated,Left,Improved,None
SYN-DM-02370,Bevacizumab,9.06,Completed,Completed,Given,Planned,Not indicated,Neither,Worsened,None
SYN-DM-02371,Ranibizumab,16.41,Completed,Completed,Planned,Not indicated,Completed,Left,Worsened,None
SYN-DM-02372,None,17.17,Not indicated,Planned,Planned,Completed,Completed,Right,Stable,None
SYN-DM-02373,Bevacizumab,3.82,Not indicated,Not indicated,Not given,Planned,Not indicated,Neither,Improved,Pressure rise
SYN-DM-02374,Aflibercept,16.74,Completed,Completed,Not given,Not indicated,Planned,Bilateral,Not assessed,Inflammation
SYN-DM-02375,Aflibercept,8.32,Planned,Partial,Not given,Completed,Completed,Bilateral,Worsened,None
SYN-DM-02376,Bevacizumab,4.85,Not indicated,Partial,Not given,Not indicated,Planned,Left,Worsened,None
SYN-DM-02377,None,13.17,Completed,Completed,Not given,Completed,Planned,Right,Not assessed,Pressure rise
SYN-DM-02378,Bevacizumab,2.89,Not indicated,Completed,Planned,Planned,Planned,Bilateral,Stable,None
SYN-DM-02379,Bevacizumab,7.71,Completed,Planned,Not given,Completed,Completed,Neither,Not assessed,Pressure rise
SYN-DM-02380,Ranibizumab,0.86,Not indicated,Partial,Not given,Planned,Planned,Right,Stable,Inflammation
SYN-DM-02381,None,9.89,Completed,Completed,Not given,Planned,Completed,Bilateral,Not assessed,Inflammation
SYN-DM-02382,None,3.48,Not indicated,Partial,Given,Completed,Planned,Neither,Not assessed,Other
SYN-DM-02383,Ranibizumab,5.01,Not indicated,Completed,Given,Planned,Not indicated,Bilateral,Worsened,Other
SYN-DM-02384,None,2.05,Not indicated,Partial,Planned,Planned,Not indicated,Left,Improved,Inflammation
SYN-DM-02385,Ranibizumab,17.91,Not indicated,Planned,Planned,Not indicated,Not indicated,Right,Not assessed,None
SYN-DM-02386,None,16.35,Completed,Partial,Not given,Completed,Completed,Right,Stable,Inflammation
SYN-DM-02387,None,13.48,Completed,Completed,Not given,Not indicated,Completed,Neither,Not assessed,None
SYN-DM-02388,None,11.68,Planned,Completed,Planned,Completed,Completed,Neither,Worsened,Pressure rise
SYN-DM-02389,Bevacizumab,7.85,Completed,Completed,Planned,Not indicated,Not indicated,Right,Stable,Other
SYN-DM-02390,None,14.88,Completed,Completed,Given,Not indicated,Completed,Left,Improved,None
SYN-DM-02391,None,13.08,Planned,Partial,Planned,Planned,Completed,Left,Worsened,None
SYN-DM-02392,Bevacizumab,4.37,Completed,Partial,Planned,Planned,Planned,Bilateral,Not assessed,Pressure rise
SYN-DM-02393,None,2.59,Completed,Completed,Not given,Completed,Planned,Left,Stable,Pressure rise
SYN-DM-02394,Ranibizumab,17.98,Not indicated,Not indicated,Not given,Not indicated,Not indicated,Right,Stable,Inflammation
SYN-DM-02395,None,7.12,Completed,Planned,Planned,Not indicated,Not indicated,Left,Improved,None
SYN-DM-02396,Bevacizumab,2.24,Planned,Not indicated,Planned,Planned,Planned,Left,Not assessed,Other
SYN-DM-02397,Aflibercept,3.68,Planned,Partial,Given,Planned,Not indicated,Right,Not assessed,Inflammation
SYN-DM-02398,Ranibizumab,6.54,Planned,Planned,Not given,Planned,Not indicated,Left,Not assessed,None
SYN-DM-02399,Aflibercept,1.46,Not indicated,Partial,Given,Planned,Planned,Bilateral,Stable,None
SYN-DM-02400,Aflibercept,6.98,Not indicated,Partial,Planned,Not indicated,Not indicated,Bilateral,Worsened,Inflammation
SYN-DM-02401,Ranibizumab,2.27,Planned,Partial,Planned,Completed,Not indicated,Neither,Stable,Inflammation
SYN-DM-02402,None,4.4,Not indicated,Planned,Given,Completed,Completed,Right,Worsened,Inflammation
SYN-DM-02403,Bevacizumab,11.21,Not indicated,Planned,Not given,Not indicated,Completed,Left,Improved,Inflammation
SYN-DM-02404,Aflibercept,7.91,Not indicated,Completed,Given,Completed,Completed,Left,Stable,Other
SYN-DM-02405,None,4.31,Planned,Planned,Given,Planned,Completed,Bilateral,Improved,Pressure rise
SYN-DM-02406,Bevacizumab,17.14,Planned,Partial,Not given,Not indicated,Completed,Neither,Stable,None
SYN-DM-02407,Ranibizumab,7.7,Completed,Planned,Planned,Planned,Planned,Neither,Stable,None
SYN-DM-02408,Ranibizumab,9.66,Not indicated,Completed,Not given,Completed,Completed,Neither,Stable,Inflammation
SYN-DM-02409,Bevacizumab,17.75,Completed,Completed,Planned,Completed,Completed,Neither,Improved,Inflammation
SYN-DM-02410,Ranibizumab,8.28,Not indicated,Planned,Given,Planned,Completed,Neither,Stable,Other
SYN-DM-02411,Ranibizumab,12.72,Completed,Partial,Given,Not indicated,Not indicated,Bilateral,Not assessed,Inflammation
SYN-DM-02412,Aflibercept,13.26,Planned,Not indicated,Planned,Completed,Not indicated,Left,Worsened,Other
SYN-DM-02413,Ranibizumab,15.29,Not indicated,Partial,Not given,Planned,Completed,Neither,Stable,Other
SYN-DM-02414,None,17.52,Completed,Not indicated,Planned,Planned,Not indicated,Left,Stable,None
SYN-DM-02415,Ranibizumab,5.14,Not indicated,Partial,Given,Completed,Not indicated,Left,Worsened,None
SYN-DM-02416,Ranibizumab,8.48,Not indicated,Planned,Not given,Planned,Completed,Left,Stable,None
SYN-DM-02417,Aflibercept,15.61,Completed,Completed,Not given,Not indicated,Planned,Right,Improved,Inflammation
SYN-DM-02418,Aflibercept,9.35,Planned,Planned,Planned,Completed,Not indicated,Neither,Stable,Other
SYN-DM-02419,Aflibercept,6.46,Completed,Not indicated,Given,Not indicated,Completed,Left,Stable,Pressure rise
SYN-DM-02420,None,17.59,Planned,Partial,Planned,Not indicated,Not indicated,Right,Stable,Inflammation
SYN-DM-02421,None,15.38,Completed,Completed,Not given,Completed,Completed,Right,Not assessed,None
SYN-DM-02422,Bevacizumab,12.29,Not indicated,Not indicated,Planned,Completed,Not indicated,Bilateral,Worsened,None
SYN-DM-02423,Aflibercept,12.93,Planned,Completed,Given,Planned,Completed,Neither,Not assessed,Other
SYN-DM-02424,Aflibercept,13.01,Planned,Not indicated,Given,Not indicated,Planned,Bilateral,Improved,Other
SYN-DM-02425,None,4.53,Planned,Partial,Not given,Not indicated,Completed,Right,Worsened,Inflammation
SYN-DM-02426,Bevacizumab,3.09,Planned,Not indicated,Not given,Planned,Not indicated,Right,Improved,Other
SYN-DM-02427,Bevacizumab,3.27,Not indicated,Completed,Planned,Not indicated,Completed,Neither,Not assessed,Other
SYN-DM-02428,None,0.08,Completed,Completed,Planned,Planned,Completed,Neither,Stable,Inflammation
SYN-DM-02429,Bevacizumab,16.01,Completed,Partial,Not given,Planned,Planned,Neither,Stable,None
SYN-DM-02430,Bevacizumab,7.47,Planned,Planned,Not given,Not indicated,Not indicated,Bilateral,Worsened,None
SYN-DM-02431,Bevacizumab,16.91,Planned,Planned,Planned,Completed,Not indicated,Right,Worsened,None
SYN-DM-02432,Ranibizumab,8.28,Completed,Not indicated,Given,Not indicated,Not indicated,Right,Stable,Pressure rise
SYN-DM-02433,Ranibizumab,2.29,Planned,Not indicated,Given,Not indicated,Not indicated,Bilateral,Stable,None
SYN-DM-02434,Bevacizumab,7.18,Planned,Completed,Not given,Planned,Not indicated,Right,Improved,Inflammation
SYN-DM-02435,Ranibizumab,2.38,Planned,Completed,Planned,Not indicated,Planned,Left,Stable,Other
SYN-DM-02436,Bevacizumab,3.56,Planned,Partial,Planned,Planned,Not indicated,Left,Stable,Pressure rise
SYN-DM-02437,Ranibizumab,4.69,Not indicated,Completed,Not given,Planned,Not indicated,Left,Not assessed,None
SYN-DM-02438,None,2.3,Planned,Completed,Not given,Completed,Not indicated,Right,Worsened,Inflammation
SYN-DM-02439,Bevacizumab,6.11,Planned,Partial,Given,Completed,Not indicated,Bilateral,Improved,Inflammation
SYN-DM-02440,Bevacizumab,2.77,Completed,Planned,Not given,Completed,Completed,Right,Worsened,None
SYN-DM-02441,Ranibizumab,17.27,Planned,Planned,Given,Completed,Planned,Bilateral,Improved,Pressure rise
SYN-DM-02442,Bevacizumab,1.43,Planned,Planned,Not given,Completed,Planned,Right,Stable,None
SYN-DM-02443,Aflibercept,13.39,Planned,Planned,Not given,Not indicated,Not indicated,Right,Not assessed,Inflammation
SYN-DM-02444,Aflibercept,1.33,Completed,Planned,Planned,Not indicated,Planned,Right,Stable,Pressure rise
SYN-DM-02445,Bevacizumab,11.66,Planned,Completed,Not given,Completed,Completed,Neither,Not assessed,Other
SYN-DM-02446,Ranibizumab,4.5,Planned,Completed,Not given,Planned,Planned,Left,Worsened,Pressure rise
SYN-DM-02447,Ranibizumab,8.85,Not indicated,Completed,Not given,Planned,Planned,Right,Improved,Other
SYN-DM-02448,Aflibercept,6.4,Planned,Planned,Given,Planned,Planned,Left,Not assessed,Inflammation
SYN-DM-02449,Aflibercept,4.52,Planned,Partial,Not given,Not indicated,Planned,Bilateral,Not assessed,None
SYN-DM-02450,Bevacizumab,7.33,Planned,Not indicated,Given,Not indicated,Completed,Bilateral,Not assessed,Other
SYN-DM-02451,Ranibizumab,16.08,Completed,Partial,Planned,Completed,Completed,Right,Not assessed,Other
SYN-DM-02452,Aflibercept,14.81,Completed,Planned,Planned,Completed,Completed,Left,Not assessed,Other
SYN-DM-02453,Aflibercept,0.42,Not indicated,Not indicated,Planned,Planned,Completed,Right,Not assessed,Pressure rise
SYN-DM-02454,None,7.24,Completed,Partial,Planned,Completed,Not indicated,Neither,Worsened,Pressure rise
SYN-DM-02455,None,12.78,Completed,Planned,Not given,Not indicated,Completed,Right,Worsened,Pressure rise
SYN-DM-02456,Ranibizumab,8.81,Not indicated,Completed,Given,Planned,Not indicated,Bilateral,Improved,None
SYN-DM-02457,Ranibizumab,11.16,Not indicated,Partial,Not given,Not indicated,Planned,Neither,Worsened,Inflammation
SYN-DM-02458,Aflibercept,2.56,Not indicated,Not indicated,Given,Not indicated,Not indicated,Right,Worsened,Other
SYN-DM-02459,None,12.14,Planned,Planned,Given,Not indicated,Not indicated,Neither,Stable,Pressure rise
SYN-DM-02460,Bevacizumab,2.75,Completed,Completed,Given,Completed,Not indicated,Right,Not assessed,Other
SYN-DM-02461,Bevacizumab,3.72,Not indicated,Completed,Not given,Planned,Not indicated,Right,Not assessed,Pressure rise
SYN-DM-02462,Bevacizumab,10.69,Not indicated,Partial,Planned,Not indicated,Planned,Right,Not assessed,None
SYN-DM-02463,None,6.35,Planned,Partial,Planned,Planned,Planned,Neither,Not assessed,Pressure rise
SYN-DM-02464,Ranibizumab,11.94,Not indicated,Planned,Given,Planned,Completed,Left,Stable,None
SYN-DM-02465,Bevacizumab,8.11,Completed,Not indicated,Planned,Not indicated,Completed,Left,Worsened,Inflammation
SYN-DM-02466,Aflibercept,5.07,Not indicated,Partial,Planned,Not indicated,Completed,Bilateral,Worsened,None
SYN-DM-02467,None,5.37,Not indicated,Completed,Not given,Not indicated,Not indicated,Right,Improved,Other
SYN-DM-02468,Aflibercept,1.51,Not indicated,Partial,Planned,Planned,Not indicated,Neither,Stable,Other
SYN-DM-02469,Aflibercept,12.46,Planned,Partial,Planned,Not indicated,Not indicated,Left,Not assessed,Pressure rise
SYN-DM-02470,Bevacizumab,16.31,Not indicated,Completed,Planned,Planned,Planned,Bilateral,Worsened,Pressure rise
SYN-DM-02471,Ranibizumab,7.25,Planned,Planned,Given,Completed,Planned,Right,Stable,Pressure rise
SYN-DM-02472,None,2.32,Completed,Completed,Given,Completed,Not indicated,Bilateral,Stable,Inflammation
SYN-DM-02473,Aflibercept,7.69,Not indicated,Not indicated,Planned,Not indicated,Completed,Left,Not assessed,Inflammation
SYN-DM-02474,Aflibercept,3.43,Not indicated,Completed,Given,Planned,Completed,Right,Stable,Other
SYN-DM-02475,Bevacizumab,9.94,Planned,Not indicated,Not given,Completed,Completed,Right,Improved,Pressure rise
SYN-DM-02476,Aflibercept,8.27,Planned,Completed,Given,Completed,Not indicated,Left,Worsened,Inflammation
SYN-DM-02477,Ranibizumab,1.91,Not indicated,Partial,Planned,Not indicated,Not indicated,Bilateral,Improved,Other
SYN-DM-02478,Ranibizumab,9.81,Completed,Completed,Given,Not indicated,Completed,Right,Not assessed,Pressure rise
SYN-DM-02479,Bevacizumab,15.65,Not indicated,Completed,Not given,Planned,Completed,Neither,Not assessed,Inflammation
SYN-DM-02480,Aflibercept,8.47,Planned,Not indicated,Not given,Completed,Planned,Left,Improved,Inflammation
SYN-DM-02481,Bevacizumab,1.07,Completed,Planned,Given,Not indicated,Planned,Neither,Not assessed,Other
SYN-DM-02482,Aflibercept,3.19,Not indicated,Not indicated,Planned,Completed,Not indicated,Left,Worsened,Pressure rise
SYN-DM-02483,None,14.28,Completed,Completed,Given,Completed,Planned,Right,Worsened,Other
SYN-DM-02484,None,8.04,Planned,Planned,Not given,Not indicated,Not indicated,Bilateral,Not assessed,Other
SYN-DM-02485,Bevacizumab,2.26,Planned,Planned,Planned,Planned,Planned,Left,Improved,Inflammation
SYN-DM-02486,Aflibercept,6.92,Completed,Planned,Given,Planned,Not indicated,Left,Worsened,Other
SYN-DM-02487,Bevacizumab,17.98,Planned,Not indicated,Planned,Completed,Completed,Right,Worsened,Other
SYN-DM-02488,Aflibercept,17.02,Completed,Planned,Not given,Completed,Not indicated,Bilateral,Improved,Pressure rise
SYN-DM-02489,Aflibercept,6.36,Not indicated,Completed,Planned,Completed,Not indicated,Left,Improved,Other
SYN-DM-02490,Aflibercept,16.9,Not indicated,Completed,Not given,Planned,Planned,Right,Stable,Inflammation
SYN-DM-02491,Aflibercept,2.36,Planned,Partial,Planned,Planned,Planned,Left,Stable,Pressure rise
SYN-DM-02492,Bevacizumab,17.69,Completed,Completed,Given,Completed,Not indicated,Left,Worsened,None
SYN-DM-02493,Aflibercept,2.39,Planned,Planned,Not given,Not indicated,Planned,Bilateral,Not assessed,Pressure rise
SYN-DM-02494,Bevacizumab,6.35,Planned,Not indicated,Planned,Completed,Not indicated,Neither,Not assessed,None
SYN-DM-02495,None,10.0,Planned,Not indicated,Planned,Completed,Planned,Left,Stable,Inflammation
SYN-DM-02496,Ranibizumab,11.18,Completed,Not indicated,Planned,Completed,Planned,Left,Not assessed,Pressure rise
SYN-DM-02497,Ranibizumab,8.15,Planned,Completed,Not given,Planned,Planned,Right,Improved,None
SYN-DM-02498,None,15.15,Not indicated,Planned,Planned,Not indicated,Not indicated,Right,Not assessed,Other
SYN-DM-02499,Aflibercept,9.36,Completed,Partial,Not given,Planned,Planned,Left,Stable,Other
SYN-DM-02500,None,3.23,Not indicated,Planned,Not given,Completed,Completed,Right,Stable,Inflammation
SYN-DM-02501,Bevacizumab,6.32,Not indicated,Planned,Not given,Completed,Planned,Right,Worsened,Other
SYN-DM-02502,None,10.35,Completed,Partial,Planned,Completed,Completed,Right,Not assessed,Other
SYN-DM-02503,Bevacizumab,3.28,Planned,Completed,Not given,Not indicated,Not indicated,Left,Not assessed,Inflammation
SYN-DM-02504,Aflibercept,2.77,Planned,Planned,Given,Planned,Completed,Bilateral,Not assessed,None
SYN-DM-02505,None,5.44,Not indicated,Completed,Not given,Not indicated,Not indicated,Right,Not assessed,Inflammation
SYN-DM-02506,Ranibizumab,5.06,Not indicated,Not indicated,Planned,Planned,Completed,Right,Stable,Other
SYN-DM-02507,Ranibizumab,17.01,Planned,Partial,Not given,Completed,Completed,Right,Worsened,Pressure rise
SYN-DM-02508,None,3.87,Planned,Completed,Given,Planned,Planned,Right,Not assessed,Inflammation
SYN-DM-02509,Aflibercept,9.49,Not indicated,Planned,Planned,Not indicated,Completed,Left,Worsened,Pressure rise
SYN-DM-02510,None,9.53,Planned,Completed,Planned,Not indicated,Planned,Neither,Stable,None
SYN-DM-02511,Ranibizumab,16.63,Planned,Completed,Planned,Planned,Not indicated,Neither,Worsened,None
SYN-DM-02512,Ranibizumab,14.13,Not indicated,Partial,Not given,Not indicated,Completed,Left,Worsened,Other
SYN-DM-02513,Bevacizumab,2.51,Completed,Completed,Not given,Completed,Completed,Neither,Not assessed,Pressure rise
SYN-DM-02514,Bevacizumab,14.11,Not indicated,Partial,Planned,Planned,Planned,Neither,Improved,None
SYN-DM-02515,Aflibercept,6.86,Not indicated,Not indicated,Not given,Planned,Not indicated,Right,Stable,None
SYN-DM-02516,Aflibercept,6.23,Planned,Planned,Not given,Planned,Completed,Bilateral,Stable,Inflammation
SYN-DM-02517,Ranibizumab,1.3,Completed,Partial,Not given,Not indicated,Not indicated,Right,Not assessed,Inflammation
SYN-DM-02518,None,2.45,Completed,Not indicated,Given,Planned,Not indicated,Neither,Worsened,Other
SYN-DM-02519,None,12.65,Planned,Partial,Given,Planned,Planned,Bilateral,Stable,None
SYN-DM-02520,None,0.7,Completed,Partial,Given,Not indicated,Not indicated,Neither,Improved,Inflammation
SYN-DM-02521,None,3.46,Not indicated,Partial,Given,Planned,Planned,Right,Stable,Inflammation
SYN-DM-02522,Ranibizumab,12.16,Not indicated,Partial,Not given,Not indicated,Planned,Left,Improved,Other
SYN-DM-02523,Aflibercept,8.88,Not indicated,Not indicated,Not given,Not indicated,Planned,Right,Not assessed,None
SYN-DM-02524,Aflibercept,1.12,Planned,Not indicated,Not given,Not indicated,Planned,Bilateral,Improved,None
SYN-DM-02525,Aflibercept,8.29,Completed,Completed,Not given,Planned,Planned,Bilateral,Not assessed,Pressure rise
SYN-DM-02526,Aflibercept,15.91,Not indicated,Completed,Not given,Completed,Not indicated,Neither,Not assessed,Inflammation
SYN-DM-02527,Aflibercept,8.72,Planned,Completed,Planned,Planned,Not indicated,Left,Improved,Other
SYN-DM-02528,Ranibizumab,2.2,Completed,Planned,Not given,Completed,Completed,Neither,Not assessed,Other
SYN-DM-02529,None,11.94,Completed,Partial,Given,Not indicated,Not indicated,Bilateral,Improved,None
SYN-DM-02530,None,12.09,Planned,Planned,Given,Completed,Completed,Bilateral,Not assessed,None
SYN-DM-02531,None,14.11,Completed,Not indicated,Given,Completed,Completed,Neither,Not assessed,Other
SYN-DM-02532,Ranibizumab,2.12,Planned,Planned,Planned,Completed,Completed,Left,Stable,Inflammation
SYN-DM-02533,Bevacizumab,10.36,Not indicated,Planned,Not given,Not indicated,Planned,Right,Worsened,None
SYN-DM-02534,Bevacizumab,0.55,Planned,Partial,Given,Completed,Not indicated,Neither,Stable,Pressure rise
SYN-DM-02535,Ranibizumab,6.65,Planned,Completed,Given,Not indicated,Completed,Bilateral,Improved,Pressure rise
SYN-DM-02536,Aflibercept,9.52,Not indicated,Not indicated,Given,Not indicated,Not indicated,Bilateral,Worsened,Inflammation
SYN-DM-02537,None,12.62,Not indicated,Completed,Not given,Planned,Completed,Left,Improved,Inflammation
SYN-DM-02538,Bevacizumab,12.05,Not indicated,Not indicated,Planned,Planned,Planned,Bilateral,Improved,None
SYN-DM-02539,Bevacizumab,16.06,Completed,Completed,Planned,Planned,Not indicated,Left,Improved,Other
SYN-DM-02540,Ranibizumab,4.94,Completed,Completed,Given,Planned,Planned,Neither,Improved,Other
SYN-DM-02541,Aflibercept,10.97,Not indicated,Completed,Planned,Not indicated,Completed,Left,Worsened,Inflammation
SYN-DM-02542,Bevacizumab,5.58,Planned,Partial,Planned,Planned,Planned,Right,Improved,Other
SYN-DM-02543,Aflibercept,2.34,Planned,Completed,Not given,Planned,Planned,Right,Improved,None
SYN-DM-02544,Bevacizumab,0.24,Completed,Completed,Planned,Completed,Completed,Neither,Not assessed,Pressure rise
SYN-DM-02545,Ranibizumab,8.33,Completed,Completed,Not given,Completed,Not indicated,Bilateral,Not assessed,Inflammation
SYN-DM-02546,Aflibercept,14.69,Planned,Partial,Not given,Completed,Planned,Right,Worsened,Other
SYN-DM-02547,Bevacizumab,7.11,Planned,Not indicated,Not given,Completed,Not indicated,Right,Improved,None
SYN-DM-02548,None,12.41,Planned,Not indicated,Not given,Planned,Not indicated,Left,Stable,Pressure rise
SYN-DM-02549,None,15.26,Not indicated,Not indicated,Given,Not indicated,Completed,Left,Improved,Inflammation
SYN-DM-02550,Bevacizumab,2.89,Planned,Not indicated,Given,Not indicated,Planned,Right,Improved,None
SYN-DM-02551,Ranibizumab,5.61,Completed,Not indicated,Not given,Not indicated,Not indicated,Right,Stable,Pressure rise
SYN-DM-02552,None,1.55,Completed,Not indicated,Not given,Completed,Not indicated,Neither,Not assessed,Inflammation
SYN-DM-02553,None,15.63,Not indicated,Planned,Given,Completed,Completed,Right,Worsened,Inflammation
SYN-DM-02554,Bevacizumab,9.5,Completed,Completed,Not given,Not indicated,Planned,Bilateral,Improved,None
SYN-DM-02555,Aflibercept,11.79,Planned,Planned,Not given,Completed,Not indicated,Bilateral,Stable,Pressure rise
SYN-DM-02556,Bevacizumab,12.98,Planned,Partial,Given,Completed,Planned,Left,Worsened,None
SYN-DM-02557,Bevacizumab,13.68,Not indicated,Not indicated,Not given,Completed,Planned,Left,Worsened,None
SYN-DM-02558,Ranibizumab,11.41,Planned,Partial,Given,Planned,Not indicated,Left,Stable,Pressure rise
SYN-DM-02559,Ranibizumab,14.98,Planned,Planned,Given,Not indicated,Completed,Left,Worsened,Inflammation
SYN-DM-02560,Aflibercept,11.01,Completed,Partial,Planned,Completed,Not indicated,Left,Worsened,Pressure rise
SYN-DM-02561,None,0.06,Completed,Partial,Not given,Not indicated,Planned,Right,Improved,None
SYN-DM-02562,Aflibercept,9.45,Not indicated,Planned,Not given,Planned,Completed,Neither,Worsened,Other
SYN-DM-02563,Bevacizumab,9.78,Not indicated,Completed,Given,Not indicated,Planned,Right,Not assessed,Inflammation
SYN-DM-02564,None,4.16,Not indicated,Planned,Planned,Planned,Not indicated,Bilateral,Stable,Other
SYN-DM-02565,Aflibercept,7.45,Not indicated,Planned,Planned,Completed,Planned,Right,Stable,Other
SYN-DM-02566,Aflibercept,7.53,Not indicated,Partial,Planned,Not indicated,Completed,Right,Not assessed,Inflammation
SYN-DM-02567,Aflibercept,10.94,Completed,Planned,Planned,Not indicated,Completed,Neither,Worsened,None
SYN-DM-02568,Ranibizumab,11.96,Completed,Completed,Planned,Not indicated,Planned,Neither,Worsened,None
SYN-DM-02569,Bevacizumab,4.01,Completed,Partial,Given,Not indicated,Not indicated,Left,Worsened,None
SYN-DM-02570,None,16.19,Not indicated,Not indicated,Planned,Completed,Planned,Bilateral,Worsened,Other
SYN-DM-02571,Aflibercept,12.56,Completed,Completed,Given,Completed,Planned,Left,Not assessed,Inflammation
SYN-DM-02572,Ranibizumab,4.02,Completed,Completed,Not given,Completed,Planned,Left,Not assessed,Other
SYN-DM-02573,None,6.54,Completed,Not indicated,Planned,Not indicated,Planned,Bilateral,Stable,Other
SYN-DM-02574,Ranibizumab,16.4,Completed,Planned,Not given,Not indicated,Completed,Right,Worsened,Other
SYN-DM-02575,Aflibercept,6.98,Not indicated,Planned,Planned,Not indicated,Completed,Right,Not assessed,Inflammation
SYN-DM-02576,Aflibercept,7.4,Completed,Partial,Not given,Not indicated,Not indicated,Right,Stable,None
SYN-DM-02577,Aflibercept,5.53,Not indicated,Planned,Planned,Planned,Completed,Neither,Worsened,None
SYN-DM-02578,Aflibercept,5.65,Completed,Not indicated,Given,Completed,Planned,Neither,Worsened,Other
SYN-DM-02579,Aflibercept,13.55,Planned,Partial,Not given,Not indicated,Not indicated,Neither,Worsened,None
SYN-DM-02580,Ranibizumab,2.06,Not indicated,Planned,Planned,Completed,Not indicated,Neither,Worsened,Inflammation
SYN-DM-02581,Ranibizumab,0.44,Not indicated,Partial,Not given,Not indicated,Planned,Bilateral,Not assessed,Pressure rise
SYN-DM-02582,None,13.19,Planned,Partial,Given,Planned,Completed,Bilateral,Improved,Inflammation
SYN-DM-02583,Bevacizumab,1.33,Planned,Not indicated,Planned,Planned,Planned,Left,Improved,Other
SYN-DM-02584,Bevacizumab,16.42,Planned,Not indicated,Not given,Completed,Not indicated,Right,Stable,Pressure rise
SYN-DM-02585,None,8.74,Planned,Not indicated,Given,Not indicated,Not indicated,Right,Not assessed,Inflammation
SYN-DM-02586,Bevacizumab,10.69,Not indicated,Not indicated,Not given,Planned,Planned,Neither,Stable,Inflammation
SYN-DM-02587,Bevacizumab,12.44,Not indicated,Completed,Given,Planned,Completed,Neither,Improved,Inflammation
SYN-DM-02588,Bevacizumab,12.19,Planned,Planned,Planned,Not indicated,Not indicated,Bilateral,Not assessed,Pressure rise
SYN-DM-02589,Bevacizumab,0.73,Not indicated,Planned,Planned,Planned,Completed,Left,Not assessed,Inflammation
SYN-DM-02590,Ranibizumab,2.96,Planned,Not indicated,Given,Completed,Not indicated,Neither,Improved,Other
SYN-DM-02591,Ranibizumab,5.06,Planned,Planned,Planned,Not indicated,Not indicated,Left,Worsened,Other
SYN-DM-02592,Aflibercept,1.12,Completed,Completed,Not given,Completed,Completed,Bilateral,Worsened,Other
SYN-DM-02593,None,8.47,Planned,Not indicated,Given,Completed,Completed,Neither,Stable,Pressure rise
SYN-DM-02594,None,0.09,Completed,Planned,Planned,Not indicated,Completed,Left,Worsened,None
SYN-DM-02595,Aflibercept,16.1,Not indicated,Not indicated,Not given,Completed,Completed,Bilateral,Worsened,Pressure rise
SYN-DM-02596,Bevacizumab,14.61,Not indicated,Partial,Not given,Completed,Not indicated,Neither,Stable,Inflammation
SYN-DM-02597,Bevacizumab,7.16,Not indicated,Partial,Planned,Not indicated,Planned,Neither,Improved,Inflammation
SYN-DM-02598,None,13.65,Not indicated,Partial,Planned,Not indicated,Completed,Left,Improved,Inflammation
SYN-DM-02599,Aflibercept,10.99,Not indicated,Planned,Planned,Completed,Not indicated,Right,Not assessed,None
SYN-DM-02600,Ranibizumab,5.11,Not indicated,Partial,Planned,Completed,Not indicated,Neither,Stable,Other
SYN-DM-02601,Bevacizumab,9.78,Planned,Planned,Planned,Not indicated,Planned,Neither,Improved,None
SYN-DM-02602,Bevacizumab,15.21,Planned,Not indicated,Not given,Planned,Completed,Left,Stable,None
SYN-DM-02603,Bevacizumab,13.6,Planned,Planned,Given,Completed,Completed,Bilateral,Not assessed,Inflammation
SYN-DM-02604,Ranibizumab,4.25,Not indicated,Completed,Planned,Not indicated,Not indicated,Left,Stable,Other
SYN-DM-02605,Ranibizumab,9.6,Planned,Not indicated,Planned,Not indicated,Planned,Right,Stable,None
SYN-DM-02606,Bevacizumab,17.46,Not indicated,Completed,Not given,Planned,Planned,Right,Not assessed,Pressure rise
SYN-DM-02607,None,1.97,Completed,Partial,Not given,Completed,Planned,Right,Worsened,Inflammation
SYN-DM-02608,Bevacizumab,0.02,Completed,Not indicated,Given,Not indicated,Not indicated,Neither,Not assessed,Inflammation
SYN-DM-02609,Bevacizumab,9.59,Planned,Not indicated,Not given,Planned,Not indicated,Right,Worsened,Pressure rise
SYN-DM-02610,Bevacizumab,13.32,Completed,Partial,Given,Completed,Not indicated,Right,Worsened,None
SYN-DM-02611,None,8.33,Planned,Planned,Given,Completed,Completed,Bilateral,Improved,Inflammation
SYN-DM-02612,None,10.03,Completed,Completed,Given,Not indicated,Not indicated,Neither,Worsened,Inflammation
SYN-DM-02613,Bevacizumab,17.5,Completed,Not indicated,Not given,Planned,Completed,Right,Improved,Other
SYN-DM-02614,Bevacizumab,4.33,Not indicated,Not indicated,Not given,Completed,Completed,Neither,Improved,Other
SYN-DM-02615,None,10.46,Planned,Completed,Planned,Not indicated,Planned,Bilateral,Stable,Pressure rise
SYN-DM-02616,Ranibizumab,6.85,Planned,Not indicated,Planned,Planned,Planned,Neither,Not assessed,Inflammation
SYN-DM-02617,None,4.19,Not indicated,Planned,Planned,Planned,Planned,Neither,Not assessed,Inflammation
SYN-DM-02618,None,7.81,Planned,Planned,Planned,Not indicated,Planned,Left,Worsened,Pressure rise
SYN-DM-02619,Ranibizumab,2.84,Planned,Completed,Not given,Completed,Planned,Bilateral,Worsened,Inflammation
SYN-DM-02620,None,1.46,Planned,Planned,Given,Not indicated,Completed,Right,Not assessed,Inflammation
SYN-DM-02621,Bevacizumab,0.24,Planned,Planned,Given,Not indicated,Planned,Left,Stable,Pressure rise
SYN-DM-02622,Bevacizumab,11.93,Not indicated,Planned,Planned,Planned,Completed,Bilateral,Improved,Other
SYN-DM-02623,Aflibercept,15.27,Completed,Partial,Given,Not indicated,Completed,Right,Worsened,Other
SYN-DM-02624,Ranibizumab,1.25,Not indicated,Partial,Given,Planned,Planned,Left,Not assessed,Other
SYN-DM-02625,None,3.26,Planned,Completed,Given,Not indicated,Not indicated,Left,Stable,None
SYN-DM-02626,None,5.51,Planned,Not indicated,Not given,Not indicated,Planned,Neither,Improved,Inflammation
SYN-DM-02627,Ranibizumab,6.92,Not indicated,Completed,Not given,Completed,Completed,Neither,Improved,Pressure rise
SYN-DM-02628,None,7.72,Planned,Planned,Not given,Completed,Not indicated,Right,Stable,None
SYN-DM-02629,Aflibercept,2.48,Completed,Planned,Planned,Not indicated,Not indicated,Neither,Not assessed,Pressure rise
SYN-DM-02630,Aflibercept,14.33,Completed,Completed,Planned,Planned,Completed,Right,Worsened,Other
SYN-DM-02631,Aflibercept,0.32,Not indicated,Not indicated,Planned,Not indicated,Not indicated,Right,Improved,None
SYN-DM-02632,Aflibercept,0.4,Planned,Not indicated,Not given,Planned,Not indicated,Neither,Stable,Inflammation
SYN-DM-02633,Bevacizumab,16.08,Completed,Planned,Not given,Not indicated,Not indicated,Left,Stable,Inflammation
SYN-DM-02634,Aflibercept,13.06,Completed,Not indicated,Planned,Planned,Completed,Left,Improved,None
SYN-DM-02635,None,10.58,Planned,Not indicated,Given,Planned,Completed,Left,Stable,Inflammation
SYN-DM-02636,Aflibercept,16.95,Not indicated,Planned,Not given,Not indicated,Planned,Left,Improved,None
SYN-DM-02637,Aflibercept,13.03,Completed,Completed,Given,Completed,Not indicated,Left,Improved,Inflammation
SYN-DM-02638,Aflibercept,7.56,Not indicated,Not indicated,Not given,Planned,Completed,Left,Stable,Other
SYN-DM-02639,None,15.22,Not indicated,Partial,Not given,Planned,Planned,Neither,Improved,None
SYN-DM-02640,Bevacizumab,11.18,Completed,Planned,Given,Planned,Completed,Neither,Not assessed,Inflammation
SYN-DM-02641,Bevacizumab,17.25,Completed,Not indicated,Given,Completed,Not indicated,Neither,Stable,Pressure rise
SYN-DM-02642,Aflibercept,0.61,Completed,Completed,Not given,Planned,Planned,Bilateral,Improved,Pressure rise
SYN-DM-02643,Aflibercept,17.86,Completed,Planned,Given,Planned,Not indicated,Bilateral,Improved,Other
SYN-DM-02644,Aflibercept,6.24,Completed,Partial,Planned,Planned,Planned,Neither,Improved,Inflammation
SYN-DM-02645,Ranibizumab,12.91,Planned,Planned,Planned,Not indicated,Completed,Right,Stable,None
SYN-DM-02646,Ranibizumab,17.08,Planned,Planned,Not given,Not indicated,Completed,Neither,Not assessed,Pressure rise
SYN-DM-02647,None,12.71,Not indicated,Not indicated,Planned,Not indicated,Not indicated,Right,Stable,Inflammation
SYN-DM-02648,None,7.61,Planned,Partial,Planned,Completed,Planned,Neither,Stable,None
SYN-DM-02649,Aflibercept,6.42,Planned,Planned,Planned,Completed,Not indicated,Left,Worsened,Inflammation
SYN-DM-02650,Bevacizumab,13.51,Planned,Completed,Planned,Completed,Completed,Bilateral,Improved,Other
SYN-DM-02651,Ranibizumab,5.99,Planned,Not indicated,Given,Completed,Not indicated,Left,Not assessed,None
SYN-DM-02652,None,14.18,Completed,Not indicated,Not given,Planned,Not indicated,Left,Stable,Inflammation
SYN-DM-02653,Ranibizumab,2.76,Not indicated,Partial,Not given,Completed,Not indicated,Neither,Stable,None
SYN-DM-02654,None,5.59,Not indicated,Partial,Not given,Completed,Completed,Bilateral,Worsened,Inflammation
SYN-DM-02655,Aflibercept,9.95,Completed,Planned,Not given,Not indicated,Not indicated,Right,Improved,None
SYN-DM-02656,Ranibizumab,16.32,Completed,Planned,Not given,Completed,Planned,Neither,Stable,Inflammation
SYN-DM-02657,Bevacizumab,9.54,Planned,Not indicated,Planned,Completed,Not indicated,Right,Improved,Inflammation
SYN-DM-02658,Bevacizumab,14.68,Completed,Not indicated,Given,Not indicated,Completed,Bilateral,Stable,Pressure rise
SYN-DM-02659,Bevacizumab,7.59,Not indicated,Partial,Not given,Not indicated,Planned,Right,Stable,Other
SYN-DM-02660,None,9.75,Planned,Partial,Given,Completed,Planned,Left,Stable,Inflammation
SYN-DM-02661,Bevacizumab,12.71,Planned,Completed,Given,Planned,Planned,Bilateral,Not assessed,Inflammation
SYN-DM-02662,Bevacizumab,9.27,Completed,Completed,Given,Not indicated,Completed,Bilateral,Stable,Inflammation
SYN-DM-02663,Bevacizumab,5.26,Completed,Completed,Planned,Completed,Planned,Left,Improved,Pressure rise
SYN-DM-02664,Ranibizumab,4.21,Not indicated,Not indicated,Given,Not indicated,Planned,Left,Not assessed,Other
SYN-DM-02665,Aflibercept,15.18,Planned,Planned,Planned,Completed,Not indicated,Neither,Worsened,Inflammation
SYN-DM-02666,Bevacizumab,13.5,Not indicated,Planned,Not given,Planned,Planned,Left,Improved,Pressure rise
SYN-DM-02667,Ranibizumab,2.32,Planned,Completed,Given,Completed,Not indicated,Bilateral,Not assessed,Pressure rise
SYN-DM-02668,None,7.87,Planned,Planned,Not given,Completed,Planned,Right,Worsened,Inflammation
SYN-DM-02669,Bevacizumab,17.2,Not indicated,Partial,Given,Not indicated,Not indicated,Bilateral,Worsened,Other
SYN-DM-02670,Ranibizumab,0.12,Completed,Planned,Given,Completed,Completed,Right,Not assessed,Other
SYN-DM-02671,Bevacizumab,7.64,Not indicated,Partial,Given,Not indicated,Completed,Neither,Stable,None
SYN-DM-02672,Aflibercept,4.39,Completed,Completed,Planned,Completed,Not indicated,Neither,Improved,Pressure rise
SYN-DM-02673,Ranibizumab,14.25,Not indicated,Completed,Given,Not indicated,Not indicated,Right,Stable,Other
SYN-DM-02674,None,0.29,Planned,Completed,Not given,Not indicated,Planned,Bilateral,Not assessed,None
SYN-DM-02675,Bevacizumab,17.98,Planned,Partial,Planned,Completed,Completed,Left,Stable,Other
SYN-DM-02676,None,9.26,Planned,Planned,Planned,Completed,Completed,Left,Improved,Pressure rise
SYN-DM-02677,Aflibercept,7.87,Completed,Completed,Planned,Completed,Not indicated,Neither,Stable,None
SYN-DM-02678,None,7.05,Planned,Planned,Not given,Not indicated,Planned,Left,Worsened,None
SYN-DM-02679,None,7.25,Planned,Not indicated,Not given,Completed,Planned,Left,Not assessed,Inflammation
SYN-DM-02680,Ranibizumab,10.04,Not indicated,Completed,Not given,Not indicated,Planned,Right,Improved,Inflammation
SYN-DM-02681,Ranibizumab,15.55,Not indicated,Not indicated,Given,Planned,Completed,Neither,Not assessed,Inflammation
SYN-DM-02682,None,17.32,Not indicated,Completed,Given,Planned,Completed,Bilateral,Worsened,None
SYN-DM-02683,Ranibizumab,1.45,Completed,Planned,Not given,Planned,Planned,Bilateral,Worsened,None
SYN-DM-02684,None,3.78,Not indicated,Not indicated,Given,Planned,Completed,Left,Improved,Inflammation
SYN-DM-02685,Ranibizumab,11.22,Not indicated,Completed,Not given,Completed,Not indicated,Right,Worsened,Pressure rise
SYN-DM-02686,Bevacizumab,7.67,Completed,Not indicated,Not given,Completed,Not indicated,Left,Not assessed,Inflammation
SYN-DM-02687,Bevacizumab,9.91,Planned,Planned,Not given,Planned,Completed,Bilateral,Stable,Other
SYN-DM-02688,Aflibercept,10.63,Planned,Planned,Given,Not indicated,Planned,Bilateral,Improved,Pressure rise
SYN-DM-02689,Bevacizumab,16.59,Planned,Completed,Not given,Not indicated,Not indicated,Neither,Worsened,Pressure rise
SYN-DM-02690,Bevacizumab,15.8,Not indicated,Completed,Given,Completed,Not indicated,Left,Stable,Other
SYN-DM-02691,Ranibizumab,16.56,Not indicated,Planned,Given,Planned,Planned,Neither,Not assessed,Inflammation
SYN-DM-02692,Aflibercept,12.62,Planned,Planned,Given,Planned,Completed,Neither,Not assessed,Pressure rise
SYN-DM-02693,None,9.73,Planned,Partial,Not given,Not indicated,Completed,Right,Not assessed,None
SYN-DM-02694,None,5.78,Not indicated,Not indicated,Given,Completed,Not indicated,Right,Stable,Pressure rise
SYN-DM-02695,Aflibercept,7.78,Completed,Planned,Planned,Planned,Completed,Bilateral,Not assessed,Pressure rise
SYN-DM-02696,Ranibizumab,15.56,Not indicated,Planned,Not given,Planned,Not indicated,Neither,Worsened,Pressure rise
SYN-DM-02697,Bevacizumab,7.32,Completed,Partial,Planned,Not indicated,Completed,Right,Not assessed,Pressure rise
SYN-DM-02698,Aflibercept,11.0,Planned,Partial,Given,Not indicated,Planned,Left,Worsened,Other
SYN-DM-02699,Bevacizumab,7.45,Not indicated,Completed,Given,Not indicated,Not indicated,Right,Stable,Other
SYN-DM-02700,Aflibercept,7.96,Planned,Not indicated,Given,Completed,Completed,Left,Worsened,Inflammation
SYN-DM-02701,None,4.86,Completed,Not indicated,Planned,Completed,Not indicated,Right,Not assessed,Other
SYN-DM-02702,Bevacizumab,0.47,Completed,Planned,Not given,Planned,Completed,Left,Worsened,Inflammation
SYN-DM-02703,Bevacizumab,16.37,Completed,Partial,Given,Not indicated,Planned,Bilateral,Improved,Inflammation
SYN-DM-02704,None,4.68,Completed,Planned,Not given,Planned,Not indicated,Neither,Worsened,Inflammation
SYN-DM-02705,None,11.25,Completed,Completed,Given,Planned,Planned,Bilateral,Improved,Inflammation
SYN-DM-02706,None,5.4,Completed,Not indicated,Not given,Planned,Not indicated,Right,Worsened,None
SYN-DM-02707,None,4.45,Planned,Completed,Not given,Completed,Not indicated,Right,Worsened,Other
SYN-DM-02708,Aflibercept,8.0,Completed,Planned,Planned,Planned,Completed,Neither,Stable,Other
SYN-DM-02709,Ranibizumab,5.07,Not indicated,Completed,Planned,Not indicated,Completed,Left,Stable,Pressure rise
SYN-DM-02710,Aflibercept,12.29,Planned,Completed,Given,Planned,Completed,Neither,Not assessed,Other
SYN-DM-02711,Bevacizumab,4.89,Not indicated,Partial,Given,Completed,Planned,Left,Not assessed,Inflammation
SYN-DM-02712,Aflibercept,7.54,Not indicated,Partial,Planned,Completed,Not indicated,Left,Not assessed,Pressure rise
SYN-DM-02713,Aflibercept,3.08,Planned,Completed,Given,Not indicated,Completed,Left,Stable,Inflammation
SYN-DM-02714,Bevacizumab,8.26,Completed,Completed,Given,Not indicated,Not indicated,Right,Improved,Inflammation
SYN-DM-02715,Aflibercept,0.99,Not indicated,Partial,Planned,Planned,Completed,Right,Worsened,Inflammation
SYN-DM-02716,Aflibercept,4.18,Completed,Planned,Not given,Planned,Completed,Neither,Improved,Inflammation
SYN-DM-02717,Bevacizumab,10.57,Not indicated,Not indicated,Given,Planned,Planned,Right,Not assessed,None
SYN-DM-02718,None,17.87,Completed,Planned,Not given,Not indicated,Completed,Right,Worsened,Pressure rise
SYN-DM-02719,Bevacizumab,11.24,Completed,Not indicated,Planned,Not indicated,Completed,Neither,Not assessed,Other
SYN-DM-02720,Bevacizumab,3.24,Completed,Completed,Not given,Planned,Completed,Right,Not assessed,Pressure rise
SYN-DM-02721,Bevacizumab,17.33,Planned,Not indicated,Not given,Planned,Not indicated,Neither,Stable,Other
SYN-DM-02722,Aflibercept,4.74,Planned,Not indicated,Given,Completed,Completed,Bilateral,Not assessed,Inflammation
SYN-DM-02723,Bevacizumab,13.65,Planned,Not indicated,Given,Not indicated,Planned,Left,Worsened,Pressure rise
SYN-DM-02724,None,7.71,Planned,Planned,Not given,Completed,Completed,Bilateral,Not assessed,Pressure rise
SYN-DM-02725,Aflibercept,3.08,Completed,Completed,Given,Planned,Completed,Bilateral,Not assessed,Inflammation
SYN-DM-02726,Bevacizumab,3.03,Planned,Completed,Planned,Completed,Completed,Neither,Worsened,Other
SYN-DM-02727,Bevacizumab,2.67,Planned,Planned,Planned,Completed,Planned,Left,Stable,Inflammation
SYN-DM-02728,Aflibercept,16.49,Planned,Completed,Not given,Completed,Completed,Neither,Stable,Other
SYN-DM-02729,Aflibercept,6.82,Not indicated,Completed,Planned,Not indicated,Completed,Bilateral,Stable,None
SYN-DM-02730,Bevacizumab,17.1,Not indicated,Completed,Planned,Planned,Not indicated,Right,Not assessed,Inflammation
SYN-DM-02731,Ranibizumab,4.61,Planned,Completed,Not given,Completed,Planned,Left,Improved,Other
SYN-DM-02732,Ranibizumab,16.52,Completed,Partial,Given,Completed,Not indicated,Left,Improved,None
SYN-DM-02733,Ranibizumab,9.87,Completed,Partial,Planned,Completed,Not indicated,Bilateral,Stable,Pressure rise
SYN-DM-02734,Aflibercept,17.11,Planned,Planned,Planned,Planned,Completed,Right,Improved,Inflammation
SYN-DM-02735,Aflibercept,17.72,Not indicated,Partial,Given,Planned,Not indicated,Left,Worsened,None
SYN-DM-02736,Ranibizumab,6.02,Completed,Planned,Not given,Planned,Not indicated,Right,Worsened,Inflammation
SYN-DM-02737,None,12.82,Planned,Completed,Not given,Completed,Planned,Left,Improved,Other
SYN-DM-02738,None,6.54,Completed,Partial,Not given,Planned,Planned,Neither,Stable,Other
SYN-DM-02739,Bevacizumab,3.32,Planned,Not indicated,Given,Planned,Completed,Neither,Stable,Pressure rise
SYN-DM-02740,Bevacizumab,14.93,Planned,Completed,Not given,Completed,Planned,Right,Stable,Inflammation
SYN-DM-02741,Aflibercept,12.65,Completed,Completed,Given,Planned,Planned,Left,Worsened,Inflammation
SYN-DM-02742,Ranibizumab,7.63,Not indicated,Not indicated,Planned,Planned,Completed,Bilateral,Improved,Pressure rise
SYN-DM-02743,None,4.59,Not indicated,Not indicated,Given,Not indicated,Completed,Bilateral,Improved,None
SYN-DM-02744,Bevacizumab,14.18,Not indicated,Completed,Planned,Not indicated,Completed,Right,Stable,Pressure rise
SYN-DM-02745,Ranibizumab,7.07,Completed,Completed,Given,Planned,Completed,Bilateral,Improved,Pressure rise
SYN-DM-02746,Aflibercept,0.63,Completed,Completed,Planned,Planned,Completed,Bilateral,Worsened,None
SYN-DM-02747,Aflibercept,1.45,Planned,Partial,Not given,Planned,Not indicated,Left,Stable,Other
SYN-DM-02748,Bevacizumab,17.55,Not indicated,Not indicated,Given,Completed,Planned,Left,Stable,None
SYN-DM-02749,Bevacizumab,8.89,Completed,Not indicated,Not given,Not indicated,Planned,Neither,Not assessed,Inflammation
SYN-DM-02750,None,13.63,Planned,Completed,Planned,Planned,Completed,Right,Not assessed,Other
SYN-DM-02751,Bevacizumab,4.09,Completed,Completed,Given,Not indicated,Planned,Neither,Stable,Pressure rise
SYN-DM-02752,Bevacizumab,4.91,Completed,Partial,Given,Completed,Completed,Neither,Stable,Inflammation
SYN-DM-02753,None,6.09,Not indicated,Completed,Given,Completed,Completed,Left,Improved,Other
SYN-DM-02754,Bevacizumab,16.66,Completed,Completed,Given,Not indicated,Planned,Bilateral,Stable,Other
SYN-DM-02755,Bevacizumab,9.07,Not indicated,Partial,Not given,Planned,Planned,Neither,Not assessed,Other
SYN-DM-02756,Aflibercept,2.62,Not indicated,Not indicated,Not given,Completed,Completed,Bilateral,Worsened,Inflammation
SYN-DM-02757,Bevacizumab,9.59,Completed,Not indicated,Planned,Planned,Planned,Left,Stable,None
SYN-DM-02758,Aflibercept,12.83,Planned,Planned,Planned,Completed,Completed,Neither,Worsened,None
SYN-DM-02759,None,0.85,Completed,Planned,Not given,Not indicated,Planned,Right,Worsened,Other
SYN-DM-02760,Aflibercept,2.3,Completed,Partial,Given,Not indicated,Not indicated,Neither,Stable,Other
SYN-DM-02761,None,1.84,Planned,Not indicated,Not given,Not indicated,Not indicated,Left,Stable,None
SYN-DM-02762,Aflibercept,11.87,Completed,Partial,Given,Completed,Not indicated,Bilateral,Not assessed,Inflammation
SYN-DM-02763,Ranibizumab,13.31,Completed,Completed,Given,Completed,Completed,Left,Not assessed,Other
SYN-DM-02764,None,5.57,Not indicated,Completed,Planned,Not indicated,Completed,Bilateral,Not assessed,None
SYN-DM-02765,Bevacizumab,3.6,Not indicated,Completed,Given,Not indicated,Completed,Neither,Stable,Pressure rise
SYN-DM-02766,Aflibercept,8.41,Planned,Not indicated,Planned,Planned,Planned,Right,Stable,Pressure rise
SYN-DM-02767,None,14.52,Planned,Partial,Not given,Not indicated,Planned,Bilateral,Improved,None
SYN-DM-02768,Bevacizumab,6.53,Planned,Planned,Given,Not indicated,Completed,Bilateral,Improved,None
SYN-DM-02769,Aflibercept,6.38,Not indicated,Not indicated,Planned,Completed,Not indicated,Neither,Not assessed,None
SYN-DM-02770,Bevacizumab,9.11,Completed,Planned,Planned,Not indicated,Planned,Neither,Not assessed,None
SYN-DM-02771,None,14.08,Completed,Planned,Not given,Completed,Planned,Right,Improved,None
SYN-DM-02772,Ranibizumab,2.18,Planned,Planned,Not given,Completed,Planned,Right,Improved,Inflammation
SYN-DM-02773,None,1.04,Completed,Planned,Not given,Not indicated,Completed,Left,Not assessed,Inflammation
SYN-DM-02774,None,12.6,Not indicated,Partial,Not given,Not indicated,Planned,Right,Not assessed,Pressure rise
SYN-DM-02775,Aflibercept,8.17,Planned,Not indicated,Planned,Not indicated,Planned,Left,Improved,Pressure rise
SYN-DM-02776,Bevacizumab,3.61,Not indicated,Completed,Given,Completed,Not indicated,Right,Not assessed,None
SYN-DM-02777,Ranibizumab,14.18,Not indicated,Not indicated,Given,Planned,Planned,Bilateral,Worsened,None
SYN-DM-02778,Aflibercept,14.26,Planned,Not indicated,Given,Completed,Planned,Neither,Worsened,Pressure rise
SYN-DM-02779,None,11.93,Completed,Completed,Given,Not indicated,Planned,Bilateral,Not assessed,Pressure rise
SYN-DM-02780,Bevacizumab,12.96,Planned,Planned,Given,Not indicated,Planned,Bilateral,Not assessed,Other
SYN-DM-02781,Bevacizumab,7.22,Completed,Not indicated,Not given,Not indicated,Completed,Neither,Not assessed,Inflammation
SYN-DM-02782,None,4.21,Not indicated,Planned,Not given,Not indicated,Not indicated,Bilateral,Stable,Other
SYN-DM-02783,Ranibizumab,3.98,Planned,Partial,Planned,Completed,Planned,Left,Worsened,Inflammation
SYN-DM-02784,Aflibercept,7.43,Completed,Planned,Given,Not indicated,Completed,Neither,Not assessed,Pressure rise
SYN-DM-02785,None,11.68,Completed,Completed,Not given,Completed,Planned,Neither,Stable,None
SYN-DM-02786,Ranibizumab,14.42,Planned,Partial,Planned,Completed,Completed,Right,Stable,None
SYN-DM-02787,Bevacizumab,13.04,Planned,Planned,Planned,Completed,Planned,Bilateral,Not assessed,None
SYN-DM-02788,None,4.38,Completed,Not indicated,Not given,Planned,Not indicated,Bilateral,Worsened,None
SYN-DM-02789,Aflibercept,1.09,Completed,Completed,Given,Not indicated,Not indicated,Left,Worsened,Other
SYN-DM-02790,Bevacizumab,0.77,Completed,Not indicated,Given,Planned,Not indicated,Right,Improved,Pressure rise
SYN-DM-02791,None,8.72,Planned,Completed,Given,Not indicated,Completed,Neither,Stable,Other
SYN-DM-02792,Bevacizumab,16.54,Planned,Not indicated,Not given,Completed,Completed,Bilateral,Stable,None
SYN-DM-02793,Ranibizumab,15.83,Not indicated,Not indicated,Given,Completed,Planned,Left,Improved,None
SYN-DM-02794,None,6.36,Not indicated,Planned,Given,Planned,Planned,Right,Stable,Other
SYN-DM-02795,Bevacizumab,14.81,Not indicated,Completed,Planned,Completed,Completed,Left,Improved,Other
SYN-DM-02796,Aflibercept,5.27,Completed,Completed,Not given,Completed,Planned,Bilateral,Stable,Other
SYN-DM-02797,Aflibercept,7.48,Not indicated,Not indicated,Planned,Not indicated,Completed,Bilateral,Worsened,Inflammation
SYN-DM-02798,Bevacizumab,11.39,Planned,Completed,Given,Planned,Completed,Bilateral,Stable,Pressure rise
SYN-DM-02799,None,2.36,Not indicated,Planned,Not given,Planned,Planned,Right,Improved,Inflammation
SYN-DM-02800,None,9.93,Completed,Partial,Planned,Planned,Completed,Neither,Stable,Other
SYN-DM-02801,None,10.98,Completed,Planned,Given,Completed,Completed,Bilateral,Not assessed,Inflammation
SYN-DM-02802,Bevacizumab,0.9,Planned,Not indicated,Given,Completed,Completed,Bilateral,Worsened,None
SYN-DM-02803,Aflibercept,14.86,Not indicated,Completed,Not given,Not indicated,Not indicated,Right,Worsened,Inflammation
SYN-DM-02804,None,16.26,Completed,Completed,Planned,Not indicated,Not indicated,Left,Not assessed,Pressure rise
SYN-DM-02805,Ranibizumab,17.75,Not indicated,Partial,Not given,Completed,Not indicated,Right,Improved,None
SYN-DM-02806,Aflibercept,5.75,Not indicated,Planned,Given,Not indicated,Planned,Left,Improved,Pressure rise
SYN-DM-02807,None,13.43,Completed,Partial,Not given,Planned,Planned,Left,Worsened,Other
SYN-DM-02808,Aflibercept,5.22,Completed,Partial,Not given,Not indicated,Not indicated,Neither,Improved,None
SYN-DM-02809,Ranibizumab,7.19,Completed,Partial,Given,Not indicated,Planned,Left,Improved,Other
SYN-DM-02810,Ranibizumab,6.38,Not indicated,Planned,Planned,Not indicated,Completed,Left,Not assessed,Other
SYN-DM-02811,Ranibizumab,6.57,Planned,Partial,Planned,Planned,Planned,Right,Not assessed,Pressure rise
SYN-DM-02812,Aflibercept,2.38,Not indicated,Completed,Not given,Not indicated,Not indicated,Bilateral,Improved,None
SYN-DM-02813,Ranibizumab,12.44,Not indicated,Not indicated,Not given,Planned,Not indicated,Neither,Stable,Other
SYN-DM-02814,Bevacizumab,11.95,Not indicated,Completed,Planned,Planned,Planned,Right,Worsened,Pressure rise
SYN-DM-02815,None,6.83,Planned,Not indicated,Given,Completed,Not indicated,Left,Worsened,Other
SYN-DM-02816,Bevacizumab,9.45,Not indicated,Planned,Not given,Completed,Completed,Left,Improved,None
SYN-DM-02817,Aflibercept,5.54,Planned,Partial,Not given,Completed,Completed,Bilateral,Stable,Other
SYN-DM-02818,Aflibercept,1.31,Planned,Planned,Given,Planned,Completed,Neither,Improved,Inflammation
SYN-DM-02819,Aflibercept,17.33,Planned,Not indicated,Not given,Completed,Planned,Bilateral,Worsened,Inflammation
SYN-DM-02820,Aflibercept,1.42,Planned,Partial,Not given,Not indicated,Completed,Neither,Improved,Other
SYN-DM-02821,None,9.1,Planned,Partial,Given,Not indicated,Planned,Left,Stable,Inflammation
SYN-DM-02822,None,11.03,Completed,Planned,Not given,Not indicated,Planned,Bilateral,Worsened,Other
SYN-DM-02823,Bevacizumab,0.54,Completed,Completed,Not given,Not indicated,Not indicated,Right,Stable,Other
SYN-DM-02824,Aflibercept,2.85,Completed,Not indicated,Not given,Not indicated,Planned,Neither,Not assessed,Inflammation
SYN-DM-02825,None,2.3,Planned,Completed,Given,Completed,Completed,Neither,Worsened,Pressure rise
SYN-DM-02826,Bevacizumab,12.35,Not indicated,Not indicated,Planned,Not indicated,Planned,Bilateral,Improved,None
SYN-DM-02827,None,0.63,Planned,Planned,Given,Planned,Not indicated,Bilateral,Stable,Pressure rise
SYN-DM-02828,Aflibercept,17.3,Planned,Not indicated,Given,Completed,Completed,Left,Worsened,None
SYN-DM-02829,None,4.97,Not indicated,Partial,Not given,Planned,Not indicated,Right,Worsened,Inflammation
SYN-DM-02830,Aflibercept,9.13,Planned,Not indicated,Not given,Completed,Completed,Neither,Stable,Pressure rise
SYN-DM-02831,None,13.12,Planned,Not indicated,Planned,Planned,Not indicated,Left,Improved,Inflammation
SYN-DM-02832,Ranibizumab,4.27,Planned,Not indicated,Planned,Not indicated,Completed,Right,Stable,Other
SYN-DM-02833,None,11.03,Not indicated,Not indicated,Given,Planned,Not indicated,Neither,Not assessed,Pressure rise
SYN-DM-02834,None,11.73,Completed,Partial,Not given,Not indicated,Not indicated,Bilateral,Worsened,Other
SYN-DM-02835,None,10.7,Completed,Completed,Given,Not indicated,Not indicated,Left,Not assessed,Inflammation
SYN-DM-02836,Bevacizumab,3.78,Not indicated,Planned,Given,Not indicated,Completed,Left,Not assessed,Other
SYN-DM-02837,Aflibercept,12.7,Planned,Completed,Given,Not indicated,Planned,Right,Not assessed,Inflammation
SYN-DM-02838,Bevacizumab,17.32,Completed,Completed,Planned,Planned,Planned,Left,Improved,Other
SYN-DM-02839,Aflibercept,17.65,Completed,Planned,Planned,Not indicated,Not indicated,Bilateral,Worsened,Inflammation
SYN-DM-02840,Aflibercept,15.49,Not indicated,Planned,Given,Completed,Planned,Right,Improved,None
SYN-DM-02841,Bevacizumab,0.37,Planned,Partial,Not given,Planned,Planned,Right,Improved,Pressure rise
SYN-DM-02842,Aflibercept,0.57,Completed,Partial,Given,Not indicated,Planned,Right,Improved,Pressure rise
SYN-DM-02843,Ranibizumab,1.01,Completed,Completed,Not given,Not indicated,Completed,Right,Improved,Inflammation
SYN-DM-02844,None,13.91,Planned,Not indicated,Planned,Planned,Completed,Left,Improved,Inflammation
SYN-DM-02845,Ranibizumab,9.96,Planned,Completed,Not given,Planned,Planned,Right,Worsened,None
SYN-DM-02846,None,8.31,Planned,Completed,Given,Planned,Completed,Bilateral,Not assessed,None
SYN-DM-02847,Aflibercept,12.75,Not indicated,Partial,Planned,Planned,Planned,Bilateral,Improved,Inflammation
SYN-DM-02848,Aflibercept,5.68,Planned,Partial,Planned,Not indicated,Planned,Neither,Not assessed,Pressure rise
SYN-DM-02849,Bevacizumab,12.67,Completed,Planned,Planned,Completed,Planned,Left,Not assessed,Other
SYN-DM-02850,Bevacizumab,0.39,Planned,Planned,Not given,Completed,Completed,Left,Worsened,Other
SYN-DM-02851,Ranibizumab,5.42,Planned,Partial,Planned,Not indicated,Completed,Left,Improved,Pressure rise
SYN-DM-02852,None,3.97,Not indicated,Completed,Given,Planned,Planned,Neither,Not assessed,Pressure rise
SYN-DM-02853,Ranibizumab,12.85,Planned,Partial,Given,Completed,Completed,Neither,Not assessed,Inflammation
SYN-DM-02854,Bevacizumab,13.27,Not indicated,Completed,Not given,Not indicated,Completed,Neither,Worsened,Pressure rise
SYN-DM-02855,None,8.9,Completed,Not indicated,Planned,Not indicated,Not indicated,Bilateral,Improved,Inflammation
SYN-DM-02856,Aflibercept,15.88,Completed,Partial,Given,Planned,Not indicated,Neither,Worsened,None
SYN-DM-02857,Bevacizumab,10.95,Not indicated,Partial,Given,Not indicated,Not indicated,Neither,Not assessed,Pressure rise
SYN-DM-02858,Bevacizumab,1.82,Not indicated,Completed,Given,Not indicated,Completed,Bilateral,Improved,Inflammation
SYN-DM-02859,Bevacizumab,13.61,Planned,Completed,Not given,Not indicated,Completed,Right,Worsened,Inflammation
SYN-DM-02860,Bevacizumab,17.19,Planned,Completed,Not given,Not indicated,Planned,Right,Stable,Inflammation
SYN-DM-02861,Bevacizumab,14.85,Planned,Completed,Not given,Not indicated,Not indicated,Bilateral,Not assessed,None
SYN-DM-02862,Aflibercept,12.59,Completed,Completed,Given,Completed,Planned,Left,Worsened,Inflammation
SYN-DM-02863,None,13.05,Planned,Completed,Planned,Not indicated,Planned,Neither,Worsened,Inflammation
SYN-DM-02864,None,8.4,Planned,Not indicated,Given,Planned,Completed,Left,Stable,Inflammation
SYN-DM-02865,Bevacizumab,9.93,Planned,Not indicated,Given,Planned,Not indicated,Bilateral,Stable,None
SYN-DM-02866,Ranibizumab,3.5,Planned,Partial,Given,Completed,Not indicated,Right,Worsened,Inflammation
SYN-DM-02867,None,16.15,Completed,Partial,Given,Planned,Planned,Neither,Not assessed,Pressure rise
SYN-DM-02868,Bevacizumab,12.04,Not indicated,Partial,Planned,Not indicated,Planned,Neither,Worsened,Pressure rise
SYN-DM-02869,Bevacizumab,16.59,Planned,Completed,Given,Not indicated,Not indicated,Neither,Improved,None
SYN-DM-02870,Aflibercept,13.14,Completed,Partial,Not given,Completed,Completed,Right,Stable,Pressure rise
SYN-DM-02871,Aflibercept,1.58,Completed,Completed,Given,Completed,Planned,Neither,Worsened,None
SYN-DM-02872,Aflibercept,13.78,Planned,Partial,Planned,Completed,Planned,Bilateral,Not assessed,None
SYN-DM-02873,None,16.0,Planned,Completed,Planned,Planned,Completed,Neither,Improved,Other
SYN-DM-02874,Ranibizumab,2.97,Completed,Planned,Not given,Not indicated,Not indicated,Bilateral,Improved,Other
SYN-DM-02875,Bevacizumab,6.12,Not indicated,Completed,Not given,Completed,Not indicated,Right,Improved,Pressure rise
SYN-DM-02876,Bevacizumab,5.01,Planned,Not indicated,Given,Not indicated,Planned,Left,Worsened,Other
SYN-DM-02877,Ranibizumab,1.83,Planned,Not indicated,Given,Completed,Not indicated,Neither,Improved,Other
SYN-DM-02878,Bevacizumab,2.78,Planned,Completed,Planned,Not indicated,Completed,Left,Not assessed,Other
SYN-DM-02879,Bevacizumab,4.1,Not indicated,Partial,Not given,Not indicated,Completed,Neither,Worsened,Inflammation
SYN-DM-02880,None,14.35,Not indicated,Planned,Given,Not indicated,Planned,Neither,Worsened,Inflammation
SYN-DM-02881,Aflibercept,3.35,Not indicated,Planned,Given,Not indicated,Not indicated,Left,Worsened,Other
SYN-DM-02882,Bevacizumab,4.4,Not indicated,Partial,Planned,Planned,Not indicated,Left,Not assessed,Pressure rise
SYN-DM-02883,Ranibizumab,17.61,Not indicated,Planned,Planned,Completed,Planned,Right,Worsened,Other
SYN-DM-02884,Bevacizumab,6.94,Not indicated,Not indicated,Given,Not indicated,Not indicated,Right,Worsened,Pressure rise
SYN-DM-02885,Ranibizumab,13.0,Not indicated,Not indicated,Not given,Completed,Completed,Left,Not assessed,None
SYN-DM-02886,Bevacizumab,0.65,Not indicated,Not indicated,Planned,Completed,Completed,Bilateral,Worsened,Inflammation
SYN-DM-02887,Bevacizumab,9.66,Planned,Partial,Given,Planned,Planned,Bilateral,Stable,None
SYN-DM-02888,Ranibizumab,5.93,Completed,Partial,Given,Not indicated,Not indicated,Bilateral,Not assessed,Inflammation
SYN-DM-02889,Bevacizumab,2.37,Not indicated,Planned,Not given,Not indicated,Not indicated,Neither,Improved,Other
SYN-DM-02890,None,7.74,Completed,Completed,Given,Completed,Planned,Neither,Not assessed,Inflammation
SYN-DM-02891,Ranibizumab,8.36,Not indicated,Partial,Planned,Completed,Planned,Left,Not assessed,None
SYN-DM-02892,Ranibizumab,13.47,Not indicated,Planned,Given,Not indicated,Completed,Bilateral,Stable,Pressure rise
SYN-DM-02893,Ranibizumab,0.86,Not indicated,Partial,Not given,Completed,Planned,Neither,Not assessed,None
SYN-DM-02894,None,17.6,Planned,Planned,Given,Not indicated,Completed,Right,Not assessed,Other
SYN-DM-02895,Bevacizumab,0.61,Planned,Planned,Planned,Not indicated,Planned,Bilateral,Stable,Other
SYN-DM-02896,Bevacizumab,17.08,Planned,Not indicated,Planned,Completed,Planned,Left,Worsened,None
SYN-DM-02897,None,0.6,Planned,Planned,Given,Planned,Not indicated,Neither,Not assessed,Pressure rise
SYN-DM-02898,None,0.34,Not indicated,Not indicated,Given,Not indicated,Completed,Left,Stable,Inflammation
SYN-DM-02899,Ranibizumab,2.6,Not indicated,Planned,Not given,Completed,Not indicated,Neither,Improved,Pressure rise
SYN-DM-02900,Bevacizumab,16.82,Completed,Not indicated,Planned,Not indicated,Not indicated,Left,Not assessed,Pressure rise
SYN-DM-02901,Ranibizumab,5.78,Planned,Partial,Planned,Not indicated,Planned,Bilateral,Improved,None
SYN-DM-02902,Bevacizumab,14.65,Completed,Completed,Not given,Completed,Completed,Right,Stable,None
SYN-DM-02903,Bevacizumab,2.38,Planned,Completed,Not given,Planned,Planned,Bilateral,Worsened,Other
SYN-DM-02904,None,16.56,Planned,Planned,Given,Completed,Not indicated,Neither,Stable,Other
SYN-DM-02905,Aflibercept,5.89,Not indicated,Planned,Not given,Completed,Planned,Bilateral,Stable,None
SYN-DM-02906,Bevacizumab,6.39,Completed,Completed,Planned,Completed,Planned,Neither,Improved,Other
SYN-DM-02907,None,12.62,Not indicated,Planned,Planned,Completed,Planned,Right,Not assessed,Other
SYN-DM-02908,Bevacizumab,0.52,Completed,Completed,Given,Completed,Completed,Right,Stable,None
SYN-DM-02909,Aflibercept,7.91,Planned,Partial,Given,Completed,Not indicated,Neither,Improved,None
SYN-DM-02910,Aflibercept,16.39,Completed,Completed,Not given,Planned,Completed,Right,Improved,Other
SYN-DM-02911,Aflibercept,7.67,Planned,Not indicated,Not given,Planned,Planned,Bilateral,Stable,Other
SYN-DM-02912,Bevacizumab,16.26,Completed,Planned,Given,Completed,Planned,Right,Improved,Inflammation
SYN-DM-02913,None,17.27,Completed,Completed,Planned,Planned,Planned,Bilateral,Worsened,Pressure rise
SYN-DM-02914,None,4.93,Completed,Not indicated,Planned,Completed,Completed,Bilateral,Stable,None
SYN-DM-02915,None,7.58,Completed,Partial,Planned,Completed,Planned,Left,Stable,Inflammation
SYN-DM-02916,Aflibercept,8.51,Completed,Not indicated,Not given,Not indicated,Completed,Right,Stable,Other
SYN-DM-02917,None,0.93,Planned,Partial,Not given,Not indicated,Not indicated,Left,Not assessed,Other
SYN-DM-02918,Aflibercept,12.03,Planned,Completed,Given,Not indicated,Not indicated,Right,Worsened,Inflammation
SYN-DM-02919,None,17.61,Planned,Completed,Planned,Not indicated,Planned,Bilateral,Stable,Inflammation
SYN-DM-02920,Aflibercept,3.23,Not indicated,Completed,Not given,Completed,Planned,Left,Stable,Inflammation
SYN-DM-02921,None,0.32,Not indicated,Not indicated,Planned,Not indicated,Completed,Left,Stable,Inflammation
SYN-DM-02922,Bevacizumab,9.67,Completed,Not indicated,Not given,Planned,Completed,Left,Improved,None
SYN-DM-02923,Bevacizumab,7.88,Planned,Partial,Given,Not indicated,Not indicated,Left,Improved,Inflammation
SYN-DM-02924,Aflibercept,17.27,Planned,Completed,Given,Not indicated,Planned,Right,Improved,Pressure rise
SYN-DM-02925,Aflibercept,7.65,Completed,Partial,Not given,Planned,Planned,Bilateral,Stable,Pressure rise
SYN-DM-02926,Bevacizumab,8.17,Not indicated,Not indicated,Planned,Planned,Planned,Bilateral,Not assessed,None
SYN-DM-02927,Aflibercept,10.85,Completed,Planned,Planned,Not indicated,Not indicated,Right,Stable,None
SYN-DM-02928,None,3.81,Not indicated,Completed,Planned,Completed,Not indicated,Bilateral,Improved,Inflammation
SYN-DM-02929,Bevacizumab,5.35,Planned,Not indicated,Given,Completed,Completed,Neither,Stable,Pressure rise
SYN-DM-02930,Aflibercept,0.11,Planned,Planned,Given,Not indicated,Planned,Neither,Stable,Pressure rise
SYN-DM-02931,Ranibizumab,16.36,Not indicated,Completed,Planned,Completed,Planned,Bilateral,Not assessed,Pressure rise
SYN-DM-02932,Aflibercept,4.66,Planned,Completed,Given,Planned,Planned,Neither,Not assessed,Pressure rise
SYN-DM-02933,Ranibizumab,3.05,Planned,Not indicated,Planned,Not indicated,Completed,Left,Worsened,Pressure rise
SYN-DM-02934,None,2.32,Not indicated,Partial,Planned,Not indicated,Not indicated,Left,Stable,Pressure rise
SYN-DM-02935,Bevacizumab,2.81,Not indicated,Completed,Not given,Planned,Completed,Neither,Worsened,Inflammation
SYN-DM-02936,Aflibercept,15.38,Planned,Planned,Planned,Completed,Completed,Left,Not assessed,Pressure rise
SYN-DM-02937,None,8.31,Completed,Planned,Not given,Not indicated,Completed,Right,Not assessed,Pressure rise
SYN-DM-02938,Bevacizumab,3.7,Completed,Not indicated,Not given,Not indicated,Not indicated,Right,Stable,Pressure rise
SYN-DM-02939,Bevacizumab,1.9,Planned,Completed,Planned,Completed,Planned,Right,Stable,Other
SYN-DM-02940,Bevacizumab,1.12,Completed,Partial,Given,Not indicated,Completed,Left,Improved,Other
SYN-DM-02941,Aflibercept,9.84,Completed,Planned,Planned,Not indicated,Planned,Right,Not assessed,Pressure rise
SYN-DM-02942,Bevacizumab,16.79,Not indicated,Planned,Given,Not indicated,Planned,Neither,Worsened,Other
SYN-DM-02943,Bevacizumab,9.91,Completed,Completed,Given,Planned,Not indicated,Left,Stable,Inflammation
SYN-DM-02944,Ranibizumab,3.17,Not indicated,Not indicated,Not given,Planned,Not indicated,Right,Worsened,Inflammation
SYN-DM-02945,None,11.85,Not indicated,Partial,Planned,Completed,Planned,Right,Improved,Pressure rise
SYN-DM-02946,Ranibizumab,11.5,Planned,Planned,Planned,Planned,Planned,Neither,Not assessed,Inflammation
SYN-DM-02947,Bevacizumab,2.19,Not indicated,Partial,Planned,Planned,Planned,Neither,Improved,Inflammation
SYN-DM-02948,None,3.86,Planned,Completed,Planned,Completed,Completed,Right,Not assessed,Other
SYN-DM-02949,Aflibercept,17.98,Completed,Planned,Not given,Not indicated,Completed,Right,Stable,Other
SYN-DM-02950,Ranibizumab,16.21,Completed,Completed,Not given,Planned,Completed,Right,Stable,Pressure rise
SYN-DM-02951,Ranibizumab,12.18,Planned,Planned,Given,Not indicated,Completed,Neither,Stable,Other
SYN-DM-02952,Bevacizumab,13.28,Planned,Planned,Planned,Completed,Planned,Right,Improved,Other
SYN-DM-02953,None,9.19,Planned,Planned,Planned,Planned,Completed,Neither,Not assessed,Inflammation
SYN-DM-02954,Aflibercept,15.27,Not indicated,Completed,Planned,Not indicated,Completed,Neither,Improved,Inflammation
SYN-DM-02955,Aflibercept,16.42,Completed,Partial,Planned,Planned,Planned,Neither,Stable,Pressure rise
SYN-DM-02956,Bevacizumab,1.85,Completed,Completed,Given,Not indicated,Not indicated,Right,Not assessed,None
SYN-DM-02957,Ranibizumab,14.97,Planned,Planned,Not given,Planned,Not indicated,Neither,Worsened,Pressure rise
SYN-DM-02958,Ranibizumab,12.06,Planned,Planned,Not given,Not indicated,Planned,Right,Stable,Inflammation
SYN-DM-02959,Aflibercept,3.08,Not indicated,Completed,Given,Completed,Planned,Left,Worsened,Other
SYN-DM-02960,None,17.77,Planned,Partial,Given,Completed,Not indicated,Neither,Improved,Other
SYN-DM-02961,Bevacizumab,0.39,Planned,Planned,Not given,Planned,Not indicated,Bilateral,Stable,Other
SYN-DM-02962,Ranibizumab,3.42,Planned,Planned,Not given,Planned,Not indicated,Bilateral,Stable,Pressure rise
SYN-DM-02963,Bevacizumab,16.16,Not indicated,Not indicated,Given,Not indicated,Planned,Right,Worsened,Other
SYN-DM-02964,Ranibizumab,9.71,Completed,Completed,Given,Planned,Completed,Right,Not assessed,Other
SYN-DM-02965,Aflibercept,3.5,Completed,Planned,Not given,Not indicated,Completed,Bilateral,Improved,Pressure rise
SYN-DM-02966,Aflibercept,15.56,Completed,Not indicated,Not given,Not indicated,Planned,Neither,Worsened,Inflammation
SYN-DM-02967,None,0.53,Completed,Partial,Not given,Not indicated,Completed,Right,Improved,Pressure rise
SYN-DM-02968,None,4.95,Completed,Planned,Planned,Not indicated,Planned,Right,Stable,Pressure rise
SYN-DM-02969,Ranibizumab,6.32,Not indicated,Not indicated,Given,Completed,Planned,Left,Worsened,Other
SYN-DM-02970,Bevacizumab,0.03,Completed,Planned,Given,Planned,Not indicated,Right,Improved,Other
SYN-DM-02971,Bevacizumab,7.07,Not indicated,Planned,Not given,Not indicated,Not indicated,Right,Improved,Inflammation
SYN-DM-02972,None,16.58,Completed,Planned,Given,Not indicated,Planned,Left,Worsened,Other
SYN-DM-02973,Aflibercept,10.62,Completed,Partial,Not given,Not indicated,Completed,Bilateral,Improved,Pressure rise
SYN-DM-02974,Ranibizumab,5.52,Completed,Partial,Planned,Planned,Not indicated,Right,Not assessed,Inflammation
SYN-DM-02975,Bevacizumab,4.05,Planned,Partial,Given,Not indicated,Completed,Neither,Worsened,Other
SYN-DM-02976,Ranibizumab,9.87,Not indicated,Not indicated,Given,Planned,Not indicated,Neither,Worsened,Pressure rise
SYN-DM-02977,Aflibercept,1.49,Completed,Not indicated,Given,Planned,Completed,Right,Improved,Other
SYN-DM-02978,None,16.98,Planned,Partial,Given,Completed,Planned,Neither,Not assessed,None
SYN-DM-02979,Bevacizumab,14.12,Completed,Planned,Not given,Completed,Not indicated,Left,Not assessed,Other
SYN-DM-02980,Aflibercept,10.88,Planned,Planned,Not given,Planned,Not indicated,Right,Stable,Inflammation
SYN-DM-02981,None,15.96,Planned,Completed,Planned,Planned,Planned,Left,Improved,Inflammation
SYN-DM-02982,Ranibizumab,17.53,Not indicated,Not indicated,Not given,Not indicated,Planned,Neither,Not assessed,Pressure rise
SYN-DM-02983,Aflibercept,3.74,Not indicated,Planned,Not given,Completed,Not indicated,Right,Worsened,Other
SYN-DM-02984,None,4.41,Not indicated,Not indicated,Not given,Planned,Completed,Bilateral,Stable,Pressure rise
SYN-DM-02985,Bevacizumab,10.85,Not indicated,Partial,Not given,Completed,Completed,Neither,Stable,Pressure rise
SYN-DM-02986,Ranibizumab,14.3,Not indicated,Completed,Not given,Planned,Planned,Neither,Improved,None
SYN-DM-02987,Bevacizumab,10.24,Completed,Planned,Not given,Completed,Planned,Bilateral,Not assessed,None
SYN-DM-02988,Aflibercept,5.45,Not indicated,Completed,Planned,Completed,Planned,Neither,Stable,Inflammation
SYN-DM-02989,Ranibizumab,2.34,Completed,Completed,Planned,Planned,Completed,Left,Stable,Other
SYN-DM-02990,None,14.07,Not indicated,Partial,Planned,Completed,Planned,Left,Stable,Pressure rise
SYN-DM-02991,Bevacizumab,9.61,Planned,Completed,Planned,Not indicated,Not indicated,Neither,Improved,Pressure rise
SYN-DM-02992,Ranibizumab,11.17,Completed,Planned,Given,Planned,Not indicated,Left,Not assessed,Inflammation
SYN-DM-02993,Ranibizumab,13.8,Not indicated,Planned,Planned,Planned,Not indicated,Right,Stable,Inflammation
SYN-DM-02994,None,11.95,Not indicated,Not indicated,Planned,Planned,Planned,Left,Not assessed,Pressure rise
SYN-DM-02995,Bevacizumab,14.67,Planned,Completed,Planned,Planned,Planned,Neither,Stable,None
SYN-DM-02996,None,15.72,Not indicated,Planned,Planned,Planned,Not indicated,Neither,Worsened,Other
SYN-DM-02997,Bevacizumab,8.5,Not indicated,Partial,Planned,Planned,Not indicated,Neither,Worsened,Other
SYN-DM-02998,Ranibizumab,8.74,Completed,Completed,Planned,Planned,Not indicated,Left,Improved,Other
SYN-DM-02999,Ranibizumab,15.88,Planned,Partial,Planned,Planned,Planned,Neither,Stable,Pressure rise
SYN-DM-03000,None,6.96,Planned,Partial,Given,Not indicated,Completed,Right,Stable,Inflammation
SYN-DM-03001,Ranibizumab,8.46,Planned,Planned,Given,Completed,Completed,Neither,Not assessed,Other
SYN-DM-03002,Ranibizumab,6.72,Not indicated,Completed,Given,Not indicated,Not indicated,Right,Not assessed,Inflammation
SYN-DM-03003,Aflibercept,6.32,Completed,Not indicated,Planned,Planned,Not indicated,Right,Stable,Pressure rise
SYN-DM-03004,None,8.49,Completed,Partial,Planned,Planned,Planned,Left,Stable,Pressure rise
SYN-DM-03005,None,15.61,Completed,Planned,Not given,Planned,Completed,Left,Improved,Pressure rise
SYN-DM-03006,Aflibercept,2.0,Completed,Partial,Given,Not indicated,Not indicated,Right,Worsened,Other
SYN-DM-03007,None,15.3,Planned,Partial,Planned,Planned,Planned,Neither,Stable,None
SYN-DM-03008,None,1.02,Planned,Not indicated,Given,Planned,Planned,Neither,Improved,Pressure rise
SYN-DM-03009,Bevacizumab,8.95,Completed,Not indicated,Planned,Completed,Not indicated,Bilateral,Not assessed,Inflammation
SYN-DM-03010,None,12.14,Planned,Completed,Given,Not indicated,Planned,Right,Stable,Pressure rise
SYN-DM-03011,Aflibercept,15.06,Planned,Partial,Given,Completed,Completed,Right,Worsened,Pressure rise
SYN-DM-03012,Ranibizumab,3.97,Planned,Not indicated,Planned,Completed,Planned,Neither,Not assessed,Inflammation
SYN-DM-03013,None,16.51,Completed,Not indicated,Given,Completed,Completed,Neither,Worsened,Pressure rise
SYN-DM-03014,None,14.09,Planned,Not indicated,Given,Completed,Not indicated,Right,Improved,Inflammation
SYN-DM-03015,Aflibercept,16.92,Planned,Planned,Planned,Not indicated,Not indicated,Right,Stable,Other
SYN-DM-03016,None,1.46,Completed,Completed,Planned,Not indicated,Planned,Bilateral,Improved,Inflammation
SYN-DM-03017,Ranibizumab,15.57,Completed,Planned,Not given,Not indicated,Planned,Left,Not assessed,Inflammation
SYN-DM-03018,None,1.54,Completed,Partial,Not given,Not indicated,Not indicated,Right,Not assessed,None
SYN-DM-03019,Aflibercept,6.19,Not indicated,Completed,Not given,Not indicated,Completed,Left,Improved,Pressure rise
SYN-DM-03020,None,16.82,Completed,Completed,Not given,Not indicated,Planned,Neither,Not assessed,Other
SYN-DM-03021,Ranibizumab,4.69,Planned,Not indicated,Not given,Not indicated,Completed,Neither,Stable,None
SYN-DM-03022,Ranibizumab,5.2,Not indicated,Partial,Given,Not indicated,Completed,Neither,Worsened,Other
SYN-DM-03023,Aflibercept,14.18,Completed,Planned,Given,Not indicated,Not indicated,Bilateral,Improved,Pressure rise
SYN-DM-03024,Ranibizumab,16.55,Completed,Completed,Given,Completed,Not indicated,Neither,Stable,Other
SYN-DM-03025,None,12.16,Planned,Completed,Not given,Completed,Completed,Bilateral,Worsened,None
SYN-DM-03026,Ranibizumab,6.18,Planned,Completed,Given,Completed,Planned,Right,Not assessed,Inflammation
SYN-DM-03027,Aflibercept,6.18,Planned,Partial,Not given,Completed,Completed,Neither,Not assessed,Inflammation
SYN-DM-03028,Ranibizumab,13.78,Not indicated,Completed,Planned,Completed,Planned,Left,Stable,Inflammation
SYN-DM-03029,Aflibercept,11.1,Not indicated,Not indicated,Planned,Planned,Completed,Right,Stable,Other
SYN-DM-03030,Aflibercept,5.65,Not indicated,Not indicated,Planned,Completed,Planned,Bilateral,Not assessed,Pressure rise
SYN-DM-03031,Bevacizumab,2.65,Completed,Completed,Given,Completed,Completed,Bilateral,Stable,Inflammation
SYN-DM-03032,Ranibizumab,9.34,Planned,Planned,Not given,Not indicated,Not indicated,Right,Not assessed,None
SYN-DM-03033,None,8.71,Completed,Completed,Given,Not indicated,Completed,Bilateral,Worsened,Inflammation
SYN-DM-03034,Ranibizumab,9.78,Planned,Not indicated,Given,Planned,Not indicated,Bilateral,Improved,Inflammation
SYN-DM-03035,Aflibercept,16.34,Completed,Completed,Planned,Not indicated,Planned,Right,Not assessed,None
SYN-DM-03036,Bevacizumab,12.08,Planned,Planned,Not given,Not indicated,Completed,Neither,Not assessed,Pressure rise
SYN-DM-03037,None,0.0,Not indicated,Partial,Not given,Planned,Not indicated,Left,Not assessed,Other
SYN-DM-03038,Ranibizumab,2.34,Not indicated,Not indicated,Not given,Not indicated,Not indicated,Right,Stable,Other
SYN-DM-03039,Bevacizumab,1.26,Completed,Partial,Not given,Not indicated,Not indicated,Left,Not assessed,None
SYN-DM-03040,Aflibercept,4.83,Planned,Completed,Given,Not indicated,Planned,Right,Worsened,Other
SYN-DM-03041,Ranibizumab,5.69,Not indicated,Planned,Not given,Planned,Not indicated,Bilateral,Not assessed,Other
SYN-DM-03042,Bevacizumab,11.14,Planned,Completed,Planned,Completed,Not indicated,Neither,Stable,None
SYN-DM-03043,Bevacizumab,0.45,Completed,Completed,Not given,Planned,Completed,Right,Stable,Other
SYN-DM-03044,Bevacizumab,12.33,Not indicated,Completed,Planned,Planned,Planned,Neither,Worsened,Inflammation
SYN-DM-03045,Aflibercept,3.01,Not indicated,Not indicated,Planned,Completed,Planned,Bilateral,Worsened,Pressure rise
SYN-DM-03046,Ranibizumab,13.8,Completed,Not indicated,Not given,Completed,Planned,Neither,Worsened,Other
SYN-DM-03047,Ranibizumab,12.67,Not indicated,Not indicated,Planned,Planned,Not indicated,Bilateral,Improved,Inflammation
SYN-DM-03048,Aflibercept,10.58,Not indicated,Partial,Planned,Not indicated,Not indicated,Left,Stable,Other
SYN-DM-03049,Ranibizumab,14.1,Not indicated,Not indicated,Planned,Planned,Planned,Left,Improved,Pressure rise
SYN-DM-03050,Bevacizumab,14.21,Not indicated,Not indicated,Given,Not indicated,Completed,Right,Stable,Pressure rise
SYN-DM-03051,Aflibercept,5.3,Planned,Planned,Given,Completed,Planned,Right,Stable,Other
SYN-DM-03052,None,1.12,Not indicated,Planned,Planned,Planned,Completed,Right,Not assessed,Inflammation
SYN-DM-03053,Ranibizumab,6.5,Not indicated,Partial,Not given,Not indicated,Completed,Neither,Worsened,Inflammation
SYN-DM-03054,Aflibercept,15.04,Not indicated,Partial,Planned,Completed,Completed,Bilateral,Improved,Other
SYN-DM-03055,Aflibercept,17.5,Not indicated,Completed,Planned,Not indicated,Planned,Left,Not assessed,None
SYN-DM-03056,Ranibizumab,6.26,Planned,Not indicated,Planned,Not indicated,Not indicated,Left,Stable,Other
SYN-DM-03057,None,11.27,Completed,Completed,Planned,Planned,Not indicated,Right,Improved,None
SYN-DM-03058,Ranibizumab,2.6,Planned,Not indicated,Given,Not indicated,Completed,Neither,Not assessed,Other
SYN-DM-03059,None,10.6,Completed,Planned,Not given,Completed,Planned,Bilateral,Not assessed,Other
SYN-DM-03060,Ranibizumab,14.81,Planned,Not indicated,Given,Planned,Planned,Bilateral,Not assessed,None
SYN-DM-03061,Ranibizumab,2.19,Completed,Partial,Planned,Completed,Planned,Bilateral,Worsened,Other
SYN-DM-03062,Bevacizumab,2.53,Not indicated,Completed,Planned,Planned,Planned,Neither,Worsened,Pressure rise
SYN-DM-03063,Bevacizumab,9.46,Not indicated,Partial,Not given,Completed,Completed,Left,Improved,None
SYN-DM-03064,Ranibizumab,17.59,Completed,Planned,Planned,Not indicated,Not indicated,Neither,Not assessed,Other
SYN-DM-03065,None,15.32,Completed,Planned,Not given,Completed,Completed,Left,Worsened,None
SYN-DM-03066,Aflibercept,1.73,Planned,Completed,Given,Planned,Not indicated,Neither,Not assessed,Other
SYN-DM-03067,Aflibercept,9.67,Planned,Partial,Not given,Not indicated,Planned,Neither,Not assessed,Inflammation
SYN-DM-03068,Bevacizumab,4.28,Planned,Partial,Not given,Completed,Completed,Neither,Worsened,None
SYN-DM-03069,Aflibercept,15.4,Planned,Planned,Planned,Not indicated,Planned,Left,Not assessed,Inflammation
SYN-DM-03070,None,14.5,Completed,Partial,Given,Completed,Not indicated,Bilateral,Improved,Other
SYN-DM-03071,Aflibercept,11.7,Completed,Partial,Not given,Planned,Not indicated,Left,Improved,Pressure rise
SYN-DM-03072,Bevacizumab,8.45,Planned,Planned,Planned,Planned,Completed,Bilateral,Worsened,Inflammation
SYN-DM-03073,Aflibercept,16.79,Not indicated,Not indicated,Planned,Completed,Planned,Right,Not assessed,None
SYN-DM-03074,Aflibercept,13.47,Completed,Partial,Given,Planned,Planned,Bilateral,Not assessed,Other
SYN-DM-03075,Bevacizumab,11.61,Not indicated,Completed,Not given,Planned,Not indicated,Right,Stable,Other
SYN-DM-03076,Bevacizumab,12.67,Completed,Completed,Planned,Not indicated,Planned,Neither,Not assessed,Inflammation
SYN-DM-03077,Aflibercept,2.54,Not indicated,Completed,Planned,Completed,Planned,Neither,Stable,None
SYN-DM-03078,None,5.72,Planned,Completed,Given,Completed,Not indicated,Bilateral,Improved,None
SYN-DM-03079,None,13.13,Completed,Planned,Planned,Planned,Not indicated,Right,Stable,Pressure rise
SYN-DM-03080,Aflibercept,16.67,Completed,Completed,Planned,Not indicated,Completed,Neither,Improved,Pressure rise
SYN-DM-03081,Aflibercept,7.93,Completed,Partial,Given,Completed,Not indicated,Bilateral,Worsened,Other
SYN-DM-03082,Bevacizumab,1.52,Not indicated,Completed,Not given,Completed,Completed,Left,Stable,Pressure rise
SYN-DM-03083,Ranibizumab,16.92,Not indicated,Partial,Not given,Planned,Not indicated,Neither,Stable,Pressure rise
SYN-DM-03084,Bevacizumab,13.38,Completed,Planned,Given,Completed,Completed,Bilateral,Not assessed,Pressure rise
SYN-DM-03085,Bevacizumab,9.38,Not indicated,Completed,Given,Planned,Completed,Bilateral,Improved,Pressure rise
SYN-DM-03086,Aflibercept,7.77,Planned,Not indicated,Given,Not indicated,Not indicated,Neither,Stable,Other
SYN-DM-03087,None,15.91,Not indicated,Planned,Given,Not indicated,Not indicated,Left,Worsened,Pressure rise
SYN-DM-03088,Bevacizumab,7.68,Planned,Completed,Planned,Completed,Not indicated,Neither,Improved,None
SYN-DM-03089,Ranibizumab,11.63,Completed,Not indicated,Not given,Planned,Completed,Right,Stable,Inflammation
SYN-DM-03090,Ranibizumab,12.97,Not indicated,Completed,Planned,Completed,Not indicated,Neither,Stable,Inflammation
SYN-DM-03091,Aflibercept,10.63,Not indicated,Completed,Given,Planned,Completed,Left,Not assessed,Other
SYN-DM-03092,Aflibercept,6.37,Completed,Not indicated,Given,Planned,Completed,Bilateral,Worsened,Inflammation
SYN-DM-03093,Ranibizumab,4.99,Planned,Partial,Not given,Not indicated,Not indicated,Neither,Not assessed,Inflammation
SYN-DM-03094,None,15.91,Completed,Not indicated,Planned,Not indicated,Planned,Left,Not assessed,Other
SYN-DM-03095,None,4.11,Planned,Planned,Planned,Not indicated,Planned,Left,Worsened,Inflammation
SYN-DM-03096,Bevacizumab,17.25,Completed,Not indicated,Planned,Completed,Not indicated,Left,Improved,Other
SYN-DM-03097,Bevacizumab,15.66,Planned,Planned,Planned,Not indicated,Completed,Bilateral,Improved,Pressure rise
SYN-DM-03098,Bevacizumab,17.69,Planned,Not indicated,Not given,Planned,Not indicated,Bilateral,Stable,None
SYN-DM-03099,Ranibizumab,15.0,Completed,Planned,Given,Not indicated,Planned,Neither,Stable,None
SYN-DM-03100,Ranibizumab,9.34,Not indicated,Not indicated,Given,Planned,Planned,Left,Worsened,Other
SYN-DM-03101,Aflibercept,4.29,Not indicated,Completed,Not given,Planned,Not indicated,Right,Improved,Other
SYN-DM-03102,Bevacizumab,17.12,Not indicated,Planned,Not given,Planned,Not indicated,Bilateral,Worsened,None
SYN-DM-03103,None,15.53,Completed,Partial,Given,Completed,Planned,Neither,Improved,Pressure rise
SYN-DM-03104,Aflibercept,17.34,Not indicated,Partial,Planned,Completed,Completed,Bilateral,Worsened,Other
SYN-DM-03105,None,8.72,Completed,Not indicated,Given,Not indicated,Planned,Neither,Not assessed,None
SYN-DM-03106,Aflibercept,5.66,Planned,Partial,Given,Not indicated,Planned,Right,Stable,Other
SYN-DM-03107,None,10.94,Not indicated,Not indicated,Planned,Not indicated,Planned,Right,Not assessed,None
SYN-DM-03108,Bevacizumab,9.15,Not indicated,Not indicated,Given,Completed,Completed,Bilateral,Worsened,None
SYN-DM-03109,Bevacizumab,8.96,Completed,Completed,Planned,Not indicated,Not indicated,Left,Stable,Inflammation
SYN-DM-03110,Ranibizumab,6.98,Completed,Planned,Given,Not indicated,Planned,Bilateral,Stable,Inflammation
SYN-DM-03111,None,0.82,Planned,Completed,Given,Planned,Not indicated,Bilateral,Improved,None
SYN-DM-03112,Ranibizumab,1.64,Completed,Partial,Given,Planned,Completed,Left,Not assessed,Other
SYN-DM-03113,None,13.37,Completed,Completed,Not given,Planned,Not indicated,Left,Stable,None
SYN-DM-03114,None,15.85,Planned,Completed,Given,Not indicated,Not indicated,Right,Not assessed,Other
SYN-DM-03115,Bevacizumab,8.09,Not indicated,Completed,Planned,Not indicated,Planned,Bilateral,Worsened,None
SYN-DM-03116,Aflibercept,13.44,Completed,Completed,Given,Planned,Completed,Right,Stable,None
SYN-DM-03117,None,7.48,Completed,Not indicated,Planned,Completed,Planned,Right,Not assessed,None
SYN-DM-03118,Aflibercept,17.58,Completed,Planned,Planned,Planned,Planned,Bilateral,Not assessed,Other
SYN-DM-03119,Bevacizumab,17.37,Planned,Planned,Not given,Planned,Not indicated,Right,Worsened,Other
SYN-DM-03120,None,0.81,Planned,Completed,Planned,Completed,Not indicated,Right,Not assessed,Inflammation
SYN-DM-03121,Bevacizumab,13.77,Completed,Completed,Planned,Not indicated,Planned,Bilateral,Not assessed,None
SYN-DM-03122,Aflibercept,8.03,Planned,Planned,Given,Completed,Planned,Left,Worsened,Inflammation
SYN-DM-03123,Bevacizumab,9.18,Not indicated,Completed,Not given,Planned,Not indicated,Bilateral,Stable,Pressure rise
SYN-DM-03124,Ranibizumab,4.24,Not indicated,Not indicated,Not given,Planned,Planned,Right,Stable,Inflammation
SYN-DM-03125,Bevacizumab,12.82,Planned,Completed,Planned,Completed,Planned,Neither,Stable,Pressure rise
SYN-DM-03126,Bevacizumab,6.31,Planned,Partial,Given,Completed,Not indicated,Right,Improved,Inflammation
SYN-DM-03127,Aflibercept,9.43,Not indicated,Planned,Not given,Completed,Not indicated,Right,Improved,None
SYN-DM-03128,Ranibizumab,3.86,Planned,Planned,Planned,Not indicated,Completed,Neither,Not assessed,Pressure rise
SYN-DM-03129,Ranibizumab,14.62,Completed,Not indicated,Not given,Completed,Planned,Left,Worsened,Pressure rise
SYN-DM-03130,Aflibercept,16.0,Planned,Partial,Given,Not indicated,Not indicated,Right,Improved,Other
SYN-DM-03131,None,2.67,Planned,Not indicated,Not given,Not indicated,Planned,Neither,Worsened,Pressure rise
SYN-DM-03132,None,7.97,Completed,Partial,Planned,Planned,Completed,Left,Worsened,Inflammation
SYN-DM-03133,None,8.03,Planned,Planned,Not given,Not indicated,Not indicated,Bilateral,Stable,Other
SYN-DM-03134,Ranibizumab,14.49,Planned,Not indicated,Not given,Completed,Not indicated,Left,Not assessed,Inflammation
SYN-DM-03135,Ranibizumab,5.94,Completed,Partial,Not given,Completed,Not indicated,Bilateral,Worsened,Inflammation
SYN-DM-03136,Aflibercept,12.71,Not indicated,Partial,Not given,Completed,Completed,Left,Not assessed,Inflammation
SYN-DM-03137,Bevacizumab,2.55,Planned,Completed,Given,Completed,Planned,Bilateral,Improved,Pressure rise
SYN-DM-03138,Bevacizumab,8.22,Completed,Planned,Not given,Completed,Not indicated,Bilateral,Improved,Pressure rise
SYN-DM-03139,Ranibizumab,6.42,Not indicated,Not indicated,Planned,Planned,Planned,Bilateral,Not assessed,Pressure rise
SYN-DM-03140,None,8.76,Not indicated,Not indicated,Planned,Completed,Not indicated,Neither,Improved,None
SYN-DM-03141,Bevacizumab,13.1,Planned,Planned,Not given,Not indicated,Not indicated,Left,Improved,None
SYN-DM-03142,None,9.65,Not indicated,Planned,Not given,Planned,Completed,Bilateral,Not assessed,Inflammation
SYN-DM-03143,Ranibizumab,13.49,Not indicated,Partial,Not given,Not indicated,Planned,Left,Not assessed,Inflammation
SYN-DM-03144,Aflibercept,11.09,Completed,Planned,Planned,Planned,Completed,Bilateral,Worsened,Other
SYN-DM-03145,None,6.77,Not indicated,Planned,Given,Completed,Completed,Bilateral,Stable,None
SYN-DM-03146,Aflibercept,4.81,Planned,Completed,Planned,Planned,Not indicated,Bilateral,Stable,Other
SYN-DM-03147,None,6.35,Completed,Planned,Planned,Planned,Not indicated,Bilateral,Improved,Inflammation
SYN-DM-03148,None,13.82,Planned,Completed,Given,Not indicated,Planned,Bilateral,Not assessed,Inflammation
SYN-DM-03149,Ranibizumab,16.58,Completed,Not indicated,Given,Completed,Planned,Neither,Not assessed,Inflammation
SYN-DM-03150,Bevacizumab,16.74,Completed,Completed,Not given,Not indicated,Completed,Left,Not assessed,None
SYN-DM-03151,Aflibercept,0.57,Not indicated,Not indicated,Not given,Planned,Planned,Neither,Not assessed,Other
SYN-DM-03152,Ranibizumab,7.45,Planned,Planned,Not given,Completed,Not indicated,Bilateral,Worsened,Inflammation
SYN-DM-03153,Aflibercept,17.98,Completed,Planned,Planned,Planned,Not indicated,Left,Improved,None
SYN-DM-03154,Bevacizumab,9.56,Not indicated,Planned,Not given,Not indicated,Not indicated,Right,Worsened,Other
SYN-DM-03155,Ranibizumab,2.21,Not indicated,Partial,Given,Completed,Not indicated,Left,Worsened,None
SYN-DM-03156,Aflibercept,9.15,Planned,Planned,Not given,Not indicated,Completed,Bilateral,Stable,None
SYN-DM-03157,Ranibizumab,10.16,Planned,Planned,Given,Completed,Not indicated,Bilateral,Worsened,Inflammation
SYN-DM-03158,Bevacizumab,0.82,Completed,Planned,Given,Completed,Not indicated,Right,Not assessed,Other
SYN-DM-03159,Bevacizumab,12.78,Completed,Planned,Not given,Not indicated,Planned,Left,Stable,Other
SYN-DM-03160,Ranibizumab,13.95,Planned,Completed,Given,Planned,Planned,Left,Stable,Other
SYN-DM-03161,None,4.2,Not indicated,Planned,Given,Planned,Planned,Left,Improved,Other
SYN-DM-03162,Ranibizumab,14.66,Not indicated,Planned,Given,Planned,Not indicated,Bilateral,Improved,None
SYN-DM-03163,Bevacizumab,0.38,Completed,Completed,Given,Completed,Planned,Bilateral,Improved,None
SYN-DM-03164,Aflibercept,11.59,Completed,Completed,Given,Planned,Not indicated,Left,Worsened,Inflammation
SYN-DM-03165,Bevacizumab,4.95,Planned,Not indicated,Not given,Completed,Not indicated,Bilateral,Not assessed,Pressure rise
SYN-DM-03166,None,6.88,Completed,Partial,Planned,Not indicated,Planned,Right,Worsened,Pressure rise
SYN-DM-03167,Bevacizumab,11.07,Not indicated,Planned,Given,Completed,Planned,Right,Worsened,Other
SYN-DM-03168,Aflibercept,15.48,Not indicated,Partial,Planned,Planned,Completed,Right,Stable,Pressure rise
SYN-DM-03169,Aflibercept,8.93,Completed,Planned,Planned,Planned,Not indicated,Right,Not assessed,Other
SYN-DM-03170,Bevacizumab,13.44,Not indicated,Partial,Given,Completed,Completed,Right,Not assessed,None
SYN-DM-03171,None,10.02,Not indicated,Completed,Given,Not indicated,Planned,Left,Improved,Pressure rise
SYN-DM-03172,None,11.64,Not indicated,Not indicated,Not given,Completed,Not indicated,Neither,Worsened,Other
SYN-DM-03173,Bevacizumab,11.91,Completed,Completed,Not given,Planned,Planned,Left,Improved,Inflammation
SYN-DM-03174,Bevacizumab,15.5,Not indicated,Partial,Given,Not indicated,Completed,Right,Stable,Inflammation
SYN-DM-03175,None,3.64,Planned,Completed,Planned,Completed,Completed,Bilateral,Worsened,Other
SYN-DM-03176,Ranibizumab,5.44,Not indicated,Partial,Planned,Not indicated,Completed,Neither,Not assessed,None
SYN-DM-03177,Ranibizumab,12.16,Not indicated,Planned,Not given,Planned,Planned,Left,Not assessed,Pressure rise
SYN-DM-03178,None,13.36,Completed,Planned,Not given,Completed,Planned,Right,Worsened,Other
SYN-DM-03179,None,3.59,Not indicated,Completed,Not given,Completed,Not indicated,Bilateral,Stable,Inflammation
SYN-DM-03180,Bevacizumab,10.66,Not indicated,Partial,Not given,Not indicated,Not indicated,Right,Not assessed,None
SYN-DM-03181,Bevacizumab,2.18,Completed,Planned,Not given,Completed,Not indicated,Bilateral,Stable,None
SYN-DM-03182,Ranibizumab,16.59,Completed,Completed,Not given,Completed,Completed,Neither,Worsened,Pressure rise
SYN-DM-03183,Aflibercept,15.04,Not indicated,Planned,Given,Not indicated,Planned,Bilateral,Worsened,Pressure rise
SYN-DM-03184,Ranibizumab,0.11,Completed,Not indicated,Not given,Not indicated,Planned,Left,Not assessed,Inflammation
SYN-DM-03185,Ranibizumab,9.29,Planned,Planned,Not given,Planned,Not indicated,Neither,Improved,None
SYN-DM-03186,None,6.61,Completed,Planned,Planned,Not indicated,Not indicated,Left,Stable,Inflammation
SYN-DM-03187,Aflibercept,9.27,Completed,Not indicated,Given,Completed,Not indicated,Left,Worsened,Pressure rise
SYN-DM-03188,None,7.48,Not indicated,Not indicated,Planned,Planned,Not indicated,Neither,Worsened,Pressure rise
SYN-DM-03189,Aflibercept,0.88,Not indicated,Not indicated,Given,Completed,Completed,Right,Worsened,Other
SYN-DM-03190,Aflibercept,8.67,Not indicated,Planned,Not given,Planned,Completed,Neither,Not assessed,None
SYN-DM-03191,Aflibercept,13.94,Planned,Completed,Given,Completed,Completed,Left,Not assessed,Inflammation
SYN-DM-03192,Aflibercept,12.94,Completed,Completed,Not given,Planned,Completed,Left,Improved,Other
SYN-DM-03193,Bevacizumab,5.0,Planned,Planned,Planned,Not indicated,Planned,Right,Improved,None
SYN-DM-03194,Ranibizumab,15.74,Planned,Planned,Given,Completed,Completed,Neither,Improved,Inflammation
SYN-DM-03195,Ranibizumab,12.75,Completed,Completed,Not given,Completed,Not indicated,Left,Stable,Pressure rise
SYN-DM-03196,None,16.07,Completed,Planned,Not given,Completed,Not indicated,Neither,Not assessed,Other
SYN-DM-03197,Ranibizumab,10.54,Completed,Not indicated,Planned,Not indicated,Planned,Right,Improved,Other
SYN-DM-03198,None,9.35,Completed,Completed,Given,Planned,Not indicated,Neither,Not assessed,None
SYN-DM-03199,Bevacizumab,17.22,Not indicated,Planned,Not given,Not indicated,Planned,Right,Improved,Pressure rise
SYN-DM-03200,None,6.54,Planned,Partial,Planned,Not indicated,Not indicated,Left,Improved,Other
SYN-DM-03201,Bevacizumab,10.59,Completed,Completed,Not given,Planned,Not indicated,Bilateral,Improved,None
SYN-DM-03202,Ranibizumab,16.05,Planned,Partial,Planned,Completed,Not indicated,Bilateral,Worsened,Inflammation
SYN-DM-03203,Ranibizumab,15.45,Not indicated,Planned,Given,Planned,Completed,Left,Improved,None
SYN-DM-03204,None,15.99,Completed,Completed,Not given,Planned,Not indicated,Right,Improved,Pressure rise
SYN-DM-03205,Ranibizumab,6.59,Planned,Planned,Given,Planned,Completed,Left,Worsened,Other
SYN-DM-03206,Ranibizumab,16.36,Not indicated,Planned,Planned,Planned,Planned,Right,Not assessed,Inflammation
SYN-DM-03207,Bevacizumab,12.75,Planned,Not indicated,Planned,Planned,Not indicated,Bilateral,Improved,Other
SYN-DM-03208,Aflibercept,0.05,Not indicated,Completed,Planned,Completed,Not indicated,Right,Stable,Pressure rise
SYN-DM-03209,Ranibizumab,4.11,Completed,Planned,Given,Completed,Completed,Bilateral,Improved,Other
SYN-DM-03210,Ranibizumab,6.23,Planned,Planned,Not given,Completed,Not indicated,Right,Improved,None
SYN-DM-03211,Bevacizumab,16.23,Completed,Completed,Not given,Planned,Completed,Left,Not assessed,Inflammation
SYN-DM-03212,Aflibercept,4.91,Planned,Not indicated,Not given,Completed,Planned,Neither,Improved,Other
SYN-DM-03213,Bevacizumab,11.93,Not indicated,Planned,Not given,Planned,Not indicated,Right,Not assessed,Inflammation
SYN-DM-03214,Bevacizumab,10.69,Completed,Not indicated,Given,Not indicated,Completed,Left,Stable,Other
SYN-DM-03215,Ranibizumab,14.49,Not indicated,Not indicated,Not given,Not indicated,Completed,Neither,Stable,Other
SYN-DM-03216,Ranibizumab,10.0,Planned,Not indicated,Planned,Not indicated,Not indicated,Left,Not assessed,Inflammation
SYN-DM-03217,Ranibizumab,10.71,Planned,Partial,Planned,Planned,Completed,Left,Stable,None
SYN-DM-03218,Bevacizumab,16.74,Planned,Planned,Not given,Planned,Planned,Neither,Worsened,Inflammation
SYN-DM-03219,Bevacizumab,16.5,Planned,Planned,Planned,Completed,Not indicated,Right,Improved,Pressure rise
SYN-DM-03220,Aflibercept,11.42,Planned,Not indicated,Planned,Not indicated,Not indicated,Left,Stable,Other
SYN-DM-03221,Bevacizumab,4.94,Planned,Not indicated,Not given,Completed,Planned,Left,Improved,None
SYN-DM-03222,Bevacizumab,17.43,Completed,Completed,Planned,Planned,Completed,Left,Worsened,Other
SYN-DM-03223,Ranibizumab,10.92,Completed,Partial,Not given,Not indicated,Completed,Bilateral,Improved,Other
SYN-DM-03224,Ranibizumab,7.48,Not indicated,Completed,Planned,Planned,Completed,Left,Stable,None
SYN-DM-03225,Ranibizumab,11.12,Completed,Partial,Not given,Planned,Planned,Left,Improved,Inflammation
SYN-DM-03226,Bevacizumab,4.94,Planned,Completed,Planned,Not indicated,Planned,Left,Stable,Inflammation
SYN-DM-03227,Ranibizumab,10.56,Not indicated,Planned,Not given,Completed,Not indicated,Neither,Not assessed,Pressure rise
SYN-DM-03228,Aflibercept,8.74,Completed,Completed,Planned,Planned,Planned,Bilateral,Not assessed,Inflammation
SYN-DM-03229,Ranibizumab,1.38,Not indicated,Completed,Planned,Completed,Not indicated,Neither,Worsened,None
SYN-DM-03230,Aflibercept,14.72,Completed,Planned,Given,Planned,Planned,Neither,Worsened,None
SYN-DM-03231,Aflibercept,5.36,Completed,Partial,Not given,Not indicated,Completed,Left,Worsened,Inflammation
SYN-DM-03232,Aflibercept,3.46,Not indicated,Partial,Planned,Completed,Planned,Bilateral,Not assessed,Pressure rise
SYN-DM-03233,None,9.11,Completed,Partial,Given,Completed,Not indicated,Bilateral,Improved,Other
SYN-DM-03234,None,9.44,Completed,Partial,Given,Planned,Not indicated,Left,Not assessed,None
SYN-DM-03235,None,16.82,Not indicated,Completed,Planned,Completed,Completed,Right,Worsened,Inflammation
SYN-DM-03236,Ranibizumab,11.7,Planned,Completed,Given,Completed,Completed,Right,Stable,None
SYN-DM-03237,Ranibizumab,3.49,Planned,Not indicated,Planned,Planned,Planned,Left,Improved,Other
SYN-DM-03238,Aflibercept,11.72,Completed,Planned,Planned,Planned,Not indicated,Right,Not assessed,Inflammation
SYN-DM-03239,Aflibercept,4.1,Not indicated,Completed,Planned,Not indicated,Completed,Bilateral,Worsened,Inflammation
SYN-DM-03240,Aflibercept,15.7,Planned,Partial,Given,Not indicated,Completed,Neither,Not assessed,Other
SYN-DM-03241,Ranibizumab,5.04,Completed,Not indicated,Planned,Completed,Not indicated,Neither,Improved,None
SYN-DM-03242,Ranibizumab,12.08,Completed,Partial,Given,Completed,Completed,Bilateral,Improved,Inflammation
SYN-DM-03243,Ranibizumab,17.56,Not indicated,Not indicated,Not given,Completed,Planned,Left,Worsened,Inflammation
SYN-DM-03244,Ranibizumab,14.5,Not indicated,Planned,Given,Planned,Planned,Left,Stable,None
SYN-DM-03245,Bevacizumab,2.06,Completed,Partial,Not given,Planned,Planned,Right,Worsened,Pressure rise
SYN-DM-03246,None,4.13,Completed,Completed,Not given,Completed,Not indicated,Left,Not assessed,Other
SYN-DM-03247,Aflibercept,15.23,Completed,Not indicated,Given,Planned,Planned,Neither,Stable,Inflammation
SYN-DM-03248,Ranibizumab,0.03,Planned,Partial,Not given,Planned,Completed,Neither,Worsened,Other
SYN-DM-03249,Ranibizumab,10.12,Planned,Not indicated,Planned,Completed,Not indicated,Neither,Stable,None
SYN-DM-03250,None,3.26,Not indicated,Partial,Planned,Completed,Completed,Left,Improved,Inflammation
SYN-DM-03251,Bevacizumab,2.05,Completed,Planned,Given,Planned,Not indicated,Right,Stable,Pressure rise
SYN-DM-03252,Bevacizumab,7.17,Completed,Planned,Given,Not indicated,Not indicated,Left,Worsened,Pressure rise
SYN-DM-03253,Ranibizumab,3.67,Completed,Not indicated,Not given,Planned,Not indicated,Left,Worsened,Inflammation
SYN-DM-03254,None,3.82,Planned,Planned,Planned,Completed,Completed,Right,Improved,Other
SYN-DM-03255,Bevacizumab,17.59,Not indicated,Not indicated,Given,Completed,Completed,Bilateral,Not assessed,None
SYN-DM-03256,Bevacizumab,7.03,Planned,Planned,Planned,Not indicated,Planned,Right,Improved,Inflammation
SYN-DM-03257,Ranibizumab,12.84,Not indicated,Planned,Planned,Not indicated,Completed,Neither,Stable,Inflammation
SYN-DM-03258,None,9.52,Planned,Completed,Not given,Planned,Not indicated,Neither,Not assessed,None
SYN-DM-03259,Ranibizumab,0.8,Completed,Planned,Planned,Completed,Completed,Left,Not assessed,Inflammation
SYN-DM-03260,None,11.73,Not indicated,Completed,Not given,Planned,Planned,Left,Worsened,None
SYN-DM-03261,None,3.22,Planned,Not indicated,Planned,Completed,Completed,Neither,Stable,Pressure rise
SYN-DM-03262,Aflibercept,4.18,Not indicated,Partial,Given,Completed,Completed,Right,Not assessed,Pressure rise
SYN-DM-03263,None,9.89,Not indicated,Planned,Not given,Completed,Not indicated,Left,Not assessed,Other
SYN-DM-03264,Ranibizumab,8.42,Completed,Completed,Planned,Planned,Planned,Left,Not assessed,Other
SYN-DM-03265,Ranibizumab,16.4,Planned,Partial,Not given,Completed,Not indicated,Bilateral,Stable,Inflammation
SYN-DM-03266,Bevacizumab,4.91,Completed,Not indicated,Not given,Not indicated,Planned,Neither,Worsened,Other
SYN-DM-03267,Aflibercept,1.23,Completed,Completed,Not given,Completed,Planned,Left,Worsened,None
SYN-DM-03268,None,12.64,Completed,Partial,Not given,Planned,Not indicated,Bilateral,Not assessed,Inflammation
SYN-DM-03269,Ranibizumab,4.22,Completed,Partial,Planned,Completed,Planned,Left,Not assessed,None
SYN-DM-03270,Bevacizumab,11.36,Planned,Partial,Not given,Not indicated,Not indicated,Neither,Not assessed,Inflammation
SYN-DM-03271,Ranibizumab,1.67,Completed,Planned,Planned,Planned,Not indicated,Left,Not assessed,Other
SYN-DM-03272,Aflibercept,13.13,Completed,Not indicated,Given,Completed,Completed,Bilateral,Not assessed,Inflammation
SYN-DM-03273,Aflibercept,0.36,Not indicated,Not indicated,Given,Not indicated,Planned,Left,Not assessed,Inflammation
SYN-DM-03274,Ranibizumab,6.85,Planned,Partial,Given,Not indicated,Completed,Right,Stable,Inflammation
SYN-DM-03275,Aflibercept,6.91,Planned,Not indicated,Not given,Planned,Planned,Neither,Stable,Inflammation
SYN-DM-03276,None,9.72,Not indicated,Partial,Not given,Planned,Completed,Neither,Worsened,Pressure rise
SYN-DM-03277,Aflibercept,1.1,Planned,Partial,Planned,Completed,Not indicated,Right,Improved,None
SYN-DM-03278,Ranibizumab,17.51,Not indicated,Planned,Given,Not indicated,Not indicated,Left,Stable,Inflammation
SYN-DM-03279,Ranibizumab,10.36,Not indicated,Planned,Given,Completed,Not indicated,Bilateral,Stable,None
SYN-DM-03280,Ranibizumab,15.42,Planned,Not indicated,Not given,Not indicated,Planned,Left,Improved,None
SYN-DM-03281,Aflibercept,2.41,Planned,Partial,Planned,Planned,Not indicated,Left,Not assessed,Other
SYN-DM-03282,Bevacizumab,13.88,Planned,Planned,Planned,Planned,Not indicated,Neither,Stable,Pressure rise
SYN-DM-03283,Aflibercept,4.57,Not indicated,Not indicated,Not given,Planned,Planned,Neither,Worsened,Inflammation
SYN-DM-03284,Bevacizumab,4.42,Planned,Completed,Given,Planned,Completed,Left,Not assessed,Other
SYN-DM-03285,Ranibizumab,5.61,Completed,Planned,Given,Not indicated,Not indicated,Right,Not assessed,Pressure rise
SYN-DM-03286,Ranibizumab,0.39,Planned,Partial,Given,Planned,Not indicated,Bilateral,Stable,Inflammation
SYN-DM-03287,Bevacizumab,17.39,Not indicated,Completed,Planned,Not indicated,Not indicated,Right,Stable,Pressure rise
SYN-DM-03288,None,13.37,Planned,Completed,Planned,Planned,Planned,Bilateral,Not assessed,None
SYN-DM-03289,None,16.86,Completed,Planned,Planned,Planned,Not indicated,Left,Improved,Inflammation
SYN-DM-03290,Bevacizumab,16.45,Completed,Planned,Planned,Not indicated,Not indicated,Right,Improved,Other
SYN-DM-03291,Ranibizumab,5.77,Not indicated,Partial,Not given,Not indicated,Completed,Right,Worsened,Inflammation
SYN-DM-03292,Ranibizumab,2.01,Planned,Planned,Not given,Not indicated,Planned,Bilateral,Improved,Inflammation
SYN-DM-03293,None,7.48,Not indicated,Planned,Planned,Completed,Planned,Right,Improved,Other
SYN-DM-03294,Bevacizumab,9.31,Completed,Partial,Given,Not indicated,Not indicated,Bilateral,Not assessed,None
SYN-DM-03295,Ranibizumab,14.14,Not indicated,Completed,Not given,Completed,Planned,Neither,Worsened,Pressure rise
SYN-DM-03296,Bevacizumab,9.96,Completed,Planned,Planned,Not indicated,Not indicated,Bilateral,Improved,Other
SYN-DM-03297,None,1.53,Planned,Not indicated,Given,Completed,Not indicated,Right,Not assessed,None
SYN-DM-03298,Ranibizumab,9.55,Completed,Not indicated,Not given,Planned,Completed,Right,Not assessed,None
SYN-DM-03299,None,4.09,Planned,Partial,Not given,Completed,Planned,Neither,Stable,None
SYN-DM-03300,Ranibizumab,5.79,Planned,Not indicated,Planned,Planned,Not indicated,Right,Worsened,Inflammation
SYN-DM-03301,Bevacizumab,6.64,Planned,Partial,Planned,Planned,Completed,Right,Improved,None
SYN-DM-03302,Bevacizumab,4.42,Planned,Not indicated,Not given,Completed,Completed,Right,Improved,Inflammation
SYN-DM-03303,Bevacizumab,5.65,Not indicated,Partial,Given,Planned,Not indicated,Neither,Worsened,Inflammation
SYN-DM-03304,Ranibizumab,8.55,Not indicated,Not indicated,Planned,Planned,Completed,Right,Stable,Other
SYN-DM-03305,Ranibizumab,0.98,Completed,Partial,Not given,Not indicated,Completed,Bilateral,Worsened,Other
SYN-DM-03306,Bevacizumab,6.39,Not indicated,Partial,Not given,Planned,Completed,Bilateral,Not assessed,Inflammation
SYN-DM-03307,None,6.34,Not indicated,Partial,Given,Planned,Completed,Right,Improved,None
SYN-DM-03308,Bevacizumab,16.96,Not indicated,Completed,Given,Planned,Planned,Left,Not assessed,Other
SYN-DM-03309,Aflibercept,1.25,Completed,Planned,Not given,Completed,Not indicated,Right,Improved,Pressure rise
SYN-DM-03310,Aflibercept,6.53,Not indicated,Completed,Not given,Completed,Not indicated,Right,Worsened,None
SYN-DM-03311,None,8.92,Completed,Completed,Given,Not indicated,Completed,Neither,Worsened,Inflammation
SYN-DM-03312,Bevacizumab,16.06,Completed,Planned,Given,Not indicated,Planned,Neither,Stable,Inflammation
SYN-DM-03313,Ranibizumab,11.34,Planned,Planned,Given,Planned,Completed,Left,Worsened,Inflammation
SYN-DM-03314,None,15.21,Completed,Partial,Not given,Not indicated,Not indicated,Neither,Not assessed,Inflammation
SYN-DM-03315,Bevacizumab,12.61,Completed,Planned,Given,Not indicated,Not indicated,Right,Not assessed,Inflammation
SYN-DM-03316,Ranibizumab,4.81,Planned,Not indicated,Not given,Planned,Not indicated,Left,Improved,Other
SYN-DM-03317,Bevacizumab,4.73,Not indicated,Completed,Planned,Completed,Planned,Neither,Not assessed,Pressure rise
SYN-DM-03318,None,7.11,Planned,Not indicated,Given,Planned,Completed,Right,Stable,Pressure rise
SYN-DM-03319,None,15.36,Completed,Partial,Not given,Not indicated,Planned,Neither,Improved,Other
SYN-DM-03320,None,9.13,Planned,Partial,Not given,Planned,Planned,Neither,Stable,Other
SYN-DM-03321,None,17.51,Completed,Planned,Planned,Not indicated,Not indicated,Left,Worsened,Other
SYN-DM-03322,Aflibercept,0.4,Not indicated,Completed,Planned,Not indicated,Completed,Left,Not assessed,Inflammation
SYN-DM-03323,Bevacizumab,1.17,Completed,Partial,Planned,Completed,Not indicated,Left,Stable,Other
SYN-DM-03324,None,12.02,Not indicated,Completed,Not given,Completed,Planned,Bilateral,Not assessed,None
SYN-DM-03325,Aflibercept,2.82,Planned,Completed,Planned,Completed,Completed,Bilateral,Improved,Inflammation
SYN-DM-03326,Aflibercept,14.69,Planned,Partial,Not given,Planned,Not indicated,Bilateral,Stable,Other
SYN-DM-03327,Aflibercept,11.37,Planned,Not indicated,Planned,Completed,Not indicated,Bilateral,Improved,Pressure rise
SYN-DM-03328,Ranibizumab,1.38,Planned,Planned,Not given,Completed,Planned,Bilateral,Worsened,Pressure rise
SYN-DM-03329,Ranibizumab,17.54,Completed,Partial,Not given,Planned,Planned,Bilateral,Worsened,Pressure rise
SYN-DM-03330,Aflibercept,16.35,Planned,Partial,Planned,Completed,Completed,Bilateral,Stable,Inflammation
SYN-DM-03331,Aflibercept,8.49,Not indicated,Not indicated,Given,Completed,Completed,Neither,Improved,Inflammation
SYN-DM-03332,Bevacizumab,8.05,Planned,Not indicated,Not given,Not indicated,Planned,Left,Not assessed,Other
SYN-DM-03333,Bevacizumab,1.24,Planned,Planned,Given,Completed,Completed,Left,Worsened,None
SYN-DM-03334,Bevacizumab,16.35,Not indicated,Completed,Not given,Completed,Completed,Neither,Stable,Inflammation
SYN-DM-03335,Bevacizumab,3.64,Not indicated,Not indicated,Given,Completed,Not indicated,Left,Not assessed,None
SYN-DM-03336,Ranibizumab,8.96,Completed,Not indicated,Not given,Completed,Completed,Left,Stable,None
SYN-DM-03337,None,16.42,Not indicated,Completed,Not given,Completed,Planned,Right,Improved,Inflammation
SYN-DM-03338,Aflibercept,5.18,Completed,Not indicated,Not given,Planned,Not indicated,Left,Stable,None
SYN-DM-03339,Bevacizumab,13.64,Completed,Completed,Planned,Completed,Not indicated,Right,Worsened,None
SYN-DM-03340,Bevacizumab,11.24,Completed,Planned,Planned,Not indicated,Planned,Left,Improved,None
SYN-DM-03341,None,0.41,Completed,Partial,Planned,Not indicated,Not indicated,Neither,Improved,Pressure rise
SYN-DM-03342,Aflibercept,17.61,Planned,Partial,Not given,Planned,Completed,Neither,Not assessed,Inflammation
SYN-DM-03343,Aflibercept,15.24,Not indicated,Not indicated,Not given,Planned,Completed,Left,Not assessed,None
SYN-DM-03344,Aflibercept,10.75,Completed,Partial,Given,Planned,Completed,Bilateral,Improved,Pressure rise
SYN-DM-03345,Bevacizumab,7.16,Completed,Planned,Given,Planned,Not indicated,Left,Improved,Other
SYN-DM-03346,None,13.43,Completed,Completed,Planned,Not indicated,Not indicated,Bilateral,Improved,None
SYN-DM-03347,Ranibizumab,11.48,Not indicated,Planned,Given,Completed,Planned,Neither,Worsened,Inflammation
SYN-DM-03348,Ranibizumab,6.16,Not indicated,Completed,Given,Planned,Not indicated,Bilateral,Improved,Other
SYN-DM-03349,None,4.12,Not indicated,Partial,Given,Planned,Completed,Neither,Not assessed,Other
SYN-DM-03350,Aflibercept,7.95,Completed,Not indicated,Planned,Not indicated,Completed,Left,Stable,Pressure rise
SYN-DM-03351,Ranibizumab,17.15,Completed,Not indicated,Given,Completed,Completed,Right,Stable,Inflammation
SYN-DM-03352,Ranibizumab,9.49,Completed,Planned,Given,Completed,Not indicated,Neither,Worsened,Other
SYN-DM-03353,Ranibizumab,8.01,Not indicated,Completed,Planned,Completed,Completed,Left,Worsened,None
SYN-DM-03354,None,12.18,Planned,Completed,Planned,Planned,Completed,Bilateral,Worsened,Pressure rise
SYN-DM-03355,Aflibercept,14.48,Not indicated,Planned,Not given,Completed,Not indicated,Bilateral,Worsened,Inflammation
SYN-DM-03356,Ranibizumab,1.51,Completed,Completed,Given,Planned,Not indicated,Right,Not assessed,Pressure rise
SYN-DM-03357,Bevacizumab,0.65,Not indicated,Planned,Planned,Not indicated,Not indicated,Right,Stable,Inflammation
SYN-DM-03358,None,10.99,Not indicated,Partial,Planned,Completed,Completed,Neither,Stable,None
SYN-DM-03359,None,8.26,Planned,Completed,Planned,Planned,Planned,Neither,Worsened,Pressure rise
SYN-DM-03360,Bevacizumab,10.79,Not indicated,Planned,Planned,Completed,Planned,Bilateral,Not assessed,Pressure rise
SYN-DM-03361,Bevacizumab,14.81,Not indicated,Completed,Planned,Planned,Planned,Neither,Improved,Inflammation
SYN-DM-03362,Bevacizumab,14.77,Planned,Planned,Not given,Completed,Planned,Neither,Not assessed,Other
SYN-DM-03363,Aflibercept,14.35,Not indicated,Planned,Planned,Completed,Not indicated,Right,Worsened,Pressure rise
SYN-DM-03364,None,9.53,Completed,Partial,Given,Planned,Not indicated,Right,Improved,Other
SYN-DM-03365,None,12.6,Completed,Not indicated,Not given,Planned,Not indicated,Bilateral,Stable,Inflammation
SYN-DM-03366,Bevacizumab,12.91,Completed,Completed,Given,Completed,Planned,Left,Improved,Pressure rise
SYN-DM-03367,Aflibercept,2.82,Not indicated,Completed,Not given,Planned,Not indicated,Right,Improved,Pressure rise
SYN-DM-03368,Aflibercept,9.39,Planned,Completed,Planned,Not indicated,Planned,Right,Worsened,None
SYN-DM-03369,Ranibizumab,15.78,Completed,Partial,Planned,Planned,Completed,Left,Worsened,Pressure rise
SYN-DM-03370,Bevacizumab,14.93,Not indicated,Completed,Not given,Completed,Completed,Right,Stable,Other
SYN-DM-03371,None,8.72,Planned,Completed,Given,Completed,Not indicated,Bilateral,Not assessed,None
SYN-DM-03372,Ranibizumab,13.38,Planned,Completed,Not given,Completed,Not indicated,Bilateral,Worsened,Pressure rise
SYN-DM-03373,None,9.79,Planned,Planned,Not given,Completed,Completed,Neither,Improved,Other
SYN-DM-03374,None,9.28,Planned,Not indicated,Not given,Completed,Not indicated,Bilateral,Improved,Other
SYN-DM-03375,Bevacizumab,14.7,Planned,Planned,Not given,Completed,Completed,Left,Not assessed,Other
SYN-DM-03376,None,5.81,Not indicated,Completed,Not given,Not indicated,Completed,Bilateral,Worsened,Inflammation
SYN-DM-03377,Aflibercept,4.21,Completed,Partial,Planned,Completed,Completed,Left,Improved,Pressure rise
SYN-DM-03378,Ranibizumab,9.45,Completed,Not indicated,Not given,Not indicated,Not indicated,Neither,Stable,Inflammation
SYN-DM-03379,None,11.41,Not indicated,Not indicated,Planned,Planned,Not indicated,Right,Not assessed,Pressure rise
SYN-DM-03380,None,16.29,Planned,Not indicated,Not given,Completed,Planned,Right,Stable,Pressure rise
SYN-DM-03381,None,10.9,Completed,Planned,Not given,Completed,Planned,Bilateral,Not assessed,None
SYN-DM-03382,Aflibercept,1.53,Completed,Not indicated,Planned,Planned,Not indicated,Bilateral,Worsened,Pressure rise
SYN-DM-03383,Ranibizumab,16.56,Planned,Planned,Planned,Not indicated,Completed,Neither,Improved,None
SYN-DM-03384,Ranibizumab,11.29,Completed,Partial,Not given,Completed,Not indicated,Right,Stable,None
SYN-DM-03385,Ranibizumab,1.71,Planned,Partial,Planned,Not indicated,Completed,Neither,Not assessed,Inflammation
SYN-DM-03386,Aflibercept,8.46,Completed,Partial,Planned,Completed,Not indicated,Right,Stable,None
SYN-DM-03387,Bevacizumab,17.16,Not indicated,Planned,Given,Planned,Planned,Right,Improved,None
SYN-DM-03388,Bevacizumab,4.55,Planned,Partial,Given,Planned,Not indicated,Bilateral,Stable,Other
SYN-DM-03389,Ranibizumab,11.31,Not indicated,Completed,Not given,Completed,Completed,Left,Improved,Other
SYN-DM-03390,Bevacizumab,11.91,Not indicated,Completed,Not given,Planned,Completed,Left,Worsened,Other
SYN-DM-03391,Bevacizumab,5.95,Planned,Not indicated,Not given,Planned,Completed,Right,Worsened,None
SYN-DM-03392,Ranibizumab,15.63,Completed,Planned,Not given,Planned,Planned,Neither,Not assessed,Inflammation
SYN-DM-03393,None,14.49,Not indicated,Not indicated,Planned,Not indicated,Completed,Right,Improved,None
SYN-DM-03394,Bevacizumab,9.13,Not indicated,Not indicated,Given,Not indicated,Completed,Right,Not assessed,Other
SYN-DM-03395,Bevacizumab,9.79,Not indicated,Planned,Not given,Completed,Planned,Bilateral,Improved,Inflammation
SYN-DM-03396,Aflibercept,14.0,Not indicated,Partial,Not given,Planned,Completed,Right,Worsened,None
SYN-DM-03397,Bevacizumab,17.08,Planned,Completed,Planned,Planned,Planned,Left,Improved,Pressure rise
SYN-DM-03398,Aflibercept,17.99,Completed,Completed,Given,Completed,Planned,Neither,Stable,Inflammation
SYN-DM-03399,Aflibercept,5.08,Planned,Partial,Given,Completed,Planned,Left,Not assessed,None
SYN-DM-03400,Ranibizumab,6.26,Planned,Partial,Given,Planned,Not indicated,Neither,Stable,Pressure rise
SYN-DM-03401,Ranibizumab,2.95,Planned,Completed,Planned,Planned,Completed,Neither,Stable,Pressure rise
SYN-DM-03402,Bevacizumab,10.37,Not indicated,Partial,Planned,Not indicated,Planned,Neither,Worsened,Pressure rise
SYN-DM-03403,Bevacizumab,16.44,Completed,Not indicated,Not given,Completed,Completed,Bilateral,Stable,Other
SYN-DM-03404,Bevacizumab,6.19,Not indicated,Completed,Planned,Completed,Not indicated,Left,Worsened,Pressure rise
SYN-DM-03405,None,0.67,Completed,Partial,Given,Not indicated,Not indicated,Left,Stable,None
SYN-DM-03406,Aflibercept,0.89,Completed,Planned,Given,Not indicated,Not indicated,Right,Improved,Pressure rise
SYN-DM-03407,Ranibizumab,11.7,Planned,Planned,Given,Planned,Completed,Right,Stable,Other
SYN-DM-03408,Aflibercept,1.96,Completed,Not indicated,Not given,Planned,Completed,Left,Improved,Inflammation
SYN-DM-03409,None,3.15,Not indicated,Completed,Not given,Completed,Completed,Left,Stable,None
SYN-DM-03410,Ranibizumab,16.55,Planned,Completed,Not given,Planned,Not indicated,Left,Improved,Pressure rise
SYN-DM-03411,Aflibercept,6.72,Not indicated,Partial,Planned,Planned,Planned,Bilateral,Improved,Pressure rise
SYN-DM-03412,Ranibizumab,9.61,Not indicated,Completed,Not given,Not indicated,Not indicated,Neither,Not assessed,Inflammation
SYN-DM-03413,Ranibizumab,13.91,Planned,Partial,Planned,Planned,Planned,Right,Worsened,Pressure rise
SYN-DM-03414,Ranibizumab,7.43,Completed,Not indicated,Planned,Completed,Not indicated,Bilateral,Not assessed,Other
SYN-DM-03415,Aflibercept,6.28,Completed,Completed,Given,Completed,Not indicated,Left,Improved,Pressure rise
SYN-DM-03416,None,2.49,Planned,Not indicated,Given,Planned,Not indicated,Bilateral,Not assessed,Inflammation
SYN-DM-03417,Aflibercept,15.57,Completed,Not indicated,Not given,Not indicated,Planned,Left,Improved,Pressure rise
SYN-DM-03418,Bevacizumab,5.59,Planned,Not indicated,Not given,Planned,Completed,Left,Stable,Pressure rise
SYN-DM-03419,Ranibizumab,6.74,Planned,Planned,Not given,Planned,Planned,Right,Improved,Pressure rise
SYN-DM-03420,Bevacizumab,14.17,Planned,Partial,Given,Not indicated,Completed,Right,Stable,Pressure rise
SYN-DM-03421,Bevacizumab,4.09,Not indicated,Planned,Given,Not indicated,Completed,Right,Improved,Pressure rise
SYN-DM-03422,None,10.05,Not indicated,Completed,Planned,Planned,Completed,Bilateral,Worsened,Pressure rise
SYN-DM-03423,Ranibizumab,16.5,Not indicated,Completed,Planned,Planned,Not indicated,Left,Stable,Other
SYN-DM-03424,Bevacizumab,9.06,Planned,Planned,Planned,Planned,Not indicated,Neither,Improved,Pressure rise
SYN-DM-03425,None,13.49,Completed,Planned,Planned,Planned,Not indicated,Left,Improved,Pressure rise
SYN-DM-03426,None,4.02,Completed,Planned,Planned,Planned,Not indicated,Right,Improved,None
SYN-DM-03427,None,1.19,Planned,Planned,Not given,Not indicated,Not indicated,Left,Not assessed,Other
SYN-DM-03428,Aflibercept,1.0,Not indicated,Not indicated,Not given,Completed,Not indicated,Bilateral,Not assessed,Pressure rise
SYN-DM-03429,None,0.67,Not indicated,Not indicated,Given,Completed,Planned,Neither,Worsened,Pressure rise
SYN-DM-03430,Ranibizumab,2.14,Not indicated,Partial,Planned,Planned,Not indicated,Bilateral,Improved,Other
SYN-DM-03431,None,14.32,Completed,Partial,Planned,Planned,Not indicated,Neither,Not assessed,None
SYN-DM-03432,None,1.83,Completed,Partial,Given,Completed,Not indicated,Neither,Worsened,Inflammation
SYN-DM-03433,Aflibercept,13.6,Planned,Planned,Given,Not indicated,Not indicated,Left,Improved,Inflammation
SYN-DM-03434,Aflibercept,2.13,Completed,Partial,Given,Planned,Planned,Left,Improved,Inflammation
SYN-DM-03435,Bevacizumab,11.66,Planned,Partial,Planned,Planned,Completed,Neither,Stable,None
SYN-DM-03436,None,13.13,Completed,Partial,Planned,Planned,Planned,Left,Not assessed,Pressure rise
SYN-DM-03437,None,13.84,Completed,Partial,Given,Completed,Completed,Left,Stable,Other
SYN-DM-03438,None,2.45,Not indicated,Partial,Given,Planned,Completed,Bilateral,Not assessed,Other
SYN-DM-03439,Aflibercept,0.94,Not indicated,Partial,Planned,Completed,Planned,Right,Worsened,Other
SYN-DM-03440,Aflibercept,6.36,Planned,Partial,Planned,Not indicated,Planned,Right,Not assessed,Other
SYN-DM-03441,Aflibercept,16.7,Planned,Completed,Planned,Completed,Not indicated,Neither,Not assessed,None
SYN-DM-03442,Aflibercept,15.16,Completed,Planned,Given,Planned,Completed,Bilateral,Not assessed,None
SYN-DM-03443,Bevacizumab,4.78,Not indicated,Planned,Planned,Planned,Not indicated,Neither,Not assessed,None
SYN-DM-03444,None,10.2,Completed,Partial,Given,Planned,Planned,Right,Worsened,Pressure rise
SYN-DM-03445,Ranibizumab,0.01,Planned,Partial,Not given,Planned,Completed,Bilateral,Worsened,None
SYN-DM-03446,Ranibizumab,8.09,Completed,Completed,Given,Completed,Planned,Left,Improved,None
SYN-DM-03447,Bevacizumab,11.03,Completed,Planned,Given,Not indicated,Not indicated,Left,Improved,Pressure rise
SYN-DM-03448,Bevacizumab,1.85,Completed,Partial,Given,Completed,Not indicated,Left,Not assessed,None
SYN-DM-03449,Ranibizumab,5.2,Not indicated,Not indicated,Planned,Planned,Planned,Neither,Not assessed,Inflammation
SYN-DM-03450,Aflibercept,1.77,Completed,Completed,Planned,Completed,Not indicated,Left,Not assessed,Pressure rise
SYN-DM-03451,Ranibizumab,13.03,Completed,Planned,Not given,Not indicated,Planned,Left,Stable,Pressure rise
SYN-DM-03452,Bevacizumab,13.07,Completed,Partial,Not given,Completed,Completed,Left,Worsened,Inflammation
SYN-DM-03453,Bevacizumab,11.22,Completed,Completed,Not given,Planned,Completed,Neither,Improved,Pressure rise
SYN-DM-03454,Ranibizumab,10.26,Completed,Completed,Given,Completed,Completed,Neither,Improved,Other
SYN-DM-03455,Aflibercept,5.15,Completed,Planned,Not given,Planned,Completed,Left,Improved,None
SYN-DM-03456,Aflibercept,8.22,Planned,Not indicated,Planned,Planned,Not indicated,Right,Stable,Inflammation
SYN-DM-03457,Aflibercept,11.59,Not indicated,Not indicated,Planned,Planned,Not indicated,Right,Worsened,None
SYN-DM-03458,None,9.36,Not indicated,Not indicated,Not given,Not indicated,Not indicated,Left,Worsened,Other
SYN-DM-03459,None,6.62,Not indicated,Partial,Planned,Not indicated,Planned,Left,Stable,Pressure rise
SYN-DM-03460,Aflibercept,5.95,Completed,Completed,Not given,Completed,Planned,Left,Improved,None
SYN-DM-03461,None,6.01,Completed,Partial,Given,Planned,Not indicated,Left,Stable,Other
SYN-DM-03462,None,17.7,Planned,Planned,Given,Planned,Not indicated,Left,Worsened,None
SYN-DM-03463,Ranibizumab,3.35,Not indicated,Not indicated,Planned,Planned,Not indicated,Left,Not assessed,Other
SYN-DM-03464,None,6.42,Planned,Completed,Planned,Not indicated,Completed,Right,Stable,Pressure rise
SYN-DM-03465,Ranibizumab,2.62,Completed,Not indicated,Given,Not indicated,Not indicated,Left,Stable,Other
SYN-DM-03466,None,10.01,Not indicated,Not indicated,Planned,Completed,Completed,Left,Not assessed,Inflammation
SYN-DM-03467,Ranibizumab,7.12,Not indicated,Partial,Given,Completed,Not indicated,Bilateral,Worsened,Other
SYN-DM-03468,Ranibizumab,3.12,Completed,Completed,Not given,Completed,Completed,Neither,Worsened,Pressure rise
SYN-DM-03469,None,15.99,Planned,Completed,Given,Planned,Not indicated,Neither,Stable,None
SYN-DM-03470,Bevacizumab,14.46,Planned,Partial,Planned,Not indicated,Not indicated,Neither,Improved,Inflammation
SYN-DM-03471,Aflibercept,2.33,Completed,Not indicated,Not given,Not indicated,Planned,Bilateral,Stable,None
SYN-DM-03472,Ranibizumab,9.99,Planned,Completed,Given,Not indicated,Completed,Left,Improved,Other
SYN-DM-03473,Aflibercept,9.22,Planned,Partial,Given,Not indicated,Completed,Bilateral,Worsened,Inflammation
SYN-DM-03474,Aflibercept,0.13,Planned,Completed,Not given,Completed,Not indicated,Bilateral,Stable,Other
SYN-DM-03475,Bevacizumab,0.89,Not indicated,Not indicated,Given,Not indicated,Planned,Bilateral,Improved,Pressure rise
SYN-DM-03476,None,0.27,Completed,Completed,Planned,Planned,Completed,Bilateral,Improved,Pressure rise
SYN-DM-03477,Bevacizumab,8.28,Planned,Completed,Given,Completed,Completed,Left,Stable,Other
SYN-DM-03478,Aflibercept,17.99,Completed,Planned,Planned,Not indicated,Planned,Left,Improved,Inflammation
SYN-DM-03479,None,14.3,Planned,Completed,Not given,Not indicated,Completed,Bilateral,Stable,Other
SYN-DM-03480,Aflibercept,2.63,Not indicated,Planned,Planned,Completed,Planned,Right,Not assessed,Inflammation
SYN-DM-03481,Bevacizumab,14.9,Not indicated,Completed,Planned,Planned,Planned,Neither,Not assessed,Other
SYN-DM-03482,Bevacizumab,16.18,Not indicated,Not indicated,Planned,Planned,Completed,Bilateral,Improved,Other
SYN-DM-03483,Ranibizumab,16.74,Completed,Completed,Given,Not indicated,Completed,Bilateral,Not assessed,Pressure rise
SYN-DM-03484,Aflibercept,0.29,Planned,Completed,Planned,Completed,Not indicated,Left,Improved,Inflammation
SYN-DM-03485,Ranibizumab,16.56,Planned,Partial,Given,Completed,Planned,Right,Not assessed,Inflammation
SYN-DM-03486,None,11.61,Completed,Partial,Not given,Planned,Completed,Neither,Stable,Other
SYN-DM-03487,Aflibercept,6.84,Not indicated,Completed,Planned,Completed,Completed,Left,Improved,Other
SYN-DM-03488,Aflibercept,8.8,Not indicated,Planned,Planned,Not indicated,Not indicated,Bilateral,Improved,Pressure rise
SYN-DM-03489,Bevacizumab,16.2,Planned,Partial,Planned,Planned,Not indicated,Neither,Worsened,Inflammation
SYN-DM-03490,Bevacizumab,12.96,Completed,Planned,Not given,Planned,Planned,Left,Stable,Other
SYN-DM-03491,None,10.93,Completed,Planned,Given,Completed,Not indicated,Left,Not assessed,None
SYN-DM-03492,Ranibizumab,7.76,Completed,Completed,Not given,Completed,Completed,Neither,Worsened,Inflammation
SYN-DM-03493,Bevacizumab,10.65,Not indicated,Completed,Given,Not indicated,Planned,Bilateral,Improved,Inflammation
SYN-DM-03494,Bevacizumab,17.39,Planned,Partial,Planned,Not indicated,Not indicated,Left,Stable,None
SYN-DM-03495,None,9.82,Completed,Partial,Given,Completed,Planned,Right,Stable,Pressure rise
SYN-DM-03496,None,15.52,Not indicated,Not indicated,Not given,Not indicated,Planned,Right,Worsened,None
SYN-DM-03497,Ranibizumab,17.21,Not indicated,Planned,Given,Planned,Not indicated,Right,Worsened,None
SYN-DM-03498,Ranibizumab,16.3,Completed,Not indicated,Planned,Planned,Completed,Bilateral,Improved,Pressure rise
SYN-DM-03499,Ranibizumab,17.36,Completed,Partial,Planned,Planned,Planned,Neither,Not assessed,Other
SYN-DM-03500,Aflibercept,16.07,Planned,Partial,Planned,Planned,Completed,Right,Not assessed,Other
SYN-DM-03501,Bevacizumab,1.48,Not indicated,Partial,Not given,Not indicated,Completed,Right,Worsened,Pressure rise
SYN-DM-03502,None,3.54,Not indicated,Completed,Given,Completed,Planned,Bilateral,Stable,Other
SYN-DM-03503,Bevacizumab,13.08,Not indicated,Planned,Not given,Planned,Planned,Bilateral,Not assessed,Pressure rise
SYN-DM-03504,Bevacizumab,6.27,Planned,Not indicated,Planned,Planned,Not indicated,Neither,Worsened,Inflammation
SYN-DM-03505,Bevacizumab,12.18,Completed,Not indicated,Not given,Not indicated,Planned,Left,Worsened,None
SYN-DM-03506,Ranibizumab,17.75,Planned,Partial,Planned,Planned,Completed,Neither,Worsened,Inflammation
SYN-DM-03507,Ranibizumab,9.75,Planned,Not indicated,Given,Planned,Planned,Neither,Stable,Inflammation
SYN-DM-03508,None,2.85,Completed,Partial,Given,Not indicated,Completed,Bilateral,Worsened,None
SYN-DM-03509,Ranibizumab,10.83,Planned,Partial,Given,Completed,Not indicated,Neither,Not assessed,None
SYN-DM-03510,None,9.54,Planned,Not indicated,Given,Planned,Completed,Bilateral,Stable,Other
SYN-DM-03511,Ranibizumab,10.02,Planned,Completed,Not given,Not indicated,Planned,Left,Worsened,Inflammation
SYN-DM-03512,None,2.54,Completed,Not indicated,Not given,Planned,Completed,Bilateral,Stable,Inflammation
SYN-DM-03513,None,8.87,Planned,Completed,Given,Not indicated,Not indicated,Right,Not assessed,Other
SYN-DM-03514,Ranibizumab,12.1,Planned,Completed,Not given,Completed,Completed,Left,Stable,Pressure rise
SYN-DM-03515,Bevacizumab,4.89,Planned,Not indicated,Given,Completed,Completed,Left,Improved,Inflammation
SYN-DM-03516,Aflibercept,7.7,Completed,Not indicated,Planned,Not indicated,Completed,Neither,Worsened,Inflammation
SYN-DM-03517,None,11.97,Not indicated,Planned,Not given,Planned,Completed,Left,Worsened,Inflammation
SYN-DM-03518,Aflibercept,9.29,Not indicated,Planned,Not given,Planned,Not indicated,Right,Improved,Pressure rise
SYN-DM-03519,Aflibercept,8.43,Not indicated,Partial,Not given,Not indicated,Completed,Neither,Worsened,Pressure rise
SYN-DM-03520,None,9.73,Completed,Planned,Not given,Not indicated,Planned,Left,Stable,Other
SYN-DM-03521,None,12.62,Completed,Not indicated,Planned,Not indicated,Not indicated,Bilateral,Improved,Inflammation
SYN-DM-03522,Aflibercept,11.2,Completed,Completed,Planned,Planned,Completed,Right,Not assessed,None
SYN-DM-03523,Aflibercept,9.55,Completed,Completed,Planned,Completed,Completed,Right,Worsened,Pressure rise
SYN-DM-03524,None,2.91,Completed,Completed,Planned,Not indicated,Not indicated,Right,Worsened,Inflammation
SYN-DM-03525,Bevacizumab,14.59,Planned,Not indicated,Planned,Completed,Not indicated,Neither,Worsened,None
SYN-DM-03526,Aflibercept,15.38,Not indicated,Not indicated,Given,Completed,Completed,Right,Worsened,Other
SYN-DM-03527,Aflibercept,10.59,Planned,Not indicated,Given,Planned,Not indicated,Bilateral,Worsened,Pressure rise
SYN-DM-03528,Bevacizumab,0.58,Planned,Completed,Not given,Completed,Not indicated,Bilateral,Improved,Other
SYN-DM-03529,None,11.55,Planned,Planned,Not given,Completed,Planned,Right,Stable,None
SYN-DM-03530,Aflibercept,17.58,Planned,Completed,Planned,Planned,Completed,Right,Stable,None
SYN-DM-03531,Aflibercept,6.53,Not indicated,Planned,Planned,Not indicated,Planned,Bilateral,Stable,None
SYN-DM-03532,None,12.29,Completed,Not indicated,Planned,Planned,Completed,Neither,Not assessed,Other
SYN-DM-03533,None,0.26,Not indicated,Partial,Given,Not indicated,Completed,Bilateral,Not assessed,Other
SYN-DM-03534,Bevacizumab,1.72,Not indicated,Planned,Not given,Planned,Planned,Left,Improved,Other
SYN-DM-03535,Bevacizumab,0.61,Not indicated,Planned,Planned,Planned,Planned,Right,Improved,Inflammation
SYN-DM-03536,Ranibizumab,8.25,Not indicated,Completed,Planned,Not indicated,Not indicated,Right,Stable,None
SYN-DM-03537,Ranibizumab,2.98,Planned,Partial,Planned,Planned,Completed,Left,Worsened,Inflammation
SYN-DM-03538,None,13.78,Completed,Completed,Not given,Planned,Completed,Left,Improved,None
SYN-DM-03539,Ranibizumab,17.92,Not indicated,Partial,Planned,Completed,Not indicated,Right,Not assessed,Inflammation
SYN-DM-03540,Aflibercept,9.47,Not indicated,Planned,Not given,Planned,Planned,Left,Worsened,Inflammation
SYN-DM-03541,Ranibizumab,14.76,Not indicated,Partial,Not given,Completed,Completed,Neither,Worsened,Pressure rise
SYN-DM-03542,Bevacizumab,7.38,Completed,Completed,Given,Planned,Not indicated,Neither,Not assessed,Other
SYN-DM-03543,None,2.0,Completed,Not indicated,Planned,Completed,Not indicated,Right,Worsened,Other
SYN-DM-03544,None,6.8,Planned,Not indicated,Given,Planned,Planned,Neither,Not assessed,Pressure rise
SYN-DM-03545,Ranibizumab,1.9,Planned,Not indicated,Not given,Completed,Completed,Left,Not assessed,None
SYN-DM-03546,Bevacizumab,1.91,Completed,Completed,Not given,Not indicated,Not indicated,Neither,Stable,Pressure rise
SYN-DM-03547,Bevacizumab,7.0,Completed,Planned,Planned,Planned,Not indicated,Bilateral,Improved,Other
SYN-DM-03548,Ranibizumab,5.2,Completed,Completed,Given,Not indicated,Planned,Neither,Stable,Inflammation
SYN-DM-03549,Ranibizumab,11.49,Completed,Planned,Planned,Completed,Completed,Bilateral,Improved,Other
SYN-DM-03550,Aflibercept,14.96,Planned,Not indicated,Planned,Not indicated,Planned,Bilateral,Worsened,Other
SYN-DM-03551,None,13.99,Planned,Partial,Given,Completed,Planned,Left,Not assessed,Other
SYN-DM-03552,Aflibercept,13.4,Not indicated,Partial,Given,Completed,Completed,Right,Stable,Inflammation
SYN-DM-03553,None,8.36,Completed,Planned,Planned,Planned,Completed,Right,Improved,Pressure rise
SYN-DM-03554,Bevacizumab,17.64,Completed,Planned,Planned,Completed,Planned,Bilateral,Stable,Other
SYN-DM-03555,Bevacizumab,4.99,Planned,Planned,Given,Not indicated,Completed,Right,Not assessed,None
SYN-DM-03556,Ranibizumab,6.5,Not indicated,Partial,Planned,Completed,Completed,Neither,Not assessed,Inflammation
SYN-DM-03557,Ranibizumab,0.58,Not indicated,Partial,Given,Planned,Completed,Bilateral,Stable,Inflammation
SYN-DM-03558,Bevacizumab,11.98,Planned,Planned,Not given,Planned,Not indicated,Neither,Not assessed,None
SYN-DM-03559,Aflibercept,9.95,Completed,Partial,Given,Completed,Completed,Left,Improved,Other
SYN-DM-03560,Ranibizumab,5.5,Completed,Partial,Planned,Not indicated,Planned,Bilateral,Not assessed,Pressure rise
SYN-DM-03561,None,15.75,Completed,Completed,Not given,Not indicated,Completed,Left,Stable,Other
SYN-DM-03562,Bevacizumab,17.41,Not indicated,Completed,Given,Planned,Planned,Neither,Improved,Other
SYN-DM-03563,Aflibercept,16.81,Planned,Completed,Planned,Not indicated,Planned,Bilateral,Worsened,None
SYN-DM-03564,Ranibizumab,0.43,Not indicated,Not indicated,Not given,Not indicated,Planned,Neither,Worsened,None
SYN-DM-03565,Aflibercept,6.13,Not indicated,Partial,Not given,Planned,Planned,Right,Worsened,Inflammation
SYN-DM-03566,Bevacizumab,11.66,Completed,Completed,Not given,Not indicated,Not indicated,Left,Stable,Inflammation
SYN-DM-03567,Aflibercept,10.05,Completed,Planned,Given,Planned,Completed,Right,Not assessed,Other
SYN-DM-03568,Bevacizumab,7.54,Planned,Partial,Not given,Not indicated,Not indicated,Bilateral,Worsened,Other
SYN-DM-03569,Ranibizumab,14.71,Not indicated,Completed,Not given,Planned,Not indicated,Left,Improved,None
SYN-DM-03570,Aflibercept,4.83,Completed,Not indicated,Planned,Not indicated,Planned,Bilateral,Improved,None
SYN-DM-03571,Bevacizumab,6.71,Completed,Completed,Given,Completed,Not indicated,Right,Worsened,Other
SYN-DM-03572,Bevacizumab,2.42,Completed,Not indicated,Given,Planned,Planned,Left,Not assessed,Other
SYN-DM-03573,None,2.71,Completed,Completed,Planned,Completed,Not indicated,Neither,Not assessed,Inflammation
SYN-DM-03574,Ranibizumab,14.0,Completed,Not indicated,Not given,Completed,Not indicated,Left,Improved,Pressure rise
SYN-DM-03575,None,4.26,Not indicated,Planned,Not given,Not indicated,Planned,Right,Worsened,Inflammation
SYN-DM-03576,Bevacizumab,9.99,Planned,Completed,Given,Completed,Planned,Right,Not assessed,None
SYN-DM-03577,Bevacizumab,12.68,Completed,Not indicated,Not given,Not indicated,Not indicated,Left,Improved,Other
SYN-DM-03578,None,8.68,Not indicated,Partial,Not given,Planned,Planned,Neither,Worsened,Inflammation
SYN-DM-03579,None,5.87,Completed,Partial,Planned,Not indicated,Not indicated,Right,Not assessed,Inflammation
SYN-DM-03580,Ranibizumab,17.37,Completed,Completed,Planned,Planned,Not indicated,Neither,Worsened,Pressure rise
SYN-DM-03581,Bevacizumab,3.97,Planned,Not indicated,Planned,Not indicated,Not indicated,Neither,Stable,None
SYN-DM-03582,Bevacizumab,17.44,Planned,Not indicated,Planned,Completed,Not indicated,Bilateral,Not assessed,Pressure rise
SYN-DM-03583,None,16.54,Completed,Planned,Not given,Completed,Planned,Neither,Improved,Other
SYN-DM-03584,Aflibercept,11.54,Not indicated,Partial,Planned,Planned,Planned,Right,Stable,None
SYN-DM-03585,Ranibizumab,12.15,Planned,Partial,Planned,Planned,Not indicated,Neither,Not assessed,Pressure rise
SYN-DM-03586,Aflibercept,14.02,Planned,Planned,Not given,Not indicated,Planned,Bilateral,Worsened,Other
SYN-DM-03587,Aflibercept,16.57,Planned,Planned,Not given,Not indicated,Planned,Right,Stable,Pressure rise
SYN-DM-03588,Bevacizumab,15.42,Not indicated,Planned,Planned,Planned,Completed,Right,Not assessed,None
SYN-DM-03589,Bevacizumab,13.89,Completed,Completed,Not given,Completed,Planned,Bilateral,Improved,Other
SYN-DM-03590,Bevacizumab,15.46,Not indicated,Partial,Given,Planned,Completed,Bilateral,Not assessed,Inflammation
SYN-DM-03591,Aflibercept,7.81,Not indicated,Planned,Not given,Planned,Completed,Left,Worsened,Inflammation
SYN-DM-03592,Ranibizumab,10.53,Planned,Partial,Given,Not indicated,Planned,Left,Not assessed,Other
SYN-DM-03593,Ranibizumab,17.32,Completed,Partial,Given,Planned,Completed,Left,Not assessed,Inflammation
SYN-DM-03594,Aflibercept,9.23,Completed,Planned,Not given,Completed,Completed,Right,Stable,Pressure rise
SYN-DM-03595,None,16.63,Not indicated,Partial,Planned,Planned,Not indicated,Right,Not assessed,Pressure rise
SYN-DM-03596,None,5.77,Planned,Planned,Planned,Planned,Completed,Right,Worsened,None
SYN-DM-03597,Bevacizumab,13.33,Planned,Not indicated,Planned,Planned,Not indicated,Right,Improved,Other
SYN-DM-03598,Bevacizumab,10.73,Completed,Partial,Not given,Completed,Completed,Left,Not assessed,Other
SYN-DM-03599,Bevacizumab,9.17,Planned,Planned,Not given,Not indicated,Completed,Left,Not assessed,None
SYN-DM-03600,Bevacizumab,2.88,Completed,Not indicated,Planned,Completed,Not indicated,Right,Worsened,Other
SYN-DM-03601,Aflibercept,3.45,Completed,Planned,Not given,Not indicated,Not indicated,Neither,Not assessed,Pressure rise
SYN-DM-03602,None,2.14,Completed,Not indicated,Given,Not indicated,Not indicated,Bilateral,Worsened,Pressure rise
SYN-DM-03603,Aflibercept,6.27,Completed,Planned,Given,Not indicated,Completed,Bilateral,Improved,Inflammation
SYN-DM-03604,Bevacizumab,7.82,Planned,Not indicated,Planned,Completed,Completed,Neither,Not assessed,Other
SYN-DM-03605,Ranibizumab,7.92,Planned,Partial,Planned,Completed,Not indicated,Neither,Worsened,Inflammation
SYN-DM-03606,Ranibizumab,1.3,Not indicated,Not indicated,Planned,Planned,Planned,Bilateral,Stable,Other
SYN-DM-03607,None,11.42,Not indicated,Completed,Planned,Not indicated,Not indicated,Left,Stable,Pressure rise
SYN-DM-03608,Ranibizumab,17.33,Planned,Completed,Not given,Completed,Planned,Right,Worsened,Pressure rise
SYN-DM-03609,None,6.78,Not indicated,Partial,Planned,Planned,Not indicated,Neither,Improved,None
SYN-DM-03610,Ranibizumab,5.92,Completed,Partial,Given,Not indicated,Planned,Bilateral,Not assessed,Pressure rise
SYN-DM-03611,Aflibercept,14.84,Planned,Not indicated,Planned,Not indicated,Planned,Right,Improved,Other
SYN-DM-03612,Bevacizumab,16.74,Not indicated,Partial,Not given,Completed,Completed,Left,Worsened,Other
SYN-DM-03613,None,6.26,Not indicated,Completed,Not given,Completed,Completed,Bilateral,Worsened,Pressure rise
SYN-DM-03614,Bevacizumab,0.68,Planned,Not indicated,Planned,Completed,Not indicated,Bilateral,Stable,None
SYN-DM-03615,Bevacizumab,5.94,Completed,Not indicated,Planned,Not indicated,Planned,Bilateral,Not assessed,None
SYN-DM-03616,Ranibizumab,11.37,Not indicated,Planned,Not given,Completed,Not indicated,Bilateral,Improved,Other
SYN-DM-03617,Ranibizumab,13.41,Not indicated,Completed,Planned,Completed,Not indicated,Neither,Improved,Inflammation
SYN-DM-03618,None,12.78,Planned,Not indicated,Not given,Not indicated,Planned,Neither,Worsened,Other
SYN-DM-03619,Bevacizumab,17.52,Not indicated,Partial,Planned,Completed,Not indicated,Right,Not assessed,Inflammation
SYN-DM-03620,Ranibizumab,10.35,Not indicated,Not indicated,Planned,Not indicated,Planned,Bilateral,Improved,None
SYN-DM-03621,Bevacizumab,8.68,Completed,Completed,Given,Not indicated,Planned,Bilateral,Improved,None
SYN-DM-03622,Aflibercept,4.16,Planned,Not indicated,Planned,Completed,Not indicated,Right,Not assessed,Pressure rise
SYN-DM-03623,Ranibizumab,16.22,Planned,Partial,Not given,Completed,Not indicated,Right,Stable,Other
SYN-DM-03624,None,6.62,Planned,Partial,Not given,Completed,Planned,Neither,Stable,Other
SYN-DM-03625,Bevacizumab,3.94,Not indicated,Completed,Not given,Planned,Completed,Neither,Improved,Pressure rise
SYN-DM-03626,Bevacizumab,0.8,Not indicated,Not indicated,Planned,Completed,Completed,Bilateral,Not assessed,Inflammation
SYN-DM-03627,Bevacizumab,10.43,Not indicated,Completed,Given,Not indicated,Completed,Neither,Worsened,None
SYN-DM-03628,Aflibercept,1.85,Planned,Planned,Planned,Not indicated,Not indicated,Bilateral,Not assessed,None
SYN-DM-03629,Bevacizumab,5.13,Completed,Completed,Given,Completed,Planned,Left,Not assessed,Inflammation
SYN-DM-03630,Bevacizumab,3.31,Completed,Partial,Planned,Completed,Not indicated,Left,Stable,None
SYN-DM-03631,Bevacizumab,14.09,Not indicated,Partial,Planned,Completed,Not indicated,Left,Not assessed,None
SYN-DM-03632,Aflibercept,5.95,Planned,Planned,Not given,Completed,Completed,Bilateral,Not assessed,Pressure rise
SYN-DM-03633,Ranibizumab,2.85,Not indicated,Planned,Not given,Planned,Planned,Left,Stable,Other
SYN-DM-03634,Aflibercept,0.9,Planned,Planned,Given,Planned,Not indicated,Left,Not assessed,Other
SYN-DM-03635,Ranibizumab,11.82,Planned,Not indicated,Planned,Completed,Planned,Right,Improved,Inflammation
SYN-DM-03636,Ranibizumab,1.73,Planned,Completed,Planned,Completed,Completed,Left,Improved,Pressure rise
SYN-DM-03637,Ranibizumab,3.98,Completed,Planned,Not given,Planned,Completed,Left,Improved,Inflammation
SYN-DM-03638,Aflibercept,7.38,Completed,Partial,Given,Completed,Completed,Neither,Worsened,Inflammation
SYN-DM-03639,Ranibizumab,6.33,Planned,Partial,Given,Completed,Planned,Neither,Not assessed,Other
SYN-DM-03640,Ranibizumab,16.72,Planned,Planned,Given,Planned,Not indicated,Left,Improved,Inflammation
SYN-DM-03641,Ranibizumab,6.47,Planned,Planned,Not given,Not indicated,Completed,Right,Worsened,Inflammation
SYN-DM-03642,None,10.42,Completed,Partial,Given,Not indicated,Completed,Neither,Improved,Other
SYN-DM-03643,Aflibercept,11.28,Planned,Partial,Planned,Not indicated,Completed,Left,Worsened,Inflammation
SYN-DM-03644,None,11.68,Not indicated,Planned,Given,Completed,Planned,Right,Not assessed,Pressure rise
SYN-DM-03645,Aflibercept,10.3,Not indicated,Partial,Planned,Not indicated,Planned,Bilateral,Worsened,Other
SYN-DM-03646,Bevacizumab,3.97,Not indicated,Planned,Planned,Completed,Planned,Right,Worsened,Inflammation
SYN-DM-03647,Aflibercept,9.04,Planned,Not indicated,Not given,Not indicated,Not indicated,Left,Improved,Pressure rise
SYN-DM-03648,None,1.59,Completed,Planned,Not given,Completed,Not indicated,Left,Improved,None
SYN-DM-03649,Aflibercept,0.66,Planned,Planned,Planned,Completed,Not indicated,Neither,Not assessed,Other
SYN-DM-03650,Bevacizumab,12.47,Not indicated,Completed,Not given,Completed,Completed,Right,Not assessed,Inflammation
SYN-DM-03651,Ranibizumab,1.61,Not indicated,Partial,Planned,Completed,Completed,Neither,Not assessed,Inflammation
SYN-DM-03652,Ranibizumab,6.47,Not indicated,Not indicated,Not given,Planned,Completed,Left,Worsened,None
SYN-DM-03653,Bevacizumab,12.1,Planned,Completed,Not given,Completed,Planned,Left,Stable,Other
SYN-DM-03654,None,13.53,Planned,Partial,Not given,Completed,Planned,Right,Worsened,Pressure rise
SYN-DM-03655,Ranibizumab,11.83,Planned,Partial,Planned,Completed,Planned,Neither,Not assessed,Inflammation
SYN-DM-03656,Bevacizumab,5.33,Completed,Planned,Not given,Planned,Planned,Left,Stable,Other
SYN-DM-03657,None,11.09,Not indicated,Planned,Planned,Planned,Planned,Neither,Improved,Pressure rise
SYN-DM-03658,None,5.62,Not indicated,Completed,Given,Completed,Not indicated,Left,Not assessed,None
SYN-DM-03659,Bevacizumab,2.18,Completed,Planned,Given,Not indicated,Completed,Right,Improved,None
SYN-DM-03660,None,15.63,Planned,Not indicated,Planned,Not indicated,Not indicated,Bilateral,Improved,Inflammation
SYN-DM-03661,Aflibercept,15.42,Planned,Partial,Given,Planned,Not indicated,Right,Stable,Pressure rise
SYN-DM-03662,Aflibercept,9.29,Not indicated,Completed,Planned,Not indicated,Completed,Right,Worsened,Inflammation
SYN-DM-03663,Aflibercept,3.39,Not indicated,Not indicated,Given,Completed,Not indicated,Neither,Stable,Pressure rise
SYN-DM-03664,Bevacizumab,15.33,Not indicated,Partial,Planned,Planned,Completed,Neither,Stable,Pressure rise
SYN-DM-03665,Aflibercept,3.07,Not indicated,Completed,Not given,Planned,Not indicated,Neither,Not assessed,Other
SYN-DM-03666,Ranibizumab,11.39,Planned,Partial,Not given,Planned,Planned,Bilateral,Improved,Inflammation
SYN-DM-03667,Aflibercept,5.09,Completed,Partial,Not given,Completed,Not indicated,Neither,Stable,None
SYN-DM-03668,Aflibercept,1.83,Planned,Completed,Planned,Planned,Planned,Bilateral,Improved,Other
SYN-DM-03669,Ranibizumab,8.12,Completed,Partial,Not given,Not indicated,Planned,Bilateral,Not assessed,None
SYN-DM-03670,Bevacizumab,10.02,Completed,Planned,Planned,Not indicated,Not indicated,Left,Not assessed,Other
SYN-DM-03671,Bevacizumab,1.2,Planned,Not indicated,Planned,Completed,Planned,Left,Not assessed,None
SYN-DM-03672,Ranibizumab,15.74,Planned,Planned,Planned,Not indicated,Not indicated,Left,Stable,Other
SYN-DM-03673,Aflibercept,12.08,Completed,Partial,Planned,Not indicated,Planned,Neither,Not assessed,None
SYN-DM-03674,Bevacizumab,7.36,Completed,Planned,Planned,Planned,Completed,Left,Stable,None
SYN-DM-03675,None,9.75,Planned,Completed,Planned,Not indicated,Not indicated,Left,Not assessed,Pressure rise
SYN-DM-03676,Aflibercept,8.14,Not indicated,Planned,Given,Planned,Planned,Bilateral,Not assessed,Inflammation
SYN-DM-03677,None,16.03,Completed,Partial,Planned,Not indicated,Completed,Right,Improved,Other
SYN-DM-03678,Ranibizumab,1.36,Completed,Completed,Not given,Planned,Not indicated,Right,Worsened,Pressure rise
SYN-DM-03679,Ranibizumab,2.53,Not indicated,Planned,Not given,Planned,Planned,Neither,Worsened,Inflammation
SYN-DM-03680,Aflibercept,12.48,Planned,Partial,Not given,Not indicated,Completed,Neither,Stable,Pressure rise
SYN-DM-03681,Ranibizumab,5.61,Completed,Partial,Not given,Completed,Completed,Bilateral,Worsened,None
SYN-DM-03682,Aflibercept,6.15,Not indicated,Not indicated,Not given,Planned,Not indicated,Bilateral,Worsened,Inflammation
SYN-DM-03683,None,15.01,Not indicated,Planned,Planned,Planned,Not indicated,Left,Stable,Pressure rise
SYN-DM-03684,Ranibizumab,6.59,Not indicated,Not indicated,Not given,Completed,Completed,Left,Worsened,Other
SYN-DM-03685,Aflibercept,15.15,Not indicated,Planned,Given,Completed,Planned,Right,Improved,Inflammation
SYN-DM-03686,Ranibizumab,2.91,Not indicated,Completed,Not given,Completed,Planned,Neither,Improved,Other
SYN-DM-03687,Ranibizumab,1.48,Not indicated,Not indicated,Not given,Planned,Not indicated,Right,Stable,None
SYN-DM-03688,Aflibercept,6.78,Not indicated,Not indicated,Not given,Completed,Completed,Bilateral,Worsened,Other
SYN-DM-03689,Aflibercept,7.54,Not indicated,Not indicated,Not given,Not indicated,Not indicated,Right,Improved,Other
SYN-DM-03690,Ranibizumab,3.26,Not indicated,Partial,Not given,Completed,Planned,Neither,Stable,None
SYN-DM-03691,Bevacizumab,16.69,Not indicated,Not indicated,Planned,Not indicated,Completed,Right,Worsened,None
SYN-DM-03692,Bevacizumab,12.56,Completed,Planned,Planned,Completed,Not indicated,Neither,Stable,Other
SYN-DM-03693,Aflibercept,6.95,Planned,Planned,Planned,Planned,Planned,Left,Worsened,None
SYN-DM-03694,Ranibizumab,8.83,Completed,Not indicated,Planned,Not indicated,Planned,Right,Worsened,None
SYN-DM-03695,Bevacizumab,3.23,Completed,Not indicated,Not given,Completed,Completed,Neither,Improved,Pressure rise
SYN-DM-03696,None,12.46,Completed,Completed,Given,Planned,Planned,Bilateral,Worsened,Inflammation
SYN-DM-03697,None,6.65,Not indicated,Partial,Given,Completed,Completed,Left,Stable,Other
SYN-DM-03698,Ranibizumab,11.26,Planned,Completed,Planned,Completed,Planned,Neither,Not assessed,Other
SYN-DM-03699,Aflibercept,4.76,Planned,Planned,Planned,Not indicated,Not indicated,Neither,Not assessed,Other
SYN-DM-03700,None,2.78,Completed,Completed,Given,Completed,Completed,Neither,Improved,Pressure rise
SYN-DM-03701,Ranibizumab,9.47,Not indicated,Not indicated,Not given,Planned,Completed,Left,Not assessed,Inflammation
SYN-DM-03702,Aflibercept,2.92,Completed,Planned,Not given,Not indicated,Completed,Bilateral,Not assessed,Other
SYN-DM-03703,None,7.15,Completed,Planned,Planned,Completed,Completed,Right,Stable,Pressure rise
SYN-DM-03704,Bevacizumab,1.38,Planned,Partial,Not given,Not indicated,Completed,Bilateral,Worsened,Inflammation
SYN-DM-03705,None,16.35,Completed,Planned,Given,Planned,Planned,Neither,Stable,Pressure rise
SYN-DM-03706,Ranibizumab,14.98,Planned,Not indicated,Planned,Planned,Completed,Left,Stable,None
SYN-DM-03707,None,1.97,Planned,Completed,Given,Planned,Not indicated,Neither,Not assessed,Pressure rise
SYN-DM-03708,None,11.67,Planned,Partial,Planned,Completed,Not indicated,Neither,Not assessed,Pressure rise
SYN-DM-03709,Aflibercept,3.6,Planned,Planned,Planned,Planned,Completed,Bilateral,Improved,Inflammation
SYN-DM-03710,Ranibizumab,14.36,Not indicated,Not indicated,Not given,Not indicated,Not indicated,Neither,Worsened,Inflammation
SYN-DM-03711,Bevacizumab,15.02,Completed,Planned,Given,Not indicated,Not indicated,Bilateral,Stable,Pressure rise
SYN-DM-03712,Bevacizumab,8.25,Completed,Completed,Not given,Not indicated,Completed,Left,Improved,Pressure rise
SYN-DM-03713,Aflibercept,2.91,Not indicated,Not indicated,Not given,Not indicated,Not indicated,Bilateral,Worsened,Pressure rise
SYN-DM-03714,None,8.64,Not indicated,Partial,Given,Planned,Completed,Neither,Worsened,Pressure rise
SYN-DM-03715,None,0.99,Not indicated,Not indicated,Given,Planned,Planned,Bilateral,Not assessed,Other
SYN-DM-03716,None,15.32,Not indicated,Not indicated,Planned,Planned,Completed,Neither,Stable,Other
SYN-DM-03717,Aflibercept,3.7,Completed,Partial,Given,Not indicated,Completed,Left,Worsened,Inflammation
SYN-DM-03718,None,8.98,Planned,Planned,Planned,Completed,Not indicated,Neither,Stable,Pressure rise
SYN-DM-03719,Ranibizumab,1.62,Planned,Not indicated,Planned,Planned,Completed,Left,Improved,Inflammation
SYN-DM-03720,Bevacizumab,0.13,Not indicated,Not indicated,Given,Planned,Not indicated,Bilateral,Improved,None
SYN-DM-03721,None,15.07,Planned,Completed,Planned,Not indicated,Planned,Right,Stable,None
SYN-DM-03722,Aflibercept,12.84,Completed,Partial,Planned,Planned,Not indicated,Neither,Stable,None
SYN-DM-03723,Bevacizumab,11.33,Not indicated,Completed,Given,Not indicated,Completed,Left,Stable,Other
SYN-DM-03724,Bevacizumab,4.03,Completed,Partial,Planned,Planned,Not indicated,Neither,Stable,Pressure rise
SYN-DM-03725,Bevacizumab,7.01,Planned,Partial,Planned,Planned,Completed,Bilateral,Worsened,None
SYN-DM-03726,Ranibizumab,14.03,Planned,Not indicated,Given,Planned,Planned,Neither,Improved,Other
SYN-DM-03727,Ranibizumab,4.25,Planned,Partial,Not given,Not indicated,Planned,Neither,Improved,None
SYN-DM-03728,Bevacizumab,7.75,Not indicated,Planned,Given,Planned,Completed,Neither,Worsened,Pressure rise
SYN-DM-03729,Aflibercept,14.48,Planned,Partial,Planned,Not indicated,Planned,Bilateral,Improved,Pressure rise
SYN-DM-03730,None,9.19,Not indicated,Not indicated,Planned,Planned,Planned,Left,Improved,Inflammation
SYN-DM-03731,Ranibizumab,8.92,Planned,Partial,Not given,Planned,Planned,Neither,Stable,Inflammation
SYN-DM-03732,Ranibizumab,1.04,Planned,Partial,Planned,Not indicated,Not indicated,Left,Improved,Other
SYN-DM-03733,Bevacizumab,9.56,Not indicated,Planned,Planned,Not indicated,Planned,Left,Not assessed,Other
SYN-DM-03734,None,0.87,Completed,Completed,Given,Not indicated,Planned,Bilateral,Not assessed,None
SYN-DM-03735,Bevacizumab,13.09,Planned,Planned,Not given,Not indicated,Completed,Neither,Worsened,Inflammation
SYN-DM-03736,Aflibercept,16.41,Planned,Not indicated,Planned,Completed,Completed,Bilateral,Stable,Pressure rise
SYN-DM-03737,Ranibizumab,4.99,Not indicated,Planned,Given,Planned,Planned,Bilateral,Worsened,Inflammation
SYN-DM-03738,None,6.61,Planned,Partial,Given,Not indicated,Completed,Neither,Improved,Other
SYN-DM-03739,Aflibercept,17.66,Not indicated,Completed,Planned,Completed,Planned,Neither,Improved,Inflammation
SYN-DM-03740,Ranibizumab,6.89,Planned,Planned,Planned,Completed,Not indicated,Bilateral,Improved,Pressure rise
SYN-DM-03741,None,7.34,Completed,Completed,Given,Not indicated,Not indicated,Bilateral,Worsened,Inflammation
SYN-DM-03742,Ranibizumab,11.1,Not indicated,Not indicated,Given,Not indicated,Not indicated,Right,Stable,None
SYN-DM-03743,Bevacizumab,10.3,Completed,Completed,Not given,Planned,Completed,Bilateral,Improved,Inflammation
SYN-DM-03744,Bevacizumab,7.85,Completed,Not indicated,Planned,Not indicated,Completed,Right,Stable,Other
SYN-DM-03745,Aflibercept,11.16,Not indicated,Partial,Not given,Not indicated,Not indicated,Neither,Stable,Inflammation
SYN-DM-03746,Bevacizumab,12.14,Planned,Partial,Not given,Completed,Planned,Right,Improved,Inflammation
SYN-DM-03747,Aflibercept,16.88,Completed,Partial,Given,Planned,Not indicated,Right,Improved,Other
SYN-DM-03748,None,15.03,Planned,Completed,Not given,Completed,Planned,Neither,Stable,Other
SYN-DM-03749,Aflibercept,17.11,Not indicated,Not indicated,Not given,Not indicated,Completed,Right,Worsened,Pressure rise
SYN-DM-03750,Ranibizumab,16.99,Planned,Completed,Not given,Completed,Planned,Bilateral,Worsened,Inflammation
SYN-DM-03751,Ranibizumab,5.36,Completed,Completed,Planned,Planned,Planned,Left,Improved,Other
SYN-DM-03752,None,8.32,Not indicated,Completed,Not given,Not indicated,Not indicated,Bilateral,Improved,Inflammation
SYN-DM-03753,Aflibercept,4.17,Not indicated,Not indicated,Given,Completed,Not indicated,Bilateral,Worsened,Pressure rise
SYN-DM-03754,Aflibercept,11.88,Planned,Planned,Not given,Not indicated,Not indicated,Right,Not assessed,None
SYN-DM-03755,Bevacizumab,5.29,Completed,Planned,Given,Completed,Not indicated,Bilateral,Worsened,Inflammation
SYN-DM-03756,Ranibizumab,11.4,Planned,Completed,Not given,Planned,Not indicated,Left,Stable,Other
SYN-DM-03757,Ranibizumab,12.59,Completed,Not indicated,Not given,Planned,Planned,Right,Stable,None
SYN-DM-03758,Aflibercept,16.5,Planned,Planned,Given,Completed,Completed,Right,Not assessed,None
SYN-DM-03759,Bevacizumab,9.39,Not indicated,Completed,Given,Planned,Completed,Left,Improved,None
SYN-DM-03760,Aflibercept,15.46,Planned,Completed,Given,Not indicated,Completed,Left,Stable,Pressure rise
SYN-DM-03761,Bevacizumab,9.49,Not indicated,Partial,Not given,Planned,Planned,Neither,Worsened,Inflammation
SYN-DM-03762,None,6.92,Not indicated,Not indicated,Given,Completed,Completed,Neither,Worsened,Other
SYN-DM-03763,Aflibercept,1.35,Planned,Planned,Not given,Planned,Completed,Right,Not assessed,Pressure rise
SYN-DM-03764,Ranibizumab,3.37,Not indicated,Not indicated,Planned,Not indicated,Not indicated,Bilateral,Improved,None
SYN-DM-03765,Ranibizumab,5.14,Not indicated,Completed,Planned,Not indicated,Not indicated,Left,Not assessed,Pressure rise
SYN-DM-03766,Bevacizumab,9.1,Not indicated,Planned,Not given,Completed,Completed,Bilateral,Not assessed,Inflammation
SYN-DM-03767,None,3.88,Planned,Partial,Planned,Not indicated,Not indicated,Left,Improved,Other
SYN-DM-03768,Bevacizumab,15.2,Completed,Not indicated,Planned,Not indicated,Planned,Right,Improved,Other
SYN-DM-03769,Aflibercept,12.68,Planned,Partial,Not given,Planned,Completed,Neither,Not assessed,Other
SYN-DM-03770,Bevacizumab,10.43,Planned,Not indicated,Given,Completed,Completed,Bilateral,Stable,None
SYN-DM-03771,Bevacizumab,0.25,Completed,Partial,Given,Completed,Completed,Neither,Stable,Other
SYN-DM-03772,Ranibizumab,6.25,Planned,Not indicated,Not given,Completed,Planned,Left,Not assessed,Other
SYN-DM-03773,None,5.04,Planned,Planned,Not given,Planned,Completed,Right,Improved,None
SYN-DM-03774,Aflibercept,2.8,Planned,Completed,Given,Not indicated,Completed,Right,Worsened,Other
SYN-DM-03775,Bevacizumab,0.38,Planned,Not indicated,Planned,Completed,Not indicated,Right,Improved,Pressure rise
SYN-DM-03776,Aflibercept,16.59,Planned,Partial,Not given,Planned,Not indicated,Right,Improved,Other
SYN-DM-03777,Ranibizumab,2.27,Completed,Planned,Given,Planned,Planned,Bilateral,Stable,Other
SYN-DM-03778,Aflibercept,11.32,Not indicated,Partial,Planned,Planned,Completed,Left,Not assessed,Inflammation
SYN-DM-03779,Ranibizumab,16.92,Completed,Not indicated,Not given,Completed,Completed,Right,Worsened,None
SYN-DM-03780,Aflibercept,12.91,Not indicated,Completed,Given,Not indicated,Not indicated,Right,Stable,Inflammation
SYN-DM-03781,Bevacizumab,6.96,Planned,Not indicated,Given,Planned,Not indicated,Bilateral,Stable,None
SYN-DM-03782,Bevacizumab,8.06,Planned,Completed,Planned,Completed,Planned,Right,Not assessed,Other
SYN-DM-03783,Ranibizumab,5.53,Completed,Completed,Planned,Planned,Not indicated,Right,Improved,Pressure rise
SYN-DM-03784,Aflibercept,6.04,Not indicated,Completed,Given,Completed,Planned,Left,Worsened,Other
SYN-DM-03785,None,8.28,Planned,Partial,Not given,Not indicated,Not indicated,Right,Worsened,Other
SYN-DM-03786,Ranibizumab,3.76,Completed,Completed,Not given,Completed,Completed,Neither,Stable,Inflammation
SYN-DM-03787,Bevacizumab,15.51,Not indicated,Partial,Planned,Planned,Not indicated,Right,Worsened,Other
SYN-DM-03788,None,0.71,Planned,Not indicated,Planned,Planned,Completed,Right,Stable,None
SYN-DM-03789,Bevacizumab,6.84,Not indicated,Not indicated,Given,Planned,Not indicated,Left,Stable,Other
SYN-DM-03790,Ranibizumab,3.12,Planned,Planned,Not given,Completed,Planned,Neither,Stable,Pressure rise
SYN-DM-03791,None,13.58,Not indicated,Planned,Given,Planned,Planned,Neither,Improved,None
SYN-DM-03792,Ranibizumab,13.65,Not indicated,Completed,Not given,Planned,Not indicated,Neither,Stable,None
SYN-DM-03793,None,5.54,Planned,Completed,Given,Completed,Completed,Neither,Improved,Other
SYN-DM-03794,Ranibizumab,14.16,Not indicated,Planned,Given,Planned,Completed,Bilateral,Not assessed,Inflammation
SYN-DM-03795,None,17.72,Planned,Partial,Planned,Not indicated,Not indicated,Neither,Improved,None
SYN-DM-03796,Aflibercept,8.82,Completed,Completed,Not given,Completed,Completed,Bilateral,Worsened,None
SYN-DM-03797,Ranibizumab,12.4,Completed,Not indicated,Not given,Completed,Completed,Bilateral,Stable,Pressure rise
SYN-DM-03798,Bevacizumab,13.05,Planned,Not indicated,Given,Planned,Planned,Neither,Improved,None
SYN-DM-03799,Ranibizumab,16.56,Planned,Planned,Given,Planned,Planned,Neither,Improved,Other
SYN-DM-03800,None,7.53,Planned,Not indicated,Planned,Completed,Planned,Bilateral,Stable,Inflammation
SYN-DM-03801,Bevacizumab,7.66,Not indicated,Completed,Not given,Not indicated,Planned,Neither,Not assessed,None
SYN-DM-03802,Aflibercept,3.72,Not indicated,Not indicated,Given,Completed,Planned,Bilateral,Stable,None
SYN-DM-03803,Bevacizumab,0.06,Planned,Partial,Not given,Not indicated,Completed,Left,Improved,Pressure rise
SYN-DM-03804,None,7.73,Completed,Not indicated,Given,Completed,Completed,Left,Worsened,Other
SYN-DM-03805,Ranibizumab,7.58,Not indicated,Planned,Given,Planned,Completed,Neither,Not assessed,None
SYN-DM-03806,Ranibizumab,13.24,Planned,Planned,Not given,Not indicated,Not indicated,Left,Worsened,Inflammation
SYN-DM-03807,Aflibercept,1.92,Completed,Planned,Not given,Planned,Not indicated,Bilateral,Stable,Inflammation
SYN-DM-03808,Ranibizumab,12.41,Not indicated,Not indicated,Given,Not indicated,Not indicated,Bilateral,Worsened,Other
SYN-DM-03809,Aflibercept,8.67,Completed,Not indicated,Not given,Completed,Not indicated,Left,Improved,Inflammation
SYN-DM-03810,Ranibizumab,16.34,Planned,Planned,Given,Not indicated,Planned,Neither,Not assessed,Other
SYN-DM-03811,None,4.39,Completed,Completed,Planned,Completed,Not indicated,Bilateral,Improved,Pressure rise
SYN-DM-03812,Aflibercept,14.45,Planned,Planned,Planned,Completed,Completed,Right,Stable,None
SYN-DM-03813,Bevacizumab,15.69,Planned,Not indicated,Planned,Completed,Planned,Left,Worsened,Pressure rise
SYN-DM-03814,Aflibercept,15.35,Completed,Not indicated,Planned,Not indicated,Planned,Bilateral,Not assessed,Pressure rise
SYN-DM-03815,None,6.89,Planned,Partial,Not given,Not indicated,Not indicated,Neither,Stable,Other
SYN-DM-03816,Aflibercept,8.46,Planned,Not indicated,Given,Completed,Not indicated,Left,Improved,None
SYN-DM-03817,Aflibercept,4.37,Completed,Planned,Not given,Planned,Not indicated,Right,Improved,Pressure rise
SYN-DM-03818,Ranibizumab,13.06,Not indicated,Planned,Given,Completed,Planned,Neither,Not assessed,Other
SYN-DM-03819,Aflibercept,16.04,Not indicated,Completed,Given,Not indicated,Completed,Right,Not assessed,Pressure rise
SYN-DM-03820,Ranibizumab,6.64,Planned,Partial,Not given,Planned,Completed,Neither,Improved,Other
SYN-DM-03821,Aflibercept,5.75,Completed,Completed,Planned,Completed,Not indicated,Bilateral,Worsened,Other
SYN-DM-03822,Ranibizumab,16.41,Planned,Planned,Planned,Planned,Completed,Right,Stable,Pressure rise
SYN-DM-03823,None,13.59,Completed,Not indicated,Given,Completed,Not indicated,Bilateral,Improved,None
SYN-DM-03824,Ranibizumab,15.48,Completed,Partial,Given,Not indicated,Not indicated,Left,Improved,Pressure rise
SYN-DM-03825,Bevacizumab,11.06,Planned,Planned,Planned,Planned,Not indicated,Left,Not assessed,None
SYN-DM-03826,Aflibercept,7.26,Completed,Not indicated,Planned,Completed,Completed,Bilateral,Improved,Pressure rise
SYN-DM-03827,Bevacizumab,11.55,Completed,Completed,Planned,Not indicated,Completed,Bilateral,Improved,None
SYN-DM-03828,Ranibizumab,5.77,Planned,Not indicated,Given,Completed,Not indicated,Bilateral,Improved,None
SYN-DM-03829,None,9.44,Planned,Not indicated,Planned,Not indicated,Planned,Neither,Stable,None
SYN-DM-03830,Aflibercept,16.8,Planned,Planned,Given,Not indicated,Not indicated,Bilateral,Improved,Other
SYN-DM-03831,Aflibercept,7.13,Completed,Completed,Planned,Planned,Not indicated,Left,Not assessed,Pressure rise
SYN-DM-03832,None,14.64,Not indicated,Planned,Planned,Not indicated,Completed,Left,Worsened,Inflammation
SYN-DM-03833,Ranibizumab,16.94,Not indicated,Planned,Not given,Planned,Completed,Bilateral,Stable,Other
SYN-DM-03834,Bevacizumab,4.54,Planned,Partial,Not given,Not indicated,Planned,Bilateral,Worsened,Inflammation
SYN-DM-03835,None,17.46,Not indicated,Planned,Not given,Planned,Completed,Bilateral,Stable,Inflammation
SYN-DM-03836,None,15.61,Not indicated,Not indicated,Not given,Completed,Completed,Neither,Worsened,Other
SYN-DM-03837,Ranibizumab,10.97,Not indicated,Planned,Not given,Completed,Planned,Neither,Stable,Pressure rise
SYN-DM-03838,Aflibercept,5.13,Completed,Not indicated,Given,Planned,Not indicated,Bilateral,Improved,Inflammation
SYN-DM-03839,Ranibizumab,0.29,Planned,Not indicated,Given,Completed,Completed,Bilateral,Worsened,Pressure rise
SYN-DM-03840,Bevacizumab,12.75,Planned,Not indicated,Not given,Completed,Completed,Bilateral,Stable,Pressure rise
SYN-DM-03841,Ranibizumab,8.36,Planned,Not indicated,Not given,Planned,Completed,Right,Not assessed,None
SYN-DM-03842,Bevacizumab,3.12,Not indicated,Not indicated,Given,Completed,Not indicated,Right,Worsened,Other
SYN-DM-03843,Ranibizumab,5.33,Planned,Completed,Not given,Planned,Not indicated,Bilateral,Stable,Other
SYN-DM-03844,Bevacizumab,13.34,Not indicated,Partial,Planned,Planned,Completed,Left,Stable,Other
SYN-DM-03845,Aflibercept,17.07,Completed,Completed,Planned,Not indicated,Completed,Left,Not assessed,None
SYN-DM-03846,None,14.02,Completed,Partial,Planned,Completed,Not indicated,Neither,Worsened,Other
SYN-DM-03847,Aflibercept,2.92,Planned,Not indicated,Given,Completed,Completed,Left,Stable,None
SYN-DM-03848,Aflibercept,12.43,Planned,Partial,Not given,Not indicated,Planned,Left,Improved,Inflammation
SYN-DM-03849,Aflibercept,6.63,Not indicated,Not indicated,Given,Completed,Completed,Neither,Stable,None
SYN-DM-03850,Aflibercept,2.54,Completed,Partial,Not given,Completed,Completed,Neither,Worsened,Pressure rise
SYN-DM-03851,Bevacizumab,16.49,Not indicated,Not indicated,Planned,Completed,Not indicated,Right,Stable,None
SYN-DM-03852,Aflibercept,2.3,Not indicated,Not indicated,Planned,Planned,Planned,Neither,Not assessed,None
SYN-DM-03853,Bevacizumab,8.06,Not indicated,Planned,Not given,Not indicated,Planned,Right,Stable,Pressure rise
SYN-DM-03854,Aflibercept,11.4,Not indicated,Completed,Not given,Completed,Not indicated,Left,Worsened,Other
SYN-DM-03855,Ranibizumab,14.14,Completed,Planned,Not given,Completed,Planned,Neither,Worsened,None
SYN-DM-03856,Aflibercept,11.32,Planned,Not indicated,Given,Planned,Planned,Left,Worsened,Other
SYN-DM-03857,Aflibercept,1.14,Not indicated,Not indicated,Not given,Planned,Planned,Right,Improved,Other
SYN-DM-03858,Bevacizumab,7.93,Planned,Partial,Given,Planned,Not indicated,Bilateral,Stable,None
SYN-DM-03859,None,6.17,Planned,Planned,Planned,Not indicated,Completed,Right,Worsened,Pressure rise
SYN-DM-03860,Aflibercept,14.99,Planned,Not indicated,Given,Completed,Completed,Neither,Stable,Pressure rise
SYN-DM-03861,Aflibercept,0.84,Not indicated,Completed,Not given,Completed,Completed,Left,Stable,None
SYN-DM-03862,Ranibizumab,6.31,Planned,Partial,Planned,Completed,Planned,Right,Worsened,Pressure rise
SYN-DM-03863,Bevacizumab,4.39,Planned,Not indicated,Planned,Completed,Planned,Left,Stable,None
SYN-DM-03864,Bevacizumab,17.55,Completed,Completed,Given,Completed,Completed,Right,Worsened,Pressure rise
SYN-DM-03865,Aflibercept,17.35,Planned,Planned,Not given,Not indicated,Planned,Neither,Stable,Pressure rise
SYN-DM-03866,Bevacizumab,7.06,Completed,Planned,Given,Completed,Completed,Neither,Worsened,Inflammation
SYN-DM-03867,Ranibizumab,15.19,Not indicated,Planned,Not given,Planned,Planned,Right,Improved,Inflammation
SYN-DM-03868,Bevacizumab,16.89,Completed,Planned,Not given,Not indicated,Completed,Right,Worsened,Inflammation
SYN-DM-03869,Bevacizumab,14.52,Not indicated,Partial,Planned,Completed,Not indicated,Left,Improved,Other
SYN-DM-03870,Bevacizumab,8.75,Not indicated,Completed,Not given,Planned,Not indicated,Neither,Improved,Pressure rise
SYN-DM-03871,Aflibercept,17.01,Planned,Partial,Given,Not indicated,Planned,Neither,Not assessed,Pressure rise
SYN-DM-03872,Ranibizumab,13.93,Not indicated,Partial,Given,Not indicated,Completed,Left,Not assessed,Other
SYN-DM-03873,Aflibercept,16.74,Not indicated,Completed,Planned,Not indicated,Planned,Neither,Not assessed,Pressure rise
SYN-DM-03874,Aflibercept,12.26,Completed,Completed,Not given,Not indicated,Planned,Bilateral,Improved,Inflammation
SYN-DM-03875,Aflibercept,4.53,Not indicated,Partial,Given,Completed,Not indicated,Neither,Worsened,None
SYN-DM-03876,None,16.91,Planned,Completed,Planned,Completed,Not indicated,Right,Not assessed,None
SYN-DM-03877,Bevacizumab,8.41,Not indicated,Not indicated,Not given,Completed,Not indicated,Bilateral,Stable,Pressure rise
SYN-DM-03878,Aflibercept,10.81,Planned,Planned,Given,Not indicated,Not indicated,Neither,Improved,Inflammation
SYN-DM-03879,Bevacizumab,16.86,Completed,Planned,Planned,Not indicated,Not indicated,Bilateral,Worsened,None
SYN-DM-03880,None,12.19,Not indicated,Partial,Not given,Not indicated,Not indicated,Left,Not assessed,Inflammation
SYN-DM-03881,Ranibizumab,17.16,Planned,Planned,Given,Not indicated,Planned,Left,Stable,Pressure rise
SYN-DM-03882,Bevacizumab,4.33,Not indicated,Not indicated,Not given,Not indicated,Completed,Neither,Improved,Inflammation
SYN-DM-03883,Aflibercept,11.06,Completed,Not indicated,Given,Not indicated,Completed,Right,Stable,Pressure rise
SYN-DM-03884,Aflibercept,3.97,Completed,Completed,Not given,Not indicated,Not indicated,Left,Improved,Pressure rise
SYN-DM-03885,Aflibercept,3.75,Not indicated,Partial,Planned,Completed,Completed,Right,Improved,Other
SYN-DM-03886,Aflibercept,2.31,Completed,Planned,Not given,Completed,Planned,Neither,Worsened,Pressure rise
SYN-DM-03887,Bevacizumab,8.08,Planned,Planned,Planned,Not indicated,Not indicated,Neither,Improved,Inflammation
SYN-DM-03888,None,14.47,Not indicated,Not indicated,Planned,Not indicated,Completed,Right,Worsened,Pressure rise
SYN-DM-03889,Ranibizumab,7.43,Planned,Partial,Given,Planned,Planned,Bilateral,Not assessed,None
SYN-DM-03890,Ranibizumab,2.94,Planned,Planned,Planned,Planned,Not indicated,Left,Worsened,Pressure rise
SYN-DM-03891,Ranibizumab,15.78,Planned,Planned,Not given,Planned,Planned,Left,Not assessed,Other
SYN-DM-03892,None,5.59,Planned,Not indicated,Given,Completed,Planned,Neither,Stable,Inflammation
SYN-DM-03893,Ranibizumab,14.26,Completed,Not indicated,Given,Completed,Planned,Left,Stable,Inflammation
SYN-DM-03894,None,3.07,Completed,Partial,Planned,Not indicated,Not indicated,Bilateral,Stable,Inflammation
SYN-DM-03895,Ranibizumab,7.16,Not indicated,Partial,Not given,Completed,Completed,Right,Worsened,None
SYN-DM-03896,None,7.06,Completed,Partial,Not given,Not indicated,Not indicated,Bilateral,Improved,Pressure rise
SYN-DM-03897,None,4.0,Completed,Not indicated,Given,Not indicated,Planned,Bilateral,Stable,Pressure rise
SYN-DM-03898,Aflibercept,17.75,Not indicated,Partial,Not given,Completed,Completed,Neither,Stable,Other
SYN-DM-03899,None,2.83,Completed,Partial,Given,Completed,Not indicated,Right,Not assessed,Other
SYN-DM-03900,Ranibizumab,3.67,Not indicated,Completed,Planned,Not indicated,Not indicated,Bilateral,Worsened,Other
SYN-DM-03901,Ranibizumab,11.01,Planned,Completed,Planned,Completed,Not indicated,Neither,Stable,Pressure rise
SYN-DM-03902,Aflibercept,16.19,Not indicated,Partial,Given,Not indicated,Completed,Right,Stable,Pressure rise
SYN-DM-03903,Ranibizumab,16.72,Completed,Completed,Given,Planned,Completed,Neither,Improved,None
SYN-DM-03904,Ranibizumab,16.17,Planned,Completed,Given,Completed,Planned,Left,Stable,Pressure rise
SYN-DM-03905,Aflibercept,2.33,Completed,Completed,Planned,Not indicated,Not indicated,Left,Stable,Inflammation
SYN-DM-03906,Aflibercept,5.94,Not indicated,Planned,Planned,Not indicated,Not indicated,Right,Worsened,Other
SYN-DM-03907,Ranibizumab,9.66,Not indicated,Not indicated,Planned,Completed,Not indicated,Left,Not assessed,None
SYN-DM-03908,Aflibercept,9.73,Planned,Not indicated,Not given,Completed,Planned,Left,Worsened,None
SYN-DM-03909,Bevacizumab,1.18,Not indicated,Partial,Not given,Completed,Planned,Neither,Stable,None
SYN-DM-03910,Bevacizumab,5.75,Not indicated,Completed,Not given,Completed,Not indicated,Left,Worsened,None
SYN-DM-03911,Ranibizumab,2.74,Completed,Planned,Given,Completed,Completed,Left,Improved,Other
SYN-DM-03912,Bevacizumab,2.44,Completed,Partial,Planned,Not indicated,Completed,Neither,Stable,Pressure rise
SYN-DM-03913,Bevacizumab,3.8,Planned,Not indicated,Planned,Completed,Not indicated,Right,Not assessed,Other
SYN-DM-03914,None,0.32,Completed,Planned,Not given,Completed,Planned,Right,Not assessed,Other
SYN-DM-03915,Aflibercept,10.98,Completed,Not indicated,Not given,Completed,Planned,Neither,Stable,None
SYN-DM-03916,Ranibizumab,1.09,Not indicated,Partial,Planned,Planned,Planned,Bilateral,Not assessed,Pressure rise
SYN-DM-03917,Bevacizumab,12.57,Completed,Partial,Not given,Completed,Planned,Left,Improved,None
SYN-DM-03918,None,7.72,Not indicated,Completed,Not given,Completed,Not indicated,Right,Not assessed,Other
SYN-DM-03919,Bevacizumab,8.39,Planned,Planned,Given,Completed,Planned,Left,Not assessed,None
SYN-DM-03920,Bevacizumab,0.65,Not indicated,Completed,Not given,Completed,Not indicated,Bilateral,Improved,None
SYN-DM-03921,Bevacizumab,7.96,Not indicated,Planned,Given,Planned,Completed,Right,Improved,None
SYN-DM-03922,Aflibercept,1.19,Planned,Partial,Given,Completed,Not indicated,Left,Worsened,None
SYN-DM-03923,Ranibizumab,2.05,Not indicated,Planned,Given,Completed,Planned,Neither,Stable,Other
SYN-DM-03924,None,16.37,Completed,Completed,Given,Planned,Not indicated,Right,Worsened,None
SYN-DM-03925,Ranibizumab,3.97,Completed,Partial,Given,Completed,Not indicated,Left,Stable,None
SYN-DM-03926,None,10.58,Not indicated,Partial,Not given,Not indicated,Completed,Right,Improved,Inflammation
SYN-DM-03927,Ranibizumab,7.07,Completed,Not indicated,Not given,Planned,Not indicated,Neither,Not assessed,None
SYN-DM-03928,Bevacizumab,12.99,Completed,Partial,Planned,Not indicated,Planned,Bilateral,Worsened,None
SYN-DM-03929,None,8.09,Completed,Planned,Given,Completed,Planned,Right,Not assessed,Inflammation
SYN-DM-03930,Bevacizumab,4.49,Not indicated,Completed,Not given,Not indicated,Planned,Bilateral,Improved,None
SYN-DM-03931,None,1.08,Completed,Completed,Planned,Planned,Planned,Bilateral,Stable,Inflammation
SYN-DM-03932,Bevacizumab,11.47,Completed,Not indicated,Given,Completed,Planned,Right,Worsened,Pressure rise
SYN-DM-03933,Aflibercept,7.54,Not indicated,Not indicated,Given,Completed,Planned,Bilateral,Stable,None
SYN-DM-03934,Aflibercept,16.79,Completed,Planned,Given,Not indicated,Planned,Neither,Worsened,Inflammation
SYN-DM-03935,Bevacizumab,3.46,Planned,Completed,Given,Not indicated,Not indicated,Left,Stable,None
SYN-DM-03936,Bevacizumab,6.94,Planned,Completed,Not given,Planned,Not indicated,Left,Improved,Inflammation
SYN-DM-03937,Aflibercept,16.39,Planned,Completed,Not given,Completed,Completed,Neither,Not assessed,None
SYN-DM-03938,None,15.35,Completed,Partial,Not given,Planned,Completed,Right,Not assessed,Other
SYN-DM-03939,Aflibercept,2.34,Planned,Partial,Given,Completed,Planned,Neither,Not assessed,Pressure rise
SYN-DM-03940,Aflibercept,4.51,Planned,Planned,Not given,Planned,Not indicated,Left,Not assessed,None
SYN-DM-03941,Ranibizumab,12.55,Not indicated,Partial,Given,Not indicated,Planned,Right,Stable,None
SYN-DM-03942,Bevacizumab,4.9,Not indicated,Not indicated,Planned,Completed,Planned,Neither,Stable,Pressure rise
SYN-DM-03943,Aflibercept,3.15,Completed,Partial,Planned,Planned,Planned,Bilateral,Not assessed,Other
SYN-DM-03944,None,14.8,Planned,Partial,Given,Not indicated,Completed,Left,Stable,Inflammation
SYN-DM-03945,Aflibercept,10.27,Not indicated,Not indicated,Not given,Planned,Not indicated,Left,Worsened,Inflammation
SYN-DM-03946,Ranibizumab,13.93,Completed,Planned,Planned,Completed,Not indicated,Left,Improved,Pressure rise
SYN-DM-03947,Bevacizumab,5.33,Not indicated,Not indicated,Planned,Completed,Completed,Bilateral,Worsened,Pressure rise
SYN-DM-03948,Ranibizumab,17.26,Planned,Partial,Not given,Completed,Not indicated,Neither,Worsened,Other
SYN-DM-03949,Aflibercept,10.68,Completed,Completed,Not given,Not indicated,Not indicated,Right,Improved,Pressure rise
SYN-DM-03950,Bevacizumab,0.85,Completed,Not indicated,Not given,Completed,Planned,Right,Improved,None
SYN-DM-03951,None,10.27,Completed,Completed,Planned,Not indicated,Planned,Neither,Worsened,None
SYN-DM-03952,Ranibizumab,11.79,Planned,Not indicated,Not given,Not indicated,Not indicated,Right,Stable,Inflammation
SYN-DM-03953,Ranibizumab,14.2,Planned,Not indicated,Not given,Planned,Planned,Bilateral,Stable,None
SYN-DM-03954,Ranibizumab,15.18,Not indicated,Planned,Planned,Completed,Completed,Right,Improved,Other
SYN-DM-03955,Bevacizumab,17.83,Planned,Not indicated,Not given,Not indicated,Not indicated,Bilateral,Not assessed,Pressure rise
SYN-DM-03956,Ranibizumab,8.19,Completed,Partial,Not given,Not indicated,Not indicated,Bilateral,Worsened,Pressure rise
SYN-DM-03957,Ranibizumab,4.57,Planned,Completed,Planned,Completed,Not indicated,Left,Improved,Pressure rise
SYN-DM-03958,Aflibercept,10.59,Completed,Completed,Given,Planned,Not indicated,Right,Not assessed,Other
SYN-DM-03959,Ranibizumab,16.22,Completed,Planned,Given,Planned,Planned,Bilateral,Improved,None
SYN-DM-03960,None,6.34,Completed,Planned,Given,Planned,Not indicated,Neither,Not assessed,Other
SYN-DM-03961,Bevacizumab,4.65,Not indicated,Partial,Given,Completed,Planned,Neither,Improved,Other
SYN-DM-03962,None,5.72,Completed,Not indicated,Not given,Completed,Completed,Left,Worsened,Pressure rise
SYN-DM-03963,Aflibercept,3.75,Not indicated,Partial,Planned,Completed,Completed,Neither,Not assessed,Other
SYN-DM-03964,None,5.5,Planned,Not indicated,Given,Completed,Not indicated,Left,Worsened,Pressure rise
SYN-DM-03965,None,0.63,Not indicated,Partial,Planned,Completed,Completed,Left,Worsened,Inflammation
SYN-DM-03966,None,0.07,Not indicated,Partial,Not given,Completed,Completed,Left,Worsened,Other
SYN-DM-03967,Ranibizumab,15.39,Not indicated,Not indicated,Given,Not indicated,Not indicated,Neither,Not assessed,Pressure rise
SYN-DM-03968,None,16.89,Planned,Partial,Not given,Completed,Planned,Neither,Improved,None
SYN-DM-03969,None,15.34,Planned,Completed,Given,Completed,Not indicated,Bilateral,Worsened,Pressure rise
SYN-DM-03970,Ranibizumab,6.5,Not indicated,Planned,Not given,Completed,Not indicated,Bilateral,Improved,Pressure rise
SYN-DM-03971,Aflibercept,15.23,Planned,Not indicated,Not given,Not indicated,Not indicated,Left,Worsened,Pressure rise
SYN-DM-03972,None,0.41,Not indicated,Not indicated,Given,Not indicated,Not indicated,Right,Worsened,Other
SYN-DM-03973,None,4.15,Planned,Not indicated,Planned,Completed,Not indicated,Right,Improved,Other
SYN-DM-03974,None,2.17,Planned,Planned,Not given,Not indicated,Not indicated,Right,Worsened,Pressure rise
SYN-DM-03975,Ranibizumab,9.76,Not indicated,Not indicated,Not given,Planned,Completed,Right,Worsened,None
SYN-DM-03976,Ranibizumab,3.94,Not indicated,Completed,Given,Planned,Not indicated,Bilateral,Worsened,None
SYN-DM-03977,Aflibercept,9.76,Not indicated,Completed,Not given,Not indicated,Not indicated,Bilateral,Improved,Other
SYN-DM-03978,None,6.73,Planned,Completed,Not given,Planned,Completed,Neither,Improved,Other
SYN-DM-03979,Bevacizumab,16.74,Completed,Planned,Given,Completed,Planned,Bilateral,Worsened,None
SYN-DM-03980,Bevacizumab,9.52,Planned,Not indicated,Not given,Planned,Planned,Left,Not assessed,Inflammation
SYN-DM-03981,Ranibizumab,13.05,Not indicated,Not indicated,Not given,Completed,Not indicated,Right,Stable,Pressure rise
SYN-DM-03982,Aflibercept,1.21,Planned,Partial,Given,Not indicated,Planned,Left,Stable,None
SYN-DM-03983,Aflibercept,13.36,Planned,Partial,Given,Not indicated,Not indicated,Neither,Not assessed,Other
SYN-DM-03984,None,3.63,Not indicated,Not indicated,Not given,Planned,Completed,Bilateral,Worsened,None
SYN-DM-03985,Bevacizumab,2.18,Planned,Partial,Not given,Not indicated,Not indicated,Bilateral,Not assessed,None
SYN-DM-03986,Ranibizumab,1.41,Planned,Partial,Planned,Planned,Not indicated,Neither,Improved,Other
SYN-DM-03987,Ranibizumab,9.59,Planned,Partial,Planned,Completed,Completed,Bilateral,Worsened,Pressure rise
SYN-DM-03988,Aflibercept,5.7,Completed,Completed,Not given,Planned,Not indicated,Right,Worsened,None
SYN-DM-03989,Aflibercept,10.7,Not indicated,Completed,Given,Planned,Planned,Bilateral,Stable,Inflammation
SYN-DM-03990,None,0.42,Completed,Planned,Planned,Planned,Completed,Neither,Improved,Pressure rise
SYN-DM-03991,Aflibercept,1.59,Not indicated,Planned,Not given,Completed,Planned,Bilateral,Stable,None
SYN-DM-03992,Ranibizumab,0.18,Completed,Planned,Not given,Not indicated,Planned,Right,Improved,Pressure rise
SYN-DM-03993,Bevacizumab,4.8,Not indicated,Completed,Planned,Completed,Not indicated,Right,Worsened,Inflammation
SYN-DM-03994,Ranibizumab,8.9,Not indicated,Not indicated,Not given,Completed,Not indicated,Neither,Worsened,Other
SYN-DM-03995,Bevacizumab,8.26,Completed,Partial,Given,Completed,Completed,Bilateral,Not assessed,Other
SYN-DM-03996,Aflibercept,1.77,Not indicated,Partial,Given,Not indicated,Not indicated,Right,Stable,Pressure rise
SYN-DM-03997,Bevacizumab,8.51,Planned,Planned,Planned,Completed,Planned,Bilateral,Stable,Inflammation
SYN-DM-03998,None,17.23,Completed,Planned,Not given,Planned,Completed,Bilateral,Improved,None
SYN-DM-03999,Ranibizumab,4.69,Completed,Not indicated,Planned,Planned,Not indicated,Left,Worsened,None
SYN-DM-04000,Aflibercept,1.98,Planned,Partial,Not given,Not indicated,Planned,Right,Stable,Inflammation
SYN-DM-04001,Aflibercept,13.9,Completed,Completed,Given,Planned,Not indicated,Bilateral,Improved,Pressure rise
SYN-DM-04002,Aflibercept,13.5,Planned,Not indicated,Given,Planned,Planned,Right,Stable,Other
SYN-DM-04003,Ranibizumab,11.87,Completed,Partial,Not given,Not indicated,Not indicated,Left,Worsened,Pressure rise
SYN-DM-04004,Bevacizumab,12.62,Completed,Partial,Planned,Completed,Not indicated,Left,Improved,Other
SYN-DM-04005,Aflibercept,17.0,Not indicated,Planned,Given,Planned,Planned,Neither,Worsened,None
SYN-DM-04006,Ranibizumab,9.75,Not indicated,Planned,Planned,Completed,Not indicated,Neither,Improved,Pressure rise
SYN-DM-04007,Bevacizumab,1.05,Not indicated,Not indicated,Planned,Not indicated,Not indicated,Left,Stable,Inflammation
SYN-DM-04008,Aflibercept,15.82,Not indicated,Partial,Planned,Completed,Planned,Right,Not assessed,Other
SYN-DM-04009,Ranibizumab,14.34,Completed,Completed,Not given,Planned,Planned,Neither,Not assessed,None
SYN-DM-04010,Ranibizumab,1.81,Not indicated,Partial,Given,Completed,Planned,Left,Stable,Pressure rise
SYN-DM-04011,Aflibercept,8.3,Completed,Not indicated,Given,Completed,Completed,Right,Improved,Other
SYN-DM-04012,Bevacizumab,2.82,Planned,Not indicated,Not given,Planned,Planned,Neither,Stable,Inflammation
SYN-DM-04013,Ranibizumab,17.01,Completed,Not indicated,Planned,Completed,Completed,Neither,Worsened,Pressure rise
SYN-DM-04014,Bevacizumab,2.33,Planned,Partial,Not given,Not indicated,Not indicated,Bilateral,Worsened,Other
SYN-DM-04015,Bevacizumab,15.68,Not indicated,Partial,Not given,Planned,Completed,Right,Stable,Other
SYN-DM-04016,None,4.3,Not indicated,Partial,Not given,Completed,Not indicated,Right,Not assessed,Inflammation
SYN-DM-04017,Bevacizumab,4.61,Planned,Partial,Not given,Completed,Not indicated,Neither,Improved,Pressure rise
SYN-DM-04018,Bevacizumab,3.78,Not indicated,Not indicated,Not given,Not indicated,Not indicated,Neither,Worsened,Inflammation
SYN-DM-04019,Bevacizumab,9.62,Not indicated,Completed,Not given,Completed,Not indicated,Right,Not assessed,Other
SYN-DM-04020,Ranibizumab,3.49,Planned,Partial,Given,Planned,Not indicated,Neither,Improved,Pressure rise
SYN-DM-04021,Bevacizumab,0.12,Completed,Completed,Planned,Completed,Planned,Bilateral,Worsened,Inflammation
SYN-DM-04022,None,5.87,Planned,Planned,Given,Completed,Not indicated,Bilateral,Not assessed,Inflammation
SYN-DM-04023,Aflibercept,1.23,Planned,Not indicated,Given,Planned,Planned,Right,Stable,None
SYN-DM-04024,None,0.35,Completed,Planned,Not given,Not indicated,Completed,Right,Worsened,Inflammation
SYN-DM-04025,None,1.72,Planned,Completed,Planned,Planned,Completed,Neither,Not assessed,Pressure rise
SYN-DM-04026,None,15.88,Planned,Completed,Not given,Planned,Planned,Bilateral,Not assessed,Other
SYN-DM-04027,None,14.77,Not indicated,Planned,Not given,Planned,Planned,Bilateral,Stable,None
SYN-DM-04028,Aflibercept,16.08,Not indicated,Planned,Planned,Completed,Completed,Left,Improved,None
SYN-DM-04029,Aflibercept,15.33,Not indicated,Partial,Not given,Completed,Planned,Bilateral,Worsened,Inflammation
SYN-DM-04030,Aflibercept,10.49,Not indicated,Partial,Not given,Completed,Not indicated,Right,Stable,Other
SYN-DM-04031,Ranibizumab,1.51,Completed,Not indicated,Planned,Completed,Completed,Neither,Not assessed,Other
SYN-DM-04032,Bevacizumab,10.62,Not indicated,Partial,Given,Planned,Planned,Neither,Improved,Pressure rise
SYN-DM-04033,Bevacizumab,4.75,Not indicated,Partial,Given,Not indicated,Planned,Right,Not assessed,Inflammation
SYN-DM-04034,None,11.3,Completed,Completed,Given,Planned,Not indicated,Bilateral,Not assessed,None
SYN-DM-04035,Aflibercept,12.38,Not indicated,Partial,Not given,Not indicated,Completed,Left,Stable,None
SYN-DM-04036,None,16.17,Planned,Partial,Given,Completed,Not indicated,Neither,Worsened,Other
SYN-DM-04037,Aflibercept,0.14,Planned,Not indicated,Planned,Planned,Not indicated,Bilateral,Stable,Pressure rise
SYN-DM-04038,Bevacizumab,1.48,Planned,Completed,Planned,Completed,Completed,Right,Improved,Pressure rise
SYN-DM-04039,Bevacizumab,12.07,Completed,Not indicated,Given,Planned,Planned,Right,Worsened,Pressure rise
SYN-DM-04040,None,8.03,Completed,Planned,Given,Completed,Not indicated,Left,Stable,Inflammation
SYN-DM-04041,Bevacizumab,17.68,Not indicated,Not indicated,Planned,Planned,Not indicated,Left,Improved,None
SYN-DM-04042,Aflibercept,13.01,Planned,Completed,Not given,Completed,Planned,Right,Not assessed,Inflammation
SYN-DM-04043,None,12.84,Completed,Partial,Not given,Planned,Planned,Bilateral,Not assessed,Pressure rise
SYN-DM-04044,Aflibercept,4.18,Planned,Not indicated,Given,Completed,Not indicated,Bilateral,Worsened,Other
SYN-DM-04045,Ranibizumab,8.3,Planned,Partial,Not given,Completed,Not indicated,Right,Not assessed,Other
SYN-DM-04046,Ranibizumab,6.52,Not indicated,Completed,Not given,Not indicated,Not indicated,Neither,Not assessed,Inflammation
SYN-DM-04047,None,9.78,Completed,Partial,Not given,Planned,Completed,Bilateral,Worsened,Other
SYN-DM-04048,None,2.78,Not indicated,Partial,Planned,Completed,Planned,Left,Improved,Pressure rise
SYN-DM-04049,Ranibizumab,17.04,Planned,Planned,Given,Completed,Completed,Bilateral,Not assessed,Other
SYN-DM-04050,Bevacizumab,14.4,Not indicated,Completed,Not given,Not indicated,Completed,Bilateral,Worsened,None
SYN-DM-04051,Ranibizumab,11.83,Not indicated,Partial,Not given,Planned,Planned,Left,Worsened,Other
SYN-DM-04052,None,3.13,Planned,Not indicated,Not given,Planned,Planned,Left,Improved,None
SYN-DM-04053,Aflibercept,6.16,Planned,Partial,Given,Not indicated,Planned,Right,Improved,Pressure rise
SYN-DM-04054,Bevacizumab,5.36,Completed,Planned,Not given,Planned,Planned,Left,Not assessed,None
SYN-DM-04055,Bevacizumab,15.57,Planned,Partial,Not given,Not indicated,Not indicated,Left,Not assessed,None
SYN-DM-04056,None,15.1,Completed,Planned,Given,Not indicated,Planned,Bilateral,Stable,Inflammation
SYN-DM-04057,None,5.52,Completed,Not indicated,Planned,Planned,Not indicated,Neither,Not assessed,Other
SYN-DM-04058,None,6.02,Not indicated,Completed,Given,Not indicated,Planned,Right,Improved,Other
SYN-DM-04059,Ranibizumab,7.68,Completed,Completed,Planned,Planned,Completed,Neither,Stable,Other
SYN-DM-04060,Bevacizumab,17.41,Completed,Not indicated,Given,Completed,Planned,Neither,Stable,Pressure rise
SYN-DM-04061,Aflibercept,0.19,Planned,Planned,Not given,Planned,Planned,Bilateral,Worsened,Other
SYN-DM-04062,None,12.04,Completed,Partial,Not given,Not indicated,Completed,Left,Stable,None
SYN-DM-04063,Ranibizumab,12.05,Not indicated,Planned,Given,Completed,Completed,Bilateral,Stable,None
SYN-DM-04064,Ranibizumab,1.58,Not indicated,Planned,Planned,Completed,Not indicated,Left,Worsened,Pressure rise
SYN-DM-04065,Aflibercept,2.95,Planned,Completed,Planned,Planned,Completed,Right,Not assessed,None
SYN-DM-04066,Aflibercept,3.95,Not indicated,Completed,Not given,Not indicated,Planned,Bilateral,Not assessed,Other
SYN-DM-04067,Ranibizumab,15.46,Planned,Not indicated,Planned,Completed,Planned,Bilateral,Not assessed,Pressure rise
SYN-DM-04068,Aflibercept,7.87,Planned,Not indicated,Not given,Planned,Completed,Left,Stable,Other
SYN-DM-04069,Bevacizumab,14.97,Not indicated,Not indicated,Not given,Planned,Planned,Right,Worsened,None
SYN-DM-04070,Ranibizumab,14.03,Planned,Completed,Given,Completed,Planned,Right,Stable,Pressure rise
SYN-DM-04071,Aflibercept,11.94,Planned,Planned,Planned,Completed,Not indicated,Right,Stable,Inflammation
SYN-DM-04072,Bevacizumab,0.05,Completed,Not indicated,Not given,Completed,Completed,Left,Improved,None
SYN-DM-04073,None,13.57,Planned,Completed,Not given,Completed,Not indicated,Right,Worsened,None
SYN-DM-04074,None,8.39,Planned,Partial,Not given,Not indicated,Completed,Neither,Worsened,None
SYN-DM-04075,Ranibizumab,0.08,Completed,Planned,Planned,Planned,Planned,Neither,Worsened,Pressure rise
SYN-DM-04076,Ranibizumab,7.51,Planned,Completed,Not given,Planned,Completed,Bilateral,Not assessed,Pressure rise
SYN-DM-04077,Aflibercept,15.52,Completed,Planned,Planned,Planned,Planned,Right,Not assessed,Other
SYN-DM-04078,Ranibizumab,1.84,Completed,Not indicated,Not given,Not indicated,Planned,Neither,Stable,Other
SYN-DM-04079,Aflibercept,4.69,Planned,Completed,Given,Planned,Planned,Right,Worsened,Other
SYN-DM-04080,Ranibizumab,6.17,Planned,Not indicated,Not given,Planned,Planned,Left,Not assessed,None
SYN-DM-04081,Aflibercept,7.43,Not indicated,Planned,Planned,Planned,Not indicated,Bilateral,Not assessed,Pressure rise
SYN-DM-04082,Aflibercept,13.69,Not indicated,Partial,Not given,Completed,Planned,Neither,Improved,None
SYN-DM-04083,Aflibercept,5.53,Not indicated,Partial,Given,Planned,Planned,Neither,Stable,Pressure rise
SYN-DM-04084,Ranibizumab,17.64,Planned,Completed,Planned,Planned,Not indicated,Right,Worsened,None
SYN-DM-04085,None,14.36,Completed,Completed,Not given,Completed,Completed,Right,Not assessed,Other
SYN-DM-04086,None,10.26,Completed,Completed,Given,Planned,Planned,Left,Stable,None
SYN-DM-04087,Ranibizumab,6.46,Not indicated,Planned,Given,Completed,Completed,Left,Worsened,None
SYN-DM-04088,Ranibizumab,16.56,Not indicated,Planned,Given,Completed,Planned,Bilateral,Improved,None
SYN-DM-04089,Bevacizumab,9.53,Planned,Planned,Planned,Not indicated,Not indicated,Neither,Worsened,Pressure rise
SYN-DM-04090,Ranibizumab,13.75,Not indicated,Partial,Planned,Completed,Completed,Neither,Improved,Other
SYN-DM-04091,Ranibizumab,3.32,Not indicated,Completed,Planned,Completed,Completed,Bilateral,Worsened,None
SYN-DM-04092,Ranibizumab,15.99,Not indicated,Not indicated,Planned,Completed,Not indicated,Right,Worsened,Pressure rise
SYN-DM-04093,Bevacizumab,14.28,Planned,Partial,Given,Completed,Not indicated,Left,Worsened,None
SYN-DM-04094,Ranibizumab,17.36,Not indicated,Planned,Given,Planned,Planned,Neither,Stable,Other
SYN-DM-04095,None,6.71,Planned,Completed,Not given,Not indicated,Not indicated,Neither,Worsened,Inflammation
SYN-DM-04096,Bevacizumab,10.1,Completed,Completed,Planned,Not indicated,Not indicated,Right,Stable,Pressure rise
SYN-DM-04097,None,9.88,Completed,Partial,Not given,Not indicated,Not indicated,Bilateral,Improved,Pressure rise
SYN-DM-04098,Aflibercept,7.03,Completed,Partial,Planned,Not indicated,Not indicated,Bilateral,Worsened,Pressure rise
SYN-DM-04099,Aflibercept,14.4,Planned,Not indicated,Not given,Completed,Completed,Left,Stable,Other
SYN-DM-04100,Aflibercept,1.48,Planned,Completed,Planned,Not indicated,Not indicated,Right,Improved,Pressure rise
SYN-DM-04101,Aflibercept,7.93,Not indicated,Completed,Planned,Planned,Planned,Bilateral,Not assessed,Other
SYN-DM-04102,None,3.68,Completed,Not indicated,Planned,Planned,Not indicated,Neither,Not assessed,None
SYN-DM-04103,None,5.71,Planned,Planned,Not given,Completed,Planned,Right,Stable,Pressure rise
SYN-DM-04104,None,1.97,Planned,Not indicated,Given,Completed,Not indicated,Bilateral,Not assessed,Pressure rise
SYN-DM-04105,Ranibizumab,17.06,Completed,Completed,Planned,Planned,Not indicated,Right,Worsened,Other
SYN-DM-04106,None,7.55,Completed,Partial,Given,Not indicated,Not indicated,Left,Not assessed,Pressure rise
SYN-DM-04107,Ranibizumab,2.29,Not indicated,Planned,Planned,Not indicated,Not indicated,Left,Not assessed,Other
SYN-DM-04108,Bevacizumab,13.58,Completed,Not indicated,Not given,Not indicated,Not indicated,Left,Stable,Other
SYN-DM-04109,None,11.69,Not indicated,Planned,Not given,Planned,Completed,Bilateral,Worsened,None
SYN-DM-04110,Aflibercept,15.89,Completed,Not indicated,Planned,Not indicated,Completed,Neither,Stable,None
SYN-DM-04111,Aflibercept,17.2,Completed,Planned,Not given,Completed,Planned,Bilateral,Worsened,Other
SYN-DM-04112,Aflibercept,14.12,Completed,Planned,Given,Completed,Planned,Neither,Not assessed,None
SYN-DM-04113,None,14.88,Planned,Not indicated,Given,Not indicated,Not indicated,Bilateral,Improved,None
SYN-DM-04114,Bevacizumab,15.2,Not indicated,Planned,Given,Completed,Not indicated,Neither,Not assessed,None
SYN-DM-04115,Aflibercept,7.44,Planned,Completed,Not given,Planned,Completed,Right,Not assessed,Inflammation
SYN-DM-04116,Aflibercept,11.36,Planned,Not indicated,Given,Planned,Planned,Bilateral,Stable,Inflammation
SYN-DM-04117,Aflibercept,13.27,Not indicated,Completed,Given,Not indicated,Not indicated,Right,Not assessed,Other
SYN-DM-04118,None,12.18,Not indicated,Planned,Planned,Planned,Not indicated,Left,Not assessed,None
SYN-DM-04119,Ranibizumab,10.77,Planned,Partial,Planned,Completed,Completed,Left,Worsened,Other
SYN-DM-04120,Bevacizumab,13.11,Completed,Partial,Planned,Not indicated,Completed,Bilateral,Improved,Pressure rise
SYN-DM-04121,Bevacizumab,12.92,Not indicated,Completed,Given,Completed,Planned,Bilateral,Not assessed,Inflammation
SYN-DM-04122,Ranibizumab,17.03,Completed,Not indicated,Not given,Not indicated,Completed,Right,Stable,None
SYN-DM-04123,Aflibercept,2.71,Completed,Planned,Given,Planned,Not indicated,Right,Improved,Inflammation
SYN-DM-04124,Ranibizumab,14.83,Not indicated,Not indicated,Not given,Not indicated,Completed,Bilateral,Not assessed,None
SYN-DM-04125,Bevacizumab,17.81,Completed,Partial,Not given,Planned,Planned,Bilateral,Not assessed,Inflammation
SYN-DM-04126,Ranibizumab,15.13,Completed,Completed,Given,Planned,Not indicated,Left,Not assessed,Pressure rise
SYN-DM-04127,Aflibercept,16.57,Completed,Partial,Planned,Not indicated,Completed,Right,Not assessed,None
SYN-DM-04128,None,11.14,Not indicated,Planned,Given,Not indicated,Planned,Bilateral,Not assessed,Pressure rise
SYN-DM-04129,None,0.83,Completed,Not indicated,Given,Not indicated,Not indicated,Right,Worsened,None
SYN-DM-04130,None,9.84,Not indicated,Planned,Not given,Planned,Planned,Bilateral,Worsened,Pressure rise
SYN-DM-04131,None,2.24,Planned,Completed,Given,Completed,Planned,Right,Not assessed,Inflammation
SYN-DM-04132,None,0.46,Planned,Partial,Given,Not indicated,Planned,Neither,Improved,None
SYN-DM-04133,Ranibizumab,15.33,Planned,Planned,Not given,Not indicated,Completed,Left,Not assessed,Other
SYN-DM-04134,Aflibercept,14.86,Planned,Completed,Planned,Not indicated,Completed,Bilateral,Stable,Other
SYN-DM-04135,Bevacizumab,7.13,Planned,Completed,Given,Not indicated,Not indicated,Bilateral,Improved,None
SYN-DM-04136,Bevacizumab,15.21,Not indicated,Planned,Given,Completed,Completed,Neither,Stable,None
SYN-DM-04137,Aflibercept,14.98,Not indicated,Partial,Planned,Planned,Planned,Left,Stable,Pressure rise
SYN-DM-04138,Bevacizumab,6.06,Not indicated,Partial,Planned,Not indicated,Planned,Right,Worsened,None
SYN-DM-04139,Ranibizumab,6.25,Planned,Planned,Given,Planned,Completed,Left,Improved,Other
SYN-DM-04140,Bevacizumab,0.5,Planned,Not indicated,Not given,Completed,Planned,Right,Not assessed,Inflammation
SYN-DM-04141,Aflibercept,11.59,Planned,Planned,Planned,Not indicated,Planned,Neither,Improved,Pressure rise
SYN-DM-04142,Ranibizumab,6.61,Not indicated,Not indicated,Not given,Planned,Not indicated,Right,Worsened,Pressure rise
SYN-DM-04143,None,15.57,Planned,Partial,Not given,Planned,Completed,Bilateral,Improved,Pressure rise
SYN-DM-04144,Bevacizumab,12.92,Planned,Completed,Not given,Not indicated,Planned,Right,Improved,Other
SYN-DM-04145,Ranibizumab,5.42,Planned,Planned,Given,Completed,Completed,Neither,Not assessed,Other
SYN-DM-04146,Ranibizumab,6.57,Not indicated,Completed,Not given,Planned,Completed,Right,Stable,None
SYN-DM-04147,Aflibercept,2.39,Completed,Planned,Not given,Not indicated,Not indicated,Bilateral,Improved,Pressure rise
SYN-DM-04148,Ranibizumab,17.82,Completed,Completed,Not given,Completed,Not indicated,Right,Improved,None
SYN-DM-04149,None,3.8,Not indicated,Completed,Planned,Completed,Planned,Bilateral,Improved,Inflammation
SYN-DM-04150,None,11.75,Planned,Partial,Planned,Completed,Planned,Neither,Not assessed,None
SYN-DM-04151,Bevacizumab,10.59,Completed,Completed,Given,Not indicated,Not indicated,Bilateral,Not assessed,None
SYN-DM-04152,Bevacizumab,15.35,Completed,Partial,Not given,Completed,Planned,Neither,Stable,Other
SYN-DM-04153,Ranibizumab,13.87,Planned,Planned,Planned,Completed,Not indicated,Bilateral,Worsened,Pressure rise
SYN-DM-04154,Ranibizumab,3.91,Planned,Partial,Given,Planned,Completed,Neither,Improved,Pressure rise
SYN-DM-04155,None,8.82,Planned,Completed,Given,Not indicated,Planned,Bilateral,Improved,Other
SYN-DM-04156,Aflibercept,0.33,Completed,Completed,Planned,Not indicated,Not indicated,Right,Stable,Inflammation
SYN-DM-04157,Bevacizumab,0.72,Completed,Partial,Given,Planned,Not indicated,Bilateral,Improved,Other
SYN-DM-04158,Bevacizumab,4.98,Not indicated,Completed,Planned,Planned,Planned,Bilateral,Stable,Pressure rise
SYN-DM-04159,Bevacizumab,12.35,Not indicated,Partial,Planned,Completed,Not indicated,Left,Not assessed,Inflammation
SYN-DM-04160,None,8.58,Planned,Completed,Planned,Not indicated,Planned,Bilateral,Not assessed,Inflammation
SYN-DM-04161,None,10.29,Completed,Not indicated,Not given,Completed,Planned,Bilateral,Worsened,Pressure rise
SYN-DM-04162,None,1.24,Planned,Completed,Planned,Completed,Completed,Neither,Improved,Inflammation
SYN-DM-04163,Aflibercept,7.67,Planned,Partial,Planned,Not indicated,Completed,Right,Not assessed,Other
SYN-DM-04164,Ranibizumab,16.08,Planned,Planned,Not given,Not indicated,Completed,Left,Worsened,None
SYN-DM-04165,Bevacizumab,5.06,Not indicated,Not indicated,Given,Completed,Not indicated,Neither,Not assessed,Other
SYN-DM-04166,None,1.97,Completed,Not indicated,Not given,Completed,Planned,Bilateral,Stable,None
SYN-DM-04167,None,12.73,Completed,Not indicated,Given,Completed,Completed,Left,Worsened,Inflammation
SYN-DM-04168,Ranibizumab,12.62,Planned,Planned,Planned,Completed,Planned,Right,Improved,Pressure rise
SYN-DM-04169,None,9.69,Not indicated,Partial,Not given,Not indicated,Planned,Bilateral,Not assessed,None
SYN-DM-04170,Bevacizumab,17.32,Not indicated,Partial,Planned,Not indicated,Not indicated,Right,Worsened,Other
SYN-DM-04171,Bevacizumab,3.76,Not indicated,Planned,Planned,Planned,Not indicated,Bilateral,Improved,Pressure rise
SYN-DM-04172,Aflibercept,9.3,Not indicated,Not indicated,Planned,Completed,Planned,Bilateral,Worsened,Pressure rise
SYN-DM-04173,None,15.59,Not indicated,Completed,Given,Not indicated,Planned,Left,Improved,Other
SYN-DM-04174,None,16.85,Not indicated,Planned,Not given,Not indicated,Not indicated,Left,Worsened,Pressure rise
SYN-DM-04175,Bevacizumab,13.98,Not indicated,Partial,Not given,Planned,Not indicated,Bilateral,Worsened,Pressure rise
SYN-DM-04176,None,16.44,Not indicated,Partial,Planned,Completed,Completed,Right,Stable,Other
SYN-DM-04177,Bevacizumab,2.41,Planned,Completed,Not given,Completed,Not indicated,Right,Worsened,Inflammation
SYN-DM-04178,Aflibercept,6.47,Completed,Planned,Planned,Not indicated,Not indicated,Bilateral,Stable,Pressure rise
SYN-DM-04179,Ranibizumab,5.23,Completed,Partial,Planned,Planned,Not indicated,Bilateral,Stable,Inflammation
SYN-DM-04180,None,5.35,Completed,Completed,Planned,Not indicated,Not indicated,Neither,Worsened,Other
SYN-DM-04181,Bevacizumab,17.22,Planned,Partial,Planned,Planned,Not indicated,Bilateral,Stable,Other
SYN-DM-04182,Bevacizumab,5.44,Not indicated,Completed,Planned,Not indicated,Not indicated,Left,Worsened,Other
SYN-DM-04183,Aflibercept,14.44,Completed,Not indicated,Not given,Planned,Not indicated,Right,Improved,Inflammation
SYN-DM-04184,Bevacizumab,9.89,Completed,Partial,Planned,Planned,Planned,Right,Improved,Inflammation
SYN-DM-04185,Ranibizumab,15.62,Not indicated,Not indicated,Planned,Completed,Completed,Neither,Not assessed,Other
SYN-DM-04186,Ranibizumab,5.99,Completed,Partial,Given,Completed,Completed,Right,Not assessed,Other
SYN-DM-04187,Bevacizumab,12.97,Not indicated,Partial,Planned,Not indicated,Planned,Bilateral,Stable,Inflammation
SYN-DM-04188,Ranibizumab,1.45,Planned,Not indicated,Planned,Not indicated,Completed,Left,Stable,Inflammation
SYN-DM-04189,None,15.81,Not indicated,Not indicated,Not given,Planned,Completed,Neither,Stable,Inflammation
SYN-DM-04190,Bevacizumab,1.01,Not indicated,Partial,Not given,Not indicated,Not indicated,Bilateral,Improved,Inflammation
SYN-DM-04191,None,12.39,Planned,Not indicated,Given,Not indicated,Not indicated,Right,Not assessed,None
SYN-DM-04192,None,3.31,Not indicated,Planned,Planned,Planned,Completed,Neither,Worsened,Other
SYN-DM-04193,None,2.49,Not indicated,Completed,Given,Not indicated,Completed,Bilateral,Improved,Inflammation
SYN-DM-04194,Bevacizumab,10.01,Planned,Completed,Planned,Not indicated,Planned,Bilateral,Stable,Other
SYN-DM-04195,Ranibizumab,12.56,Planned,Not indicated,Given,Completed,Planned,Bilateral,Worsened,Other
SYN-DM-04196,None,9.79,Completed,Partial,Not given,Planned,Not indicated,Right,Worsened,None
SYN-DM-04197,Aflibercept,1.12,Completed,Completed,Given,Not indicated,Completed,Right,Stable,Pressure rise
SYN-DM-04198,Bevacizumab,13.06,Completed,Planned,Planned,Planned,Not indicated,Neither,Stable,Other
SYN-DM-04199,None,5.93,Completed,Planned,Planned,Completed,Completed,Left,Worsened,None
SYN-DM-04200,Bevacizumab,10.97,Planned,Partial,Planned,Completed,Not indicated,Left,Stable,Pressure rise
SYN-DM-04201,Ranibizumab,15.58,Planned,Partial,Planned,Planned,Not indicated,Neither,Improved,None
SYN-DM-04202,None,6.33,Planned,Planned,Given,Completed,Not indicated,Right,Improved,None
SYN-DM-04203,Aflibercept,10.8,Planned,Not indicated,Not given,Planned,Completed,Bilateral,Not assessed,Pressure rise
SYN-DM-04204,Bevacizumab,1.74,Completed,Planned,Planned,Not indicated,Completed,Left,Worsened,Pressure rise
SYN-DM-04205,Aflibercept,3.03,Not indicated,Completed,Not given,Completed,Not indicated,Bilateral,Worsened,Pressure rise
SYN-DM-04206,None,0.95,Completed,Planned,Planned,Not indicated,Completed,Bilateral,Improved,Other
SYN-DM-04207,Bevacizumab,6.64,Not indicated,Partial,Given,Completed,Planned,Right,Stable,Inflammation
SYN-DM-04208,None,2.51,Planned,Completed,Not given,Not indicated,Completed,Left,Improved,Pressure rise
SYN-DM-04209,Aflibercept,13.12,Completed,Completed,Not given,Completed,Not indicated,Bilateral,Stable,Other
SYN-DM-04210,None,11.23,Not indicated,Partial,Given,Planned,Not indicated,Right,Improved,None
SYN-DM-04211,Ranibizumab,7.08,Planned,Partial,Not given,Completed,Not indicated,Bilateral,Improved,Inflammation
SYN-DM-04212,None,4.43,Planned,Planned,Not given,Not indicated,Completed,Right,Worsened,None
SYN-DM-04213,None,14.32,Planned,Partial,Given,Planned,Planned,Neither,Stable,Pressure rise
SYN-DM-04214,Bevacizumab,6.92,Completed,Planned,Planned,Completed,Planned,Neither,Stable,Other
SYN-DM-04215,Aflibercept,3.44,Not indicated,Completed,Given,Completed,Planned,Neither,Stable,None
SYN-DM-04216,Aflibercept,16.59,Not indicated,Completed,Planned,Completed,Planned,Neither,Not assessed,Other
SYN-DM-04217,None,8.63,Not indicated,Partial,Planned,Completed,Completed,Bilateral,Stable,Inflammation
SYN-DM-04218,Ranibizumab,9.48,Planned,Completed,Given,Planned,Not indicated,Neither,Stable,Other
SYN-DM-04219,Bevacizumab,10.03,Not indicated,Partial,Not given,Not indicated,Completed,Neither,Not assessed,Inflammation
SYN-DM-04220,None,3.8,Completed,Not indicated,Not given,Completed,Planned,Left,Stable,Inflammation
SYN-DM-04221,Aflibercept,17.44,Planned,Partial,Planned,Not indicated,Completed,Bilateral,Worsened,Inflammation
SYN-DM-04222,Aflibercept,14.34,Planned,Partial,Given,Not indicated,Completed,Left,Worsened,Pressure rise
SYN-DM-04223,Bevacizumab,0.88,Not indicated,Planned,Not given,Planned,Planned,Neither,Worsened,Inflammation
SYN-DM-04224,Bevacizumab,9.41,Not indicated,Completed,Planned,Not indicated,Planned,Bilateral,Not assessed,Inflammation
SYN-DM-04225,Ranibizumab,16.4,Not indicated,Completed,Planned,Planned,Not indicated,Bilateral,Worsened,Inflammation
SYN-DM-04226,None,6.65,Not indicated,Planned,Given,Completed,Completed,Left,Not assessed,Inflammation
SYN-DM-04227,None,12.06,Completed,Planned,Not given,Planned,Completed,Neither,Improved,Pressure rise
SYN-DM-04228,Ranibizumab,9.29,Planned,Planned,Planned,Not indicated,Not indicated,Neither,Worsened,Inflammation
SYN-DM-04229,Aflibercept,12.28,Not indicated,Partial,Planned,Completed,Planned,Right,Stable,Pressure rise
SYN-DM-04230,Aflibercept,12.1,Completed,Completed,Given,Completed,Completed,Right,Worsened,None
SYN-DM-04231,Bevacizumab,10.48,Planned,Completed,Not given,Planned,Not indicated,Neither,Improved,Pressure rise
SYN-DM-04232,Ranibizumab,10.14,Not indicated,Not indicated,Given,Planned,Not indicated,Bilateral,Worsened,None
SYN-DM-04233,Bevacizumab,2.55,Not indicated,Partial,Planned,Completed,Not indicated,Left,Improved,Other
SYN-DM-04234,Ranibizumab,2.74,Not indicated,Not indicated,Not given,Not indicated,Completed,Right,Not assessed,Inflammation
SYN-DM-04235,Bevacizumab,4.39,Planned,Not indicated,Not given,Completed,Planned,Neither,Not assessed,Other
SYN-DM-04236,Ranibizumab,0.48,Planned,Partial,Not given,Completed,Planned,Right,Not assessed,Other
SYN-DM-04237,None,15.73,Completed,Not indicated,Given,Completed,Not indicated,Left,Worsened,Other
SYN-DM-04238,Ranibizumab,13.09,Not indicated,Planned,Given,Not indicated,Not indicated,Neither,Stable,Other
SYN-DM-04239,Ranibizumab,0.09,Not indicated,Partial,Not given,Not indicated,Not indicated,Bilateral,Worsened,Inflammation
SYN-DM-04240,Bevacizumab,1.98,Planned,Planned,Given,Not indicated,Completed,Neither,Improved,Other
SYN-DM-04241,Bevacizumab,1.29,Completed,Completed,Not given,Planned,Completed,Left,Not assessed,Other
SYN-DM-04242,None,2.69,Planned,Partial,Given,Completed,Not indicated,Bilateral,Stable,Other
SYN-DM-04243,None,13.46,Completed,Completed,Planned,Completed,Completed,Right,Stable,None
SYN-DM-04244,Bevacizumab,11.06,Completed,Partial,Given,Completed,Completed,Bilateral,Improved,Other
SYN-DM-04245,Bevacizumab,8.12,Completed,Not indicated,Given,Planned,Not indicated,Left,Worsened,None
SYN-DM-04246,Bevacizumab,4.67,Completed,Partial,Planned,Completed,Not indicated,Left,Not assessed,Inflammation
SYN-DM-04247,Ranibizumab,14.62,Not indicated,Planned,Given,Planned,Not indicated,Bilateral,Not assessed,Other
SYN-DM-04248,None,13.48,Planned,Partial,Planned,Completed,Completed,Bilateral,Stable,Inflammation
SYN-DM-04249,None,14.23,Planned,Completed,Planned,Completed,Not indicated,Right,Worsened,Inflammation
SYN-DM-04250,Bevacizumab,9.47,Completed,Planned,Planned,Completed,Completed,Right,Improved,Pressure rise
SYN-DM-04251,None,0.23,Planned,Planned,Not given,Not indicated,Completed,Bilateral,Improved,Other
SYN-DM-04252,None,3.02,Planned,Planned,Not given,Not indicated,Not indicated,Bilateral,Not assessed,Inflammation
SYN-DM-04253,None,14.83,Planned,Not indicated,Not given,Completed,Planned,Bilateral,Worsened,Inflammation
SYN-DM-04254,Ranibizumab,2.89,Completed,Partial,Given,Planned,Planned,Right,Worsened,None
SYN-DM-04255,None,4.49,Completed,Partial,Given,Planned,Not indicated,Left,Improved,Inflammation
SYN-DM-04256,Ranibizumab,0.91,Planned,Partial,Planned,Not indicated,Completed,Neither,Stable,Inflammation
SYN-DM-04257,None,11.38,Completed,Completed,Given,Not indicated,Planned,Bilateral,Improved,Other
SYN-DM-04258,Ranibizumab,8.66,Completed,Partial,Not given,Not indicated,Not indicated,Bilateral,Improved,None
SYN-DM-04259,Bevacizumab,13.41,Completed,Not indicated,Given,Completed,Planned,Bilateral,Worsened,Inflammation
SYN-DM-04260,None,2.27,Not indicated,Planned,Not given,Planned,Not indicated,Neither,Worsened,Other
SYN-DM-04261,None,17.48,Not indicated,Completed,Not given,Not indicated,Planned,Neither,Worsened,Pressure rise
SYN-DM-04262,Aflibercept,11.37,Completed,Planned,Given,Planned,Not indicated,Right,Worsened,Other
SYN-DM-04263,Aflibercept,16.3,Completed,Planned,Given,Not indicated,Completed,Right,Stable,Inflammation
SYN-DM-04264,Aflibercept,10.45,Completed,Planned,Given,Not indicated,Planned,Bilateral,Improved,None
SYN-DM-04265,Bevacizumab,1.54,Not indicated,Not indicated,Given,Not indicated,Completed,Left,Not assessed,Other
SYN-DM-04266,Bevacizumab,9.37,Not indicated,Planned,Planned,Not indicated,Completed,Neither,Worsened,Pressure rise
SYN-DM-04267,Aflibercept,4.04,Planned,Planned,Given,Not indicated,Planned,Neither,Not assessed,Pressure rise
SYN-DM-04268,None,7.14,Completed,Partial,Planned,Planned,Planned,Right,Worsened,Inflammation
SYN-DM-04269,Ranibizumab,11.79,Planned,Completed,Planned,Not indicated,Completed,Left,Not assessed,Other
SYN-DM-04270,Bevacizumab,13.09,Not indicated,Not indicated,Planned,Not indicated,Not indicated,Right,Stable,Inflammation
SYN-DM-04271,Ranibizumab,13.5,Completed,Partial,Given,Not indicated,Planned,Neither,Not assessed,None
SYN-DM-04272,None,16.47,Planned,Planned,Given,Completed,Not indicated,Left,Worsened,Other
SYN-DM-04273,None,9.47,Completed,Partial,Given,Not indicated,Planned,Bilateral,Worsened,Pressure rise
SYN-DM-04274,Bevacizumab,5.96,Completed,Completed,Given,Planned,Completed,Neither,Worsened,Inflammation
SYN-DM-04275,Bevacizumab,15.74,Planned,Planned,Given,Not indicated,Planned,Left,Not assessed,Pressure rise
SYN-DM-04276,Bevacizumab,17.53,Not indicated,Planned,Not given,Planned,Planned,Bilateral,Not assessed,Inflammation
SYN-DM-04277,Aflibercept,3.26,Not indicated,Not indicated,Not given,Completed,Completed,Bilateral,Improved,None
SYN-DM-04278,Ranibizumab,8.06,Completed,Planned,Given,Not indicated,Planned,Bilateral,Stable,Other
SYN-DM-04279,None,3.35,Completed,Completed,Given,Completed,Not indicated,Left,Improved,None
SYN-DM-04280,Aflibercept,17.74,Completed,Partial,Given,Planned,Not indicated,Bilateral,Not assessed,Pressure rise
SYN-DM-04281,None,13.58,Not indicated,Planned,Not given,Planned,Planned,Right,Worsened,None
SYN-DM-04282,Aflibercept,6.11,Completed,Partial,Planned,Completed,Completed,Neither,Worsened,Inflammation
SYN-DM-04283,Aflibercept,0.18,Planned,Planned,Given,Completed,Planned,Bilateral,Improved,Inflammation
SYN-DM-04284,Bevacizumab,0.79,Planned,Partial,Not given,Planned,Not indicated,Neither,Stable,Pressure rise
SYN-DM-04285,None,17.37,Planned,Completed,Not given,Planned,Not indicated,Neither,Not assessed,None
SYN-DM-04286,Aflibercept,16.49,Not indicated,Not indicated,Not given,Planned,Planned,Left,Not assessed,Pressure rise
SYN-DM-04287,Ranibizumab,13.96,Planned,Not indicated,Not given,Planned,Not indicated,Right,Worsened,Other
SYN-DM-04288,Ranibizumab,15.67,Not indicated,Planned,Planned,Not indicated,Not indicated,Bilateral,Improved,Inflammation
SYN-DM-04289,Ranibizumab,0.05,Planned,Completed,Planned,Completed,Completed,Neither,Stable,None
SYN-DM-04290,Ranibizumab,1.7,Not indicated,Partial,Planned,Not indicated,Not indicated,Right,Stable,Pressure rise
SYN-DM-04291,Ranibizumab,3.61,Planned,Planned,Planned,Completed,Not indicated,Bilateral,Stable,Inflammation
SYN-DM-04292,None,16.39,Not indicated,Completed,Not given,Planned,Planned,Left,Stable,Inflammation
SYN-DM-04293,Bevacizumab,0.59,Not indicated,Planned,Not given,Planned,Planned,Bilateral,Not assessed,Other
SYN-DM-04294,Ranibizumab,4.26,Completed,Completed,Planned,Planned,Not indicated,Bilateral,Improved,Pressure rise
SYN-DM-04295,Aflibercept,12.13,Completed,Partial,Planned,Not indicated,Completed,Neither,Stable,Pressure rise
SYN-DM-04296,Aflibercept,17.24,Not indicated,Partial,Not given,Not indicated,Completed,Bilateral,Not assessed,Pressure rise
SYN-DM-04297,None,17.23,Planned,Planned,Planned,Completed,Planned,Right,Improved,None
SYN-DM-04298,None,14.91,Planned,Not indicated,Not given,Planned,Completed,Neither,Worsened,Other
SYN-DM-04299,Aflibercept,10.42,Planned,Not indicated,Not given,Completed,Not indicated,Bilateral,Worsened,Pressure rise
SYN-DM-04300,Ranibizumab,11.94,Completed,Not indicated,Planned,Not indicated,Planned,Bilateral,Improved,Pressure rise
SYN-DM-04301,Bevacizumab,6.77,Completed,Planned,Planned,Planned,Not indicated,Bilateral,Improved,None
SYN-DM-04302,Aflibercept,12.91,Not indicated,Partial,Given,Completed,Completed,Left,Improved,None
SYN-DM-04303,Bevacizumab,14.9,Completed,Partial,Not given,Planned,Planned,Left,Worsened,Inflammation
SYN-DM-04304,Aflibercept,1.46,Not indicated,Planned,Planned,Planned,Completed,Left,Not assessed,None
SYN-DM-04305,None,16.31,Completed,Partial,Planned,Completed,Planned,Left,Not assessed,None
SYN-DM-04306,Bevacizumab,7.77,Planned,Planned,Planned,Completed,Not indicated,Right,Stable,Inflammation
SYN-DM-04307,Bevacizumab,11.82,Not indicated,Not indicated,Not given,Not indicated,Completed,Bilateral,Improved,None
SYN-DM-04308,Bevacizumab,15.43,Not indicated,Not indicated,Not given,Not indicated,Completed,Neither,Stable,Inflammation
SYN-DM-04309,Ranibizumab,3.2,Not indicated,Planned,Given,Not indicated,Completed,Right,Worsened,Inflammation
SYN-DM-04310,Aflibercept,9.78,Planned,Planned,Given,Not indicated,Completed,Left,Not assessed,Other
SYN-DM-04311,Ranibizumab,15.74,Planned,Planned,Planned,Not indicated,Not indicated,Right,Worsened,Pressure rise
SYN-DM-04312,Ranibizumab,0.24,Not indicated,Partial,Given,Completed,Not indicated,Left,Stable,Pressure rise
SYN-DM-04313,None,15.38,Not indicated,Completed,Given,Planned,Not indicated,Neither,Not assessed,Inflammation
SYN-DM-04314,Ranibizumab,6.03,Completed,Partial,Given,Planned,Not indicated,Right,Stable,Pressure rise
SYN-DM-04315,Bevacizumab,8.42,Completed,Planned,Given,Not indicated,Planned,Left,Worsened,Inflammation
SYN-DM-04316,Aflibercept,9.17,Not indicated,Partial,Not given,Completed,Completed,Right,Improved,Other
SYN-DM-04317,None,0.59,Planned,Partial,Not given,Not indicated,Not indicated,Bilateral,Improved,Other
SYN-DM-04318,None,9.98,Planned,Completed,Not given,Completed,Completed,Neither,Stable,Other
SYN-DM-04319,Ranibizumab,1.27,Completed,Planned,Planned,Not indicated,Completed,Left,Stable,Pressure rise
SYN-DM-04320,None,7.85,Planned,Partial,Given,Not indicated,Completed,Right,Not assessed,Pressure rise
SYN-DM-04321,Ranibizumab,2.8,Not indicated,Not indicated,Not given,Not indicated,Planned,Neither,Stable,Inflammation
SYN-DM-04322,None,5.58,Completed,Partial,Not given,Planned,Not indicated,Neither,Not assessed,Inflammation
SYN-DM-04323,Bevacizumab,2.29,Not indicated,Partial,Planned,Planned,Planned,Left,Worsened,Pressure rise
SYN-DM-04324,Aflibercept,6.43,Planned,Partial,Planned,Completed,Not indicated,Right,Improved,Other
SYN-DM-04325,Ranibizumab,6.2,Not indicated,Completed,Not given,Not indicated,Planned,Bilateral,Improved,Pressure rise
SYN-DM-04326,Bevacizumab,17.79,Completed,Completed,Planned,Completed,Completed,Left,Improved,Pressure rise
SYN-DM-04327,Aflibercept,11.0,Completed,Partial,Planned,Not indicated,Completed,Left,Stable,Inflammation
SYN-DM-04328,Aflibercept,12.18,Completed,Not indicated,Given,Not indicated,Planned,Bilateral,Not assessed,Pressure rise
SYN-DM-04329,Aflibercept,8.32,Planned,Partial,Not given,Completed,Planned,Left,Worsened,None
SYN-DM-04330,Bevacizumab,5.66,Not indicated,Not indicated,Given,Planned,Planned,Neither,Not assessed,Pressure rise
SYN-DM-04331,None,15.56,Completed,Partial,Given,Completed,Not indicated,Right,Stable,Inflammation
SYN-DM-04332,Bevacizumab,11.35,Completed,Planned,Planned,Completed,Not indicated,Bilateral,Not assessed,Pressure rise
SYN-DM-04333,Aflibercept,0.81,Not indicated,Partial,Given,Completed,Completed,Left,Not assessed,Pressure rise
SYN-DM-04334,None,7.91,Planned,Not indicated,Given,Completed,Planned,Right,Stable,None
SYN-DM-04335,Ranibizumab,8.71,Completed,Planned,Planned,Completed,Not indicated,Bilateral,Not assessed,Pressure rise
SYN-DM-04336,None,9.5,Not indicated,Partial,Not given,Completed,Not indicated,Left,Stable,Pressure rise
SYN-DM-04337,Aflibercept,5.43,Not indicated,Not indicated,Given,Completed,Not indicated,Right,Improved,Inflammation
SYN-DM-04338,Aflibercept,0.68,Completed,Partial,Given,Completed,Completed,Left,Worsened,Other
SYN-DM-04339,Bevacizumab,1.95,Not indicated,Completed,Planned,Completed,Planned,Bilateral,Not assessed,Inflammation
SYN-DM-04340,Bevacizumab,2.69,Planned,Completed,Planned,Planned,Planned,Right,Not assessed,Pressure rise
SYN-DM-04341,Bevacizumab,8.14,Completed,Not indicated,Planned,Completed,Completed,Left,Stable,Pressure rise
SYN-DM-04342,Ranibizumab,0.7,Planned,Completed,Given,Planned,Not indicated,Neither,Worsened,Other
SYN-DM-04343,None,11.9,Not indicated,Partial,Given,Planned,Completed,Left,Stable,Pressure rise
SYN-DM-04344,Aflibercept,3.29,Completed,Not indicated,Planned,Planned,Not indicated,Right,Worsened,Pressure rise
SYN-DM-04345,Bevacizumab,9.07,Completed,Not indicated,Given,Completed,Planned,Right,Worsened,Pressure rise
SYN-DM-04346,None,2.27,Completed,Planned,Planned,Completed,Not indicated,Left,Not assessed,None
SYN-DM-04347,None,15.72,Not indicated,Partial,Not given,Not indicated,Completed,Left,Worsened,Other
SYN-DM-04348,Aflibercept,0.91,Planned,Partial,Given,Not indicated,Planned,Bilateral,Worsened,Pressure rise
SYN-DM-04349,None,17.99,Not indicated,Not indicated,Given,Not indicated,Planned,Left,Not assessed,Pressure rise
SYN-DM-04350,Bevacizumab,10.56,Planned,Not indicated,Planned,Planned,Not indicated,Right,Improved,Pressure rise
SYN-DM-04351,Bevacizumab,12.01,Not indicated,Not indicated,Given,Completed,Not indicated,Neither,Not assessed,Pressure rise
SYN-DM-04352,Ranibizumab,0.7,Not indicated,Planned,Given,Not indicated,Not indicated,Right,Stable,Other
SYN-DM-04353,Ranibizumab,13.26,Completed,Completed,Not given,Not indicated,Planned,Left,Worsened,Other
SYN-DM-04354,Bevacizumab,3.31,Completed,Planned,Not given,Completed,Not indicated,Neither,Not assessed,Pressure rise
SYN-DM-04355,Aflibercept,12.46,Completed,Not indicated,Given,Not indicated,Planned,Right,Improved,Inflammation
SYN-DM-04356,Aflibercept,11.37,Not indicated,Partial,Given,Planned,Completed,Bilateral,Stable,Inflammation
SYN-DM-04357,Ranibizumab,16.31,Not indicated,Not indicated,Not given,Not indicated,Completed,Bilateral,Improved,Other
SYN-DM-04358,Ranibizumab,3.75,Completed,Completed,Not given,Not indicated,Not indicated,Left,Not assessed,None
SYN-DM-04359,None,12.11,Planned,Not indicated,Given,Completed,Planned,Left,Worsened,None
SYN-DM-04360,Aflibercept,17.25,Planned,Not indicated,Not given,Not indicated,Completed,Neither,Not assessed,None
SYN-DM-04361,Bevacizumab,12.53,Planned,Completed,Not given,Completed,Completed,Bilateral,Worsened,Other
SYN-DM-04362,Aflibercept,5.29,Not indicated,Planned,Not given,Planned,Not indicated,Left,Worsened,None
SYN-DM-04363,Bevacizumab,3.58,Completed,Not indicated,Planned,Planned,Not indicated,Bilateral,Worsened,Pressure rise
SYN-DM-04364,Bevacizumab,17.55,Planned,Planned,Planned,Not indicated,Not indicated,Bilateral,Worsened,Inflammation
SYN-DM-04365,Aflibercept,16.3,Completed,Not indicated,Given,Not indicated,Planned,Bilateral,Stable,Other
SYN-DM-04366,Bevacizumab,8.97,Planned,Partial,Given,Not indicated,Not indicated,Left,Improved,Pressure rise
SYN-DM-04367,Aflibercept,9.77,Not indicated,Completed,Not given,Completed,Not indicated,Right,Stable,Inflammation
SYN-DM-04368,None,3.95,Not indicated,Planned,Given,Completed,Planned,Right,Stable,Pressure rise
SYN-DM-04369,None,5.62,Planned,Partial,Planned,Completed,Not indicated,Left,Not assessed,Other
SYN-DM-04370,None,6.44,Completed,Planned,Planned,Completed,Not indicated,Bilateral,Stable,Other
SYN-DM-04371,Ranibizumab,7.91,Planned,Partial,Not given,Completed,Completed,Neither,Improved,Other
SYN-DM-04372,None,6.79,Planned,Planned,Not given,Completed,Planned,Left,Worsened,Pressure rise
SYN-DM-04373,Aflibercept,16.86,Planned,Not indicated,Planned,Planned,Completed,Bilateral,Worsened,Other
SYN-DM-04374,Aflibercept,4.84,Planned,Completed,Planned,Not indicated,Not indicated,Right,Stable,Other
SYN-DM-04375,Aflibercept,4.5,Completed,Completed,Given,Planned,Not indicated,Bilateral,Worsened,None
SYN-DM-04376,Bevacizumab,4.56,Planned,Partial,Given,Planned,Planned,Left,Improved,Pressure rise
SYN-DM-04377,None,16.53,Completed,Partial,Planned,Not indicated,Planned,Right,Stable,Inflammation
SYN-DM-04378,Aflibercept,3.35,Completed,Planned,Given,Not indicated,Not indicated,Neither,Worsened,Pressure rise
SYN-DM-04379,None,0.39,Not indicated,Completed,Not given,Completed,Not indicated,Bilateral,Not assessed,Other
SYN-DM-04380,Ranibizumab,9.38,Planned,Completed,Planned,Planned,Not indicated,Bilateral,Not assessed,None
SYN-DM-04381,Aflibercept,9.29,Completed,Planned,Not given,Not indicated,Not indicated,Neither,Stable,Inflammation
SYN-DM-04382,None,12.39,Planned,Partial,Planned,Completed,Completed,Right,Worsened,Other
SYN-DM-04383,Ranibizumab,10.93,Not indicated,Planned,Planned,Planned,Completed,Bilateral,Not assessed,Pressure rise
SYN-DM-04384,Aflibercept,4.71,Planned,Planned,Given,Not indicated,Completed,Left,Improved,Other
SYN-DM-04385,None,4.88,Planned,Not indicated,Planned,Planned,Completed,Right,Stable,None
SYN-DM-04386,Aflibercept,9.31,Not indicated,Completed,Not given,Completed,Planned,Right,Worsened,Inflammation
SYN-DM-04387,None,8.92,Planned,Not indicated,Planned,Not indicated,Completed,Left,Not assessed,Pressure rise
SYN-DM-04388,Ranibizumab,11.73,Completed,Partial,Not given,Planned,Completed,Right,Not assessed,None
SYN-DM-04389,Aflibercept,7.64,Completed,Partial,Given,Not indicated,Completed,Right,Improved,Pressure rise
SYN-DM-04390,Ranibizumab,10.56,Not indicated,Partial,Not given,Completed,Completed,Left,Worsened,Pressure rise
SYN-DM-04391,None,2.28,Not indicated,Partial,Given,Not indicated,Completed,Right,Worsened,Pressure rise
SYN-DM-04392,Bevacizumab,10.53,Planned,Completed,Given,Planned,Planned,Left,Improved,Pressure rise
SYN-DM-04393,Ranibizumab,9.73,Not indicated,Planned,Given,Not indicated,Completed,Right,Stable,Inflammation
SYN-DM-04394,None,5.1,Completed,Not indicated,Given,Not indicated,Planned,Neither,Improved,Other
SYN-DM-04395,Ranibizumab,8.16,Planned,Planned,Not given,Planned,Planned,Bilateral,Not assessed,Pressure rise
SYN-DM-04396,None,17.89,Planned,Not indicated,Given,Not indicated,Planned,Left,Not assessed,Pressure rise
SYN-DM-04397,Ranibizumab,11.66,Planned,Partial,Given,Planned,Completed,Left,Not assessed,Pressure rise
SYN-DM-04398,Ranibizumab,4.65,Not indicated,Completed,Planned,Completed,Completed,Neither,Improved,Other
SYN-DM-04399,None,17.5,Not indicated,Completed,Planned,Completed,Not indicated,Bilateral,Improved,Inflammation
SYN-DM-04400,Bevacizumab,12.61,Planned,Not indicated,Planned,Completed,Completed,Right,Improved,Pressure rise
SYN-DM-04401,None,10.74,Not indicated,Completed,Planned,Planned,Not indicated,Right,Stable,Other
SYN-DM-04402,Ranibizumab,1.14,Planned,Completed,Not given,Planned,Completed,Bilateral,Improved,Inflammation
SYN-DM-04403,Bevacizumab,17.54,Completed,Completed,Planned,Planned,Not indicated,Right,Improved,Inflammation
SYN-DM-04404,None,17.95,Completed,Planned,Planned,Completed,Not indicated,Left,Improved,Inflammation
SYN-DM-04405,None,3.44,Planned,Planned,Not given,Not indicated,Planned,Left,Not assessed,Pressure rise
SYN-DM-04406,None,7.26,Planned,Not indicated,Given,Planned,Not indicated,Neither,Improved,Pressure rise
SYN-DM-04407,Ranibizumab,8.22,Not indicated,Partial,Planned,Planned,Planned,Left,Worsened,Inflammation
SYN-DM-04408,Aflibercept,9.71,Planned,Partial,Not given,Planned,Not indicated,Left,Improved,Pressure rise
SYN-DM-04409,Ranibizumab,5.82,Planned,Not indicated,Planned,Not indicated,Planned,Left,Not assessed,None
SYN-DM-04410,None,12.24,Planned,Partial,Given,Not indicated,Planned,Bilateral,Improved,None
SYN-DM-04411,Ranibizumab,10.51,Completed,Not indicated,Given,Not indicated,Completed,Left,Worsened,Inflammation
SYN-DM-04412,Aflibercept,7.71,Completed,Planned,Not given,Planned,Completed,Bilateral,Improved,None
SYN-DM-04413,Aflibercept,14.25,Not indicated,Not indicated,Planned,Completed,Completed,Right,Worsened,None
SYN-DM-04414,Bevacizumab,5.3,Completed,Not indicated,Planned,Not indicated,Completed,Neither,Worsened,Inflammation
SYN-DM-04415,Aflibercept,4.07,Planned,Planned,Not given,Planned,Completed,Bilateral,Improved,Pressure rise
SYN-DM-04416,Bevacizumab,4.26,Planned,Planned,Not given,Not indicated,Planned,Left,Not assessed,Inflammation
SYN-DM-04417,Aflibercept,12.21,Planned,Partial,Planned,Not indicated,Completed,Left,Improved,Inflammation
SYN-DM-04418,Ranibizumab,15.02,Planned,Completed,Given,Planned,Planned,Right,Not assessed,Pressure rise
SYN-DM-04419,Aflibercept,13.54,Completed,Completed,Given,Planned,Completed,Right,Improved,Other
SYN-DM-04420,Aflibercept,12.11,Completed,Planned,Planned,Completed,Planned,Neither,Stable,Inflammation
SYN-DM-04421,Bevacizumab,5.2,Completed,Completed,Not given,Completed,Not indicated,Left,Worsened,Inflammation
SYN-DM-04422,None,10.77,Completed,Not indicated,Planned,Planned,Planned,Bilateral,Stable,Inflammation
SYN-DM-04423,Ranibizumab,6.6,Planned,Completed,Planned,Not indicated,Planned,Neither,Improved,None
SYN-DM-04424,Bevacizumab,16.19,Not indicated,Partial,Planned,Planned,Completed,Right,Not assessed,Pressure rise
SYN-DM-04425,Ranibizumab,5.57,Planned,Partial,Planned,Completed,Planned,Bilateral,Worsened,Other
SYN-DM-04426,Bevacizumab,11.22,Completed,Planned,Not given,Completed,Planned,Neither,Improved,Inflammation
SYN-DM-04427,None,1.27,Completed,Planned,Not given,Not indicated,Planned,Bilateral,Improved,Other
SYN-DM-04428,Ranibizumab,3.17,Completed,Partial,Planned,Completed,Not indicated,Left,Worsened,Pressure rise
SYN-DM-04429,Aflibercept,4.64,Planned,Completed,Given,Planned,Planned,Right,Not assessed,Inflammation
SYN-DM-04430,None,9.18,Completed,Not indicated,Planned,Not indicated,Not indicated,Bilateral,Stable,None
SYN-DM-04431,Ranibizumab,8.9,Not indicated,Completed,Given,Completed,Completed,Right,Stable,Other
SYN-DM-04432,Bevacizumab,11.99,Not indicated,Planned,Given,Completed,Completed,Left,Improved,Pressure rise
SYN-DM-04433,Aflibercept,11.8,Planned,Planned,Planned,Completed,Planned,Right,Stable,None
SYN-DM-04434,Ranibizumab,6.66,Not indicated,Completed,Planned,Completed,Planned,Neither,Worsened,Pressure rise
SYN-DM-04435,Ranibizumab,4.53,Planned,Not indicated,Given,Planned,Not indicated,Right,Not assessed,Other
SYN-DM-04436,Ranibizumab,4.33,Completed,Completed,Planned,Planned,Completed,Left,Not assessed,None
SYN-DM-04437,Bevacizumab,7.25,Not indicated,Completed,Not given,Completed,Completed,Right,Improved,Other
SYN-DM-04438,Aflibercept,12.13,Planned,Partial,Given,Planned,Not indicated,Bilateral,Stable,Pressure rise
SYN-DM-04439,Aflibercept,10.83,Completed,Partial,Not given,Completed,Completed,Right,Worsened,Other
SYN-DM-04440,None,17.56,Completed,Partial,Given,Completed,Completed,Left,Not assessed,Pressure rise
SYN-DM-04441,Ranibizumab,14.51,Completed,Completed,Planned,Not indicated,Planned,Right,Not assessed,None
SYN-DM-04442,None,3.49,Completed,Completed,Not given,Not indicated,Completed,Right,Stable,None
SYN-DM-04443,Aflibercept,12.73,Planned,Not indicated,Planned,Completed,Completed,Left,Improved,None
SYN-DM-04444,None,16.8,Not indicated,Not indicated,Not given,Not indicated,Planned,Left,Improved,Pressure rise
SYN-DM-04445,Aflibercept,16.42,Planned,Partial,Planned,Planned,Not indicated,Left,Improved,Other
SYN-DM-04446,Aflibercept,10.75,Planned,Not indicated,Planned,Not indicated,Completed,Left,Not assessed,Other
SYN-DM-04447,None,5.57,Planned,Planned,Planned,Not indicated,Planned,Bilateral,Not assessed,None
SYN-DM-04448,None,11.87,Not indicated,Not indicated,Planned,Planned,Not indicated,Neither,Not assessed,Pressure rise
SYN-DM-04449,Ranibizumab,15.82,Planned,Completed,Not given,Planned,Completed,Right,Worsened,None
SYN-DM-04450,Aflibercept,11.1,Planned,Partial,Planned,Planned,Not indicated,Neither,Not assessed,None
SYN-DM-04451,Ranibizumab,6.19,Completed,Partial,Given,Planned,Planned,Right,Not assessed,None
SYN-DM-04452,Ranibizumab,12.57,Completed,Planned,Planned,Not indicated,Completed,Bilateral,Stable,Inflammation
SYN-DM-04453,Bevacizumab,2.66,Completed,Not indicated,Given,Planned,Completed,Bilateral,Stable,None
SYN-DM-04454,Bevacizumab,2.08,Planned,Not indicated,Not given,Not indicated,Not indicated,Neither,Stable,Pressure rise
SYN-DM-04455,Bevacizumab,0.17,Planned,Not indicated,Planned,Completed,Planned,Right,Not assessed,Pressure rise
SYN-DM-04456,Aflibercept,12.7,Not indicated,Planned,Planned,Planned,Completed,Right,Not assessed,Pressure rise
SYN-DM-04457,None,9.01,Completed,Partial,Planned,Completed,Planned,Neither,Not assessed,Other
SYN-DM-04458,Ranibizumab,0.73,Not indicated,Not indicated,Planned,Planned,Planned,Neither,Not assessed,Pressure rise
SYN-DM-04459,Ranibizumab,11.96,Completed,Completed,Planned,Planned,Not indicated,Right,Stable,None
SYN-DM-04460,Bevacizumab,2.7,Planned,Planned,Given,Completed,Not indicated,Left,Not assessed,Other
SYN-DM-04461,Ranibizumab,17.14,Planned,Partial,Given,Planned,Completed,Bilateral,Worsened,Other
SYN-DM-04462,None,17.25,Planned,Not indicated,Planned,Planned,Planned,Bilateral,Improved,None
SYN-DM-04463,None,9.67,Completed,Planned,Not given,Planned,Completed,Bilateral,Improved,Inflammation
SYN-DM-04464,Ranibizumab,10.39,Not indicated,Planned,Given,Completed,Not indicated,Left,Improved,Pressure rise
SYN-DM-04465,Bevacizumab,8.18,Not indicated,Partial,Not given,Completed,Completed,Left,Not assessed,Other
SYN-DM-04466,Aflibercept,11.97,Completed,Partial,Planned,Planned,Completed,Neither,Not assessed,Pressure rise
SYN-DM-04467,Bevacizumab,12.92,Completed,Partial,Given,Not indicated,Not indicated,Neither,Improved,Inflammation
SYN-DM-04468,Ranibizumab,3.15,Not indicated,Completed,Planned,Not indicated,Completed,Right,Stable,Pressure rise
SYN-DM-04469,Ranibizumab,1.25,Not indicated,Planned,Planned,Not indicated,Not indicated,Neither,Stable,None
SYN-DM-04470,None,4.47,Completed,Completed,Given,Not indicated,Planned,Left,Improved,Inflammation
SYN-DM-04471,None,7.33,Not indicated,Partial,Planned,Not indicated,Planned,Left,Stable,None
SYN-DM-04472,Ranibizumab,8.78,Completed,Not indicated,Given,Planned,Completed,Bilateral,Worsened,None
SYN-DM-04473,Ranibizumab,13.56,Not indicated,Not indicated,Given,Completed,Planned,Left,Not assessed,Pressure rise
SYN-DM-04474,None,12.9,Planned,Completed,Not given,Completed,Completed,Left,Not assessed,Pressure rise
SYN-DM-04475,Aflibercept,17.35,Not indicated,Not indicated,Planned,Planned,Completed,Neither,Not assessed,Inflammation
SYN-DM-04476,Aflibercept,3.95,Completed,Not indicated,Given,Completed,Planned,Right,Improved,None
SYN-DM-04477,Bevacizumab,12.74,Completed,Partial,Not given,Planned,Not indicated,Left,Worsened,Pressure rise
SYN-DM-04478,None,7.83,Not indicated,Completed,Not given,Completed,Planned,Left,Worsened,Other
SYN-DM-04479,Bevacizumab,12.37,Completed,Planned,Given,Completed,Planned,Neither,Improved,None
SYN-DM-04480,Ranibizumab,3.27,Planned,Planned,Planned,Planned,Completed,Right,Worsened,Pressure rise
SYN-DM-04481,None,0.2,Completed,Planned,Planned,Completed,Planned,Bilateral,Worsened,Other
SYN-DM-04482,Bevacizumab,12.99,Planned,Not indicated,Given,Not indicated,Completed,Neither,Improved,Pressure rise
SYN-DM-04483,Bevacizumab,17.38,Completed,Not indicated,Given,Planned,Not indicated,Left,Not assessed,None
SYN-DM-04484,Ranibizumab,13.35,Completed,Partial,Planned,Completed,Planned,Left,Worsened,Inflammation
SYN-DM-04485,Ranibizumab,2.92,Completed,Planned,Not given,Completed,Completed,Bilateral,Worsened,None
SYN-DM-04486,Bevacizumab,8.24,Not indicated,Partial,Planned,Not indicated,Completed,Bilateral,Worsened,None
SYN-DM-04487,Aflibercept,13.06,Not indicated,Partial,Planned,Planned,Not indicated,Neither,Not assessed,None
SYN-DM-04488,Aflibercept,1.88,Not indicated,Not indicated,Given,Planned,Completed,Bilateral,Worsened,None
SYN-DM-04489,Aflibercept,9.26,Not indicated,Not indicated,Planned,Not indicated,Completed,Left,Stable,Pressure rise
SYN-DM-04490,Bevacizumab,17.31,Planned,Completed,Not given,Planned,Planned,Left,Improved,None
SYN-DM-04491,Bevacizumab,17.48,Planned,Planned,Not given,Completed,Planned,Left,Stable,Other
SYN-DM-04492,Aflibercept,5.3,Planned,Completed,Planned,Completed,Not indicated,Bilateral,Stable,Pressure rise
SYN-DM-04493,Bevacizumab,12.96,Completed,Partial,Planned,Planned,Planned,Neither,Stable,Other
SYN-DM-04494,Aflibercept,5.31,Planned,Planned,Planned,Not indicated,Not indicated,Left,Stable,None
SYN-DM-04495,Bevacizumab,17.86,Completed,Completed,Given,Planned,Not indicated,Neither,Not assessed,Other
SYN-DM-04496,Aflibercept,12.93,Completed,Completed,Not given,Completed,Planned,Bilateral,Not assessed,Inflammation
SYN-DM-04497,None,11.11,Not indicated,Planned,Planned,Not indicated,Not indicated,Bilateral,Worsened,Pressure rise
SYN-DM-04498,Ranibizumab,8.32,Completed,Not indicated,Planned,Planned,Not indicated,Bilateral,Worsened,Inflammation
SYN-DM-04499,Aflibercept,15.16,Not indicated,Completed,Not given,Completed,Completed,Neither,Stable,Inflammation
SYN-DM-04500,Aflibercept,6.43,Not indicated,Planned,Planned,Completed,Not indicated,Left,Worsened,Pressure rise
SYN-DM-04501,Bevacizumab,2.54,Not indicated,Partial,Planned,Planned,Planned,Neither,Stable,None
SYN-DM-04502,Ranibizumab,14.56,Completed,Not indicated,Planned,Not indicated,Not indicated,Left,Improved,Other
SYN-DM-04503,Aflibercept,5.0,Planned,Not indicated,Given,Not indicated,Not indicated,Right,Not assessed,Inflammation
SYN-DM-04504,Ranibizumab,10.18,Not indicated,Completed,Given,Planned,Not indicated,Neither,Improved,Pressure rise
SYN-DM-04505,Bevacizumab,6.84,Completed,Not indicated,Planned,Planned,Completed,Bilateral,Not assessed,Pressure rise
SYN-DM-04506,Bevacizumab,14.58,Planned,Not indicated,Given,Completed,Completed,Right,Worsened,None
SYN-DM-04507,Ranibizumab,1.11,Not indicated,Planned,Given,Not indicated,Completed,Right,Stable,Inflammation
SYN-DM-04508,Aflibercept,1.44,Not indicated,Completed,Planned,Planned,Not indicated,Right,Stable,None
SYN-DM-04509,None,16.16,Completed,Partial,Given,Not indicated,Planned,Neither,Not assessed,Inflammation
SYN-DM-04510,None,4.52,Completed,Planned,Planned,Planned,Planned,Neither,Stable,Other
SYN-DM-04511,Ranibizumab,5.72,Completed,Not indicated,Planned,Not indicated,Planned,Bilateral,Improved,None
SYN-DM-04512,Aflibercept,7.53,Not indicated,Planned,Given,Planned,Planned,Left,Worsened,Pressure rise
SYN-DM-04513,Ranibizumab,11.99,Planned,Completed,Given,Completed,Planned,Left,Improved,Inflammation
SYN-DM-04514,Bevacizumab,6.43,Not indicated,Planned,Not given,Planned,Completed,Neither,Stable,Other
SYN-DM-04515,None,6.35,Completed,Not indicated,Not given,Completed,Completed,Right,Improved,Inflammation
SYN-DM-04516,Aflibercept,7.99,Completed,Planned,Given,Not indicated,Not indicated,Neither,Not assessed,None
SYN-DM-04517,Aflibercept,14.49,Not indicated,Planned,Planned,Planned,Completed,Right,Not assessed,Other
SYN-DM-04518,Ranibizumab,0.08,Not indicated,Not indicated,Given,Not indicated,Planned,Right,Not assessed,Pressure rise
SYN-DM-04519,Aflibercept,3.92,Planned,Not indicated,Given,Completed,Not indicated,Right,Improved,Other
SYN-DM-04520,Aflibercept,14.5,Not indicated,Planned,Planned,Completed,Planned,Neither,Not assessed,Inflammation
SYN-DM-04521,Bevacizumab,9.65,Planned,Not indicated,Not given,Planned,Planned,Neither,Stable,None
SYN-DM-04522,Ranibizumab,5.9,Completed,Not indicated,Given,Completed,Planned,Bilateral,Improved,Inflammation
SYN-DM-04523,Ranibizumab,4.16,Not indicated,Planned,Not given,Completed,Completed,Right,Worsened,Other
SYN-DM-04524,Ranibizumab,9.49,Planned,Not indicated,Planned,Planned,Planned,Neither,Worsened,Inflammation
SYN-DM-04525,None,2.28,Planned,Not indicated,Not given,Planned,Completed,Bilateral,Stable,None
SYN-DM-04526,Ranibizumab,16.57,Planned,Not indicated,Not given,Planned,Planned,Bilateral,Worsened,Pressure rise
SYN-DM-04527,Bevacizumab,0.13,Not indicated,Not indicated,Not given,Completed,Planned,Right,Stable,None
SYN-DM-04528,Aflibercept,11.26,Not indicated,Completed,Not given,Planned,Not indicated,Neither,Stable,Other
SYN-DM-04529,Aflibercept,16.98,Not indicated,Not indicated,Not given,Completed,Completed,Neither,Worsened,None
SYN-DM-04530,Aflibercept,8.76,Planned,Partial,Planned,Planned,Not indicated,Right,Improved,None
SYN-DM-04531,None,13.94,Completed,Planned,Not given,Not indicated,Not indicated,Neither,Not assessed,Other
SYN-DM-04532,Bevacizumab,0.17,Not indicated,Partial,Planned,Planned,Planned,Neither,Worsened,Pressure rise
SYN-DM-04533,Bevacizumab,1.04,Planned,Partial,Planned,Not indicated,Completed,Neither,Stable,None
SYN-DM-04534,None,16.39,Not indicated,Partial,Not given,Completed,Planned,Bilateral,Worsened,Pressure rise
SYN-DM-04535,Ranibizumab,16.8,Not indicated,Completed,Given,Not indicated,Not indicated,Left,Stable,Pressure rise
SYN-DM-04536,Bevacizumab,2.24,Completed,Partial,Planned,Completed,Not indicated,Neither,Worsened,Inflammation
SYN-DM-04537,Ranibizumab,1.01,Completed,Not indicated,Planned,Planned,Completed,Left,Stable,Inflammation
SYN-DM-04538,Bevacizumab,15.14,Not indicated,Planned,Not given,Not indicated,Not indicated,Left,Not assessed,Inflammation
SYN-DM-04539,None,14.13,Planned,Partial,Planned,Not indicated,Completed,Neither,Not assessed,Other
SYN-DM-04540,Bevacizumab,12.24,Not indicated,Planned,Planned,Not indicated,Completed,Bilateral,Stable,Inflammation
SYN-DM-04541,Bevacizumab,7.99,Planned,Completed,Planned,Not indicated,Not indicated,Bilateral,Not assessed,Pressure rise
SYN-DM-04542,None,1.33,Completed,Completed,Not given,Planned,Planned,Bilateral,Worsened,Other
SYN-DM-04543,Ranibizumab,3.83,Completed,Not indicated,Not given,Completed,Not indicated,Bilateral,Not assessed,Inflammation
SYN-DM-04544,Aflibercept,7.15,Completed,Partial,Planned,Not indicated,Not indicated,Left,Improved,Pressure rise
SYN-DM-04545,Bevacizumab,16.19,Completed,Planned,Not given,Not indicated,Not indicated,Neither,Stable,None
SYN-DM-04546,Bevacizumab,7.17,Planned,Planned,Planned,Not indicated,Not indicated,Bilateral,Improved,Other
SYN-DM-04547,None,15.0,Not indicated,Not indicated,Not given,Not indicated,Not indicated,Bilateral,Not assessed,Inflammation
SYN-DM-04548,Aflibercept,9.18,Not indicated,Partial,Not given,Completed,Planned,Left,Improved,None
SYN-DM-04549,Ranibizumab,14.8,Completed,Planned,Given,Not indicated,Not indicated,Bilateral,Not assessed,Pressure rise
SYN-DM-04550,None,10.43,Not indicated,Completed,Planned,Completed,Not indicated,Neither,Stable,None
SYN-DM-04551,Ranibizumab,3.9,Not indicated,Partial,Not given,Not indicated,Not indicated,Right,Worsened,Pressure rise
SYN-DM-04552,Aflibercept,8.49,Completed,Completed,Planned,Planned,Planned,Neither,Not assessed,None
SYN-DM-04553,Ranibizumab,12.67,Not indicated,Planned,Planned,Planned,Not indicated,Neither,Worsened,Inflammation
SYN-DM-04554,None,0.97,Completed,Completed,Not given,Planned,Not indicated,Right,Worsened,None
SYN-DM-04555,Ranibizumab,4.5,Not indicated,Partial,Planned,Not indicated,Planned,Neither,Improved,Other
SYN-DM-04556,None,14.03,Completed,Not indicated,Given,Not indicated,Not indicated,Bilateral,Stable,Pressure rise
SYN-DM-04557,Ranibizumab,16.89,Not indicated,Completed,Not given,Planned,Planned,Bilateral,Worsened,None
SYN-DM-04558,Aflibercept,17.47,Completed,Planned,Not given,Planned,Not indicated,Bilateral,Worsened,Other
SYN-DM-04559,Aflibercept,8.15,Not indicated,Partial,Planned,Planned,Not indicated,Right,Not assessed,Other
SYN-DM-04560,Ranibizumab,3.87,Completed,Completed,Planned,Not indicated,Planned,Right,Improved,Pressure rise
SYN-DM-04561,None,13.86,Not indicated,Planned,Not given,Not indicated,Not indicated,Neither,Improved,Inflammation
SYN-DM-04562,Aflibercept,12.95,Planned,Planned,Planned,Not indicated,Completed,Bilateral,Not assessed,Pressure rise
SYN-DM-04563,Aflibercept,5.52,Planned,Completed,Planned,Completed,Not indicated,Bilateral,Stable,Inflammation
SYN-DM-04564,Aflibercept,14.16,Planned,Not indicated,Given,Not indicated,Completed,Left,Worsened,Inflammation
SYN-DM-04565,Bevacizumab,13.18,Completed,Planned,Not given,Planned,Not indicated,Left,Worsened,Pressure rise
SYN-DM-04566,None,4.68,Completed,Planned,Planned,Completed,Planned,Right,Improved,None
SYN-DM-04567,Ranibizumab,11.01,Planned,Partial,Planned,Completed,Completed,Left,Worsened,Pressure rise
SYN-DM-04568,Aflibercept,7.4,Planned,Partial,Not given,Not indicated,Not indicated,Neither,Improved,Inflammation
SYN-DM-04569,Bevacizumab,13.13,Completed,Completed,Not given,Planned,Completed,Left,Stable,Other
SYN-DM-04570,Ranibizumab,0.95,Not indicated,Completed,Planned,Planned,Completed,Bilateral,Not assessed,Pressure rise
SYN-DM-04571,None,10.53,Not indicated,Partial,Given,Not indicated,Completed,Left,Stable,Pressure rise
SYN-DM-04572,None,12.85,Completed,Completed,Planned,Completed,Not indicated,Right,Stable,Inflammation
SYN-DM-04573,Aflibercept,4.12,Completed,Planned,Given,Completed,Completed,Right,Worsened,Inflammation
SYN-DM-04574,Ranibizumab,16.99,Planned,Not indicated,Given,Planned,Completed,Neither,Stable,Inflammation
SYN-DM-04575,Bevacizumab,9.65,Not indicated,Completed,Given,Completed,Planned,Right,Stable,Pressure rise
SYN-DM-04576,Aflibercept,5.12,Completed,Planned,Planned,Not indicated,Not indicated,Left,Not assessed,Other
SYN-DM-04577,Ranibizumab,15.08,Planned,Not indicated,Given,Completed,Not indicated,Left,Improved,Inflammation
SYN-DM-04578,None,17.19,Completed,Planned,Planned,Planned,Planned,Right,Stable,None
SYN-DM-04579,Ranibizumab,1.61,Planned,Completed,Given,Not indicated,Planned,Neither,Stable,Inflammation
SYN-DM-04580,Aflibercept,8.82,Not indicated,Planned,Planned,Completed,Planned,Bilateral,Worsened,Pressure rise
SYN-DM-04581,None,0.48,Not indicated,Completed,Planned,Not indicated,Planned,Right,Worsened,Inflammation
SYN-DM-04582,Aflibercept,4.14,Not indicated,Not indicated,Planned,Not indicated,Planned,Left,Stable,None
SYN-DM-04583,Ranibizumab,10.02,Completed,Planned,Not given,Completed,Not indicated,Left,Improved,None
SYN-DM-04584,Aflibercept,16.91,Completed,Planned,Not given,Not indicated,Planned,Right,Worsened,Pressure rise
SYN-DM-04585,Aflibercept,6.15,Not indicated,Completed,Given,Planned,Not indicated,Right,Not assessed,Other
SYN-DM-04586,None,0.11,Not indicated,Completed,Planned,Planned,Planned,Left,Stable,Inflammation
SYN-DM-04587,Aflibercept,4.02,Not indicated,Planned,Not given,Planned,Planned,Right,Not assessed,Other
SYN-DM-04588,Bevacizumab,3.6,Not indicated,Planned,Not given,Not indicated,Planned,Neither,Worsened,Inflammation
SYN-DM-04589,Bevacizumab,9.9,Not indicated,Completed,Not given,Not indicated,Not indicated,Right,Not assessed,Other
SYN-DM-04590,Ranibizumab,6.07,Completed,Not indicated,Not given,Completed,Not indicated,Neither,Improved,Inflammation
SYN-DM-04591,Bevacizumab,5.37,Not indicated,Planned,Not given,Completed,Completed,Bilateral,Improved,Pressure rise
SYN-DM-04592,Aflibercept,4.74,Not indicated,Completed,Not given,Not indicated,Planned,Neither,Not assessed,Other
SYN-DM-04593,Bevacizumab,3.76,Not indicated,Completed,Planned,Completed,Planned,Bilateral,Stable,Inflammation
SYN-DM-04594,Bevacizumab,16.53,Not indicated,Not indicated,Planned,Planned,Planned,Bilateral,Not assessed,Inflammation
SYN-DM-04595,Ranibizumab,7.33,Completed,Planned,Given,Completed,Completed,Left,Stable,None
SYN-DM-04596,None,0.8,Completed,Not indicated,Planned,Planned,Completed,Bilateral,Worsened,Other
SYN-DM-04597,None,9.02,Not indicated,Planned,Given,Completed,Not indicated,Neither,Stable,Inflammation
SYN-DM-04598,Bevacizumab,5.52,Completed,Partial,Not given,Not indicated,Planned,Bilateral,Not assessed,Pressure rise
SYN-DM-04599,Ranibizumab,16.46,Not indicated,Planned,Planned,Completed,Planned,Left,Stable,Pressure rise
SYN-DM-04600,None,9.11,Planned,Planned,Given,Not indicated,Completed,Left,Stable,Inflammation
SYN-DM-04601,Bevacizumab,7.24,Planned,Not indicated,Not given,Completed,Not indicated,Left,Improved,Other
SYN-DM-04602,Aflibercept,17.48,Completed,Planned,Given,Planned,Completed,Right,Improved,Inflammation
SYN-DM-04603,None,2.47,Not indicated,Not indicated,Not given,Planned,Not indicated,Bilateral,Not assessed,Inflammation
SYN-DM-04604,None,1.04,Planned,Not indicated,Planned,Planned,Completed,Bilateral,Stable,None
SYN-DM-04605,Ranibizumab,16.35,Completed,Completed,Not given,Not indicated,Completed,Bilateral,Stable,Other
SYN-DM-04606,Ranibizumab,16.12,Completed,Partial,Given,Completed,Planned,Right,Improved,Pressure rise
SYN-DM-04607,Ranibizumab,11.52,Not indicated,Not indicated,Given,Planned,Not indicated,Left,Not assessed,Other
SYN-DM-04608,Ranibizumab,6.37,Completed,Planned,Given,Completed,Planned,Left,Stable,None
SYN-DM-04609,None,15.68,Not indicated,Not indicated,Given,Not indicated,Completed,Right,Worsened,Other
SYN-DM-04610,Ranibizumab,8.39,Completed,Partial,Planned,Planned,Planned,Left,Not assessed,Pressure rise
SYN-DM-04611,Ranibizumab,6.79,Completed,Partial,Planned,Planned,Not indicated,Left,Improved,None
SYN-DM-04612,None,11.72,Planned,Partial,Planned,Not indicated,Not indicated,Bilateral,Improved,None
SYN-DM-04613,Aflibercept,10.62,Not indicated,Planned,Given,Planned,Completed,Neither,Improved,Other
SYN-DM-04614,Ranibizumab,17.3,Not indicated,Completed,Not given,Not indicated,Not indicated,Bilateral,Not assessed,Inflammation
SYN-DM-04615,Aflibercept,7.01,Completed,Planned,Planned,Completed,Completed,Right,Stable,None
SYN-DM-04616,Bevacizumab,15.93,Completed,Planned,Given,Completed,Completed,Neither,Not assessed,Inflammation
SYN-DM-04617,Aflibercept,6.55,Planned,Not indicated,Planned,Planned,Completed,Right,Not assessed,Inflammation
SYN-DM-04618,Aflibercept,12.44,Not indicated,Planned,Not given,Planned,Planned,Right,Improved,Inflammation
SYN-DM-04619,Ranibizumab,3.91,Completed,Completed,Planned,Completed,Completed,Left,Stable,None
SYN-DM-04620,Aflibercept,12.71,Planned,Completed,Not given,Not indicated,Planned,Right,Not assessed,Pressure rise
SYN-DM-04621,None,17.31,Completed,Planned,Given,Planned,Not indicated,Right,Worsened,Other
SYN-DM-04622,Bevacizumab,12.47,Not indicated,Completed,Planned,Completed,Planned,Bilateral,Stable,Inflammation
SYN-DM-04623,Ranibizumab,13.63,Completed,Not indicated,Planned,Completed,Completed,Neither,Worsened,Pressure rise
SYN-DM-04624,Bevacizumab,12.39,Completed,Planned,Not given,Completed,Planned,Bilateral,Improved,Other
SYN-DM-04625,Bevacizumab,8.44,Not indicated,Partial,Not given,Planned,Planned,Neither,Worsened,None
SYN-DM-04626,None,3.91,Not indicated,Planned,Planned,Completed,Planned,Neither,Stable,Pressure rise
SYN-DM-04627,Ranibizumab,16.12,Not indicated,Completed,Given,Planned,Not indicated,Right,Worsened,Pressure rise
SYN-DM-04628,Ranibizumab,5.45,Planned,Planned,Given,Completed,Completed,Bilateral,Worsened,Other
SYN-DM-04629,Ranibizumab,10.7,Planned,Partial,Planned,Completed,Not indicated,Neither,Not assessed,Inflammation
SYN-DM-04630,None,7.06,Not indicated,Not indicated,Given,Completed,Not indicated,Right,Stable,Inflammation
SYN-DM-04631,Bevacizumab,2.17,Planned,Partial,Planned,Not indicated,Planned,Right,Not assessed,None
SYN-DM-04632,None,7.75,Not indicated,Completed,Not given,Completed,Completed,Bilateral,Not assessed,Pressure rise
SYN-DM-04633,Bevacizumab,8.84,Completed,Completed,Not given,Not indicated,Completed,Neither,Improved,Inflammation
SYN-DM-04634,Ranibizumab,13.75,Planned,Partial,Planned,Completed,Completed,Right,Worsened,Pressure rise
SYN-DM-04635,Aflibercept,8.11,Planned,Planned,Not given,Not indicated,Planned,Right,Improved,Inflammation
SYN-DM-04636,Ranibizumab,7.1,Completed,Planned,Planned,Completed,Not indicated,Right,Improved,Inflammation
SYN-DM-04637,None,3.33,Completed,Completed,Given,Planned,Planned,Bilateral,Stable,Pressure rise
SYN-DM-04638,Aflibercept,17.0,Completed,Partial,Not given,Planned,Completed,Bilateral,Worsened,Inflammation
SYN-DM-04639,Ranibizumab,16.4,Planned,Planned,Given,Completed,Planned,Bilateral,Not assessed,Other
SYN-DM-04640,Aflibercept,3.84,Planned,Partial,Planned,Completed,Completed,Left,Stable,Other
SYN-DM-04641,Ranibizumab,15.61,Not indicated,Planned,Planned,Not indicated,Planned,Right,Worsened,Other
SYN-DM-04642,Aflibercept,16.61,Not indicated,Not indicated,Given,Not indicated,Completed,Left,Worsened,Other
SYN-DM-04643,Bevacizumab,17.91,Not indicated,Completed,Planned,Not indicated,Not indicated,Right,Not assessed,Inflammation
SYN-DM-04644,Aflibercept,7.18,Completed,Planned,Planned,Completed,Planned,Bilateral,Improved,Inflammation
SYN-DM-04645,Bevacizumab,2.97,Not indicated,Not indicated,Not given,Completed,Planned,Left,Worsened,Other
SYN-DM-04646,Ranibizumab,8.94,Completed,Completed,Given,Planned,Planned,Neither,Not assessed,None
SYN-DM-04647,None,12.21,Planned,Completed,Planned,Not indicated,Completed,Left,Improved,Pressure rise
SYN-DM-04648,Aflibercept,13.22,Planned,Partial,Planned,Not indicated,Not indicated,Neither,Not assessed,Inflammation
SYN-DM-04649,Ranibizumab,2.56,Completed,Not indicated,Planned,Completed,Completed,Right,Not assessed,Pressure rise
SYN-DM-04650,Ranibizumab,15.69,Planned,Planned,Planned,Not indicated,Planned,Bilateral,Stable,Pressure rise
SYN-DM-04651,None,8.12,Completed,Completed,Planned,Planned,Not indicated,Right,Worsened,Pressure rise
SYN-DM-04652,Aflibercept,13.35,Not indicated,Completed,Not given,Not indicated,Planned,Right,Not assessed,Inflammation
SYN-DM-04653,Ranibizumab,14.35,Planned,Planned,Given,Not indicated,Not indicated,Neither,Worsened,None
SYN-DM-04654,Aflibercept,5.45,Not indicated,Partial,Given,Not indicated,Completed,Neither,Stable,Inflammation
SYN-DM-04655,Bevacizumab,8.11,Planned,Planned,Not given,Planned,Planned,Right,Worsened,Other
SYN-DM-04656,Ranibizumab,3.94,Not indicated,Partial,Not given,Not indicated,Planned,Right,Improved,Pressure rise
SYN-DM-04657,None,17.68,Planned,Completed,Not given,Planned,Completed,Left,Not assessed,Other
SYN-DM-04658,Ranibizumab,1.23,Not indicated,Not indicated,Not given,Planned,Completed,Right,Stable,Pressure rise
SYN-DM-04659,Bevacizumab,8.98,Not indicated,Planned,Not given,Completed,Completed,Right,Not assessed,Inflammation
SYN-DM-04660,Ranibizumab,0.67,Completed,Not indicated,Not given,Not indicated,Completed,Left,Improved,None
SYN-DM-04661,Aflibercept,4.44,Planned,Completed,Not given,Planned,Planned,Bilateral,Not assessed,Inflammation
SYN-DM-04662,Aflibercept,15.19,Completed,Completed,Given,Completed,Completed,Bilateral,Worsened,Other
SYN-DM-04663,Aflibercept,3.1,Not indicated,Partial,Given,Planned,Not indicated,Bilateral,Worsened,Inflammation
SYN-DM-04664,Bevacizumab,13.46,Planned,Not indicated,Given,Not indicated,Completed,Neither,Not assessed,Inflammation
SYN-DM-04665,Ranibizumab,2.12,Completed,Completed,Not given,Not indicated,Completed,Neither,Worsened,Other
SYN-DM-04666,Ranibizumab,3.18,Planned,Not indicated,Planned,Completed,Not indicated,Neither,Improved,None
SYN-DM-04667,Ranibizumab,2.37,Planned,Not indicated,Given,Planned,Not indicated,Left,Worsened,Other
SYN-DM-04668,None,9.8,Planned,Partial,Given,Completed,Planned,Neither,Improved,Pressure rise
SYN-DM-04669,Ranibizumab,2.59,Not indicated,Planned,Given,Planned,Planned,Left,Not assessed,Pressure rise
SYN-DM-04670,None,3.14,Planned,Partial,Not given,Planned,Not indicated,Neither,Worsened,Other
SYN-DM-04671,Bevacizumab,4.78,Not indicated,Partial,Not given,Not indicated,Planned,Bilateral,Not assessed,Pressure rise
SYN-DM-04672,Aflibercept,12.15,Not indicated,Completed,Given,Completed,Planned,Bilateral,Stable,None
SYN-DM-04673,Aflibercept,6.98,Completed,Planned,Not given,Not indicated,Completed,Left,Worsened,None
SYN-DM-04674,Bevacizumab,11.09,Completed,Partial,Given,Not indicated,Completed,Neither,Improved,None
SYN-DM-04675,None,11.23,Not indicated,Not indicated,Given,Not indicated,Not indicated,Right,Not assessed,Pressure rise
SYN-DM-04676,None,6.17,Completed,Partial,Planned,Not indicated,Planned,Neither,Improved,Other
SYN-DM-04677,Ranibizumab,13.76,Not indicated,Partial,Planned,Completed,Completed,Neither,Worsened,Inflammation
SYN-DM-04678,None,8.74,Planned,Partial,Planned,Completed,Completed,Left,Not assessed,Pressure rise
SYN-DM-04679,None,1.15,Not indicated,Not indicated,Not given,Not indicated,Planned,Neither,Stable,Inflammation
SYN-DM-04680,Aflibercept,3.58,Not indicated,Not indicated,Given,Planned,Planned,Bilateral,Not assessed,Other
SYN-DM-04681,Bevacizumab,9.71,Planned,Completed,Planned,Completed,Not indicated,Left,Stable,Other
SYN-DM-04682,None,2.87,Planned,Not indicated,Given,Completed,Not indicated,Bilateral,Not assessed,Other
SYN-DM-04683,None,10.93,Planned,Planned,Given,Not indicated,Planned,Left,Stable,None
SYN-DM-04684,Bevacizumab,15.01,Completed,Planned,Planned,Planned,Planned,Right,Stable,Other
SYN-DM-04685,Aflibercept,6.55,Not indicated,Partial,Planned,Planned,Planned,Right,Stable,None
SYN-DM-04686,Aflibercept,1.65,Completed,Not indicated,Planned,Not indicated,Planned,Bilateral,Improved,Inflammation
SYN-DM-04687,Bevacizumab,10.02,Planned,Not indicated,Not given,Completed,Completed,Left,Improved,None
SYN-DM-04688,Aflibercept,5.41,Planned,Not indicated,Planned,Planned,Planned,Neither,Not assessed,Other
SYN-DM-04689,Bevacizumab,11.13,Planned,Completed,Given,Completed,Completed,Bilateral,Stable,Other
SYN-DM-04690,Bevacizumab,16.42,Not indicated,Partial,Given,Planned,Planned,Right,Improved,Other
SYN-DM-04691,Aflibercept,8.21,Completed,Partial,Planned,Planned,Not indicated,Left,Worsened,None
SYN-DM-04692,Bevacizumab,9.43,Planned,Partial,Planned,Not indicated,Completed,Bilateral,Worsened,None
SYN-DM-04693,Bevacizumab,14.81,Planned,Completed,Given,Planned,Completed,Bilateral,Not assessed,Other
SYN-DM-04694,None,13.22,Not indicated,Planned,Given,Planned,Completed,Left,Not assessed,Other
SYN-DM-04695,Ranibizumab,14.34,Completed,Completed,Given,Completed,Completed,Neither,Worsened,Pressure rise
SYN-DM-04696,Ranibizumab,4.18,Completed,Planned,Given,Planned,Completed,Right,Worsened,None
SYN-DM-04697,Ranibizumab,3.53,Completed,Partial,Not given,Completed,Completed,Bilateral,Stable,None
SYN-DM-04698,None,10.54,Completed,Planned,Planned,Completed,Not indicated,Bilateral,Not assessed,Inflammation
SYN-DM-04699,Bevacizumab,1.22,Completed,Partial,Planned,Completed,Planned,Right,Improved,None
SYN-DM-04700,None,0.61,Planned,Completed,Planned,Completed,Completed,Bilateral,Worsened,Inflammation
SYN-DM-04701,Bevacizumab,7.89,Not indicated,Planned,Not given,Planned,Planned,Left,Improved,Inflammation
SYN-DM-04702,Aflibercept,6.39,Completed,Partial,Not given,Completed,Not indicated,Right,Stable,Other
SYN-DM-04703,Ranibizumab,8.89,Completed,Planned,Not given,Not indicated,Completed,Left,Worsened,None
SYN-DM-04704,None,13.7,Not indicated,Partial,Planned,Not indicated,Planned,Neither,Not assessed,Pressure rise
SYN-DM-04705,None,14.0,Completed,Completed,Given,Completed,Planned,Neither,Stable,Pressure rise
SYN-DM-04706,None,17.5,Completed,Completed,Planned,Planned,Completed,Left,Stable,Pressure rise
SYN-DM-04707,Bevacizumab,4.22,Not indicated,Not indicated,Planned,Not indicated,Not indicated,Left,Worsened,Other
SYN-DM-04708,None,16.51,Planned,Not indicated,Planned,Planned,Completed,Left,Not assessed,Other
SYN-DM-04709,None,2.88,Not indicated,Not indicated,Given,Not indicated,Planned,Right,Improved,Pressure rise
SYN-DM-04710,None,10.61,Completed,Not indicated,Given,Planned,Planned,Left,Worsened,Pressure rise
SYN-DM-04711,Ranibizumab,8.48,Not indicated,Not indicated,Given,Not indicated,Not indicated,Neither,Not assessed,Pressure rise
SYN-DM-04712,Ranibizumab,9.5,Planned,Planned,Not given,Completed,Completed,Right,Improved,Pressure rise
SYN-DM-04713,Ranibizumab,4.59,Completed,Not indicated,Planned,Not indicated,Not indicated,Left,Not assessed,None
SYN-DM-04714,None,16.76,Not indicated,Completed,Planned,Completed,Not indicated,Bilateral,Not assessed,None
SYN-DM-04715,Ranibizumab,5.99,Not indicated,Partial,Given,Completed,Not indicated,Right,Improved,Pressure rise
SYN-DM-04716,Bevacizumab,1.73,Completed,Partial,Not given,Completed,Planned,Left,Stable,Other
SYN-DM-04717,Ranibizumab,16.24,Not indicated,Partial,Planned,Not indicated,Completed,Right,Stable,Inflammation
SYN-DM-04718,Aflibercept,3.03,Not indicated,Partial,Given,Not indicated,Completed,Right,Improved,Other
SYN-DM-04719,Aflibercept,9.28,Not indicated,Planned,Planned,Planned,Not indicated,Bilateral,Stable,Pressure rise
SYN-DM-04720,Ranibizumab,11.24,Completed,Not indicated,Given,Not indicated,Planned,Left,Worsened,Other
SYN-DM-04721,Bevacizumab,5.83,Planned,Partial,Given,Completed,Completed,Left,Improved,Pressure rise
SYN-DM-04722,Bevacizumab,3.59,Not indicated,Completed,Not given,Completed,Not indicated,Right,Worsened,Other
SYN-DM-04723,Bevacizumab,16.22,Planned,Completed,Planned,Completed,Planned,Neither,Stable,Pressure rise
SYN-DM-04724,Bevacizumab,6.97,Completed,Completed,Not given,Planned,Planned,Neither,Stable,Other
SYN-DM-04725,Bevacizumab,6.1,Not indicated,Not indicated,Given,Planned,Not indicated,Bilateral,Improved,Other
SYN-DM-04726,Aflibercept,1.01,Planned,Not indicated,Given,Planned,Not indicated,Left,Worsened,Inflammation
SYN-DM-04727,Ranibizumab,14.5,Not indicated,Not indicated,Planned,Not indicated,Not indicated,Neither,Stable,Other
SYN-DM-04728,Bevacizumab,10.37,Completed,Planned,Not given,Planned,Not indicated,Neither,Not assessed,None
SYN-DM-04729,Ranibizumab,4.58,Not indicated,Partial,Given,Completed,Not indicated,Right,Worsened,None
SYN-DM-04730,Ranibizumab,15.31,Not indicated,Partial,Given,Not indicated,Completed,Left,Improved,Inflammation
SYN-DM-04731,Ranibizumab,10.41,Completed,Planned,Not given,Planned,Not indicated,Neither,Improved,Pressure rise
SYN-DM-04732,None,3.84,Not indicated,Completed,Not given,Not indicated,Planned,Bilateral,Worsened,Inflammation
SYN-DM-04733,None,9.89,Completed,Not indicated,Not given,Planned,Not indicated,Right,Stable,Pressure rise
SYN-DM-04734,Ranibizumab,9.63,Not indicated,Partial,Given,Completed,Planned,Right,Stable,None
SYN-DM-04735,Bevacizumab,1.3,Planned,Completed,Not given,Planned,Not indicated,Bilateral,Not assessed,Pressure rise
SYN-DM-04736,None,4.86,Not indicated,Completed,Planned,Not indicated,Not indicated,Left,Worsened,Pressure rise
SYN-DM-04737,Aflibercept,12.5,Planned,Completed,Planned,Completed,Planned,Bilateral,Stable,Inflammation
SYN-DM-04738,Bevacizumab,6.31,Not indicated,Not indicated,Not given,Planned,Not indicated,Left,Stable,Other
SYN-DM-04739,None,6.64,Planned,Completed,Given,Not indicated,Completed,Neither,Worsened,Other
SYN-DM-04740,Ranibizumab,15.59,Completed,Partial,Not given,Planned,Planned,Bilateral,Worsened,Inflammation
SYN-DM-04741,Aflibercept,11.42,Completed,Planned,Given,Planned,Planned,Bilateral,Not assessed,Other
SYN-DM-04742,Ranibizumab,10.9,Not indicated,Completed,Given,Planned,Not indicated,Bilateral,Improved,Other
SYN-DM-04743,Bevacizumab,16.81,Not indicated,Planned,Planned,Planned,Completed,Neither,Worsened,Inflammation
SYN-DM-04744,Ranibizumab,6.76,Not indicated,Completed,Planned,Not indicated,Completed,Bilateral,Stable,Pressure rise
SYN-DM-04745,Bevacizumab,0.62,Not indicated,Planned,Given,Planned,Planned,Left,Worsened,Pressure rise
SYN-DM-04746,None,2.88,Not indicated,Not indicated,Not given,Planned,Not indicated,Bilateral,Stable,None
SYN-DM-04747,Bevacizumab,9.34,Planned,Partial,Given,Not indicated,Completed,Right,Not assessed,Inflammation
SYN-DM-04748,Ranibizumab,4.22,Planned,Completed,Given,Not indicated,Planned,Neither,Worsened,Pressure rise
SYN-DM-04749,None,0.09,Completed,Not indicated,Not given,Not indicated,Planned,Neither,Worsened,Pressure rise
SYN-DM-04750,Ranibizumab,3.74,Planned,Planned,Given,Completed,Not indicated,Neither,Improved,Other
SYN-DM-04751,Ranibizumab,7.08,Planned,Completed,Given,Not indicated,Planned,Bilateral,Stable,None
SYN-DM-04752,None,5.09,Completed,Completed,Planned,Planned,Completed,Bilateral,Not assessed,Inflammation
SYN-DM-04753,Bevacizumab,0.9,Planned,Partial,Planned,Planned,Planned,Bilateral,Worsened,Pressure rise
SYN-DM-04754,Ranibizumab,5.67,Planned,Completed,Given,Planned,Not indicated,Neither,Stable,Pressure rise
SYN-DM-04755,Aflibercept,5.45,Completed,Completed,Not given,Planned,Planned,Right,Not assessed,Inflammation
SYN-DM-04756,Bevacizumab,8.36,Completed,Completed,Not given,Not indicated,Completed,Right,Improved,Pressure rise
SYN-DM-04757,None,14.76,Completed,Planned,Given,Completed,Planned,Neither,Improved,None
SYN-DM-04758,None,14.5,Completed,Partial,Given,Not indicated,Completed,Bilateral,Stable,Other
SYN-DM-04759,Aflibercept,5.96,Not indicated,Planned,Not given,Completed,Completed,Neither,Not assessed,Other
SYN-DM-04760,None,13.68,Planned,Not indicated,Planned,Not indicated,Completed,Neither,Improved,Other
SYN-DM-04761,Aflibercept,12.17,Completed,Not indicated,Not given,Not indicated,Planned,Bilateral,Not assessed,Other
SYN-DM-04762,None,3.84,Completed,Partial,Not given,Not indicated,Completed,Bilateral,Stable,Inflammation
SYN-DM-04763,Ranibizumab,6.62,Not indicated,Not indicated,Not given,Planned,Planned,Neither,Not assessed,None
SYN-DM-04764,Aflibercept,13.03,Completed,Not indicated,Not given,Not indicated,Planned,Right,Stable,Inflammation
SYN-DM-04765,None,13.33,Planned,Not indicated,Given,Completed,Planned,Left,Stable,Inflammation
SYN-DM-04766,Aflibercept,16.66,Not indicated,Completed,Not given,Completed,Planned,Bilateral,Stable,None
SYN-DM-04767,Ranibizumab,1.02,Completed,Partial,Planned,Not indicated,Planned,Left,Stable,Pressure rise
SYN-DM-04768,Bevacizumab,11.62,Not indicated,Planned,Not given,Planned,Completed,Left,Not assessed,Inflammation
SYN-DM-04769,Bevacizumab,0.95,Completed,Planned,Given,Completed,Completed,Bilateral,Not assessed,Other
SYN-DM-04770,Ranibizumab,9.88,Planned,Not indicated,Not given,Planned,Not indicated,Bilateral,Worsened,None
SYN-DM-04771,Ranibizumab,3.3,Not indicated,Completed,Given,Planned,Completed,Bilateral,Stable,Pressure rise
SYN-DM-04772,Aflibercept,11.67,Not indicated,Not indicated,Planned,Not indicated,Completed,Right,Worsened,Pressure rise
SYN-DM-04773,Aflibercept,16.26,Not indicated,Not indicated,Planned,Planned,Not indicated,Neither,Worsened,Pressure rise
SYN-DM-04774,None,10.6,Not indicated,Completed,Given,Completed,Planned,Neither,Not assessed,Other
SYN-DM-04775,Bevacizumab,17.69,Not indicated,Partial,Not given,Not indicated,Completed,Neither,Not assessed,None
SYN-DM-04776,Aflibercept,3.36,Planned,Partial,Planned,Not indicated,Planned,Bilateral,Stable,Inflammation
SYN-DM-04777,Aflibercept,5.33,Not indicated,Planned,Given,Not indicated,Not indicated,Bilateral,Worsened,Other
SYN-DM-04778,Aflibercept,17.05,Completed,Partial,Given,Not indicated,Completed,Neither,Improved,Other
SYN-DM-04779,Bevacizumab,16.89,Completed,Planned,Not given,Not indicated,Not indicated,Neither,Worsened,Other
SYN-DM-04780,Ranibizumab,1.78,Planned,Completed,Planned,Completed,Not indicated,Bilateral,Worsened,Pressure rise
SYN-DM-04781,Aflibercept,10.5,Completed,Planned,Planned,Completed,Planned,Left,Stable,Other
SYN-DM-04782,Ranibizumab,4.87,Not indicated,Partial,Not given,Planned,Planned,Right,Stable,Other
SYN-DM-04783,Ranibizumab,13.32,Completed,Partial,Not given,Completed,Completed,Right,Worsened,Inflammation
SYN-DM-04784,Aflibercept,1.73,Not indicated,Planned,Planned,Not indicated,Not indicated,Left,Worsened,Other
SYN-DM-04785,Aflibercept,15.37,Not indicated,Partial,Given,Completed,Completed,Right,Not assessed,Other
SYN-DM-04786,Bevacizumab,14.3,Planned,Partial,Planned,Planned,Completed,Left,Improved,Pressure rise
SYN-DM-04787,Ranibizumab,3.6,Not indicated,Not indicated,Planned,Planned,Not indicated,Bilateral,Not assessed,Other
SYN-DM-04788,None,17.92,Not indicated,Not indicated,Planned,Not indicated,Planned,Left,Worsened,Pressure rise
SYN-DM-04789,None,11.13,Completed,Partial,Planned,Not indicated,Not indicated,Left,Stable,Pressure rise
SYN-DM-04790,Aflibercept,1.27,Planned,Not indicated,Planned,Completed,Not indicated,Left,Not assessed,Other
SYN-DM-04791,None,3.82,Completed,Partial,Not given,Not indicated,Not indicated,Neither,Not assessed,Inflammation
SYN-DM-04792,None,12.7,Planned,Not indicated,Planned,Planned,Completed,Neither,Worsened,Pressure rise
SYN-DM-04793,None,13.45,Planned,Not indicated,Given,Not indicated,Planned,Left,Not assessed,Pressure rise
SYN-DM-04794,None,8.0,Not indicated,Completed,Not given,Completed,Planned,Left,Improved,Inflammation
SYN-DM-04795,Ranibizumab,0.09,Planned,Not indicated,Given,Planned,Not indicated,Neither,Not assessed,Other
SYN-DM-04796,Ranibizumab,1.36,Planned,Completed,Not given,Planned,Planned,Right,Stable,None
SYN-DM-04797,None,11.23,Not indicated,Planned,Given,Completed,Completed,Bilateral,Improved,Inflammation
SYN-DM-04798,Bevacizumab,16.85,Completed,Completed,Not given,Not indicated,Planned,Bilateral,Improved,Pressure rise
SYN-DM-04799,Ranibizumab,5.16,Not indicated,Planned,Given,Planned,Not indicated,Bilateral,Stable,Other
SYN-DM-04800,Bevacizumab,6.47,Not indicated,Completed,Given,Completed,Planned,Right,Worsened,Inflammation
SYN-DM-04801,Aflibercept,6.16,Completed,Completed,Given,Not indicated,Completed,Left,Improved,Pressure rise
SYN-DM-04802,Ranibizumab,11.33,Planned,Planned,Given,Not indicated,Completed,Neither,Worsened,None
SYN-DM-04803,Ranibizumab,11.91,Not indicated,Partial,Planned,Completed,Planned,Left,Not assessed,Inflammation
SYN-DM-04804,Aflibercept,12.78,Planned,Completed,Not given,Planned,Completed,Bilateral,Not assessed,Pressure rise
SYN-DM-04805,None,2.19,Planned,Partial,Not given,Completed,Not indicated,Right,Improved,None
SYN-DM-04806,Ranibizumab,9.0,Planned,Partial,Not given,Not indicated,Not indicated,Left,Not assessed,Other
SYN-DM-04807,Aflibercept,4.3,Completed,Completed,Given,Not indicated,Not indicated,Bilateral,Worsened,Inflammation
SYN-DM-04808,Ranibizumab,3.56,Planned,Not indicated,Not given,Planned,Planned,Bilateral,Stable,None
SYN-DM-04809,None,11.2,Planned,Partial,Given,Planned,Completed,Bilateral,Not assessed,Other
SYN-DM-04810,Bevacizumab,0.67,Planned,Partial,Not given,Completed,Planned,Left,Stable,None
SYN-DM-04811,Ranibizumab,0.62,Not indicated,Planned,Given,Completed,Planned,Left,Not assessed,Inflammation
SYN-DM-04812,None,9.68,Planned,Planned,Planned,Not indicated,Not indicated,Bilateral,Not assessed,Pressure rise
SYN-DM-04813,None,14.36,Completed,Not indicated,Planned,Not indicated,Not indicated,Bilateral,Stable,None
SYN-DM-04814,None,5.0,Planned,Partial,Not given,Planned,Planned,Left,Improved,None
SYN-DM-04815,Bevacizumab,6.15,Planned,Completed,Planned,Not indicated,Completed,Left,Improved,None
SYN-DM-04816,Bevacizumab,11.95,Completed,Completed,Planned,Completed,Not indicated,Bilateral,Worsened,Inflammation
SYN-DM-04817,Ranibizumab,11.62,Planned,Partial,Given,Not indicated,Planned,Bilateral,Stable,None
SYN-DM-04818,Ranibizumab,3.47,Planned,Partial,Given,Planned,Planned,Right,Improved,None
SYN-DM-04819,Aflibercept,5.39,Completed,Partial,Not given,Not indicated,Not indicated,Right,Not assessed,Other
SYN-DM-04820,Bevacizumab,2.69,Completed,Not indicated,Not given,Not indicated,Planned,Left,Stable,None
SYN-DM-04821,Ranibizumab,0.57,Not indicated,Planned,Not given,Planned,Completed,Right,Worsened,Pressure rise
SYN-DM-04822,Ranibizumab,3.38,Completed,Completed,Given,Planned,Not indicated,Neither,Improved,Other
SYN-DM-04823,Aflibercept,5.74,Planned,Planned,Given,Not indicated,Planned,Bilateral,Worsened,Other
SYN-DM-04824,Aflibercept,14.76,Planned,Completed,Not given,Completed,Completed,Left,Worsened,None
SYN-DM-04825,None,16.39,Planned,Planned,Not given,Planned,Completed,Neither,Not assessed,Other
SYN-DM-04826,Aflibercept,3.2,Not indicated,Partial,Not given,Planned,Planned,Neither,Stable,Other
SYN-DM-04827,Aflibercept,6.86,Planned,Planned,Given,Planned,Planned,Left,Not assessed,Inflammation
SYN-DM-04828,Aflibercept,11.13,Planned,Completed,Planned,Completed,Not indicated,Left,Worsened,Other
SYN-DM-04829,Ranibizumab,3.11,Not indicated,Partial,Planned,Completed,Not indicated,Right,Stable,Inflammation
SYN-DM-04830,Bevacizumab,13.47,Completed,Partial,Planned,Completed,Not indicated,Left,Not assessed,None
SYN-DM-04831,Aflibercept,7.14,Planned,Completed,Given,Completed,Completed,Left,Not assessed,Other
SYN-DM-04832,Bevacizumab,6.03,Planned,Partial,Given,Completed,Planned,Left,Not assessed,None
SYN-DM-04833,Bevacizumab,6.78,Completed,Completed,Given,Planned,Planned,Left,Improved,None
SYN-DM-04834,Ranibizumab,15.63,Planned,Partial,Given,Not indicated,Completed,Right,Improved,Inflammation
SYN-DM-04835,Bevacizumab,9.15,Not indicated,Not indicated,Given,Planned,Completed,Right,Not assessed,Other
SYN-DM-04836,Aflibercept,6.33,Not indicated,Completed,Given,Completed,Completed,Left,Not assessed,Pressure rise
SYN-DM-04837,Ranibizumab,8.98,Planned,Planned,Given,Planned,Completed,Neither,Worsened,None
SYN-DM-04838,Bevacizumab,6.51,Not indicated,Planned,Not given,Completed,Not indicated,Left,Worsened,Pressure rise
SYN-DM-04839,Ranibizumab,5.13,Planned,Completed,Planned,Completed,Planned,Right,Worsened,Inflammation
SYN-DM-04840,None,12.71,Completed,Planned,Given,Not indicated,Not indicated,Right,Stable,Pressure rise
SYN-DM-04841,Bevacizumab,4.25,Planned,Planned,Planned,Completed,Completed,Left,Improved,Other
SYN-DM-04842,Aflibercept,11.8,Not indicated,Planned,Not given,Completed,Not indicated,Right,Improved,None
SYN-DM-04843,Bevacizumab,3.2,Not indicated,Planned,Planned,Planned,Planned,Neither,Worsened,Other
SYN-DM-04844,Aflibercept,1.49,Completed,Completed,Given,Planned,Not indicated,Right,Worsened,Other
SYN-DM-04845,Ranibizumab,2.08,Completed,Not indicated,Planned,Completed,Planned,Bilateral,Improved,Pressure rise
SYN-DM-04846,Ranibizumab,2.07,Not indicated,Not indicated,Not given,Planned,Planned,Left,Not assessed,Other
SYN-DM-04847,Ranibizumab,0.98,Planned,Partial,Given,Completed,Not indicated,Left,Worsened,Pressure rise
SYN-DM-04848,Ranibizumab,0.13,Planned,Completed,Given,Not indicated,Completed,Bilateral,Stable,Inflammation
SYN-DM-04849,Bevacizumab,12.93,Not indicated,Not indicated,Not given,Completed,Not indicated,Right,Worsened,Other
SYN-DM-04850,None,16.08,Planned,Not indicated,Not given,Not indicated,Completed,Right,Worsened,None
SYN-DM-04851,None,3.28,Not indicated,Completed,Given,Completed,Completed,Right,Stable,Inflammation
SYN-DM-04852,Aflibercept,9.54,Completed,Not indicated,Not given,Planned,Completed,Bilateral,Not assessed,Pressure rise
SYN-DM-04853,Ranibizumab,17.98,Planned,Planned,Planned,Completed,Completed,Bilateral,Stable,Inflammation
SYN-DM-04854,Aflibercept,10.37,Completed,Completed,Not given,Planned,Planned,Bilateral,Not assessed,Inflammation
SYN-DM-04855,None,15.21,Not indicated,Completed,Planned,Not indicated,Completed,Left,Not assessed,Inflammation
SYN-DM-04856,Ranibizumab,10.79,Not indicated,Completed,Given,Completed,Completed,Neither,Not assessed,Other
SYN-DM-04857,None,11.99,Not indicated,Planned,Given,Not indicated,Completed,Left,Not assessed,None
SYN-DM-04858,None,17.09,Not indicated,Partial,Planned,Completed,Not indicated,Bilateral,Stable,None
SYN-DM-04859,None,8.35,Not indicated,Partial,Not given,Completed,Planned,Bilateral,Stable,None
SYN-DM-04860,Bevacizumab,16.7,Not indicated,Planned,Given,Completed,Completed,Neither,Stable,Pressure rise
SYN-DM-04861,None,2.99,Planned,Not indicated,Not given,Completed,Completed,Neither,Stable,Other
SYN-DM-04862,None,15.08,Planned,Not indicated,Planned,Planned,Not indicated,Neither,Stable,Pressure rise
SYN-DM-04863,Ranibizumab,4.36,Completed,Partial,Not given,Completed,Planned,Neither,Stable,Pressure rise
SYN-DM-04864,Bevacizumab,15.73,Not indicated,Completed,Not given,Completed,Not indicated,Right,Worsened,Other
SYN-DM-04865,Aflibercept,1.34,Not indicated,Completed,Planned,Not indicated,Completed,Right,Worsened,Pressure rise
SYN-DM-04866,None,11.27,Planned,Planned,Planned,Completed,Completed,Bilateral,Worsened,None
SYN-DM-04867,Ranibizumab,4.13,Completed,Completed,Not given,Not indicated,Planned,Neither,Not assessed,Pressure rise
SYN-DM-04868,Aflibercept,2.53,Planned,Planned,Given,Planned,Completed,Neither,Not assessed,Pressure rise
SYN-DM-04869,Bevacizumab,9.44,Completed,Not indicated,Given,Completed,Planned,Bilateral,Improved,Inflammation
SYN-DM-04870,None,12.22,Planned,Partial,Given,Planned,Not indicated,Bilateral,Improved,Inflammation
SYN-DM-04871,Ranibizumab,17.86,Completed,Completed,Planned,Completed,Completed,Left,Not assessed,Inflammation
SYN-DM-04872,Ranibizumab,6.19,Planned,Planned,Planned,Planned,Planned,Neither,Not assessed,Inflammation
SYN-DM-04873,Aflibercept,9.56,Not indicated,Not indicated,Not given,Planned,Not indicated,Bilateral,Not assessed,Pressure rise
SYN-DM-04874,Bevacizumab,17.94,Completed,Completed,Planned,Completed,Not indicated,Neither,Not assessed,Pressure rise
SYN-DM-04875,Bevacizumab,8.04,Planned,Completed,Not given,Not indicated,Planned,Neither,Improved,Inflammation
SYN-DM-04876,None,6.78,Completed,Partial,Planned,Not indicated,Completed,Left,Stable,Other
SYN-DM-04877,Aflibercept,14.18,Not indicated,Not indicated,Given,Not indicated,Planned,Right,Not assessed,Pressure rise
SYN-DM-04878,Bevacizumab,11.36,Completed,Planned,Not given,Completed,Planned,Bilateral,Improved,Other
SYN-DM-04879,Bevacizumab,15.5,Planned,Not indicated,Given,Not indicated,Completed,Neither,Worsened,Inflammation
SYN-DM-04880,Aflibercept,10.42,Planned,Completed,Planned,Planned,Not indicated,Neither,Not assessed,Other
SYN-DM-04881,Bevacizumab,15.38,Planned,Not indicated,Planned,Planned,Completed,Left,Worsened,None
SYN-DM-04882,None,6.87,Completed,Partial,Planned,Completed,Completed,Bilateral,Improved,Pressure rise
SYN-DM-04883,None,8.95,Completed,Planned,Not given,Completed,Completed,Left,Improved,None
SYN-DM-04884,Bevacizumab,17.32,Not indicated,Not indicated,Planned,Planned,Not indicated,Neither,Not assessed,Other
SYN-DM-04885,Bevacizumab,2.67,Planned,Not indicated,Not given,Completed,Planned,Left,Improved,Inflammation
SYN-DM-04886,None,15.19,Completed,Not indicated,Not given,Planned,Completed,Bilateral,Worsened,Inflammation
SYN-DM-04887,Aflibercept,12.84,Not indicated,Planned,Given,Not indicated,Completed,Bilateral,Not assessed,Pressure rise
SYN-DM-04888,Ranibizumab,3.77,Not indicated,Not indicated,Given,Completed,Planned,Bilateral,Improved,Other
SYN-DM-04889,Aflibercept,6.8,Planned,Partial,Given,Completed,Planned,Bilateral,Improved,Inflammation
SYN-DM-04890,Ranibizumab,13.29,Completed,Not indicated,Planned,Not indicated,Completed,Neither,Stable,Pressure rise
SYN-DM-04891,Ranibizumab,10.67,Not indicated,Completed,Given,Completed,Not indicated,Bilateral,Improved,Other
SYN-DM-04892,Ranibizumab,5.31,Planned,Partial,Planned,Planned,Planned,Bilateral,Not assessed,Inflammation
SYN-DM-04893,Ranibizumab,14.52,Completed,Planned,Not given,Completed,Completed,Neither,Stable,Pressure rise
SYN-DM-04894,Bevacizumab,12.0,Planned,Not indicated,Given,Planned,Planned,Bilateral,Not assessed,Other
SYN-DM-04895,Aflibercept,9.57,Not indicated,Completed,Planned,Planned,Not indicated,Right,Worsened,None
SYN-DM-04896,Bevacizumab,8.86,Not indicated,Partial,Not given,Completed,Not indicated,Left,Improved,Other
SYN-DM-04897,Aflibercept,1.88,Planned,Partial,Not given,Planned,Not indicated,Neither,Not assessed,Inflammation
SYN-DM-04898,Ranibizumab,2.33,Not indicated,Completed,Planned,Completed,Planned,Bilateral,Worsened,Inflammation
SYN-DM-04899,Bevacizumab,8.02,Planned,Completed,Not given,Not indicated,Not indicated,Bilateral,Stable,Inflammation
SYN-DM-04900,Bevacizumab,9.68,Planned,Partial,Not given,Completed,Completed,Neither,Stable,None
SYN-DM-04901,Aflibercept,6.01,Completed,Not indicated,Planned,Completed,Planned,Left,Not assessed,Pressure rise
SYN-DM-04902,Ranibizumab,17.46,Not indicated,Partial,Not given,Completed,Not indicated,Bilateral,Stable,Inflammation
SYN-DM-04903,None,12.99,Completed,Not indicated,Planned,Planned,Planned,Bilateral,Not assessed,Inflammation
SYN-DM-04904,None,7.54,Not indicated,Not indicated,Planned,Completed,Completed,Neither,Improved,None
SYN-DM-04905,Aflibercept,4.63,Not indicated,Partial,Not given,Not indicated,Planned,Bilateral,Improved,None
SYN-DM-04906,Aflibercept,2.51,Not indicated,Planned,Given,Completed,Planned,Right,Improved,Pressure rise
SYN-DM-04907,None,12.59,Planned,Not indicated,Given,Planned,Completed,Left,Not assessed,Pressure rise
SYN-DM-04908,None,17.29,Not indicated,Planned,Given,Completed,Not indicated,Right,Improved,Other
SYN-DM-04909,None,10.88,Not indicated,Not indicated,Planned,Not indicated,Not indicated,Bilateral,Not assessed,Other
SYN-DM-04910,None,15.74,Planned,Not indicated,Given,Completed,Planned,Neither,Improved,Pressure rise
SYN-DM-04911,Ranibizumab,2.86,Not indicated,Not indicated,Not given,Not indicated,Not indicated,Left,Stable,Other
SYN-DM-04912,None,1.4,Completed,Completed,Given,Not indicated,Not indicated,Bilateral,Not assessed,Other
SYN-DM-04913,Aflibercept,5.1,Completed,Partial,Planned,Not indicated,Planned,Bilateral,Stable,Other
SYN-DM-04914,Ranibizumab,15.01,Planned,Planned,Given,Completed,Completed,Bilateral,Worsened,Pressure rise
SYN-DM-04915,None,12.77,Not indicated,Not indicated,Planned,Completed,Planned,Neither,Worsened,Pressure rise
SYN-DM-04916,Aflibercept,12.64,Not indicated,Completed,Not given,Not indicated,Not indicated,Neither,Worsened,Pressure rise
SYN-DM-04917,None,0.75,Completed,Planned,Planned,Planned,Not indicated,Bilateral,Improved,Pressure rise
SYN-DM-04918,None,5.42,Completed,Planned,Not given,Not indicated,Planned,Right,Improved,None
SYN-DM-04919,Bevacizumab,10.03,Planned,Planned,Planned,Completed,Completed,Right,Stable,Other
SYN-DM-04920,Aflibercept,14.5,Completed,Partial,Given,Completed,Planned,Left,Stable,Pressure rise
SYN-DM-04921,Bevacizumab,11.67,Completed,Planned,Not given,Completed,Completed,Left,Stable,Inflammation
SYN-DM-04922,Aflibercept,15.9,Completed,Partial,Planned,Not indicated,Planned,Neither,Improved,None
SYN-DM-04923,Bevacizumab,4.5,Not indicated,Completed,Planned,Planned,Planned,Left,Not assessed,Other
SYN-DM-04924,None,17.17,Planned,Planned,Not given,Completed,Not indicated,Bilateral,Stable,Pressure rise
SYN-DM-04925,Bevacizumab,2.09,Planned,Not indicated,Given,Not indicated,Completed,Right,Improved,Inflammation
SYN-DM-04926,Aflibercept,3.27,Planned,Completed,Planned,Not indicated,Not indicated,Bilateral,Not assessed,None
SYN-DM-04927,Ranibizumab,1.46,Planned,Not indicated,Not given,Not indicated,Completed,Right,Improved,Other
SYN-DM-04928,Ranibizumab,14.79,Completed,Not indicated,Planned,Not indicated,Planned,Left,Not assessed,None
SYN-DM-04929,Bevacizumab,9.04,Not indicated,Planned,Given,Planned,Not indicated,Left,Improved,Inflammation
SYN-DM-04930,Ranibizumab,5.15,Planned,Partial,Given,Planned,Not indicated,Bilateral,Stable,Other
SYN-DM-04931,Bevacizumab,7.39,Planned,Completed,Given,Not indicated,Completed,Right,Stable,None
SYN-DM-04932,Ranibizumab,16.81,Not indicated,Not indicated,Planned,Not indicated,Planned,Right,Worsened,Pressure rise
SYN-DM-04933,Ranibizumab,14.92,Planned,Not indicated,Not given,Completed,Planned,Neither,Stable,Other
SYN-DM-04934,None,12.53,Planned,Planned,Given,Not indicated,Planned,Neither,Worsened,None
SYN-DM-04935,Bevacizumab,8.53,Planned,Not indicated,Planned,Planned,Completed,Neither,Stable,Pressure rise
SYN-DM-04936,None,2.33,Completed,Completed,Planned,Planned,Completed,Neither,Improved,Other
SYN-DM-04937,Ranibizumab,4.23,Planned,Completed,Given,Planned,Planned,Right,Worsened,None
SYN-DM-04938,Ranibizumab,2.28,Planned,Not indicated,Not given,Completed,Not indicated,Right,Worsened,Inflammation
SYN-DM-04939,Aflibercept,8.22,Completed,Planned,Planned,Planned,Not indicated,Bilateral,Worsened,None
SYN-DM-04940,Ranibizumab,0.04,Completed,Partial,Given,Not indicated,Planned,Left,Improved,Pressure rise
SYN-DM-04941,Ranibizumab,5.5,Planned,Completed,Not given,Not indicated,Not indicated,Left,Worsened,None
SYN-DM-04942,Aflibercept,3.03,Planned,Completed,Given,Not indicated,Completed,Neither,Stable,Pressure rise
SYN-DM-04943,Aflibercept,11.68,Not indicated,Not indicated,Not given,Completed,Planned,Neither,Improved,Pressure rise
SYN-DM-04944,Bevacizumab,15.92,Planned,Partial,Given,Not indicated,Not indicated,Bilateral,Improved,Pressure rise
SYN-DM-04945,None,15.22,Planned,Partial,Given,Not indicated,Planned,Bilateral,Stable,None
SYN-DM-04946,Aflibercept,8.34,Not indicated,Partial,Not given,Not indicated,Completed,Bilateral,Not assessed,None
SYN-DM-04947,Aflibercept,0.02,Completed,Not indicated,Not given,Not indicated,Planned,Left,Not assessed,None
SYN-DM-04948,None,2.64,Not indicated,Partial,Planned,Planned,Completed,Left,Stable,Pressure rise
SYN-DM-04949,None,5.74,Not indicated,Completed,Not given,Not indicated,Planned,Bilateral,Worsened,Other
SYN-DM-04950,Bevacizumab,14.15,Completed,Planned,Given,Not indicated,Completed,Left,Stable,Pressure rise
SYN-DM-04951,Ranibizumab,0.93,Completed,Partial,Not given,Planned,Not indicated,Right,Improved,Pressure rise
SYN-DM-04952,None,16.87,Not indicated,Planned,Given,Planned,Planned,Left,Improved,None
SYN-DM-04953,None,3.22,Planned,Partial,Not given,Planned,Not indicated,Neither,Not assessed,None
SYN-DM-04954,Ranibizumab,1.75,Not indicated,Not indicated,Not given,Planned,Not indicated,Bilateral,Improved,Inflammation
SYN-DM-04955,Aflibercept,7.84,Planned,Partial,Not given,Not indicated,Planned,Bilateral,Improved,Pressure rise
SYN-DM-04956,Ranibizumab,8.53,Planned,Partial,Given,Not indicated,Completed,Bilateral,Worsened,Other
SYN-DM-04957,Ranibizumab,5.83,Not indicated,Partial,Not given,Not indicated,Completed,Neither,Improved,Other
SYN-DM-04958,Ranibizumab,13.28,Completed,Not indicated,Not given,Completed,Completed,Bilateral,Worsened,Other
SYN-DM-04959,Ranibizumab,16.02,Completed,Partial,Planned,Completed,Planned,Bilateral,Improved,Inflammation
SYN-DM-04960,Ranibizumab,15.53,Not indicated,Not indicated,Given,Planned,Not indicated,Right,Worsened,None
SYN-DM-04961,Aflibercept,17.19,Planned,Completed,Planned,Not indicated,Not indicated,Neither,Stable,Inflammation
SYN-DM-04962,Ranibizumab,16.64,Not indicated,Completed,Planned,Completed,Completed,Right,Improved,None
SYN-DM-04963,None,7.51,Planned,Planned,Planned,Not indicated,Completed,Neither,Improved,Pressure rise
SYN-DM-04964,Aflibercept,8.46,Not indicated,Completed,Not given,Planned,Completed,Neither,Not assessed,Inflammation
SYN-DM-04965,Bevacizumab,8.03,Not indicated,Not indicated,Given,Completed,Not indicated,Right,Improved,Pressure rise
SYN-DM-04966,None,12.66,Planned,Not indicated,Planned,Planned,Not indicated,Bilateral,Worsened,Pressure rise
SYN-DM-04967,Ranibizumab,2.16,Completed,Not indicated,Planned,Completed,Not indicated,Bilateral,Worsened,Other
SYN-DM-04968,Ranibizumab,6.32,Not indicated,Completed,Given,Not indicated,Not indicated,Neither,Not assessed,Pressure rise
SYN-DM-04969,Aflibercept,6.37,Not indicated,Completed,Planned,Completed,Planned,Right,Improved,Other
SYN-DM-04970,Aflibercept,15.36,Not indicated,Partial,Planned,Not indicated,Planned,Bilateral,Stable,Pressure rise
SYN-DM-04971,Aflibercept,4.84,Completed,Not indicated,Planned,Planned,Completed,Left,Stable,Pressure rise
SYN-DM-04972,Bevacizumab,6.47,Completed,Not indicated,Not given,Not indicated,Completed,Neither,Worsened,Other
SYN-DM-04973,Bevacizumab,3.16,Planned,Completed,Not given,Planned,Not indicated,Bilateral,Improved,Pressure rise
SYN-DM-04974,Ranibizumab,7.72,Planned,Planned,Planned,Planned,Planned,Right,Improved,Pressure rise
SYN-DM-04975,None,7.28,Not indicated,Planned,Given,Not indicated,Planned,Right,Not assessed,Other
SYN-DM-04976,Aflibercept,8.21,Planned,Not indicated,Given,Completed,Planned,Neither,Stable,Inflammation
SYN-DM-04977,Aflibercept,2.36,Not indicated,Partial,Not given,Planned,Not indicated,Left,Stable,None
SYN-DM-04978,None,5.96,Planned,Not indicated,Given,Not indicated,Not indicated,Right,Improved,None
SYN-DM-04979,Bevacizumab,7.4,Not indicated,Partial,Given,Completed,Not indicated,Left,Worsened,Inflammation
SYN-DM-04980,Bevacizumab,15.55,Not indicated,Partial,Planned,Not indicated,Completed,Right,Not assessed,Pressure rise
SYN-DM-04981,None,9.35,Not indicated,Partial,Planned,Completed,Completed,Right,Not assessed,Pressure rise
SYN-DM-04982,Aflibercept,7.01,Not indicated,Partial,Not given,Planned,Not indicated,Bilateral,Stable,Inflammation
SYN-DM-04983,Bevacizumab,0.6,Not indicated,Not indicated,Given,Planned,Planned,Left,Not assessed,Other
SYN-DM-04984,None,17.34,Planned,Partial,Planned,Completed,Completed,Right,Improved,Other
SYN-DM-04985,Aflibercept,14.07,Completed,Planned,Planned,Not indicated,Planned,Right,Not assessed,None
SYN-DM-04986,None,10.43,Not indicated,Planned,Given,Planned,Completed,Neither,Worsened,Pressure rise
SYN-DM-04987,Aflibercept,9.91,Completed,Not indicated,Given,Not indicated,Not indicated,Right,Not assessed,None
SYN-DM-04988,Ranibizumab,1.29,Planned,Planned,Planned,Not indicated,Not indicated,Right,Worsened,Other
SYN-DM-04989,Bevacizumab,7.19,Not indicated,Partial,Not given,Completed,Not indicated,Bilateral,Stable,Other
SYN-DM-04990,None,12.84,Planned,Completed,Given,Planned,Completed,Right,Worsened,Pressure rise
SYN-DM-04991,None,16.04,Planned,Not indicated,Not given,Planned,Planned,Left,Worsened,Pressure rise
SYN-DM-04992,Bevacizumab,17.08,Planned,Partial,Given,Completed,Completed,Right,Stable,Other
SYN-DM-04993,Aflibercept,13.99,Planned,Partial,Not given,Planned,Completed,Neither,Improved,Other
SYN-DM-04994,None,7.99,Completed,Completed,Not given,Completed,Not indicated,Neither,Not assessed,None
SYN-DM-04995,None,1.93,Planned,Not indicated,Given,Not indicated,Not indicated,Right,Not assessed,Other
SYN-DM-04996,Aflibercept,17.12,Completed,Partial,Given,Planned,Completed,Bilateral,Improved,None
SYN-DM-04997,None,6.67,Planned,Partial,Not given,Planned,Not indicated,Right,Worsened,None
SYN-DM-04998,None,5.91,Completed,Completed,Not given,Not indicated,Not indicated,Left,Stable,Pressure rise
SYN-DM-04999,Ranibizumab,8.12,Not indicated,Not indicated,Not given,Completed,Planned,Neither,Improved,Pressure rise
SYN-DM-05000,Ranibizumab,4.11,Completed,Planned,Not given,Completed,Not indicated,Neither,Stable,None
