patient_id,age,sex_at_birth,race_group,ethnicity_group,preferred_language,insurance_type,smoking_status,body_mass_index_group,residential_setting
SYN-DM-00001,23,Male,Unknown,Not Hispanic or Latino,Spanish,Commercial,Never,Underweight,Suburban
SYN-DM-00002,76,Intersex,White,Not Hispanic or Latino,Spanish,Commercial,Current,Obesity,Rural
SYN-DM-00003,53,Male,Unknown,Not Hispanic or Latino,English,Commercial,Never,Underweight,Rural
SYN-DM-00004,57,Female,Asian,Hispanic or Latino,English,Commercial,Never,Normal,Rural
SYN-DM-00005,66,Female,Other,Hispanic or Latino,Mandarin,Commercial,Never,Overweight,Suburban
SYN-DM-00006,89,Unknown,Asian,Unknown,Mandarin,Commercial,Current,Underweight,Suburban
SYN-DM-00007,69,Male,Unknown,Unknown,Spanish,Commercial,Never,Underweight,Rural
SYN-DM-00008,63,Unknown,Unknown,Hispanic or Latino,Mandarin,Medicaid,Never,Overweight,Urban
SYN-DM-00009,22,Male,Black,Hispanic or Latino,Mandarin,Medicaid,Former,Overweight,Urban
SYN-DM-00010,88,Unknown,Black,Unknown,Spanish,Commercial,Never,Normal,Unknown
SYN-DM-00011,24,Male,Other,Not Hispanic or Latino,English,Commercial,Former,Obesity,Suburban
SYN-DM-00012,30,Intersex,Black,Not Hispanic or Latino,English,Medicare,Never,Underweight,Unknown
SYN-DM-00013,34,Intersex,Black,Hispanic or Latino,English,Medicaid,Current,Obesity,Unknown
SYN-DM-00014,49,Unknown,Asian,Hispanic or Latino,Spanish,Medicare,Current,Obesity,Suburban
SYN-DM-00015,53,Male,Asian,Hispanic or Latino,English,Commercial,Unknown,Obesity,Suburban
SYN-DM-00016,68,Intersex,Unknown,Unknown,English,Medicaid,Former,Underweight,Suburban
SYN-DM-00017,85,Intersex,Asian,Hispanic or Latino,Other,Medicaid,Former,Obesity,Urban
SYN-DM-00018,63,Female,Other,Hispanic or Latino,Other,Medicare,Never,Obesity,Suburban
SYN-DM-00019,86,Intersex,Asian,Hispanic or Latino,Mandarin,Commercial,Current,Underweight,Unknown
SYN-DM-00020,85,Male,Unknown,Unknown,Mandarin,Commercial,Former,Underweight,Urban
SYN-DM-00021,31,Intersex,Asian,Hispanic or Latino,Other,Medicare,Current,Normal,Urban
SYN-DM-00022,41,Female,Other,Unknown,Other,Commercial,Never,Obesity,Rural
SYN-DM-00023,84,Male,Unknown,Hispanic or Latino,Other,Commercial,Never,Obesity,Suburban
SYN-DM-00024,69,Male,Black,Unknown,Mandarin,Commercial,Current,Underweight,Unknown
SYN-DM-00025,78,Male,White,Not Hispanic or Latino,English,Commercial,Current,Underweight,Unknown
SYN-DM-00026,23,Intersex,Black,Not Hispanic or Latino,Mandarin,Commercial,Current,Underweight,Unknown
SYN-DM-00027,44,Male,Asian,Unknown,English,Medicare,Former,Obesity,Suburban
SYN-DM-00028,45,Unknown,White,Unknown,English,Commercial,Never,Overweight,Urban
SYN-DM-00029,34,Unknown,Black,Not Hispanic or Latino,English,Commercial,Former,Overweight,Rural
SYN-DM-00030,21,Male,Other,Not Hispanic or Latino,Other,Commercial,Unknown,Underweight,Urban
SYN-DM-00031,22,Female,Unknown,Hispanic or Latino,English,Medicare,Current,Overweight,Urban
SYN-DM-00032,58,Female,Unknown,Unknown,Other,Commercial,Former,Obesity,Unknown
SYN-DM-00033,42,Female,White,Hispanic or Latino,Other,Commercial,Unknown,Underweight,Rural
SYN-DM-00034,78,Intersex,Unknown,Unknown,Other,Medicaid,Current,Underweight,Rural
SYN-DM-00035,87,Unknown,Asian,Hispanic or Latino,English,Commercial,Never,Overweight,Suburban
SYN-DM-00036,46,Male,Asian,Unknown,Other,Commercial,Former,Underweight,Rural
SYN-DM-00037,29,Female,Black,Hispanic or Latino,Spanish,Medicaid,Unknown,Underweight,Unknown
SYN-DM-00038,47,Female,Black,Not Hispanic or Latino,English,Commercial,Current,Obesity,Rural
SYN-DM-00039,33,Unknown,White,Hispanic or Latino,Other,Medicare,Never,Normal,Urban
SYN-DM-00040,82,Unknown,Other,Not Hispanic or Latino,Spanish,Commercial,Never,Overweight,Rural
SYN-DM-00041,72,Female,Unknown,Unknown,English,Commercial,Never,Underweight,Unknown
SYN-DM-00042,21,Female,Other,Hispanic or Latino,Other,Medicare,Unknown,Normal,Suburban
SYN-DM-00043,33,Male,Other,Not Hispanic or Latino,Spanish,Commercial,Never,Overweight,Unknown
SYN-DM-00044,82,Female,Unknown,Unknown,Spanish,Medicare,Former,Obesity,Unknown
SYN-DM-00045,28,Intersex,Asian,Not Hispanic or Latino,Other,Commercial,Former,Obesity,Rural
SYN-DM-00046,84,Intersex,Asian,Unknown,Spanish,Self-pay,Never,Obesity,Unknown
SYN-DM-00047,78,Female,Asian,Not Hispanic or Latino,Mandarin,Medicare,Current,Normal,Rural
SYN-DM-00048,77,Male,Black,Unknown,Mandarin,Medicare,Former,Obesity,Suburban
SYN-DM-00049,88,Female,Black,Not Hispanic or Latino,Spanish,Medicare,Former,Obesity,Rural
SYN-DM-00050,76,Female,White,Hispanic or Latino,Spanish,Medicare,Current,Obesity,Rural
SYN-DM-00051,45,Female,Black,Unknown,Mandarin,Medicare,Current,Overweight,Rural
SYN-DM-00052,73,Male,Unknown,Not Hispanic or Latino,Mandarin,Medicaid,Never,Underweight,Suburban
SYN-DM-00053,55,Male,Unknown,Unknown,Spanish,Medicare,Never,Overweight,Urban
SYN-DM-00054,27,Female,Unknown,Unknown,Other,Medicaid,Never,Overweight,Urban
SYN-DM-00055,76,Intersex,Unknown,Not Hispanic or Latino,English,Commercial,Current,Normal,Rural
SYN-DM-00056,62,Unknown,Asian,Not Hispanic or Latino,Mandarin,Medicare,Former,Normal,Suburban
SYN-DM-00057,89,Female,White,Hispanic or Latino,Other,Commercial,Never,Underweight,Unknown
SYN-DM-00058,52,Female,White,Unknown,Mandarin,Commercial,Current,Obesity,Unknown
SYN-DM-00059,63,Unknown,White,Unknown,Mandarin,Medicaid,Never,Obesity,Suburban
SYN-DM-00060,63,Intersex,Unknown,Not Hispanic or Latino,Mandarin,Medicaid,Current,Underweight,Urban
SYN-DM-00061,84,Female,Asian,Not Hispanic or Latino,Mandarin,Medicaid,Current,Normal,Suburban
SYN-DM-00062,47,Unknown,Unknown,Unknown,Other,Commercial,Former,Underweight,Urban
SYN-DM-00063,86,Intersex,Asian,Not Hispanic or Latino,Other,Medicaid,Former,Obesity,Suburban
SYN-DM-00064,70,Male,White,Unknown,Spanish,Commercial,Never,Obesity,Rural
SYN-DM-00065,63,Female,Black,Hispanic or Latino,English,Self-pay,Never,Overweight,Unknown
SYN-DM-00066,55,Unknown,Asian,Unknown,Other,Commercial,Never,Underweight,Rural
SYN-DM-00067,46,Intersex,Asian,Hispanic or Latino,Mandarin,Commercial,Current,Obesity,Rural
SYN-DM-00068,71,Male,Other,Unknown,English,Commercial,Former,Underweight,Rural
SYN-DM-00069,30,Female,Black,Unknown,English,Medicare,Current,Overweight,Urban
SYN-DM-00070,24,Intersex,Black,Hispanic or Latino,Mandarin,Medicaid,Current,Normal,Suburban
SYN-DM-00071,22,Male,Black,Hispanic or Latino,Other,Medicaid,Never,Normal,Suburban
SYN-DM-00072,77,Male,White,Unknown,Spanish,Commercial,Never,Overweight,Rural
SYN-DM-00073,60,Male,Black,Unknown,Spanish,Commercial,Never,Underweight,Urban
SYN-DM-00074,72,Intersex,White,Unknown,English,Medicare,Never,Underweight,Suburban
SYN-DM-00075,21,Male,White,Hispanic or Latino,English,Commercial,Former,Normal,Unknown
SYN-DM-00076,47,Female,Black,Not Hispanic or Latino,Mandarin,Commercial,Current,Underweight,Urban
SYN-DM-00077,40,Unknown,Black,Unknown,Other,Medicaid,Never,Underweight,Urban
SYN-DM-00078,36,Intersex,Asian,Unknown,Spanish,Commercial,Never,Normal,Rural
SYN-DM-00079,56,Male,Asian,Unknown,Other,Medicaid,Former,Obesity,Unknown
SYN-DM-00080,62,Intersex,Other,Hispanic or Latino,Other,Medicaid,Never,Obesity,Urban
SYN-DM-00081,32,Intersex,Unknown,Unknown,English,Commercial,Never,Obesity,Rural
SYN-DM-00082,55,Male,Black,Not Hispanic or Latino,Spanish,Commercial,Former,Overweight,Rural
SYN-DM-00083,45,Unknown,Asian,Hispanic or Latino,Spanish,Commercial,Never,Normal,Urban
SYN-DM-00084,74,Male,Unknown,Hispanic or Latino,Spanish,Medicare,Former,Normal,Urban
SYN-DM-00085,74,Unknown,Asian,Not Hispanic or Latino,Mandarin,Commercial,Never,Normal,Unknown
SYN-DM-00086,86,Male,White,Not Hispanic or Latino,English,Commercial,Former,Normal,Unknown
SYN-DM-00087,35,Unknown,Other,Not Hispanic or Latino,Spanish,Commercial,Never,Underweight,Rural
SYN-DM-00088,80,Unknown,Unknown,Hispanic or Latino,English,Medicare,Current,Obesity,Rural
SYN-DM-00089,63,Male,Black,Not Hispanic or Latino,Other,Medicare,Never,Obesity,Unknown
SYN-DM-00090,38,Male,Black,Unknown,Other,Commercial,Never,Normal,Suburban
SYN-DM-00091,76,Female,Unknown,Hispanic or Latino,Mandarin,Medicaid,Former,Normal,Suburban
SYN-DM-00092,82,Male,White,Hispanic or Latino,English,Commercial,Former,Underweight,Rural
SYN-DM-00093,70,Unknown,Asian,Not Hispanic or Latino,Spanish,Commercial,Never,Obesity,Urban
SYN-DM-00094,53,Intersex,Other,Hispanic or Latino,Spanish,Medicare,Never,Normal,Rural
SYN-DM-00095,79,Male,Asian,Hispanic or Latino,Mandarin,Medicare,Never,Overweight,Suburban
SYN-DM-00096,75,Intersex,Asian,Unknown,Other,Self-pay,Never,Normal,Rural
SYN-DM-00097,76,Male,Asian,Unknown,Spanish,Commercial,Never,Obesity,Unknown
SYN-DM-00098,69,Male,Black,Not Hispanic or Latino,Spanish,Commercial,Never,Normal,Suburban
SYN-DM-00099,22,Unknown,Unknown,Not Hispanic or Latino,Spanish,Medicare,Former,Underweight,Suburban
SYN-DM-00100,83,Female,White,Not Hispanic or Latino,English,Commercial,Never,Normal,Rural
SYN-DM-00101,89,Intersex,White,Not Hispanic or Latino,English,Commercial,Never,Obesity,Urban
SYN-DM-00102,67,Female,Unknown,Hispanic or Latino,Mandarin,Self-pay,Never,Obesity,Urban
SYN-DM-00103,27,Female,White,Unknown,English,Medicare,Never,Normal,Rural
SYN-DM-00104,25,Intersex,Asian,Not Hispanic or Latino,Other,Medicaid,Former,Overweight,Rural
SYN-DM-00105,44,Unknown,Unknown,Hispanic or Latino,English,Medicare,Former,Overweight,Suburban
SYN-DM-00106,22,Intersex,Asian,Hispanic or Latino,Spanish,Medicare,Former,Normal,Unknown
SYN-DM-00107,31,Male,Other,Unknown,Spanish,Commercial,Current,Overweight,Rural
SYN-DM-00108,80,Unknown,Black,Not Hispanic or Latino,Spanish,Medicare,Unknown,Normal,Unknown
SYN-DM-00109,60,Male,White,Hispanic or Latino,Mandarin,Medicare,Former,Underweight,Suburban
SYN-DM-00110,69,Female,White,Not Hispanic or Latino,Mandarin,Commercial,Never,Obesity,Rural
SYN-DM-00111,54,Intersex,Other,Not Hispanic or Latino,Spanish,Medicaid,Never,Obesity,Rural
SYN-DM-00112,28,Male,White,Not Hispanic or Latino,Other,Commercial,Never,Underweight,Unknown
SYN-DM-00113,45,Unknown,Black,Unknown,Other,Commercial,Never,Obesity,Urban
SYN-DM-00114,71,Intersex,White,Hispanic or Latino,Other,Medicaid,Never,Normal,Unknown
SYN-DM-00115,32,Female,White,Hispanic or Latino,English,Commercial,Never,Obesity,Urban
SYN-DM-00116,68,Female,Unknown,Not Hispanic or Latino,Other,Commercial,Unknown,Obesity,Rural
SYN-DM-00117,26,Male,Other,Unknown,Spanish,Medicare,Former,Normal,Urban
SYN-DM-00118,39,Male,Other,Not Hispanic or Latino,English,Commercial,Unknown,Underweight,Unknown
SYN-DM-00119,28,Unknown,Asian,Not Hispanic or Latino,Mandarin,Medicare,Former,Obesity,Unknown
SYN-DM-00120,69,Unknown,White,Not Hispanic or Latino,Other,Medicaid,Current,Overweight,Rural
SYN-DM-00121,75,Male,Unknown,Not Hispanic or Latino,Other,Commercial,Former,Obesity,Urban
SYN-DM-00122,71,Unknown,Black,Not Hispanic or Latino,Other,Commercial,Current,Obesity,Unknown
SYN-DM-00123,85,Unknown,Black,Hispanic or Latino,Spanish,Medicare,Former,Normal,Rural
SYN-DM-00124,42,Female,Other,Hispanic or Latino,English,Commercial,Current,Normal,Urban
SYN-DM-00125,25,Female,Other,Unknown,English,Commercial,Current,Overweight,Suburban
SYN-DM-00126,49,Female,Unknown,Hispanic or Latino,Mandarin,Commercial,Current,Normal,Unknown
SYN-DM-00127,25,Male,Asian,Hispanic or Latino,Spanish,Commercial,Never,Underweight,Suburban
SYN-DM-00128,26,Intersex,White,Unknown,Spanish,Medicare,Current,Obesity,Suburban
SYN-DM-00129,54,Unknown,White,Hispanic or Latino,Other,Medicaid,Former,Underweight,Suburban
SYN-DM-00130,67,Female,White,Unknown,Mandarin,Medicaid,Unknown,Underweight,Suburban
SYN-DM-00131,82,Female,Unknown,Not Hispanic or Latino,English,Commercial,Never,Normal,Unknown
SYN-DM-00132,78,Unknown,Asian,Unknown,Spanish,Commercial,Former,Normal,Rural
SYN-DM-00133,89,Female,Black,Unknown,Spanish,Medicare,Never,Normal,Urban
SYN-DM-00134,21,Intersex,White,Not Hispanic or Latino,English,Commercial,Never,Underweight,Unknown
SYN-DM-00135,56,Male,Unknown,Not Hispanic or Latino,Other,Commercial,Never,Overweight,Rural
SYN-DM-00136,39,Intersex,Unknown,Unknown,Spanish,Medicaid,Never,Normal,Rural
SYN-DM-00137,61,Male,Asian,Unknown,Spanish,Commercial,Former,Normal,Unknown
SYN-DM-00138,22,Female,Black,Hispanic or Latino,Spanish,Commercial,Former,Underweight,Unknown
SYN-DM-00139,82,Female,Asian,Unknown,English,Medicare,Former,Normal,Suburban
SYN-DM-00140,56,Intersex,Black,Hispanic or Latino,English,Medicare,Never,Normal,Urban
SYN-DM-00141,49,Intersex,Unknown,Unknown,Mandarin,Medicare,Unknown,Obesity,Urban
SYN-DM-00142,69,Intersex,White,Unknown,Mandarin,Commercial,Former,Normal,Unknown
SYN-DM-00143,88,Male,Asian,Hispanic or Latino,Spanish,Commercial,Current,Obesity,Unknown
SYN-DM-00144,74,Unknown,Asian,Not Hispanic or Latino,Mandarin,Medicaid,Never,Underweight,Suburban
SYN-DM-00145,70,Male,Unknown,Hispanic or Latino,Spanish,Medicare,Former,Obesity,Suburban
SYN-DM-00146,47,Female,Other,Not Hispanic or Latino,Other,Commercial,Former,Underweight,Urban
SYN-DM-00147,23,Male,Other,Not Hispanic or Latino,Other,Commercial,Never,Normal,Unknown
SYN-DM-00148,61,Unknown,Asian,Unknown,Other,Medicare,Former,Underweight,Suburban
SYN-DM-00149,32,Intersex,White,Not Hispanic or Latino,English,Medicaid,Former,Underweight,Unknown
SYN-DM-00150,78,Male,Other,Hispanic or Latino,Other,Medicare,Former,Underweight,Unknown
SYN-DM-00151,44,Female,Other,Not Hispanic or Latino,Mandarin,Commercial,Never,Underweight,Suburban
SYN-DM-00152,83,Female,Asian,Unknown,Spanish,Commercial,Current,Underweight,Urban
SYN-DM-00153,42,Male,Other,Not Hispanic or Latino,Spanish,Medicare,Never,Normal,Urban
SYN-DM-00154,69,Intersex,Black,Not Hispanic or Latino,English,Commercial,Current,Normal,Rural
SYN-DM-00155,69,Male,Black,Hispanic or Latino,Spanish,Medicaid,Former,Underweight,Unknown
SYN-DM-00156,83,Unknown,Unknown,Unknown,Spanish,Commercial,Never,Normal,Unknown
SYN-DM-00157,32,Male,White,Unknown,Spanish,Commercial,Former,Overweight,Urban
SYN-DM-00158,50,Male,Black,Not Hispanic or Latino,Other,Commercial,Never,Obesity,Urban
SYN-DM-00159,38,Unknown,White,Hispanic or Latino,Other,Commercial,Never,Overweight,Unknown
SYN-DM-00160,39,Unknown,White,Unknown,English,Commercial,Never,Normal,Unknown
SYN-DM-00161,26,Intersex,Unknown,Not Hispanic or Latino,Spanish,Commercial,Never,Underweight,Rural
SYN-DM-00162,56,Intersex,Asian,Not Hispanic or Latino,English,Self-pay,Never,Underweight,Rural
SYN-DM-00163,23,Male,Unknown,Unknown,Mandarin,Medicaid,Former,Normal,Unknown
SYN-DM-00164,83,Unknown,Asian,Unknown,English,Medicare,Never,Normal,Urban
SYN-DM-00165,57,Unknown,Unknown,Unknown,Spanish,Commercial,Former,Underweight,Unknown
SYN-DM-00166,61,Intersex,White,Unknown,Mandarin,Commercial,Former,Overweight,Suburban
SYN-DM-00167,38,Male,Asian,Unknown,Spanish,Medicaid,Never,Underweight,Urban
SYN-DM-00168,37,Intersex,Black,Hispanic or Latino,Mandarin,Commercial,Never,Underweight,Suburban
SYN-DM-00169,80,Intersex,White,Unknown,Spanish,Medicaid,Former,Overweight,Suburban
SYN-DM-00170,45,Unknown,Black,Hispanic or Latino,Mandarin,Commercial,Never,Underweight,Rural
SYN-DM-00171,88,Male,Asian,Not Hispanic or Latino,English,Commercial,Former,Normal,Unknown
SYN-DM-00172,75,Intersex,Asian,Not Hispanic or Latino,Other,Commercial,Never,Normal,Unknown
SYN-DM-00173,22,Female,Unknown,Hispanic or Latino,English,Commercial,Current,Obesity,Urban
SYN-DM-00174,22,Female,Asian,Unknown,Mandarin,Commercial,Current,Underweight,Unknown
SYN-DM-00175,80,Unknown,White,Unknown,Spanish,Commercial,Former,Normal,Unknown
SYN-DM-00176,21,Female,Unknown,Not Hispanic or Latino,English,Commercial,Current,Obesity,Suburban
SYN-DM-00177,46,Intersex,White,Unknown,Spanish,Medicaid,Unknown,Overweight,Suburban
SYN-DM-00178,28,Intersex,White,Unknown,Mandarin,Commercial,Current,Overweight,Suburban
SYN-DM-00179,90,Female,White,Unknown,Other,Commercial,Never,Normal,Urban
SYN-DM-00180,32,Unknown,Unknown,Not Hispanic or Latino,Spanish,Commercial,Former,Underweight,Suburban
SYN-DM-00181,37,Unknown,White,Not Hispanic or Latino,Other,Medicaid,Never,Obesity,Urban
SYN-DM-00182,58,Female,White,Unknown,Spanish,Medicare,Former,Underweight,Suburban
SYN-DM-00183,42,Female,White,Hispanic or Latino,English,Commercial,Former,Overweight,Suburban
SYN-DM-00184,62,Male,White,Not Hispanic or Latino,Mandarin,Commercial,Unknown,Normal,Urban
SYN-DM-00185,86,Unknown,Black,Hispanic or Latino,Other,Commercial,Former,Normal,Rural
SYN-DM-00186,56,Female,Asian,Not Hispanic or Latino,Mandarin,Commercial,Never,Obesity,Unknown
SYN-DM-00187,55,Female,Asian,Not Hispanic or Latino,Spanish,Commercial,Current,Obesity,Urban
SYN-DM-00188,78,Male,Other,Not Hispanic or Latino,English,Medicaid,Unknown,Normal,Urban
SYN-DM-00189,59,Male,Asian,Unknown,Spanish,Commercial,Former,Overweight,Urban
SYN-DM-00190,73,Intersex,Black,Unknown,English,Medicaid,Former,Obesity,Unknown
SYN-DM-00191,69,Unknown,Other,Hispanic or Latino,Mandarin,Self-pay,Never,Obesity,Rural
SYN-DM-00192,53,Male,Unknown,Unknown,English,Medicaid,Current,Underweight,Rural
SYN-DM-00193,87,Unknown,Asian,Unknown,Other,Commercial,Never,Overweight,Urban
SYN-DM-00194,72,Female,Black,Unknown,Other,Commercial,Former,Obesity,Rural
SYN-DM-00195,58,Female,Black,Hispanic or Latino,Spanish,Medicare,Never,Obesity,Urban
SYN-DM-00196,82,Unknown,Unknown,Hispanic or Latino,English,Commercial,Unknown,Obesity,Rural
SYN-DM-00197,67,Male,Other,Unknown,Mandarin,Commercial,Current,Underweight,Rural
SYN-DM-00198,34,Male,Asian,Hispanic or Latino,Other,Commercial,Never,Underweight,Urban
SYN-DM-00199,21,Male,Black,Unknown,English,Commercial,Current,Obesity,Rural
SYN-DM-00200,86,Intersex,Black,Not Hispanic or Latino,Other,Commercial,Former,Overweight,Suburban
SYN-DM-00201,35,Female,Black,Not Hispanic or Latino,Other,Commercial,Never,Overweight,Suburban
SYN-DM-00202,50,Intersex,Unknown,Hispanic or Latino,Other,Commercial,Never,Obesity,Urban
SYN-DM-00203,84,Male,Asian,Not Hispanic or Latino,Spanish,Commercial,Former,Obesity,Rural
SYN-DM-00204,80,Male,Other,Hispanic or Latino,Mandarin,Medicaid,Never,Overweight,Suburban
SYN-DM-00205,86,Intersex,Black,Not Hispanic or Latino,Mandarin,Commercial,Former,Overweight,Suburban
SYN-DM-00206,52,Male,Other,Unknown,Spanish,Medicare,Current,Overweight,Urban
SYN-DM-00207,37,Unknown,Other,Hispanic or Latino,Mandarin,Commercial,Never,Normal,Suburban
SYN-DM-00208,64,Intersex,White,Unknown,English,Commercial,Former,Obesity,Suburban
SYN-DM-00209,78,Female,Black,Not Hispanic or Latino,Mandarin,Medicare,Former,Underweight,Unknown
SYN-DM-00210,72,Male,Black,Not Hispanic or Latino,Spanish,Commercial,Never,Underweight,Rural
SYN-DM-00211,40,Unknown,Asian,Not Hispanic or Latino,English,Commercial,Former,Overweight,Rural
SYN-DM-00212,22,Unknown,Other,Hispanic or Latino,Mandarin,Medicare,Never,Underweight,Urban
SYN-DM-00213,87,Male,White,Unknown,Mandarin,Medicaid,Never,Obesity,Urban
SYN-DM-00214,90,Male,White,Not Hispanic or Latino,English,Commercial,Never,Underweight,Unknown
SYN-DM-00215,27,Female,Unknown,Not Hispanic or Latino,English,Medicare,Never,Normal,Rural
SYN-DM-00216,41,Unknown,Other,Hispanic or Latino,English,Commercial,Current,Underweight,Urban
SYN-DM-00217,32,Male,Asian,Not Hispanic or Latino,Mandarin,Commercial,Former,Underweight,Unknown
SYN-DM-00218,68,Male,Unknown,Unknown,English,Medicare,Never,Normal,Unknown
SYN-DM-00219,68,Male,Unknown,Unknown,Mandarin,Commercial,Never,Overweight,Unknown
SYN-DM-00220,29,Unknown,Unknown,Not Hispanic or Latino,Spanish,Commercial,Never,Underweight,Unknown
SYN-DM-00221,57,Unknown,Asian,Unknown,Mandarin,Medicare,Never,Underweight,Urban
SYN-DM-00222,48,Male,Other,Hispanic or Latino,Spanish,Medicaid,Current,Obesity,Rural
SYN-DM-00223,85,Intersex,Unknown,Unknown,Other,Commercial,Never,Overweight,Unknown
SYN-DM-00224,45,Female,Unknown,Not Hispanic or Latino,English,Medicare,Former,Obesity,Unknown
SYN-DM-00225,21,Male,Other,Not Hispanic or Latino,Spanish,Self-pay,Unknown,Obesity,Suburban
SYN-DM-00226,46,Intersex,Unknown,Not Hispanic or Latino,English,Commercial,Current,Normal,Rural
SYN-DM-00227,58,Female,Asian,Not Hispanic or Latino,Mandarin,Commercial,Never,Normal,Suburban
SYN-DM-00228,82,Male,Unknown,Not Hispanic or Latino,Mandarin,Commercial,Never,Overweight,Suburban
SYN-DM-00229,79,Male,Black,Unknown,Mandarin,Commercial,Former,Normal,Unknown
SYN-DM-00230,75,Male,Unknown,Not Hispanic or Latino,Spanish,Commercial,Former,Obesity,Suburban
SYN-DM-00231,84,Unknown,Black,Not Hispanic or Latino,English,Medicare,Never,Obesity,Rural
SYN-DM-00232,64,Female,Black,Hispanic or Latino,Spanish,Medicare,Current,Obesity,Unknown
SYN-DM-00233,50,Intersex,Asian,Unknown,Spanish,Commercial,Former,Underweight,Urban
SYN-DM-00234,26,Male,Black,Not Hispanic or Latino,Mandarin,Commercial,Never,Obesity,Suburban
SYN-DM-00235,77,Male,Black,Hispanic or Latino,Spanish,Medicare,Never,Underweight,Unknown
SYN-DM-00236,84,Intersex,White,Hispanic or Latino,English,Medicaid,Former,Obesity,Urban
SYN-DM-00237,45,Female,Asian,Hispanic or Latino,Other,Self-pay,Former,Normal,Suburban
SYN-DM-00238,23,Intersex,Black,Not Hispanic or Latino,Mandarin,Self-pay,Never,Normal,Urban
SYN-DM-00239,25,Unknown,Other,Unknown,English,Commercial,Former,Obesity,Rural
SYN-DM-00240,37,Female,Unknown,Unknown,Mandarin,Medicare,Former,Underweight,Rural
SYN-DM-00241,75,Male,Other,Not Hispanic or Latino,English,Medicare,Current,Underweight,Rural
SYN-DM-00242,59,Male,Other,Not Hispanic or Latino,Spanish,Medicaid,Former,Normal,Unknown
SYN-DM-00243,81,Female,White,Hispanic or Latino,Spanish,Medicaid,Never,Obesity,Unknown
SYN-DM-00244,39,Intersex,White,Hispanic or Latino,English,Medicaid,Never,Overweight,Rural
SYN-DM-00245,32,Female,Asian,Unknown,Mandarin,Commercial,Never,Obesity,Unknown
SYN-DM-00246,60,Male,Asian,Not Hispanic or Latino,English,Medicare,Former,Normal,Urban
SYN-DM-00247,28,Female,Unknown,Unknown,Spanish,Commercial,Never,Obesity,Suburban
SYN-DM-00248,68,Unknown,White,Hispanic or Latino,Other,Commercial,Former,Overweight,Urban
SYN-DM-00249,32,Male,White,Hispanic or Latino,Other,Commercial,Never,Overweight,Unknown
SYN-DM-00250,43,Intersex,Unknown,Hispanic or Latino,Spanish,Commercial,Never,Normal,Urban
SYN-DM-00251,45,Unknown,White,Not Hispanic or Latino,English,Commercial,Current,Overweight,Rural
SYN-DM-00252,49,Intersex,Unknown,Unknown,Other,Medicare,Former,Overweight,Urban
SYN-DM-00253,78,Male,White,Hispanic or Latino,Mandarin,Commercial,Former,Obesity,Suburban
SYN-DM-00254,44,Intersex,Other,Unknown,Other,Medicaid,Never,Underweight,Unknown
SYN-DM-00255,72,Unknown,Other,Hispanic or Latino,Other,Commercial,Current,Normal,Urban
SYN-DM-00256,55,Female,Other,Hispanic or Latino,Spanish,Commercial,Former,Overweight,Unknown
SYN-DM-00257,58,Male,Unknown,Hispanic or Latino,English,Medicaid,Never,Overweight,Suburban
SYN-DM-00258,25,Unknown,Other,Hispanic or Latino,English,Commercial,Unknown,Underweight,Suburban
SYN-DM-00259,50,Male,Asian,Hispanic or Latino,Other,Commercial,Never,Overweight,Rural
SYN-DM-00260,88,Intersex,White,Hispanic or Latino,English,Commercial,Former,Obesity,Rural
SYN-DM-00261,29,Unknown,Black,Hispanic or Latino,Mandarin,Medicare,Former,Overweight,Urban
SYN-DM-00262,64,Unknown,Other,Hispanic or Latino,English,Medicare,Never,Obesity,Urban
SYN-DM-00263,28,Female,White,Unknown,Spanish,Commercial,Never,Underweight,Rural
SYN-DM-00264,87,Male,Asian,Hispanic or Latino,Other,Commercial,Current,Overweight,Urban
SYN-DM-00265,84,Female,Asian,Hispanic or Latino,Mandarin,Commercial,Never,Underweight,Urban
SYN-DM-00266,60,Intersex,Other,Hispanic or Latino,Other,Medicare,Never,Normal,Rural
SYN-DM-00267,45,Intersex,White,Not Hispanic or Latino,Other,Commercial,Former,Normal,Unknown
SYN-DM-00268,71,Intersex,Unknown,Not Hispanic or Latino,English,Commercial,Never,Overweight,Suburban
SYN-DM-00269,87,Female,Unknown,Unknown,Spanish,Commercial,Former,Obesity,Rural
SYN-DM-00270,21,Intersex,White,Not Hispanic or Latino,Spanish,Commercial,Unknown,Underweight,Suburban
SYN-DM-00271,80,Intersex,Unknown,Not Hispanic or Latino,Other,Medicaid,Never,Normal,Unknown
SYN-DM-00272,51,Intersex,Asian,Unknown,Mandarin,Commercial,Never,Normal,Urban
SYN-DM-00273,51,Female,White,Hispanic or Latino,English,Medicare,Current,Underweight,Unknown
SYN-DM-00274,73,Male,Black,Hispanic or Latino,English,Commercial,Former,Obesity,Urban
SYN-DM-00275,77,Male,Black,Not Hispanic or Latino,English,Medicare,Never,Obesity,Urban
SYN-DM-00276,65,Male,Other,Hispanic or Latino,Mandarin,Commercial,Current,Normal,Rural
SYN-DM-00277,48,Intersex,Black,Not Hispanic or Latino,English,Commercial,Never,Overweight,Suburban
SYN-DM-00278,67,Female,Black,Unknown,Other,Commercial,Unknown,Normal,Rural
SYN-DM-00279,41,Female,Unknown,Unknown,Spanish,Commercial,Never,Obesity,Unknown
SYN-DM-00280,25,Intersex,Asian,Not Hispanic or Latino,Mandarin,Commercial,Never,Overweight,Rural
SYN-DM-00281,37,Intersex,White,Hispanic or Latino,Other,Commercial,Never,Normal,Unknown
SYN-DM-00282,65,Intersex,White,Hispanic or Latino,Spanish,Commercial,Never,Obesity,Unknown
SYN-DM-00283,54,Unknown,White,Unknown,Mandarin,Medicare,Former,Overweight,Suburban
SYN-DM-00284,78,Unknown,Other,Not Hispanic or Latino,Other,Medicare,Unknown,Overweight,Urban
SYN-DM-00285,48,Unknown,Unknown,Unknown,English,Medicare,Never,Normal,Rural
SYN-DM-00286,87,Unknown,Unknown,Unknown,Other,Medicare,Former,Overweight,Suburban
SYN-DM-00287,36,Unknown,White,Hispanic or Latino,English,Commercial,Never,Overweight,Rural
SYN-DM-00288,32,Male,White,Unknown,Spanish,Commercial,Never,Normal,Unknown
SYN-DM-00289,27,Male,Asian,Not Hispanic or Latino,Spanish,Medicare,Never,Obesity,Urban
SYN-DM-00290,41,Unknown,White,Unknown,Other,Commercial,Unknown,Overweight,Suburban
SYN-DM-00291,89,Intersex,White,Hispanic or Latino,Mandarin,Medicare,Never,Overweight,Urban
SYN-DM-00292,72,Female,White,Unknown,English,Medicare,Former,Underweight,Rural
SYN-DM-00293,84,Unknown,White,Hispanic or Latino,Spanish,Medicare,Never,Normal,Suburban
SYN-DM-00294,33,Unknown,Asian,Hispanic or Latino,Mandarin,Medicaid,Former,Obesity,Suburban
SYN-DM-00295,52,Male,Unknown,Hispanic or Latino,English,Medicare,Never,Normal,Suburban
SYN-DM-00296,62,Male,Asian,Unknown,Other,Medicare,Never,Obesity,Suburban
SYN-DM-00297,35,Intersex,Asian,Hispanic or Latino,Other,Medicare,Never,Underweight,Unknown
SYN-DM-00298,85,Intersex,Other,Hispanic or Latino,English,Commercial,Never,Obesity,Suburban
SYN-DM-00299,53,Intersex,Asian,Not Hispanic or Latino,Other,Commercial,Never,Normal,Urban
SYN-DM-00300,78,Unknown,White,Hispanic or Latino,Mandarin,Medicare,Never,Obesity,Unknown
SYN-DM-00301,29,Intersex,Black,Hispanic or Latino,Mandarin,Self-pay,Never,Overweight,Rural
SYN-DM-00302,40,Female,Unknown,Hispanic or Latino,Other,Medicare,Never,Normal,Urban
SYN-DM-00303,29,Female,Black,Unknown,English,Commercial,Never,Overweight,Unknown
SYN-DM-00304,81,Intersex,Black,Not Hispanic or Latino,Spanish,Medicare,Unknown,Obesity,Unknown
SYN-DM-00305,80,Male,Asian,Unknown,Spanish,Medicare,Unknown,Obesity,Unknown
SYN-DM-00306,63,Male,Unknown,Hispanic or Latino,Spanish,Commercial,Never,Normal,Rural
SYN-DM-00307,47,Female,Unknown,Not Hispanic or Latino,Other,Commercial,Never,Normal,Suburban
SYN-DM-00308,71,Unknown,White,Unknown,English,Commercial,Never,Underweight,Urban
SYN-DM-00309,32,Female,Black,Not Hispanic or Latino,English,Commercial,Unknown,Underweight,Suburban
SYN-DM-00310,23,Unknown,White,Not Hispanic or Latino,Spanish,Commercial,Unknown,Normal,Suburban
SYN-DM-00311,25,Male,Asian,Not Hispanic or Latino,Spanish,Commercial,Never,Underweight,Unknown
SYN-DM-00312,61,Female,White,Not Hispanic or Latino,Mandarin,Medicare,Never,Underweight,Unknown
SYN-DM-00313,64,Intersex,Other,Not Hispanic or Latino,Other,Medicare,Former,Overweight,Urban
SYN-DM-00314,61,Female,Black,Not Hispanic or Latino,English,Commercial,Never,Normal,Rural
SYN-DM-00315,44,Intersex,Black,Unknown,Other,Commercial,Former,Normal,Suburban
SYN-DM-00316,85,Female,Asian,Hispanic or Latino,English,Medicare,Former,Obesity,Suburban
SYN-DM-00317,51,Intersex,Unknown,Unknown,Spanish,Medicaid,Former,Overweight,Urban
SYN-DM-00318,66,Intersex,Other,Hispanic or Latino,Spanish,Medicaid,Never,Normal,Suburban
SYN-DM-00319,41,Unknown,Black,Unknown,Other,Commercial,Current,Normal,Suburban
SYN-DM-00320,39,Male,Black,Unknown,English,Commercial,Never,Obesity,Urban
SYN-DM-00321,78,Intersex,Asian,Not Hispanic or Latino,Spanish,Medicare,Never,Obesity,Urban
SYN-DM-00322,43,Female,Unknown,Unknown,Mandarin,Commercial,Never,Underweight,Urban
SYN-DM-00323,37,Unknown,Black,Hispanic or Latino,Spanish,Medicaid,Former,Normal,Urban
SYN-DM-00324,85,Female,Unknown,Unknown,Spanish,Medicaid,Never,Overweight,Suburban
SYN-DM-00325,64,Intersex,Black,Unknown,Spanish,Medicare,Former,Overweight,Suburban
SYN-DM-00326,56,Unknown,White,Hispanic or Latino,Spanish,Self-pay,Never,Normal,Urban
SYN-DM-00327,75,Male,Asian,Unknown,Spanish,Commercial,Current,Obesity,Rural
SYN-DM-00328,35,Male,Black,Hispanic or Latino,Mandarin,Commercial,Former,Underweight,Rural
SYN-DM-00329,22,Intersex,Other,Hispanic or Latino,Other,Medicare,Never,Normal,Unknown
SYN-DM-00330,26,Unknown,White,Not Hispanic or Latino,Mandarin,Commercial,Never,Obesity,Urban
SYN-DM-00331,44,Intersex,White,Unknown,Other,Commercial,Never,Underweight,Rural
SYN-DM-00332,55,Intersex,Unknown,Hispanic or Latino,English,Self-pay,Never,Obesity,Unknown
SYN-DM-00333,25,Male,Asian,Hispanic or Latino,Spanish,Commercial,Never,Overweight,Suburban
SYN-DM-00334,36,Unknown,Other,Unknown,Spanish,Commercial,Never,Normal,Suburban
SYN-DM-00335,71,Male,White,Hispanic or Latino,Mandarin,Commercial,Never,Underweight,Urban
SYN-DM-00336,37,Male,Other,Unknown,Other,Medicare,Former,Underweight,Rural
SYN-DM-00337,65,Unknown,Unknown,Not Hispanic or Latino,Mandarin,Medicare,Unknown,Underweight,Unknown
SYN-DM-00338,26,Male,White,Hispanic or Latino,Other,Medicaid,Never,Obesity,Unknown
SYN-DM-00339,73,Female,White,Not Hispanic or Latino,Mandarin,Commercial,Current,Normal,Rural
SYN-DM-00340,23,Male,Unknown,Not Hispanic or Latino,English,Commercial,Unknown,Normal,Urban
SYN-DM-00341,76,Female,Other,Hispanic or Latino,Other,Medicaid,Former,Normal,Rural
SYN-DM-00342,70,Female,Unknown,Unknown,Mandarin,Commercial,Never,Obesity,Rural
SYN-DM-00343,85,Female,Black,Unknown,Mandarin,Medicare,Former,Overweight,Unknown
SYN-DM-00344,36,Female,Asian,Hispanic or Latino,English,Commercial,Former,Obesity,Rural
SYN-DM-00345,34,Intersex,Unknown,Unknown,Mandarin,Commercial,Former,Normal,Rural
SYN-DM-00346,87,Intersex,Other,Hispanic or Latino,Other,Medicare,Never,Underweight,Urban
SYN-DM-00347,90,Male,White,Not Hispanic or Latino,Mandarin,Commercial,Never,Normal,Rural
SYN-DM-00348,29,Male,Asian,Unknown,English,Commercial,Never,Normal,Rural
SYN-DM-00349,83,Female,Asian,Not Hispanic or Latino,Mandarin,Medicaid,Never,Normal,Rural
SYN-DM-00350,65,Intersex,Asian,Hispanic or Latino,Other,Commercial,Never,Underweight,Urban
SYN-DM-00351,36,Unknown,Unknown,Not Hispanic or Latino,Mandarin,Commercial,Never,Overweight,Urban
SYN-DM-00352,42,Male,Asian,Not Hispanic or Latino,English,Commercial,Current,Overweight,Unknown
SYN-DM-00353,30,Intersex,Asian,Hispanic or Latino,Mandarin,Commercial,Former,Obesity,Rural
SYN-DM-00354,42,Unknown,White,Hispanic or Latino,Other,Commercial,Former,Obesity,Rural
SYN-DM-00355,68,Intersex,Black,Hispanic or Latino,English,Commercial,Never,Obesity,Suburban
SYN-DM-00356,46,Male,Asian,Not Hispanic or Latino,English,Commercial,Former,Underweight,Urban
SYN-DM-00357,78,Unknown,Black,Unknown,Mandarin,Commercial,Never,Overweight,Urban
SYN-DM-00358,33,Female,White,Not Hispanic or Latino,Other,Commercial,Never,Normal,Rural
SYN-DM-00359,50,Intersex,Asian,Unknown,Mandarin,Commercial,Never,Underweight,Suburban
SYN-DM-00360,60,Female,Black,Hispanic or Latino,English,Commercial,Former,Overweight,Suburban
SYN-DM-00361,34,Male,Other,Not Hispanic or Latino,English,Commercial,Never,Obesity,Unknown
SYN-DM-00362,22,Unknown,Asian,Not Hispanic or Latino,English,Commercial,Former,Normal,Suburban
SYN-DM-00363,72,Intersex,White,Not Hispanic or Latino,Mandarin,Medicaid,Never,Normal,Unknown
SYN-DM-00364,85,Intersex,Unknown,Hispanic or Latino,Mandarin,Commercial,Never,Normal,Unknown
SYN-DM-00365,67,Female,White,Unknown,Other,Medicaid,Current,Normal,Suburban
SYN-DM-00366,87,Intersex,White,Unknown,Spanish,Medicaid,Never,Obesity,Suburban
SYN-DM-00367,89,Intersex,Other,Unknown,Spanish,Commercial,Unknown,Normal,Rural
SYN-DM-00368,41,Intersex,Other,Not Hispanic or Latino,Spanish,Medicare,Former,Underweight,Urban
SYN-DM-00369,56,Intersex,Other,Unknown,English,Commercial,Unknown,Obesity,Unknown
SYN-DM-00370,38,Female,Other,Unknown,Other,Medicare,Never,Normal,Urban
SYN-DM-00371,73,Male,White,Unknown,Mandarin,Medicare,Former,Underweight,Urban
SYN-DM-00372,72,Male,Unknown,Hispanic or Latino,English,Commercial,Former,Normal,Suburban
SYN-DM-00373,89,Female,White,Not Hispanic or Latino,Spanish,Commercial,Never,Normal,Suburban
SYN-DM-00374,60,Unknown,Unknown,Hispanic or Latino,Spanish,Medicaid,Never,Overweight,Urban
SYN-DM-00375,33,Intersex,Other,Not Hispanic or Latino,English,Commercial,Former,Underweight,Suburban
SYN-DM-00376,42,Female,Unknown,Hispanic or Latino,Mandarin,Medicare,Never,Obesity,Rural
SYN-DM-00377,74,Unknown,White,Unknown,English,Commercial,Former,Normal,Unknown
SYN-DM-00378,65,Male,Asian,Unknown,Spanish,Medicare,Current,Overweight,Urban
SYN-DM-00379,72,Male,Black,Hispanic or Latino,Spanish,Self-pay,Never,Underweight,Suburban
SYN-DM-00380,34,Unknown,Black,Unknown,English,Self-pay,Former,Overweight,Suburban
SYN-DM-00381,34,Unknown,White,Unknown,Mandarin,Commercial,Never,Obesity,Suburban
SYN-DM-00382,38,Unknown,White,Not Hispanic or Latino,Other,Commercial,Never,Normal,Suburban
SYN-DM-00383,85,Male,Other,Unknown,Mandarin,Commercial,Former,Overweight,Urban
SYN-DM-00384,45,Intersex,Asian,Hispanic or Latino,Mandarin,Medicaid,Former,Normal,Urban
SYN-DM-00385,63,Intersex,Asian,Hispanic or Latino,English,Self-pay,Current,Overweight,Unknown
SYN-DM-00386,79,Unknown,Other,Hispanic or Latino,Mandarin,Commercial,Former,Overweight,Unknown
SYN-DM-00387,21,Unknown,Other,Hispanic or Latino,Other,Medicaid,Current,Normal,Urban
SYN-DM-00388,75,Intersex,Unknown,Not Hispanic or Latino,Spanish,Commercial,Never,Obesity,Unknown
SYN-DM-00389,63,Intersex,Unknown,Not Hispanic or Latino,English,Commercial,Never,Underweight,Urban
SYN-DM-00390,76,Female,Black,Not Hispanic or Latino,Mandarin,Medicaid,Current,Underweight,Urban
SYN-DM-00391,36,Unknown,Black,Hispanic or Latino,English,Commercial,Never,Underweight,Unknown
SYN-DM-00392,39,Unknown,Black,Not Hispanic or Latino,Spanish,Commercial,Never,Overweight,Unknown
SYN-DM-00393,60,Male,Unknown,Unknown,Spanish,Commercial,Never,Obesity,Rural
SYN-DM-00394,74,Female,Asian,Unknown,Other,Self-pay,Unknown,Normal,Unknown
SYN-DM-00395,68,Unknown,Other,Unknown,Mandarin,Medicaid,Former,Overweight,Urban
SYN-DM-00396,29,Intersex,Unknown,Hispanic or Latino,Other,Self-pay,Never,Underweight,Unknown
SYN-DM-00397,40,Intersex,Unknown,Hispanic or Latino,Other,Medicaid,Never,Obesity,Suburban
SYN-DM-00398,72,Female,Black,Not Hispanic or Latino,Mandarin,Commercial,Current,Obesity,Urban
SYN-DM-00399,51,Male,White,Hispanic or Latino,Other,Medicare,Never,Obesity,Unknown
SYN-DM-00400,55,Male,Asian,Not Hispanic or Latino,Mandarin,Medicare,Current,Overweight,Suburban
SYN-DM-00401,57,Female,Unknown,Not Hispanic or Latino,Other,Medicaid,Former,Overweight,Suburban
SYN-DM-00402,62,Unknown,White,Unknown,Mandarin,Medicare,Never,Normal,Urban
SYN-DM-00403,46,Male,Other,Unknown,Mandarin,Commercial,Never,Underweight,Rural
SYN-DM-00404,69,Unknown,White,Not Hispanic or Latino,Mandarin,Medicare,Never,Obesity,Urban
SYN-DM-00405,77,Unknown,Unknown,Not Hispanic or Latino,English,Medicare,Former,Overweight,Rural
SYN-DM-00406,62,Intersex,White,Hispanic or Latino,Spanish,Commercial,Never,Underweight,Suburban
SYN-DM-00407,27,Intersex,Unknown,Unknown,Mandarin,Medicare,Never,Normal,Unknown
SYN-DM-00408,63,Intersex,Black,Unknown,Mandarin,Medicaid,Never,Underweight,Suburban
SYN-DM-00409,44,Unknown,Asian,Hispanic or Latino,Other,Commercial,Current,Overweight,Rural
SYN-DM-00410,29,Female,Asian,Not Hispanic or Latino,Spanish,Commercial,Never,Underweight,Unknown
SYN-DM-00411,37,Intersex,Unknown,Unknown,Other,Commercial,Never,Overweight,Unknown
SYN-DM-00412,87,Unknown,White,Unknown,English,Medicare,Never,Overweight,Rural
SYN-DM-00413,26,Intersex,White,Unknown,Mandarin,Medicare,Never,Normal,Urban
SYN-DM-00414,73,Unknown,Other,Not Hispanic or Latino,Spanish,Medicaid,Never,Normal,Rural
SYN-DM-00415,21,Unknown,Asian,Hispanic or Latino,Mandarin,Commercial,Current,Obesity,Suburban
SYN-DM-00416,49,Male,Asian,Hispanic or Latino,English,Commercial,Former,Normal,Unknown
SYN-DM-00417,23,Female,Asian,Hispanic or Latino,Mandarin,Commercial,Never,Overweight,Unknown
SYN-DM-00418,67,Intersex,White,Hispanic or Latino,Spanish,Commercial,Never,Overweight,Suburban
SYN-DM-00419,45,Intersex,White,Not Hispanic or Latino,English,Medicare,Current,Overweight,Unknown
SYN-DM-00420,37,Male,Unknown,Unknown,English,Commercial,Never,Overweight,Rural
SYN-DM-00421,35,Male,Asian,Unknown,Spanish,Commercial,Never,Normal,Suburban
SYN-DM-00422,86,Intersex,White,Unknown,Other,Commercial,Never,Normal,Urban
SYN-DM-00423,63,Male,Unknown,Unknown,Mandarin,Commercial,Never,Obesity,Unknown
SYN-DM-00424,51,Male,Black,Hispanic or Latino,Spanish,Self-pay,Former,Underweight,Suburban
SYN-DM-00425,38,Female,White,Hispanic or Latino,Other,Self-pay,Never,Underweight,Suburban
SYN-DM-00426,34,Intersex,Black,Unknown,Mandarin,Self-pay,Current,Obesity,Suburban
SYN-DM-00427,29,Intersex,Asian,Not Hispanic or Latino,Spanish,Commercial,Current,Overweight,Rural
SYN-DM-00428,42,Female,Other,Unknown,English,Medicare,Current,Normal,Urban
SYN-DM-00429,66,Male,Asian,Not Hispanic or Latino,Spanish,Commercial,Former,Normal,Urban
SYN-DM-00430,51,Intersex,White,Unknown,Spanish,Commercial,Current,Underweight,Rural
SYN-DM-00431,32,Female,Asian,Unknown,Mandarin,Medicare,Former,Underweight,Unknown
SYN-DM-00432,79,Intersex,Black,Unknown,Spanish,Commercial,Unknown,Obesity,Suburban
SYN-DM-00433,35,Unknown,Unknown,Not Hispanic or Latino,Spanish,Medicare,Never,Normal,Suburban
SYN-DM-00434,81,Male,Black,Not Hispanic or Latino,Spanish,Medicaid,Former,Normal,Unknown
SYN-DM-00435,68,Female,Asian,Not Hispanic or Latino,Mandarin,Commercial,Former,Overweight,Unknown
SYN-DM-00436,82,Intersex,Unknown,Unknown,English,Medicare,Never,Overweight,Unknown
SYN-DM-00437,63,Female,Black,Unknown,Mandarin,Commercial,Current,Underweight,Unknown
SYN-DM-00438,87,Male,Unknown,Not Hispanic or Latino,English,Medicare,Current,Obesity,Suburban
SYN-DM-00439,47,Female,Unknown,Hispanic or Latino,Mandarin,Self-pay,Former,Obesity,Suburban
SYN-DM-00440,82,Intersex,Unknown,Not Hispanic or Latino,Other,Self-pay,Never,Normal,Rural
SYN-DM-00441,29,Female,Other,Hispanic or Latino,Other,Commercial,Unknown,Underweight,Rural
SYN-DM-00442,39,Intersex,Unknown,Hispanic or Latino,Mandarin,Medicaid,Current,Overweight,Urban
SYN-DM-00443,64,Male,Unknown,Hispanic or Latino,English,Commercial,Never,Obesity,Rural
SYN-DM-00444,65,Male,White,Unknown,Mandarin,Commercial,Never,Overweight,Urban
SYN-DM-00445,33,Male,Black,Hispanic or Latino,Mandarin,Commercial,Never,Normal,Suburban
SYN-DM-00446,72,Female,Other,Unknown,Mandarin,Medicaid,Never,Obesity,Unknown
SYN-DM-00447,77,Unknown,Black,Hispanic or Latino,Spanish,Commercial,Never,Obesity,Unknown
SYN-DM-00448,47,Intersex,Other,Unknown,Mandarin,Medicaid,Current,Normal,Suburban
SYN-DM-00449,34,Female,Other,Hispanic or Latino,English,Commercial,Never,Underweight,Urban
SYN-DM-00450,42,Female,Asian,Hispanic or Latino,Spanish,Self-pay,Former,Underweight,Rural
SYN-DM-00451,69,Male,Asian,Unknown,Spanish,Commercial,Never,Underweight,Rural
SYN-DM-00452,44,Unknown,Black,Hispanic or Latino,Spanish,Commercial,Never,Normal,Rural
SYN-DM-00453,46,Female,Black,Not Hispanic or Latino,English,Medicare,Never,Underweight,Unknown
SYN-DM-00454,46,Female,Other,Unknown,Mandarin,Commercial,Current,Obesity,Urban
SYN-DM-00455,71,Male,White,Unknown,Mandarin,Medicare,Never,Underweight,Rural
SYN-DM-00456,30,Intersex,Unknown,Not Hispanic or Latino,Other,Medicare,Former,Underweight,Urban
SYN-DM-00457,48,Unknown,Black,Hispanic or Latino,Mandarin,Commercial,Never,Normal,Unknown
SYN-DM-00458,45,Male,Asian,Unknown,Spanish,Medicare,Never,Normal,Urban
SYN-DM-00459,54,Unknown,Asian,Unknown,Mandarin,Commercial,Never,Normal,Suburban
SYN-DM-00460,23,Intersex,White,Not Hispanic or Latino,Mandarin,Commercial,Never,Overweight,Suburban
SYN-DM-00461,70,Female,Asian,Hispanic or Latino,English,Medicaid,Never,Overweight,Suburban
SYN-DM-00462,32,Female,Other,Not Hispanic or Latino,Spanish,Commercial,Current,Overweight,Unknown
SYN-DM-00463,86,Female,Asian,Unknown,Spanish,Medicare,Never,Obesity,Suburban
SYN-DM-00464,72,Female,Asian,Unknown,Mandarin,Commercial,Never,Obesity,Suburban
SYN-DM-00465,30,Intersex,White,Not Hispanic or Latino,Other,Commercial,Current,Obesity,Suburban
SYN-DM-00466,58,Unknown,Black,Hispanic or Latino,Other,Medicare,Former,Underweight,Suburban
SYN-DM-00467,80,Unknown,White,Not Hispanic or Latino,Spanish,Self-pay,Never,Normal,Suburban
SYN-DM-00468,58,Unknown,Unknown,Hispanic or Latino,Mandarin,Medicaid,Current,Obesity,Urban
SYN-DM-00469,81,Female,Other,Not Hispanic or Latino,Other,Commercial,Never,Obesity,Suburban
SYN-DM-00470,53,Female,Black,Hispanic or Latino,Mandarin,Medicaid,Never,Obesity,Urban
SYN-DM-00471,56,Male,Unknown,Not Hispanic or Latino,Mandarin,Medicare,Unknown,Normal,Urban
SYN-DM-00472,41,Male,Black,Not Hispanic or Latino,Spanish,Medicaid,Never,Normal,Rural
SYN-DM-00473,55,Intersex,Asian,Hispanic or Latino,English,Commercial,Former,Overweight,Urban
SYN-DM-00474,89,Unknown,Unknown,Unknown,English,Commercial,Current,Underweight,Urban
SYN-DM-00475,62,Female,White,Hispanic or Latino,Other,Commercial,Former,Underweight,Rural
SYN-DM-00476,70,Female,Black,Unknown,Mandarin,Commercial,Current,Obesity,Rural
SYN-DM-00477,68,Unknown,Unknown,Unknown,Other,Commercial,Former,Overweight,Unknown
SYN-DM-00478,53,Male,White,Unknown,English,Medicare,Never,Underweight,Rural
SYN-DM-00479,51,Intersex,Unknown,Hispanic or Latino,Other,Commercial,Never,Overweight,Urban
SYN-DM-00480,28,Unknown,Asian,Unknown,English,Medicaid,Never,Underweight,Urban
SYN-DM-00481,35,Unknown,Black,Unknown,Spanish,Commercial,Never,Underweight,Unknown
SYN-DM-00482,34,Male,White,Hispanic or Latino,Other,Commercial,Current,Normal,Suburban
SYN-DM-00483,86,Unknown,Asian,Unknown,English,Commercial,Never,Obesity,Unknown
SYN-DM-00484,52,Male,Black,Unknown,Mandarin,Medicare,Never,Obesity,Suburban
SYN-DM-00485,33,Male,Unknown,Unknown,English,Medicaid,Current,Obesity,Unknown
SYN-DM-00486,76,Unknown,White,Unknown,Other,Commercial,Never,Underweight,Urban
SYN-DM-00487,55,Intersex,Unknown,Unknown,Spanish,Commercial,Never,Normal,Urban
SYN-DM-00488,41,Intersex,Black,Unknown,Mandarin,Commercial,Never,Overweight,Suburban
SYN-DM-00489,60,Intersex,White,Unknown,Other,Medicare,Never,Obesity,Urban
SYN-DM-00490,66,Female,Other,Hispanic or Latino,Mandarin,Medicare,Former,Underweight,Unknown
SYN-DM-00491,46,Male,Asian,Hispanic or Latino,English,Medicare,Never,Underweight,Suburban
SYN-DM-00492,42,Intersex,Asian,Not Hispanic or Latino,English,Commercial,Former,Overweight,Suburban
SYN-DM-00493,89,Intersex,Asian,Unknown,Spanish,Commercial,Former,Obesity,Urban
SYN-DM-00494,70,Intersex,Unknown,Unknown,Mandarin,Medicare,Former,Obesity,Urban
SYN-DM-00495,52,Intersex,White,Not Hispanic or Latino,English,Medicare,Never,Obesity,Rural
SYN-DM-00496,41,Intersex,Asian,Unknown,Spanish,Commercial,Former,Underweight,Suburban
SYN-DM-00497,49,Intersex,Asian,Not Hispanic or Latino,English,Medicare,Former,Overweight,Unknown
SYN-DM-00498,84,Unknown,Black,Hispanic or Latino,Mandarin,Medicaid,Current,Overweight,Rural
SYN-DM-00499,90,Female,Black,Unknown,Other,Commercial,Former,Underweight,Rural
SYN-DM-00500,31,Female,White,Unknown,Other,Commercial,Former,Normal,Unknown
SYN-DM-00501,45,Female,Unknown,Hispanic or Latino,Other,Commercial,Current,Underweight,Unknown
SYN-DM-00502,59,Male,White,Not Hispanic or Latino,Mandarin,Commercial,Former,Obesity,Urban
SYN-DM-00503,57,Intersex,Unknown,Hispanic or Latino,Mandarin,Medicare,Never,Normal,Unknown
SYN-DM-00504,62,Unknown,Black,Hispanic or Latino,Spanish,Commercial,Never,Normal,Suburban
SYN-DM-00505,79,Female,Unknown,Hispanic or Latino,Spanish,Medicaid,Never,Normal,Unknown
SYN-DM-00506,27,Female,Black,Unknown,Spanish,Commercial,Never,Underweight,Suburban
SYN-DM-00507,84,Female,White,Hispanic or Latino,Other,Commercial,Never,Overweight,Suburban
SYN-DM-00508,77,Male,Unknown,Hispanic or Latino,Spanish,Commercial,Former,Obesity,Urban
SYN-DM-00509,22,Unknown,Black,Not Hispanic or Latino,Mandarin,Self-pay,Former,Underweight,Unknown
SYN-DM-00510,60,Intersex,Unknown,Not Hispanic or Latino,Spanish,Commercial,Never,Underweight,Unknown
SYN-DM-00511,80,Male,Unknown,Not Hispanic or Latino,Other,Self-pay,Former,Normal,Urban
SYN-DM-00512,39,Unknown,Unknown,Unknown,English,Medicare,Never,Underweight,Unknown
SYN-DM-00513,79,Female,Other,Hispanic or Latino,Other,Medicare,Current,Underweight,Urban
SYN-DM-00514,59,Female,White,Not Hispanic or Latino,Other,Commercial,Current,Overweight,Unknown
SYN-DM-00515,32,Male,White,Hispanic or Latino,English,Commercial,Never,Overweight,Suburban
SYN-DM-00516,27,Unknown,Asian,Hispanic or Latino,Mandarin,Commercial,Never,Normal,Rural
SYN-DM-00517,31,Female,Unknown,Unknown,Other,Commercial,Never,Normal,Suburban
SYN-DM-00518,55,Male,Unknown,Not Hispanic or Latino,Mandarin,Commercial,Current,Underweight,Unknown
SYN-DM-00519,85,Intersex,Asian,Unknown,English,Commercial,Never,Normal,Urban
SYN-DM-00520,75,Unknown,Other,Hispanic or Latino,Mandarin,Commercial,Unknown,Underweight,Unknown
SYN-DM-00521,33,Intersex,Unknown,Unknown,English,Medicare,Unknown,Overweight,Rural
SYN-DM-00522,87,Male,Unknown,Hispanic or Latino,Other,Commercial,Never,Obesity,Rural
SYN-DM-00523,28,Female,Asian,Unknown,Spanish,Self-pay,Never,Underweight,Rural
SYN-DM-00524,78,Male,Unknown,Unknown,English,Commercial,Never,Normal,Urban
SYN-DM-00525,79,Female,Other,Not Hispanic or Latino,Spanish,Commercial,Never,Underweight,Rural
SYN-DM-00526,88,Male,Black,Hispanic or Latino,Spanish,Medicare,Unknown,Overweight,Suburban
SYN-DM-00527,25,Male,White,Not Hispanic or Latino,English,Commercial,Never,Normal,Urban
SYN-DM-00528,88,Unknown,Asian,Hispanic or Latino,Mandarin,Commercial,Never,Overweight,Suburban
SYN-DM-00529,29,Unknown,Black,Unknown,Spanish,Medicare,Never,Overweight,Rural
SYN-DM-00530,86,Intersex,Asian,Not Hispanic or Latino,Spanish,Commercial,Never,Obesity,Urban
SYN-DM-00531,23,Unknown,Black,Not Hispanic or Latino,English,Self-pay,Former,Normal,Rural
SYN-DM-00532,29,Intersex,Other,Not Hispanic or Latino,Mandarin,Commercial,Never,Obesity,Rural
SYN-DM-00533,62,Intersex,Unknown,Hispanic or Latino,Mandarin,Commercial,Never,Obesity,Rural
SYN-DM-00534,68,Unknown,Asian,Not Hispanic or Latino,Mandarin,Commercial,Current,Normal,Rural
SYN-DM-00535,79,Unknown,Black,Unknown,Spanish,Self-pay,Never,Normal,Rural
SYN-DM-00536,35,Male,Asian,Hispanic or Latino,Mandarin,Medicare,Current,Underweight,Rural
SYN-DM-00537,40,Male,White,Unknown,Spanish,Commercial,Never,Underweight,Suburban
SYN-DM-00538,64,Female,Other,Not Hispanic or Latino,Spanish,Commercial,Former,Underweight,Urban
SYN-DM-00539,44,Male,Other,Hispanic or Latino,Spanish,Medicare,Former,Normal,Suburban
SYN-DM-00540,23,Female,Other,Hispanic or Latino,Other,Commercial,Former,Obesity,Unknown
SYN-DM-00541,66,Male,Unknown,Hispanic or Latino,Spanish,Medicare,Former,Underweight,Suburban
SYN-DM-00542,60,Female,Black,Not Hispanic or Latino,English,Commercial,Never,Normal,Unknown
SYN-DM-00543,42,Unknown,Unknown,Not Hispanic or Latino,Other,Commercial,Current,Obesity,Suburban
SYN-DM-00544,34,Female,Other,Not Hispanic or Latino,Mandarin,Commercial,Current,Obesity,Urban
SYN-DM-00545,35,Unknown,Unknown,Unknown,English,Medicaid,Former,Obesity,Urban
SYN-DM-00546,28,Intersex,Other,Not Hispanic or Latino,Spanish,Medicare,Current,Obesity,Rural
SYN-DM-00547,84,Unknown,Unknown,Hispanic or Latino,Mandarin,Commercial,Former,Overweight,Rural
SYN-DM-00548,70,Male,Unknown,Not Hispanic or Latino,Mandarin,Medicare,Never,Obesity,Unknown
SYN-DM-00549,61,Unknown,Asian,Not Hispanic or Latino,Spanish,Medicaid,Never,Normal,Suburban
SYN-DM-00550,75,Intersex,White,Hispanic or Latino,English,Medicare,Current,Overweight,Suburban
SYN-DM-00551,54,Unknown,White,Not Hispanic or Latino,Spanish,Medicare,Former,Overweight,Rural
SYN-DM-00552,32,Female,Asian,Not Hispanic or Latino,Spanish,Commercial,Former,Normal,Suburban
SYN-DM-00553,31,Intersex,Black,Not Hispanic or Latino,Mandarin,Medicare,Never,Underweight,Urban
SYN-DM-00554,77,Intersex,Asian,Not Hispanic or Latino,Spanish,Commercial,Former,Obesity,Urban
SYN-DM-00555,58,Unknown,Other,Not Hispanic or Latino,Spanish,Commercial,Never,Obesity,Suburban
SYN-DM-00556,65,Male,Black,Unknown,Other,Commercial,Former,Normal,Rural
SYN-DM-00557,58,Male,Other,Hispanic or Latino,Mandarin,Commercial,Former,Normal,Rural
SYN-DM-00558,73,Unknown,Black,Unknown,Spanish,Medicare,Never,Obesity,Urban
SYN-DM-00559,72,Male,White,Hispanic or Latino,Mandarin,Commercial,Former,Underweight,Rural
SYN-DM-00560,32,Unknown,Asian,Not Hispanic or Latino,English,Commercial,Former,Normal,Urban
SYN-DM-00561,74,Female,Other,Hispanic or Latino,Other,Commercial,Never,Overweight,Suburban
SYN-DM-00562,87,Unknown,Other,Unknown,Mandarin,Medicaid,Current,Normal,Urban
SYN-DM-00563,65,Female,Black,Hispanic or Latino,Mandarin,Medicare,Never,Normal,Urban
SYN-DM-00564,44,Unknown,Unknown,Unknown,Other,Commercial,Former,Overweight,Rural
SYN-DM-00565,43,Intersex,Other,Hispanic or Latino,Mandarin,Commercial,Unknown,Obesity,Unknown
SYN-DM-00566,82,Intersex,White,Unknown,English,Medicare,Current,Overweight,Unknown
SYN-DM-00567,67,Female,White,Not Hispanic or Latino,English,Commercial,Current,Normal,Rural
SYN-DM-00568,39,Unknown,Unknown,Not Hispanic or Latino,English,Commercial,Current,Normal,Unknown
SYN-DM-00569,60,Female,Asian,Hispanic or Latino,English,Commercial,Former,Underweight,Urban
SYN-DM-00570,30,Male,Unknown,Unknown,Spanish,Commercial,Never,Obesity,Urban
SYN-DM-00571,36,Unknown,Black,Unknown,Spanish,Self-pay,Former,Overweight,Urban
SYN-DM-00572,31,Male,Asian,Hispanic or Latino,Other,Commercial,Former,Underweight,Suburban
SYN-DM-00573,52,Female,Unknown,Unknown,Mandarin,Commercial,Never,Underweight,Rural
SYN-DM-00574,65,Intersex,White,Unknown,Mandarin,Commercial,Never,Underweight,Urban
SYN-DM-00575,73,Unknown,Other,Hispanic or Latino,Spanish,Medicare,Never,Normal,Unknown
SYN-DM-00576,81,Male,Black,Unknown,Other,Commercial,Former,Normal,Unknown
SYN-DM-00577,60,Intersex,White,Unknown,Other,Self-pay,Former,Normal,Urban
SYN-DM-00578,61,Female,White,Not Hispanic or Latino,English,Commercial,Never,Obesity,Rural
SYN-DM-00579,30,Female,Other,Unknown,Mandarin,Medicare,Never,Overweight,Rural
SYN-DM-00580,89,Unknown,Asian,Unknown,English,Medicare,Former,Overweight,Suburban
SYN-DM-00581,28,Unknown,Unknown,Hispanic or Latino,Spanish,Medicaid,Never,Normal,Unknown
SYN-DM-00582,55,Unknown,Unknown,Not Hispanic or Latino,Mandarin,Commercial,Never,Overweight,Suburban
SYN-DM-00583,79,Unknown,Black,Not Hispanic or Latino,Spanish,Medicare,Former,Normal,Unknown
SYN-DM-00584,42,Female,White,Unknown,Other,Self-pay,Never,Underweight,Unknown
SYN-DM-00585,42,Intersex,Asian,Not Hispanic or Latino,Spanish,Medicare,Unknown,Underweight,Rural
SYN-DM-00586,53,Female,Asian,Not Hispanic or Latino,English,Self-pay,Never,Obesity,Rural
SYN-DM-00587,78,Intersex,Other,Unknown,Spanish,Commercial,Former,Obesity,Urban
SYN-DM-00588,74,Unknown,Asian,Hispanic or Latino,Spanish,Medicare,Never,Overweight,Rural
SYN-DM-00589,21,Male,Unknown,Not Hispanic or Latino,Spanish,Commercial,Current,Overweight,Unknown
SYN-DM-00590,66,Male,White,Hispanic or Latino,Other,Commercial,Former,Normal,Unknown
SYN-DM-00591,83,Female,Other,Unknown,English,Commercial,Unknown,Underweight,Rural
SYN-DM-00592,33,Intersex,Black,Not Hispanic or Latino,Spanish,Medicaid,Never,Underweight,Suburban
SYN-DM-00593,76,Intersex,Unknown,Unknown,Other,Commercial,Current,Normal,Suburban
SYN-DM-00594,60,Female,Asian,Unknown,English,Commercial,Never,Underweight,Rural
SYN-DM-00595,39,Unknown,White,Hispanic or Latino,Mandarin,Commercial,Former,Underweight,Urban
SYN-DM-00596,43,Male,Asian,Unknown,English,Medicaid,Never,Normal,Unknown
SYN-DM-00597,23,Female,Asian,Unknown,Spanish,Commercial,Never,Normal,Rural
SYN-DM-00598,49,Female,White,Unknown,Mandarin,Commercial,Former,Overweight,Rural
SYN-DM-00599,90,Female,Asian,Not Hispanic or Latino,Mandarin,Commercial,Former,Obesity,Urban
SYN-DM-00600,65,Male,Asian,Unknown,Mandarin,Commercial,Never,Obesity,Rural
SYN-DM-00601,65,Female,Unknown,Hispanic or Latino,English,Commercial,Never,Overweight,Suburban
SYN-DM-00602,71,Intersex,Black,Not Hispanic or Latino,Other,Medicaid,Never,Normal,Suburban
SYN-DM-00603,30,Unknown,Black,Hispanic or Latino,English,Medicare,Unknown,Underweight,Rural
SYN-DM-00604,43,Intersex,Black,Hispanic or Latino,Mandarin,Commercial,Current,Underweight,Rural
SYN-DM-00605,86,Male,Other,Unknown,Mandarin,Medicare,Unknown,Normal,Suburban
SYN-DM-00606,54,Male,Asian,Hispanic or Latino,Mandarin,Commercial,Never,Normal,Urban
SYN-DM-00607,61,Female,White,Hispanic or Latino,English,Medicare,Former,Obesity,Rural
SYN-DM-00608,49,Male,Other,Unknown,Mandarin,Commercial,Never,Normal,Rural
SYN-DM-00609,60,Unknown,Other,Not Hispanic or Latino,Mandarin,Medicare,Never,Normal,Urban
SYN-DM-00610,40,Male,Unknown,Hispanic or Latino,English,Commercial,Never,Overweight,Urban
SYN-DM-00611,83,Female,Unknown,Unknown,Mandarin,Commercial,Current,Normal,Urban
SYN-DM-00612,30,Male,Asian,Not Hispanic or Latino,Mandarin,Medicaid,Former,Obesity,Unknown
SYN-DM-00613,89,Intersex,White,Hispanic or Latino,Spanish,Medicare,Never,Normal,Suburban
SYN-DM-00614,39,Unknown,Asian,Hispanic or Latino,Spanish,Medicare,Never,Normal,Rural
SYN-DM-00615,53,Intersex,White,Not Hispanic or Latino,Spanish,Commercial,Former,Underweight,Urban
SYN-DM-00616,67,Intersex,Unknown,Not Hispanic or Latino,Spanish,Self-pay,Former,Normal,Rural
SYN-DM-00617,86,Female,Asian,Unknown,Other,Commercial,Former,Overweight,Suburban
SYN-DM-00618,43,Female,Other,Hispanic or Latino,Spanish,Commercial,Never,Obesity,Suburban
SYN-DM-00619,88,Male,Asian,Hispanic or Latino,Other,Medicare,Current,Obesity,Unknown
SYN-DM-00620,37,Unknown,Unknown,Unknown,Other,Medicare,Former,Obesity,Unknown
SYN-DM-00621,25,Male,Black,Not Hispanic or Latino,Mandarin,Self-pay,Current,Overweight,Unknown
SYN-DM-00622,33,Female,White,Not Hispanic or Latino,Mandarin,Commercial,Never,Overweight,Unknown
SYN-DM-00623,40,Intersex,Asian,Hispanic or Latino,Other,Commercial,Former,Underweight,Rural
SYN-DM-00624,46,Male,Other,Unknown,Mandarin,Commercial,Never,Underweight,Urban
SYN-DM-00625,81,Intersex,Other,Hispanic or Latino,Mandarin,Medicaid,Current,Overweight,Rural
SYN-DM-00626,44,Male,Asian,Not Hispanic or Latino,Mandarin,Medicare,Never,Obesity,Urban
SYN-DM-00627,44,Unknown,Black,Not Hispanic or Latino,Spanish,Medicaid,Former,Overweight,Suburban
SYN-DM-00628,29,Male,Other,Not Hispanic or Latino,Other,Commercial,Never,Obesity,Unknown
SYN-DM-00629,81,Unknown,Asian,Unknown,Spanish,Commercial,Never,Normal,Unknown
SYN-DM-00630,65,Intersex,Asian,Hispanic or Latino,Spanish,Self-pay,Current,Obesity,Rural
SYN-DM-00631,82,Female,Black,Hispanic or Latino,Mandarin,Medicare,Never,Underweight,Suburban
SYN-DM-00632,37,Female,Black,Not Hispanic or Latino,English,Medicare,Former,Underweight,Rural
SYN-DM-00633,34,Male,Unknown,Hispanic or Latino,English,Commercial,Current,Overweight,Rural
SYN-DM-00634,86,Intersex,Other,Unknown,English,Medicare,Never,Overweight,Urban
SYN-DM-00635,66,Male,Other,Not Hispanic or Latino,Mandarin,Commercial,Never,Obesity,Urban
SYN-DM-00636,74,Unknown,Asian,Hispanic or Latino,Mandarin,Commercial,Former,Underweight,Unknown
SYN-DM-00637,75,Male,White,Unknown,Spanish,Medicare,Never,Normal,Suburban
SYN-DM-00638,39,Intersex,Asian,Hispanic or Latino,English,Commercial,Never,Overweight,Urban
SYN-DM-00639,64,Intersex,White,Hispanic or Latino,English,Medicare,Never,Overweight,Suburban
SYN-DM-00640,88,Intersex,White,Not Hispanic or Latino,Mandarin,Commercial,Never,Underweight,Urban
SYN-DM-00641,87,Intersex,Unknown,Unknown,Other,Commercial,Never,Underweight,Suburban
SYN-DM-00642,62,Intersex,Black,Not Hispanic or Latino,English,Commercial,Current,Overweight,Suburban
SYN-DM-00643,42,Female,Other,Unknown,Spanish,Medicare,Former,Overweight,Rural
SYN-DM-00644,50,Unknown,Asian,Hispanic or Latino,Spanish,Medicare,Current,Obesity,Unknown
SYN-DM-00645,61,Unknown,Unknown,Not Hispanic or Latino,Spanish,Commercial,Current,Underweight,Suburban
SYN-DM-00646,81,Intersex,White,Hispanic or Latino,Other,Commercial,Never,Normal,Unknown
SYN-DM-00647,55,Unknown,White,Unknown,Mandarin,Commercial,Former,Overweight,Rural
SYN-DM-00648,72,Intersex,Unknown,Not Hispanic or Latino,English,Medicare,Never,Overweight,Unknown
SYN-DM-00649,25,Intersex,Other,Unknown,Other,Self-pay,Former,Overweight,Suburban
SYN-DM-00650,62,Male,Other,Unknown,Spanish,Medicaid,Current,Underweight,Urban
SYN-DM-00651,47,Female,White,Not Hispanic or Latino,Other,Commercial,Former,Underweight,Suburban
SYN-DM-00652,38,Female,White,Not Hispanic or Latino,Mandarin,Commercial,Former,Underweight,Urban
SYN-DM-00653,48,Intersex,Black,Hispanic or Latino,Other,Commercial,Current,Normal,Unknown
SYN-DM-00654,46,Intersex,Other,Unknown,Other,Commercial,Current,Normal,Rural
SYN-DM-00655,33,Unknown,White,Hispanic or Latino,Other,Medicare,Never,Overweight,Rural
SYN-DM-00656,57,Unknown,White,Hispanic or Latino,English,Medicaid,Former,Underweight,Rural
SYN-DM-00657,64,Female,Other,Unknown,English,Commercial,Current,Normal,Unknown
SYN-DM-00658,74,Male,Black,Not Hispanic or Latino,English,Commercial,Former,Overweight,Urban
SYN-DM-00659,22,Female,White,Hispanic or Latino,Other,Commercial,Former,Underweight,Suburban
SYN-DM-00660,65,Intersex,White,Hispanic or Latino,English,Commercial,Never,Normal,Suburban
SYN-DM-00661,65,Female,Other,Unknown,Other,Medicaid,Never,Overweight,Rural
SYN-DM-00662,57,Intersex,Unknown,Not Hispanic or Latino,Spanish,Commercial,Never,Normal,Urban
SYN-DM-00663,50,Intersex,Asian,Not Hispanic or Latino,Other,Medicare,Never,Normal,Urban
SYN-DM-00664,75,Female,Black,Hispanic or Latino,Other,Commercial,Never,Normal,Suburban
SYN-DM-00665,62,Female,Other,Hispanic or Latino,English,Medicaid,Current,Normal,Suburban
SYN-DM-00666,39,Intersex,Unknown,Not Hispanic or Latino,English,Commercial,Never,Underweight,Urban
SYN-DM-00667,53,Unknown,Unknown,Not Hispanic or Latino,English,Commercial,Former,Obesity,Urban
SYN-DM-00668,30,Intersex,Unknown,Hispanic or Latino,English,Medicare,Never,Underweight,Unknown
SYN-DM-00669,46,Male,Other,Unknown,Spanish,Commercial,Current,Overweight,Urban
SYN-DM-00670,86,Intersex,Other,Hispanic or Latino,Other,Medicare,Never,Normal,Rural
SYN-DM-00671,36,Intersex,Other,Hispanic or Latino,Mandarin,Medicare,Former,Overweight,Rural
SYN-DM-00672,76,Intersex,Other,Not Hispanic or Latino,Other,Medicare,Never,Underweight,Rural
SYN-DM-00673,33,Unknown,Other,Hispanic or Latino,English,Commercial,Unknown,Overweight,Suburban
SYN-DM-00674,46,Unknown,Asian,Hispanic or Latino,Other,Medicare,Former,Obesity,Suburban
SYN-DM-00675,90,Intersex,Unknown,Hispanic or Latino,English,Commercial,Current,Underweight,Urban
SYN-DM-00676,51,Unknown,White,Not Hispanic or Latino,Spanish,Commercial,Never,Obesity,Suburban
SYN-DM-00677,59,Male,White,Unknown,Mandarin,Commercial,Former,Obesity,Suburban
SYN-DM-00678,24,Unknown,White,Not Hispanic or Latino,Spanish,Commercial,Former,Normal,Urban
SYN-DM-00679,41,Unknown,Asian,Unknown,Mandarin,Commercial,Former,Normal,Rural
SYN-DM-00680,73,Intersex,Unknown,Unknown,English,Medicare,Former,Overweight,Unknown
SYN-DM-00681,31,Intersex,Unknown,Unknown,Spanish,Medicare,Never,Overweight,Rural
SYN-DM-00682,34,Female,White,Unknown,Mandarin,Commercial,Former,Underweight,Unknown
SYN-DM-00683,55,Intersex,Other,Unknown,Spanish,Commercial,Unknown,Normal,Suburban
SYN-DM-00684,84,Intersex,Asian,Hispanic or Latino,Other,Medicare,Former,Normal,Urban
SYN-DM-00685,81,Female,Black,Hispanic or Latino,Mandarin,Commercial,Never,Obesity,Suburban
SYN-DM-00686,25,Intersex,Other,Not Hispanic or Latino,English,Medicaid,Former,Obesity,Suburban
SYN-DM-00687,74,Female,Other,Hispanic or Latino,English,Medicaid,Former,Overweight,Unknown
SYN-DM-00688,60,Male,Unknown,Not Hispanic or Latino,Mandarin,Medicaid,Former,Normal,Rural
SYN-DM-00689,90,Female,White,Unknown,Mandarin,Medicare,Never,Obesity,Urban
SYN-DM-00690,48,Intersex,Other,Unknown,Spanish,Commercial,Never,Overweight,Suburban
SYN-DM-00691,66,Male,Unknown,Hispanic or Latino,Other,Commercial,Never,Underweight,Suburban
SYN-DM-00692,78,Male,Unknown,Unknown,Mandarin,Medicare,Never,Underweight,Rural
SYN-DM-00693,67,Intersex,White,Hispanic or Latino,Other,Commercial,Former,Underweight,Urban
SYN-DM-00694,62,Male,Black,Unknown,English,Commercial,Never,Obesity,Urban
SYN-DM-00695,89,Unknown,Black,Unknown,Spanish,Medicaid,Current,Overweight,Urban
SYN-DM-00696,29,Female,Other,Unknown,Other,Commercial,Former,Underweight,Urban
SYN-DM-00697,65,Female,Unknown,Unknown,Mandarin,Commercial,Unknown,Normal,Rural
SYN-DM-00698,31,Unknown,White,Hispanic or Latino,Mandarin,Self-pay,Former,Normal,Suburban
SYN-DM-00699,25,Intersex,Asian,Unknown,Spanish,Commercial,Unknown,Overweight,Suburban
SYN-DM-00700,68,Male,Black,Not Hispanic or Latino,Mandarin,Commercial,Never,Normal,Unknown
SYN-DM-00701,81,Unknown,Asian,Hispanic or Latino,Other,Commercial,Current,Normal,Unknown
SYN-DM-00702,71,Unknown,Other,Not Hispanic or Latino,Mandarin,Medicare,Former,Underweight,Unknown
SYN-DM-00703,52,Intersex,Black,Not Hispanic or Latino,English,Commercial,Never,Normal,Rural
SYN-DM-00704,67,Male,Other,Unknown,Other,Commercial,Current,Underweight,Rural
SYN-DM-00705,90,Unknown,Black,Hispanic or Latino,Spanish,Medicare,Never,Underweight,Rural
SYN-DM-00706,76,Unknown,Black,Unknown,Mandarin,Medicare,Current,Overweight,Urban
SYN-DM-00707,88,Unknown,White,Unknown,Spanish,Commercial,Unknown,Normal,Rural
SYN-DM-00708,26,Female,Unknown,Hispanic or Latino,English,Commercial,Never,Underweight,Unknown
SYN-DM-00709,74,Female,Other,Hispanic or Latino,Mandarin,Medicare,Current,Overweight,Suburban
SYN-DM-00710,21,Male,White,Hispanic or Latino,Mandarin,Commercial,Never,Underweight,Urban
SYN-DM-00711,46,Female,Other,Not Hispanic or Latino,English,Medicaid,Never,Obesity,Urban
SYN-DM-00712,58,Female,Other,Hispanic or Latino,Mandarin,Medicare,Current,Obesity,Urban
SYN-DM-00713,87,Unknown,Unknown,Not Hispanic or Latino,Mandarin,Commercial,Former,Normal,Suburban
SYN-DM-00714,70,Female,Unknown,Unknown,English,Self-pay,Never,Underweight,Urban
SYN-DM-00715,81,Unknown,Unknown,Not Hispanic or Latino,English,Commercial,Never,Obesity,Urban
SYN-DM-00716,73,Female,Black,Not Hispanic or Latino,Other,Commercial,Former,Underweight,Urban
SYN-DM-00717,50,Intersex,White,Hispanic or Latino,Other,Commercial,Never,Normal,Rural
SYN-DM-00718,75,Female,Other,Unknown,Spanish,Medicare,Unknown,Underweight,Urban
SYN-DM-00719,21,Male,White,Hispanic or Latino,English,Commercial,Former,Normal,Urban
SYN-DM-00720,48,Intersex,Other,Hispanic or Latino,Mandarin,Commercial,Never,Underweight,Rural
SYN-DM-00721,28,Female,Black,Unknown,Spanish,Medicaid,Unknown,Obesity,Urban
SYN-DM-00722,36,Unknown,Other,Unknown,Other,Commercial,Never,Normal,Unknown
SYN-DM-00723,74,Male,Other,Not Hispanic or Latino,Spanish,Commercial,Never,Underweight,Suburban
SYN-DM-00724,35,Intersex,Asian,Hispanic or Latino,Other,Medicare,Never,Obesity,Suburban
SYN-DM-00725,32,Female,Asian,Not Hispanic or Latino,English,Medicare,Unknown,Obesity,Rural
SYN-DM-00726,34,Male,White,Not Hispanic or Latino,Mandarin,Commercial,Former,Normal,Unknown
SYN-DM-00727,48,Female,Black,Unknown,Mandarin,Commercial,Never,Normal,Unknown
SYN-DM-00728,50,Male,Other,Hispanic or Latino,Mandarin,Commercial,Never,Overweight,Unknown
SYN-DM-00729,68,Unknown,Asian,Hispanic or Latino,Mandarin,Commercial,Never,Obesity,Rural
SYN-DM-00730,51,Male,Unknown,Unknown,Other,Self-pay,Never,Obesity,Rural
SYN-DM-00731,35,Intersex,Unknown,Hispanic or Latino,English,Commercial,Never,Overweight,Urban
SYN-DM-00732,56,Unknown,Unknown,Unknown,Spanish,Medicaid,Never,Obesity,Unknown
SYN-DM-00733,60,Male,Other,Not Hispanic or Latino,Mandarin,Commercial,Former,Normal,Rural
SYN-DM-00734,23,Male,Other,Not Hispanic or Latino,Other,Commercial,Never,Normal,Suburban
SYN-DM-00735,29,Female,Asian,Hispanic or Latino,Spanish,Medicare,Former,Underweight,Suburban
SYN-DM-00736,89,Male,White,Hispanic or Latino,Spanish,Commercial,Never,Normal,Suburban
SYN-DM-00737,53,Intersex,Asian,Not Hispanic or Latino,English,Commercial,Unknown,Overweight,Rural
SYN-DM-00738,81,Intersex,Black,Not Hispanic or Latino,Mandarin,Medicare,Former,Normal,Urban
SYN-DM-00739,43,Intersex,Unknown,Hispanic or Latino,Mandarin,Commercial,Never,Overweight,Unknown
SYN-DM-00740,50,Male,Unknown,Not Hispanic or Latino,English,Medicaid,Former,Underweight,Suburban
SYN-DM-00741,70,Unknown,Other,Hispanic or Latino,Other,Commercial,Former,Normal,Rural
SYN-DM-00742,31,Intersex,Other,Unknown,English,Commercial,Former,Underweight,Urban
SYN-DM-00743,81,Male,Other,Hispanic or Latino,Mandarin,Commercial,Current,Underweight,Suburban
SYN-DM-00744,83,Unknown,White,Unknown,Other,Commercial,Never,Obesity,Suburban
SYN-DM-00745,45,Unknown,Black,Unknown,Other,Commercial,Unknown,Normal,Rural
SYN-DM-00746,58,Intersex,White,Not Hispanic or Latino,Other,Medicare,Current,Underweight,Urban
SYN-DM-00747,36,Intersex,Other,Not Hispanic or Latino,Mandarin,Commercial,Never,Obesity,Rural
SYN-DM-00748,28,Male,Black,Unknown,Spanish,Commercial,Never,Obesity,Rural
SYN-DM-00749,85,Female,White,Hispanic or Latino,Mandarin,Commercial,Never,Normal,Rural
SYN-DM-00750,40,Male,Other,Unknown,Mandarin,Commercial,Former,Underweight,Unknown
SYN-DM-00751,29,Male,Unknown,Hispanic or Latino,English,Medicaid,Current,Obesity,Suburban
SYN-DM-00752,48,Unknown,White,Not Hispanic or Latino,Spanish,Commercial,Never,Normal,Unknown
SYN-DM-00753,26,Intersex,Black,Unknown,Other,Medicare,Never,Normal,Rural
SYN-DM-00754,45,Male,Unknown,Not Hispanic or Latino,English,Medicare,Never,Normal,Urban
SYN-DM-00755,75,Intersex,Other,Unknown,Mandarin,Commercial,Current,Underweight,Rural
SYN-DM-00756,67,Female,White,Unknown,Spanish,Medicare,Former,Obesity,Urban
SYN-DM-00757,56,Unknown,Asian,Hispanic or Latino,Mandarin,Commercial,Former,Underweight,Unknown
SYN-DM-00758,68,Intersex,Unknown,Not Hispanic or Latino,Spanish,Medicare,Former,Underweight,Urban
SYN-DM-00759,51,Male,Asian,Hispanic or Latino,Other,Commercial,Former,Obesity,Rural
SYN-DM-00760,66,Intersex,Unknown,Not Hispanic or Latino,Spanish,Commercial,Former,Underweight,Unknown
SYN-DM-00761,34,Intersex,Black,Unknown,Mandarin,Commercial,Current,Normal,Suburban
SYN-DM-00762,76,Intersex,Black,Hispanic or Latino,Other,Medicaid,Former,Underweight,Unknown
SYN-DM-00763,62,Female,Asian,Unknown,Other,Medicaid,Never,Obesity,Rural
SYN-DM-00764,37,Intersex,Black,Hispanic or Latino,Other,Commercial,Never,Underweight,Suburban
SYN-DM-00765,46,Unknown,Black,Unknown,English,Medicaid,Never,Normal,Urban
SYN-DM-00766,48,Unknown,Black,Not Hispanic or Latino,Mandarin,Commercial,Former,Overweight,Rural
SYN-DM-00767,59,Intersex,Other,Unknown,Spanish,Medicare,Current,Obesity,Suburban
SYN-DM-00768,21,Female,Black,Not Hispanic or Latino,English,Commercial,Never,Underweight,Suburban
SYN-DM-00769,60,Male,Black,Hispanic or Latino,Spanish,Medicaid,Current,Underweight,Unknown
SYN-DM-00770,32,Intersex,Black,Hispanic or Latino,Mandarin,Medicaid,Former,Normal,Unknown
SYN-DM-00771,45,Intersex,Unknown,Not Hispanic or Latino,English,Commercial,Never,Overweight,Suburban
SYN-DM-00772,63,Female,Other,Hispanic or Latino,Other,Commercial,Never,Obesity,Urban
SYN-DM-00773,37,Intersex,White,Not Hispanic or Latino,Spanish,Commercial,Never,Normal,Unknown
SYN-DM-00774,57,Female,Other,Hispanic or Latino,English,Commercial,Never,Normal,Urban
SYN-DM-00775,53,Female,White,Not Hispanic or Latino,Other,Commercial,Never,Obesity,Urban
SYN-DM-00776,52,Female,Other,Not Hispanic or Latino,Spanish,Commercial,Never,Normal,Urban
SYN-DM-00777,80,Unknown,Black,Unknown,Mandarin,Commercial,Never,Underweight,Unknown
SYN-DM-00778,48,Female,Other,Unknown,Other,Commercial,Never,Underweight,Suburban
SYN-DM-00779,39,Unknown,Unknown,Unknown,Other,Commercial,Current,Obesity,Rural
SYN-DM-00780,56,Male,Other,Hispanic or Latino,Spanish,Commercial,Never,Overweight,Suburban
SYN-DM-00781,61,Female,White,Not Hispanic or Latino,Other,Commercial,Never,Obesity,Suburban
SYN-DM-00782,59,Unknown,Other,Hispanic or Latino,English,Medicare,Never,Underweight,Rural
SYN-DM-00783,61,Female,Black,Unknown,Mandarin,Commercial,Current,Underweight,Unknown
SYN-DM-00784,31,Unknown,Black,Hispanic or Latino,English,Medicaid,Never,Obesity,Rural
SYN-DM-00785,50,Intersex,Other,Not Hispanic or Latino,English,Commercial,Never,Underweight,Urban
SYN-DM-00786,73,Male,Unknown,Not Hispanic or Latino,Other,Self-pay,Former,Normal,Rural
SYN-DM-00787,60,Female,White,Unknown,English,Medicaid,Former,Normal,Rural
SYN-DM-00788,36,Unknown,White,Unknown,English,Commercial,Former,Overweight,Urban
SYN-DM-00789,77,Female,White,Unknown,Mandarin,Commercial,Never,Overweight,Unknown
SYN-DM-00790,59,Unknown,Black,Not Hispanic or Latino,Spanish,Medicare,Former,Obesity,Urban
SYN-DM-00791,33,Male,Asian,Unknown,Spanish,Medicare,Current,Normal,Rural
SYN-DM-00792,30,Male,Other,Hispanic or Latino,English,Medicare,Former,Normal,Unknown
SYN-DM-00793,61,Unknown,White,Not Hispanic or Latino,English,Commercial,Never,Overweight,Rural
SYN-DM-00794,21,Male,Black,Not Hispanic or Latino,English,Commercial,Former,Underweight,Rural
SYN-DM-00795,33,Intersex,White,Hispanic or Latino,Other,Commercial,Never,Normal,Unknown
SYN-DM-00796,85,Unknown,Black,Hispanic or Latino,Spanish,Medicaid,Unknown,Obesity,Urban
SYN-DM-00797,80,Female,Black,Not Hispanic or Latino,Mandarin,Commercial,Never,Overweight,Unknown
SYN-DM-00798,33,Intersex,Asian,Hispanic or Latino,English,Commercial,Current,Normal,Rural
SYN-DM-00799,25,Intersex,Black,Not Hispanic or Latino,Spanish,Commercial,Never,Normal,Urban
SYN-DM-00800,82,Intersex,Asian,Unknown,Spanish,Medicaid,Never,Obesity,Rural
SYN-DM-00801,69,Intersex,Asian,Hispanic or Latino,Other,Commercial,Never,Underweight,Urban
SYN-DM-00802,74,Male,Other,Unknown,English,Commercial,Current,Underweight,Unknown
SYN-DM-00803,24,Female,Unknown,Hispanic or Latino,Mandarin,Commercial,Never,Underweight,Urban
SYN-DM-00804,51,Unknown,White,Unknown,English,Medicaid,Current,Normal,Urban
SYN-DM-00805,85,Intersex,Black,Unknown,English,Commercial,Never,Normal,Suburban
SYN-DM-00806,76,Female,Other,Unknown,Other,Commercial,Never,Overweight,Urban
SYN-DM-00807,79,Male,Unknown,Unknown,Spanish,Medicare,Current,Overweight,Suburban
SYN-DM-00808,26,Female,Asian,Hispanic or Latino,Spanish,Commercial,Former,Overweight,Urban
SYN-DM-00809,21,Female,Black,Unknown,English,Commercial,Never,Normal,Suburban
SYN-DM-00810,82,Unknown,White,Not Hispanic or Latino,Mandarin,Medicare,Current,Normal,Suburban
SYN-DM-00811,51,Unknown,Other,Unknown,English,Medicare,Never,Normal,Suburban
SYN-DM-00812,55,Male,Unknown,Unknown,Mandarin,Medicaid,Never,Overweight,Rural
SYN-DM-00813,40,Female,Unknown,Hispanic or Latino,Other,Medicaid,Never,Normal,Urban
SYN-DM-00814,73,Male,Other,Hispanic or Latino,Mandarin,Medicare,Current,Obesity,Urban
SYN-DM-00815,78,Intersex,Asian,Hispanic or Latino,Spanish,Commercial,Former,Normal,Rural
SYN-DM-00816,34,Male,Unknown,Hispanic or Latino,Mandarin,Medicaid,Current,Normal,Urban
SYN-DM-00817,25,Female,Asian,Not Hispanic or Latino,English,Commercial,Former,Normal,Rural
SYN-DM-00818,47,Unknown,Unknown,Unknown,Spanish,Medicaid,Never,Overweight,Urban
SYN-DM-00819,32,Female,White,Not Hispanic or Latino,English,Medicare,Never,Normal,Rural
SYN-DM-00820,37,Intersex,White,Hispanic or Latino,Mandarin,Commercial,Former,Underweight,Urban
SYN-DM-00821,31,Unknown,Unknown,Hispanic or Latino,Other,Medicare,Never,Underweight,Rural
SYN-DM-00822,79,Intersex,Black,Hispanic or Latino,English,Commercial,Former,Underweight,Urban
SYN-DM-00823,86,Intersex,White,Hispanic or Latino,Mandarin,Commercial,Never,Normal,Urban
SYN-DM-00824,55,Intersex,Unknown,Hispanic or Latino,Spanish,Commercial,Never,Underweight,Urban
SYN-DM-00825,25,Intersex,White,Not Hispanic or Latino,English,Commercial,Never,Obesity,Urban
SYN-DM-00826,30,Intersex,Unknown,Unknown,English,Medicare,Never,Normal,Rural
SYN-DM-00827,61,Intersex,White,Hispanic or Latino,Mandarin,Commercial,Current,Underweight,Unknown
SYN-DM-00828,68,Intersex,Other,Unknown,English,Medicare,Never,Normal,Suburban
SYN-DM-00829,68,Intersex,Asian,Unknown,Mandarin,Commercial,Never,Underweight,Unknown
SYN-DM-00830,60,Male,Unknown,Hispanic or Latino,Spanish,Commercial,Former,Obesity,Rural
SYN-DM-00831,61,Female,Asian,Not Hispanic or Latino,Mandarin,Commercial,Never,Underweight,Urban
SYN-DM-00832,88,Intersex,Black,Not Hispanic or Latino,Spanish,Commercial,Unknown,Obesity,Rural
SYN-DM-00833,58,Female,Asian,Not Hispanic or Latino,Spanish,Commercial,Never,Normal,Unknown
SYN-DM-00834,28,Intersex,Other,Not Hispanic or Latino,Mandarin,Commercial,Never,Obesity,Urban
SYN-DM-00835,42,Male,Other,Hispanic or Latino,Other,Commercial,Never,Obesity,Suburban
SYN-DM-00836,78,Intersex,Other,Unknown,English,Medicare,Never,Obesity,Suburban
SYN-DM-00837,31,Female,Black,Hispanic or Latino,Spanish,Commercial,Former,Overweight,Rural
SYN-DM-00838,39,Intersex,Black,Unknown,Mandarin,Medicare,Never,Normal,Urban
SYN-DM-00839,21,Male,White,Hispanic or Latino,Spanish,Medicare,Former,Obesity,Suburban
SYN-DM-00840,63,Male,White,Unknown,Other,Self-pay,Former,Overweight,Rural
SYN-DM-00841,44,Male,Black,Not Hispanic or Latino,Mandarin,Commercial,Former,Obesity,Rural
SYN-DM-00842,50,Female,Other,Hispanic or Latino,Mandarin,Self-pay,Never,Underweight,Suburban
SYN-DM-00843,37,Intersex,Other,Unknown,Mandarin,Commercial,Never,Overweight,Urban
SYN-DM-00844,82,Unknown,Asian,Hispanic or Latino,Mandarin,Medicare,Never,Underweight,Suburban
SYN-DM-00845,41,Male,White,Hispanic or Latino,English,Commercial,Current,Normal,Unknown
SYN-DM-00846,57,Unknown,Black,Hispanic or Latino,Mandarin,Medicare,Former,Normal,Rural
SYN-DM-00847,75,Unknown,Asian,Not Hispanic or Latino,Mandarin,Commercial,Never,Underweight,Suburban
SYN-DM-00848,65,Female,Unknown,Unknown,English,Commercial,Never,Underweight,Suburban
SYN-DM-00849,24,Unknown,Unknown,Not Hispanic or Latino,Spanish,Medicare,Never,Overweight,Urban
SYN-DM-00850,72,Unknown,Asian,Unknown,Spanish,Commercial,Never,Underweight,Urban
SYN-DM-00851,82,Unknown,Black,Hispanic or Latino,Spanish,Commercial,Current,Obesity,Unknown
SYN-DM-00852,31,Unknown,White,Not Hispanic or Latino,English,Commercial,Current,Underweight,Rural
SYN-DM-00853,44,Intersex,White,Unknown,Spanish,Commercial,Former,Underweight,Suburban
SYN-DM-00854,61,Intersex,Unknown,Hispanic or Latino,Other,Commercial,Never,Underweight,Urban
SYN-DM-00855,56,Female,White,Hispanic or Latino,Mandarin,Commercial,Never,Overweight,Unknown
SYN-DM-00856,62,Unknown,Unknown,Hispanic or Latino,Other,Commercial,Never,Normal,Urban
SYN-DM-00857,71,Female,Black,Not Hispanic or Latino,Spanish,Commercial,Never,Overweight,Urban
SYN-DM-00858,23,Female,White,Unknown,Other,Commercial,Never,Underweight,Unknown
SYN-DM-00859,36,Male,Unknown,Hispanic or Latino,Spanish,Medicare,Former,Underweight,Urban
SYN-DM-00860,25,Male,Other,Not Hispanic or Latino,English,Commercial,Never,Underweight,Urban
SYN-DM-00861,74,Female,Unknown,Hispanic or Latino,Mandarin,Commercial,Never,Normal,Rural
SYN-DM-00862,79,Unknown,Asian,Unknown,Other,Commercial,Current,Normal,Rural
SYN-DM-00863,77,Unknown,Other,Unknown,Spanish,Medicaid,Never,Overweight,Rural
SYN-DM-00864,73,Male,Unknown,Hispanic or Latino,Mandarin,Medicare,Never,Underweight,Unknown
SYN-DM-00865,75,Female,Black,Hispanic or Latino,Spanish,Commercial,Never,Obesity,Unknown
SYN-DM-00866,65,Unknown,Asian,Unknown,Other,Commercial,Never,Underweight,Suburban
SYN-DM-00867,87,Male,Unknown,Hispanic or Latino,Mandarin,Medicare,Never,Obesity,Unknown
SYN-DM-00868,90,Unknown,Black,Unknown,English,Commercial,Never,Normal,Rural
SYN-DM-00869,34,Female,White,Unknown,Other,Medicare,Never,Underweight,Urban
SYN-DM-00870,60,Intersex,White,Not Hispanic or Latino,Other,Commercial,Unknown,Obesity,Rural
SYN-DM-00871,51,Male,White,Not Hispanic or Latino,Other,Medicaid,Never,Overweight,Urban
SYN-DM-00872,72,Unknown,Unknown,Hispanic or Latino,Other,Commercial,Never,Normal,Urban
SYN-DM-00873,68,Unknown,Unknown,Not Hispanic or Latino,Spanish,Medicare,Never,Underweight,Suburban
SYN-DM-00874,75,Unknown,Unknown,Unknown,English,Commercial,Never,Overweight,Unknown
SYN-DM-00875,76,Female,Asian,Hispanic or Latino,Other,Medicare,Current,Overweight,Unknown
SYN-DM-00876,74,Unknown,Other,Hispanic or Latino,Spanish,Medicare,Never,Overweight,Unknown
SYN-DM-00877,69,Unknown,Unknown,Hispanic or Latino,Mandarin,Commercial,Former,Underweight,Urban
SYN-DM-00878,52,Intersex,White,Hispanic or Latino,Mandarin,Medicaid,Current,Overweight,Rural
SYN-DM-00879,64,Male,Unknown,Unknown,Spanish,Medicare,Never,Overweight,Urban
SYN-DM-00880,45,Intersex,Black,Hispanic or Latino,Other,Medicare,Current,Obesity,Urban
SYN-DM-00881,89,Intersex,Other,Not Hispanic or Latino,Spanish,Commercial,Never,Obesity,Suburban
SYN-DM-00882,65,Unknown,White,Not Hispanic or Latino,Other,Commercial,Current,Underweight,Unknown
SYN-DM-00883,84,Unknown,Other,Unknown,Spanish,Self-pay,Never,Underweight,Suburban
SYN-DM-00884,38,Intersex,Black,Hispanic or Latino,Spanish,Medicare,Never,Normal,Urban
SYN-DM-00885,47,Male,Black,Unknown,English,Commercial,Former,Overweight,Rural
SYN-DM-00886,32,Intersex,Black,Hispanic or Latino,Spanish,Commercial,Former,Underweight,Suburban
SYN-DM-00887,35,Intersex,Unknown,Hispanic or Latino,Spanish,Medicare,Never,Normal,Urban
SYN-DM-00888,24,Female,Black,Hispanic or Latino,Mandarin,Self-pay,Former,Obesity,Rural
SYN-DM-00889,73,Female,Other,Hispanic or Latino,Other,Medicare,Former,Underweight,Unknown
SYN-DM-00890,45,Intersex,Asian,Not Hispanic or Latino,Mandarin,Commercial,Never,Normal,Urban
SYN-DM-00891,87,Unknown,Unknown,Hispanic or Latino,English,Medicaid,Current,Normal,Unknown
SYN-DM-00892,26,Unknown,Asian,Unknown,Other,Commercial,Never,Overweight,Rural
SYN-DM-00893,33,Unknown,Unknown,Not Hispanic or Latino,Spanish,Commercial,Never,Underweight,Suburban
SYN-DM-00894,45,Intersex,White,Unknown,Spanish,Medicaid,Never,Overweight,Urban
SYN-DM-00895,45,Unknown,Asian,Hispanic or Latino,Spanish,Medicare,Never,Underweight,Urban
SYN-DM-00896,68,Male,Unknown,Hispanic or Latino,Mandarin,Commercial,Never,Overweight,Unknown
SYN-DM-00897,61,Intersex,Asian,Not Hispanic or Latino,Mandarin,Commercial,Unknown,Obesity,Urban
SYN-DM-00898,50,Unknown,Unknown,Hispanic or Latino,Other,Medicare,Never,Overweight,Rural
SYN-DM-00899,44,Intersex,Black,Unknown,English,Commercial,Never,Obesity,Unknown
SYN-DM-00900,78,Male,Black,Hispanic or Latino,Other,Medicare,Never,Obesity,Suburban
SYN-DM-00901,86,Female,Unknown,Not Hispanic or Latino,Mandarin,Medicaid,Never,Underweight,Suburban
SYN-DM-00902,27,Male,Asian,Hispanic or Latino,Other,Self-pay,Never,Normal,Urban
SYN-DM-00903,51,Unknown,White,Hispanic or Latino,Other,Commercial,Former,Normal,Rural
SYN-DM-00904,64,Intersex,Unknown,Hispanic or Latino,English,Commercial,Current,Normal,Unknown
SYN-DM-00905,32,Female,Other,Not Hispanic or Latino,English,Medicare,Never,Overweight,Suburban
SYN-DM-00906,62,Female,Other,Hispanic or Latino,Mandarin,Medicaid,Never,Underweight,Suburban
SYN-DM-00907,22,Intersex,Asian,Unknown,Spanish,Medicaid,Current,Obesity,Urban
SYN-DM-00908,84,Male,Black,Hispanic or Latino,Other,Medicare,Unknown,Normal,Rural
SYN-DM-00909,43,Female,Other,Hispanic or Latino,Other,Commercial,Former,Normal,Rural
SYN-DM-00910,70,Male,White,Hispanic or Latino,Other,Medicare,Never,Underweight,Suburban
SYN-DM-00911,33,Male,Asian,Unknown,English,Self-pay,Unknown,Obesity,Suburban
SYN-DM-00912,85,Unknown,Other,Unknown,English,Commercial,Unknown,Normal,Rural
SYN-DM-00913,35,Intersex,Asian,Not Hispanic or Latino,English,Medicare,Never,Normal,Unknown
SYN-DM-00914,76,Female,Unknown,Hispanic or Latino,Spanish,Commercial,Never,Underweight,Rural
SYN-DM-00915,78,Male,Other,Unknown,Other,Medicare,Never,Overweight,Urban
SYN-DM-00916,27,Unknown,Black,Not Hispanic or Latino,Other,Commercial,Never,Obesity,Unknown
SYN-DM-00917,72,Male,Unknown,Not Hispanic or Latino,Spanish,Commercial,Current,Overweight,Suburban
SYN-DM-00918,75,Unknown,Other,Unknown,Other,Commercial,Never,Underweight,Rural
SYN-DM-00919,43,Intersex,Other,Hispanic or Latino,Mandarin,Medicare,Never,Obesity,Unknown
SYN-DM-00920,69,Unknown,Black,Not Hispanic or Latino,Spanish,Commercial,Never,Underweight,Rural
SYN-DM-00921,32,Female,White,Not Hispanic or Latino,English,Commercial,Former,Normal,Unknown
SYN-DM-00922,26,Male,Asian,Not Hispanic or Latino,Spanish,Commercial,Never,Obesity,Rural
SYN-DM-00923,80,Unknown,Asian,Unknown,English,Medicare,Never,Overweight,Rural
SYN-DM-00924,32,Intersex,Black,Hispanic or Latino,Other,Medicaid,Current,Overweight,Urban
SYN-DM-00925,38,Unknown,Asian,Unknown,Spanish,Commercial,Former,Obesity,Unknown
SYN-DM-00926,28,Male,Asian,Unknown,English,Medicare,Former,Obesity,Rural
SYN-DM-00927,48,Male,White,Hispanic or Latino,Mandarin,Commercial,Never,Obesity,Suburban
SYN-DM-00928,22,Unknown,Black,Hispanic or Latino,Spanish,Medicare,Current,Overweight,Urban
SYN-DM-00929,40,Unknown,Other,Not Hispanic or Latino,Other,Commercial,Former,Normal,Rural
SYN-DM-00930,66,Intersex,Other,Not Hispanic or Latino,Mandarin,Commercial,Never,Obesity,Rural
SYN-DM-00931,42,Unknown,Black,Not Hispanic or Latino,Other,Commercial,Current,Obesity,Unknown
SYN-DM-00932,25,Intersex,Other,Hispanic or Latino,English,Commercial,Never,Overweight,Suburban
SYN-DM-00933,21,Unknown,Asian,Not Hispanic or Latino,Other,Medicare,Former,Obesity,Urban
SYN-DM-00934,26,Intersex,Asian,Not Hispanic or Latino,Spanish,Commercial,Current,Normal,Unknown
SYN-DM-00935,74,Female,Unknown,Hispanic or Latino,Mandarin,Commercial,Never,Overweight,Unknown
SYN-DM-00936,51,Intersex,Unknown,Hispanic or Latino,Other,Commercial,Never,Obesity,Unknown
SYN-DM-00937,39,Female,Other,Not Hispanic or Latino,Other,Commercial,Former,Underweight,Rural
SYN-DM-00938,70,Male,White,Not Hispanic or Latino,Mandarin,Commercial,Current,Underweight,Rural
SYN-DM-00939,66,Intersex,White,Hispanic or Latino,Mandarin,Medicare,Never,Underweight,Unknown
SYN-DM-00940,77,Male,White,Unknown,English,Commercial,Never,Normal,Suburban
SYN-DM-00941,44,Male,Unknown,Unknown,Other,Commercial,Never,Obesity,Suburban
SYN-DM-00942,27,Unknown,Black,Hispanic or Latino,Other,Commercial,Never,Overweight,Unknown
SYN-DM-00943,23,Male,Asian,Not Hispanic or Latino,Spanish,Medicaid,Former,Normal,Suburban
SYN-DM-00944,25,Male,White,Hispanic or Latino,Spanish,Commercial,Never,Overweight,Unknown
SYN-DM-00945,41,Intersex,Other,Not Hispanic or Latino,Spanish,Commercial,Former,Normal,Unknown
SYN-DM-00946,44,Male,Other,Hispanic or Latino,English,Medicare,Current,Underweight,Rural
SYN-DM-00947,21,Intersex,Other,Hispanic or Latino,Mandarin,Medicare,Never,Underweight,Unknown
SYN-DM-00948,75,Male,White,Unknown,English,Commercial,Never,Underweight,Suburban
SYN-DM-00949,26,Intersex,Black,Unknown,English,Commercial,Current,Normal,Rural
SYN-DM-00950,60,Male,Black,Unknown,Spanish,Medicare,Never,Underweight,Suburban
SYN-DM-00951,32,Female,White,Not Hispanic or Latino,Other,Commercial,Unknown,Underweight,Unknown
SYN-DM-00952,28,Intersex,Unknown,Not Hispanic or Latino,English,Commercial,Never,Obesity,Urban
SYN-DM-00953,25,Intersex,Other,Not Hispanic or Latino,Spanish,Medicaid,Never,Obesity,Unknown
SYN-DM-00954,64,Female,Asian,Hispanic or Latino,Spanish,Commercial,Never,Obesity,Suburban
SYN-DM-00955,63,Unknown,Unknown,Hispanic or Latino,English,Medicare,Never,Obesity,Unknown
SYN-DM-00956,68,Unknown,Asian,Hispanic or Latino,Other,Self-pay,Never,Underweight,Rural
SYN-DM-00957,22,Unknown,Unknown,Unknown,Mandarin,Medicaid,Never,Underweight,Rural
SYN-DM-00958,54,Unknown,Other,Hispanic or Latino,Spanish,Commercial,Former,Underweight,Urban
SYN-DM-00959,23,Male,Black,Not Hispanic or Latino,English,Commercial,Never,Overweight,Unknown
SYN-DM-00960,79,Male,White,Not Hispanic or Latino,Mandarin,Commercial,Never,Obesity,Suburban
SYN-DM-00961,60,Male,Unknown,Hispanic or Latino,English,Commercial,Former,Obesity,Urban
SYN-DM-00962,30,Unknown,Black,Not Hispanic or Latino,Spanish,Medicare,Former,Normal,Urban
SYN-DM-00963,65,Intersex,Black,Hispanic or Latino,Other,Medicaid,Never,Normal,Rural
SYN-DM-00964,38,Intersex,Asian,Hispanic or Latino,Mandarin,Medicaid,Former,Normal,Urban
SYN-DM-00965,30,Female,Black,Not Hispanic or Latino,Mandarin,Medicaid,Never,Normal,Urban
SYN-DM-00966,45,Unknown,Unknown,Unknown,Other,Medicaid,Never,Underweight,Urban
SYN-DM-00967,29,Unknown,Other,Not Hispanic or Latino,Mandarin,Medicare,Current,Underweight,Urban
SYN-DM-00968,23,Female,White,Unknown,Mandarin,Medicare,Former,Overweight,Urban
SYN-DM-00969,79,Female,Black,Hispanic or Latino,Mandarin,Commercial,Former,Underweight,Urban
SYN-DM-00970,69,Male,Other,Unknown,Spanish,Medicaid,Never,Overweight,Suburban
SYN-DM-00971,73,Female,Black,Not Hispanic or Latino,Other,Medicaid,Current,Normal,Unknown
SYN-DM-00972,57,Male,Other,Unknown,Mandarin,Commercial,Never,Overweight,Urban
SYN-DM-00973,68,Female,Asian,Hispanic or Latino,Spanish,Commercial,Never,Underweight,Rural
SYN-DM-00974,33,Intersex,Asian,Not Hispanic or Latino,Spanish,Commercial,Former,Overweight,Unknown
SYN-DM-00975,63,Intersex,Black,Not Hispanic or Latino,English,Commercial,Former,Underweight,Urban
SYN-DM-00976,78,Unknown,Unknown,Not Hispanic or Latino,Other,Self-pay,Former,Overweight,Rural
SYN-DM-00977,60,Male,White,Not Hispanic or Latino,Mandarin,Medicaid,Never,Overweight,Unknown
SYN-DM-00978,50,Unknown,Other,Unknown,Mandarin,Commercial,Current,Normal,Rural
SYN-DM-00979,64,Female,Unknown,Not Hispanic or Latino,English,Commercial,Current,Underweight,Suburban
SYN-DM-00980,26,Intersex,Unknown,Unknown,English,Commercial,Never,Obesity,Urban
SYN-DM-00981,22,Female,Unknown,Not Hispanic or Latino,English,Commercial,Former,Underweight,Rural
SYN-DM-00982,90,Intersex,Black,Not Hispanic or Latino,Spanish,Commercial,Former,Obesity,Urban
SYN-DM-00983,86,Male,White,Hispanic or Latino,Other,Commercial,Never,Overweight,Rural
SYN-DM-00984,30,Unknown,White,Hispanic or Latino,English,Commercial,Former,Overweight,Unknown
SYN-DM-00985,87,Female,Asian,Unknown,Other,Commercial,Current,Normal,Urban
SYN-DM-00986,59,Male,Asian,Not Hispanic or Latino,Other,Commercial,Never,Normal,Suburban
SYN-DM-00987,59,Female,Unknown,Unknown,Spanish,Commercial,Never,Overweight,Urban
SYN-DM-00988,35,Unknown,White,Hispanic or Latino,English,Commercial,Never,Obesity,Unknown
SYN-DM-00989,87,Male,Black,Unknown,English,Medicaid,Former,Normal,Rural
SYN-DM-00990,57,Intersex,Black,Unknown,Spanish,Medicare,Never,Underweight,Suburban
SYN-DM-00991,47,Unknown,White,Not Hispanic or Latino,Other,Medicare,Former,Normal,Unknown
SYN-DM-00992,41,Intersex,White,Hispanic or Latino,Spanish,Commercial,Former,Normal,Urban
SYN-DM-00993,76,Male,Asian,Unknown,English,Commercial,Former,Obesity,Suburban
SYN-DM-00994,53,Male,Unknown,Unknown,Other,Medicaid,Former,Underweight,Suburban
SYN-DM-00995,83,Male,Unknown,Not Hispanic or Latino,Other,Commercial,Unknown,Underweight,Rural
SYN-DM-00996,61,Male,Other,Hispanic or Latino,English,Self-pay,Never,Overweight,Unknown
SYN-DM-00997,67,Female,Black,Not Hispanic or Latino,Spanish,Medicaid,Former,Overweight,Rural
SYN-DM-00998,73,Female,Other,Not Hispanic or Latino,Spanish,Commercial,Never,Overweight,Unknown
SYN-DM-00999,75,Intersex,Black,Not Hispanic or Latino,Other,Commercial,Never,Overweight,Urban
SYN-DM-01000,69,Male,Asian,Hispanic or Latino,Mandarin,Commercial,Never,Underweight,Urban
SYN-DM-01001,80,Intersex,Other,Not Hispanic or Latino,Other,Commercial,Never,Underweight,Unknown
SYN-DM-01002,77,Female,Unknown,Unknown,Spanish,Commercial,Never,Overweight,Unknown
SYN-DM-01003,50,Female,Asian,Unknown,Spanish,Medicaid,Current,Overweight,Suburban
SYN-DM-01004,64,Male,Black,Not Hispanic or Latino,Spanish,Commercial,Never,Normal,Urban
SYN-DM-01005,56,Male,Other,Not Hispanic or Latino,English,Commercial,Former,Normal,Suburban
SYN-DM-01006,47,Male,White,Hispanic or Latino,Other,Medicare,Never,Underweight,Suburban
SYN-DM-01007,46,Male,Black,Not Hispanic or Latino,English,Medicaid,Current,Underweight,Unknown
SYN-DM-01008,35,Female,Unknown,Unknown,Mandarin,Commercial,Never,Normal,Rural
SYN-DM-01009,30,Intersex,Unknown,Not Hispanic or Latino,English,Commercial,Unknown,Underweight,Unknown
SYN-DM-01010,32,Unknown,Asian,Not Hispanic or Latino,Other,Medicaid,Current,Underweight,Urban
SYN-DM-01011,60,Female,White,Unknown,Other,Medicare,Never,Obesity,Rural
SYN-DM-01012,35,Unknown,Unknown,Hispanic or Latino,Spanish,Commercial,Never,Overweight,Urban
SYN-DM-01013,52,Intersex,Black,Not Hispanic or Latino,Spanish,Medicare,Former,Obesity,Suburban
SYN-DM-01014,78,Unknown,Unknown,Hispanic or Latino,English,Commercial,Never,Obesity,Unknown
SYN-DM-01015,50,Male,Black,Unknown,Other,Commercial,Former,Overweight,Unknown
SYN-DM-01016,84,Unknown,Other,Unknown,Other,Medicaid,Former,Underweight,Unknown
SYN-DM-01017,57,Male,White,Hispanic or Latino,English,Commercial,Never,Normal,Rural
SYN-DM-01018,56,Intersex,Unknown,Hispanic or Latino,Mandarin,Commercial,Former,Underweight,Unknown
SYN-DM-01019,34,Female,White,Hispanic or Latino,English,Medicare,Former,Obesity,Unknown
SYN-DM-01020,44,Unknown,Black,Unknown,Other,Medicare,Never,Normal,Urban
SYN-DM-01021,31,Male,White,Not Hispanic or Latino,Mandarin,Medicare,Current,Overweight,Unknown
SYN-DM-01022,30,Male,Unknown,Not Hispanic or Latino,Spanish,Medicare,Former,Normal,Suburban
SYN-DM-01023,36,Male,Black,Hispanic or Latino,Mandarin,Medicaid,Never,Overweight,Rural
SYN-DM-01024,40,Female,Asian,Unknown,Mandarin,Commercial,Never,Normal,Unknown
SYN-DM-01025,46,Unknown,Black,Not Hispanic or Latino,Other,Medicare,Former,Overweight,Rural
SYN-DM-01026,58,Female,Asian,Not Hispanic or Latino,Other,Commercial,Former,Underweight,Suburban
SYN-DM-01027,63,Unknown,Other,Unknown,English,Medicare,Never,Overweight,Rural
SYN-DM-01028,61,Female,Unknown,Not Hispanic or Latino,English,Medicare,Former,Obesity,Urban
SYN-DM-01029,73,Intersex,Asian,Hispanic or Latino,Spanish,Commercial,Former,Obesity,Urban
SYN-DM-01030,75,Male,Unknown,Not Hispanic or Latino,Other,Medicaid,Never,Normal,Suburban
SYN-DM-01031,57,Intersex,Unknown,Not Hispanic or Latino,English,Self-pay,Never,Obesity,Rural
SYN-DM-01032,73,Unknown,Black,Not Hispanic or Latino,Mandarin,Commercial,Current,Overweight,Rural
SYN-DM-01033,31,Unknown,Asian,Not Hispanic or Latino,Other,Commercial,Current,Obesity,Unknown
SYN-DM-01034,48,Male,Asian,Not Hispanic or Latino,Spanish,Commercial,Never,Overweight,Unknown
SYN-DM-01035,76,Male,Asian,Unknown,English,Commercial,Former,Overweight,Urban
SYN-DM-01036,24,Unknown,White,Hispanic or Latino,Other,Medicaid,Never,Normal,Rural
SYN-DM-01037,59,Intersex,Asian,Unknown,Mandarin,Commercial,Never,Obesity,Suburban
SYN-DM-01038,50,Female,Asian,Not Hispanic or Latino,Spanish,Medicaid,Unknown,Normal,Unknown
SYN-DM-01039,83,Female,Unknown,Unknown,Spanish,Medicaid,Former,Normal,Unknown
SYN-DM-01040,70,Male,Other,Unknown,Other,Medicaid,Former,Normal,Unknown
SYN-DM-01041,62,Unknown,White,Hispanic or Latino,Mandarin,Commercial,Former,Underweight,Suburban
SYN-DM-01042,44,Unknown,White,Unknown,Mandarin,Self-pay,Never,Underweight,Suburban
SYN-DM-01043,51,Intersex,Asian,Not Hispanic or Latino,English,Self-pay,Never,Overweight,Rural
SYN-DM-01044,81,Intersex,Unknown,Hispanic or Latino,Spanish,Medicare,Former,Normal,Urban
SYN-DM-01045,68,Female,Black,Unknown,English,Commercial,Former,Overweight,Unknown
SYN-DM-01046,86,Unknown,Unknown,Unknown,Spanish,Commercial,Former,Underweight,Suburban
SYN-DM-01047,51,Female,Black,Unknown,Other,Medicaid,Current,Overweight,Urban
SYN-DM-01048,77,Male,Asian,Not Hispanic or Latino,Other,Commercial,Never,Underweight,Suburban
SYN-DM-01049,32,Male,Unknown,Unknown,Spanish,Medicaid,Never,Underweight,Suburban
SYN-DM-01050,21,Unknown,Other,Hispanic or Latino,Other,Commercial,Never,Obesity,Unknown
SYN-DM-01051,21,Unknown,Asian,Unknown,Mandarin,Commercial,Former,Overweight,Rural
SYN-DM-01052,21,Male,Black,Not Hispanic or Latino,Other,Self-pay,Never,Normal,Suburban
SYN-DM-01053,66,Male,Black,Not Hispanic or Latino,Spanish,Commercial,Never,Obesity,Suburban
SYN-DM-01054,29,Intersex,Unknown,Unknown,Other,Medicare,Never,Obesity,Unknown
SYN-DM-01055,73,Female,Other,Hispanic or Latino,Mandarin,Medicare,Never,Normal,Suburban
SYN-DM-01056,21,Male,Black,Not Hispanic or Latino,Other,Medicare,Never,Overweight,Suburban
SYN-DM-01057,50,Male,Black,Hispanic or Latino,Mandarin,Medicare,Former,Overweight,Urban
SYN-DM-01058,61,Male,Other,Hispanic or Latino,English,Commercial,Current,Underweight,Rural
SYN-DM-01059,65,Female,White,Not Hispanic or Latino,Mandarin,Medicaid,Never,Underweight,Rural
SYN-DM-01060,61,Intersex,Asian,Hispanic or Latino,Mandarin,Medicaid,Never,Normal,Rural
SYN-DM-01061,27,Unknown,Asian,Not Hispanic or Latino,Mandarin,Medicare,Never,Overweight,Rural
SYN-DM-01062,25,Female,Black,Hispanic or Latino,Other,Self-pay,Former,Underweight,Urban
SYN-DM-01063,27,Male,White,Hispanic or Latino,Other,Medicare,Former,Obesity,Rural
SYN-DM-01064,32,Female,Other,Hispanic or Latino,Other,Commercial,Former,Overweight,Suburban
SYN-DM-01065,75,Female,Black,Unknown,Other,Medicaid,Never,Normal,Unknown
SYN-DM-01066,84,Male,Asian,Unknown,Mandarin,Commercial,Never,Overweight,Suburban
SYN-DM-01067,49,Intersex,Asian,Not Hispanic or Latino,Mandarin,Commercial,Current,Underweight,Suburban
SYN-DM-01068,59,Female,Black,Unknown,Mandarin,Medicaid,Unknown,Obesity,Urban
SYN-DM-01069,45,Female,White,Unknown,Spanish,Medicaid,Former,Obesity,Unknown
SYN-DM-01070,34,Unknown,Unknown,Hispanic or Latino,English,Commercial,Former,Underweight,Rural
SYN-DM-01071,71,Female,Asian,Not Hispanic or Latino,Spanish,Medicare,Unknown,Obesity,Unknown
SYN-DM-01072,56,Female,Other,Not Hispanic or Latino,Mandarin,Medicare,Never,Underweight,Rural
SYN-DM-01073,63,Unknown,Other,Not Hispanic or Latino,Spanish,Commercial,Never,Underweight,Urban
SYN-DM-01074,29,Intersex,Other,Hispanic or Latino,English,Commercial,Former,Obesity,Suburban
SYN-DM-01075,59,Intersex,Unknown,Unknown,Spanish,Commercial,Never,Obesity,Rural
SYN-DM-01076,89,Intersex,Other,Unknown,Other,Medicare,Never,Underweight,Unknown
SYN-DM-01077,90,Male,Unknown,Unknown,English,Medicaid,Former,Underweight,Rural
SYN-DM-01078,42,Intersex,Black,Hispanic or Latino,Spanish,Commercial,Never,Obesity,Suburban
SYN-DM-01079,28,Unknown,Unknown,Not Hispanic or Latino,Spanish,Commercial,Former,Underweight,Urban
SYN-DM-01080,25,Male,White,Hispanic or Latino,Other,Commercial,Current,Normal,Unknown
SYN-DM-01081,65,Male,Black,Hispanic or Latino,Other,Commercial,Never,Normal,Unknown
SYN-DM-01082,53,Male,Black,Hispanic or Latino,Other,Commercial,Current,Underweight,Suburban
SYN-DM-01083,65,Male,Other,Hispanic or Latino,English,Commercial,Former,Underweight,Suburban
SYN-DM-01084,75,Female,Unknown,Not Hispanic or Latino,Other,Medicare,Never,Normal,Unknown
SYN-DM-01085,79,Unknown,Other,Not Hispanic or Latino,English,Commercial,Never,Obesity,Unknown
SYN-DM-01086,54,Female,White,Hispanic or Latino,Mandarin,Self-pay,Never,Underweight,Suburban
SYN-DM-01087,76,Intersex,Other,Unknown,Other,Medicare,Never,Underweight,Urban
SYN-DM-01088,23,Female,White,Not Hispanic or Latino,Mandarin,Medicaid,Current,Overweight,Unknown
SYN-DM-01089,27,Unknown,Other,Hispanic or Latino,Mandarin,Medicaid,Former,Underweight,Urban
SYN-DM-01090,65,Unknown,Other,Unknown,Mandarin,Medicaid,Former,Obesity,Rural
SYN-DM-01091,34,Unknown,Other,Not Hispanic or Latino,Other,Commercial,Never,Underweight,Unknown
SYN-DM-01092,30,Unknown,Other,Unknown,Mandarin,Commercial,Current,Underweight,Unknown
SYN-DM-01093,66,Male,Other,Unknown,Spanish,Medicare,Never,Obesity,Suburban
SYN-DM-01094,59,Female,White,Unknown,Other,Medicaid,Never,Obesity,Rural
SYN-DM-01095,52,Male,Asian,Not Hispanic or Latino,Spanish,Commercial,Never,Overweight,Rural
SYN-DM-01096,38,Female,Unknown,Not Hispanic or Latino,Other,Medicare,Never,Obesity,Unknown
SYN-DM-01097,34,Intersex,Unknown,Hispanic or Latino,Other,Commercial,Never,Normal,Urban
SYN-DM-01098,89,Female,Other,Not Hispanic or Latino,Spanish,Medicare,Former,Obesity,Urban
SYN-DM-01099,31,Unknown,Unknown,Not Hispanic or Latino,English,Commercial,Never,Overweight,Unknown
SYN-DM-01100,81,Male,Unknown,Hispanic or Latino,English,Medicaid,Former,Obesity,Urban
SYN-DM-01101,81,Female,Unknown,Hispanic or Latino,Other,Medicare,Never,Underweight,Rural
SYN-DM-01102,58,Female,Asian,Unknown,English,Commercial,Former,Obesity,Urban
SYN-DM-01103,55,Unknown,Unknown,Unknown,Mandarin,Commercial,Never,Obesity,Rural
SYN-DM-01104,74,Female,Other,Hispanic or Latino,Mandarin,Commercial,Never,Overweight,Urban
SYN-DM-01105,54,Male,Asian,Not Hispanic or Latino,Spanish,Medicaid,Never,Normal,Unknown
SYN-DM-01106,64,Male,Black,Not Hispanic or Latino,Mandarin,Commercial,Current,Obesity,Rural
SYN-DM-01107,40,Male,Other,Hispanic or Latino,Spanish,Commercial,Former,Underweight,Rural
SYN-DM-01108,27,Male,White,Unknown,Other,Medicaid,Never,Normal,Rural
SYN-DM-01109,34,Female,Unknown,Hispanic or Latino,English,Medicaid,Never,Overweight,Rural
SYN-DM-01110,30,Female,Asian,Unknown,Other,Medicaid,Never,Underweight,Urban
SYN-DM-01111,90,Intersex,Other,Unknown,Other,Medicaid,Current,Obesity,Unknown
SYN-DM-01112,58,Female,Unknown,Hispanic or Latino,English,Medicare,Never,Normal,Unknown
SYN-DM-01113,53,Male,White,Unknown,English,Commercial,Current,Obesity,Suburban
SYN-DM-01114,33,Intersex,Other,Hispanic or Latino,Other,Medicaid,Current,Underweight,Urban
SYN-DM-01115,56,Intersex,White,Unknown,Mandarin,Commercial,Never,Normal,Suburban
SYN-DM-01116,61,Male,Asian,Not Hispanic or Latino,Spanish,Commercial,Never,Underweight,Suburban
SYN-DM-01117,55,Intersex,Asian,Hispanic or Latino,Mandarin,Medicare,Current,Obesity,Unknown
SYN-DM-01118,26,Unknown,Asian,Not Hispanic or Latino,Mandarin,Commercial,Never,Underweight,Unknown
SYN-DM-01119,43,Unknown,Black,Hispanic or Latino,Other,Medicaid,Former,Normal,Unknown
SYN-DM-01120,80,Intersex,Other,Unknown,English,Commercial,Never,Underweight,Unknown
SYN-DM-01121,21,Female,Asian,Not Hispanic or Latino,Spanish,Commercial,Never,Obesity,Rural
SYN-DM-01122,72,Intersex,Unknown,Unknown,Spanish,Commercial,Former,Underweight,Unknown
SYN-DM-01123,77,Female,Other,Not Hispanic or Latino,English,Commercial,Current,Normal,Rural
SYN-DM-01124,38,Unknown,Black,Hispanic or Latino,Mandarin,Medicare,Current,Overweight,Unknown
SYN-DM-01125,82,Intersex,Asian,Unknown,English,Medicaid,Never,Overweight,Rural
SYN-DM-01126,30,Female,Black,Hispanic or Latino,Spanish,Medicaid,Former,Obesity,Suburban
SYN-DM-01127,67,Unknown,Other,Unknown,Spanish,Commercial,Never,Obesity,Suburban
SYN-DM-01128,24,Female,Asian,Hispanic or Latino,Mandarin,Medicaid,Never,Overweight,Urban
SYN-DM-01129,57,Female,White,Hispanic or Latino,Mandarin,Medicare,Former,Overweight,Unknown
SYN-DM-01130,34,Unknown,Unknown,Hispanic or Latino,Spanish,Medicaid,Former,Overweight,Unknown
SYN-DM-01131,47,Unknown,Unknown,Unknown,Other,Commercial,Never,Underweight,Rural
SYN-DM-01132,63,Female,Unknown,Not Hispanic or Latino,Spanish,Medicaid,Never,Overweight,Unknown
SYN-DM-01133,86,Male,Asian,Hispanic or Latino,Spanish,Commercial,Former,Underweight,Rural
SYN-DM-01134,38,Male,Asian,Unknown,Mandarin,Self-pay,Current,Obesity,Suburban
SYN-DM-01135,37,Male,Black,Hispanic or Latino,Mandarin,Commercial,Former,Overweight,Unknown
SYN-DM-01136,84,Intersex,White,Unknown,Mandarin,Medicaid,Current,Normal,Suburban
SYN-DM-01137,63,Female,White,Unknown,Spanish,Commercial,Former,Normal,Suburban
SYN-DM-01138,38,Female,White,Not Hispanic or Latino,Spanish,Medicare,Never,Overweight,Rural
SYN-DM-01139,87,Female,Asian,Hispanic or Latino,Mandarin,Commercial,Never,Normal,Urban
SYN-DM-01140,55,Unknown,Black,Not Hispanic or Latino,Spanish,Commercial,Never,Normal,Unknown
SYN-DM-01141,79,Male,Other,Unknown,Other,Medicaid,Former,Overweight,Urban
SYN-DM-01142,35,Male,White,Not Hispanic or Latino,Other,Commercial,Never,Obesity,Rural
SYN-DM-01143,76,Unknown,Black,Unknown,English,Commercial,Never,Obesity,Rural
SYN-DM-01144,50,Female,White,Unknown,English,Commercial,Former,Normal,Unknown
SYN-DM-01145,50,Unknown,Asian,Not Hispanic or Latino,Spanish,Commercial,Former,Overweight,Rural
SYN-DM-01146,86,Unknown,White,Not Hispanic or Latino,English,Commercial,Never,Normal,Urban
SYN-DM-01147,49,Intersex,Unknown,Hispanic or Latino,Mandarin,Commercial,Never,Overweight,Urban
SYN-DM-01148,89,Intersex,Unknown,Unknown,Mandarin,Commercial,Current,Normal,Rural
SYN-DM-01149,48,Unknown,Black,Not Hispanic or Latino,Spanish,Commercial,Current,Normal,Suburban
SYN-DM-01150,73,Intersex,Unknown,Unknown,Spanish,Self-pay,Current,Underweight,Suburban
SYN-DM-01151,48,Unknown,Asian,Not Hispanic or Latino,Other,Medicare,Former,Underweight,Unknown
SYN-DM-01152,28,Female,Other,Not Hispanic or Latino,Mandarin,Commercial,Never,Underweight,Rural
SYN-DM-01153,33,Unknown,Asian,Hispanic or Latino,Other,Commercial,Never,Normal,Urban
SYN-DM-01154,39,Unknown,Unknown,Hispanic or Latino,Mandarin,Medicare,Never,Normal,Unknown
SYN-DM-01155,88,Male,White,Hispanic or Latino,Other,Medicare,Former,Overweight,Urban
SYN-DM-01156,66,Unknown,Black,Hispanic or Latino,Spanish,Commercial,Former,Underweight,Urban
SYN-DM-01157,51,Female,White,Unknown,Spanish,Commercial,Current,Underweight,Rural
SYN-DM-01158,54,Female,White,Not Hispanic or Latino,Spanish,Medicaid,Never,Obesity,Urban
SYN-DM-01159,68,Unknown,Asian,Not Hispanic or Latino,English,Medicaid,Never,Obesity,Unknown
SYN-DM-01160,60,Intersex,White,Unknown,English,Medicaid,Never,Obesity,Unknown
SYN-DM-01161,55,Male,Unknown,Not Hispanic or Latino,Mandarin,Commercial,Never,Underweight,Unknown
SYN-DM-01162,84,Unknown,Asian,Not Hispanic or Latino,English,Medicare,Never,Overweight,Suburban
SYN-DM-01163,83,Unknown,Other,Hispanic or Latino,English,Medicare,Never,Underweight,Rural
SYN-DM-01164,74,Unknown,Black,Hispanic or Latino,Other,Commercial,Never,Underweight,Suburban
SYN-DM-01165,79,Male,Unknown,Not Hispanic or Latino,Mandarin,Medicare,Never,Overweight,Urban
SYN-DM-01166,21,Female,Unknown,Unknown,Spanish,Commercial,Never,Overweight,Unknown
SYN-DM-01167,77,Male,Unknown,Unknown,Mandarin,Commercial,Former,Overweight,Suburban
SYN-DM-01168,46,Female,White,Hispanic or Latino,Spanish,Medicare,Never,Overweight,Rural
SYN-DM-01169,46,Female,Asian,Unknown,Spanish,Medicare,Current,Underweight,Unknown
SYN-DM-01170,72,Male,Asian,Hispanic or Latino,Other,Commercial,Never,Overweight,Unknown
SYN-DM-01171,67,Intersex,Black,Not Hispanic or Latino,Other,Commercial,Current,Underweight,Suburban
SYN-DM-01172,49,Male,Other,Hispanic or Latino,Other,Medicare,Never,Normal,Suburban
SYN-DM-01173,69,Female,Unknown,Not Hispanic or Latino,Other,Commercial,Current,Underweight,Suburban
SYN-DM-01174,42,Intersex,White,Unknown,Other,Commercial,Current,Underweight,Urban
SYN-DM-01175,33,Male,Other,Hispanic or Latino,Mandarin,Medicaid,Never,Obesity,Unknown
SYN-DM-01176,23,Female,Unknown,Hispanic or Latino,Mandarin,Medicare,Former,Overweight,Urban
SYN-DM-01177,28,Female,Black,Hispanic or Latino,Spanish,Medicaid,Former,Overweight,Unknown
SYN-DM-01178,29,Female,White,Unknown,Mandarin,Medicare,Former,Underweight,Unknown
SYN-DM-01179,52,Female,Asian,Not Hispanic or Latino,Other,Medicare,Former,Underweight,Suburban
SYN-DM-01180,32,Male,Asian,Unknown,Spanish,Medicare,Unknown,Normal,Unknown
SYN-DM-01181,40,Unknown,Black,Not Hispanic or Latino,Other,Commercial,Former,Normal,Rural
SYN-DM-01182,26,Unknown,White,Unknown,Spanish,Medicaid,Never,Overweight,Suburban
SYN-DM-01183,71,Female,Other,Unknown,English,Medicaid,Current,Normal,Urban
SYN-DM-01184,44,Intersex,White,Unknown,Spanish,Commercial,Former,Underweight,Suburban
SYN-DM-01185,21,Unknown,Unknown,Unknown,Other,Medicaid,Never,Obesity,Urban
SYN-DM-01186,88,Female,Unknown,Not Hispanic or Latino,Mandarin,Commercial,Never,Normal,Unknown
SYN-DM-01187,45,Female,Asian,Hispanic or Latino,Mandarin,Medicare,Current,Underweight,Rural
SYN-DM-01188,39,Female,Other,Hispanic or Latino,Mandarin,Self-pay,Former,Underweight,Urban
SYN-DM-01189,35,Male,Unknown,Unknown,Mandarin,Medicare,Never,Overweight,Urban
SYN-DM-01190,62,Intersex,Unknown,Not Hispanic or Latino,Spanish,Commercial,Current,Obesity,Unknown
SYN-DM-01191,32,Female,White,Unknown,Mandarin,Commercial,Current,Normal,Suburban
SYN-DM-01192,79,Male,Other,Hispanic or Latino,Other,Commercial,Never,Underweight,Suburban
SYN-DM-01193,39,Female,Black,Hispanic or Latino,Mandarin,Commercial,Never,Normal,Rural
SYN-DM-01194,63,Male,Unknown,Hispanic or Latino,Spanish,Medicare,Former,Overweight,Suburban
SYN-DM-01195,38,Male,Unknown,Unknown,Mandarin,Commercial,Former,Obesity,Suburban
SYN-DM-01196,23,Unknown,Unknown,Hispanic or Latino,Other,Commercial,Current,Obesity,Rural
SYN-DM-01197,88,Unknown,Unknown,Unknown,English,Commercial,Never,Overweight,Unknown
SYN-DM-01198,77,Male,Black,Not Hispanic or Latino,Other,Commercial,Never,Normal,Rural
SYN-DM-01199,67,Male,Asian,Hispanic or Latino,English,Commercial,Never,Normal,Suburban
SYN-DM-01200,68,Unknown,Asian,Not Hispanic or Latino,English,Commercial,Never,Underweight,Urban
SYN-DM-01201,51,Unknown,White,Not Hispanic or Latino,English,Medicare,Former,Underweight,Urban
SYN-DM-01202,86,Unknown,Other,Hispanic or Latino,Spanish,Commercial,Never,Overweight,Urban
SYN-DM-01203,58,Female,Asian,Unknown,Other,Commercial,Never,Underweight,Suburban
SYN-DM-01204,88,Male,Black,Hispanic or Latino,English,Commercial,Unknown,Overweight,Unknown
SYN-DM-01205,39,Intersex,Unknown,Not Hispanic or Latino,Mandarin,Commercial,Never,Underweight,Rural
SYN-DM-01206,52,Unknown,Black,Hispanic or Latino,Spanish,Commercial,Never,Overweight,Suburban
SYN-DM-01207,35,Intersex,Unknown,Hispanic or Latino,Other,Commercial,Former,Normal,Rural
SYN-DM-01208,23,Male,Black,Hispanic or Latino,English,Commercial,Never,Underweight,Unknown
SYN-DM-01209,81,Intersex,Asian,Unknown,Mandarin,Commercial,Never,Underweight,Rural
SYN-DM-01210,21,Male,Unknown,Unknown,Other,Commercial,Never,Obesity,Unknown
SYN-DM-01211,88,Female,Asian,Not Hispanic or Latino,Other,Self-pay,Current,Normal,Urban
SYN-DM-01212,52,Intersex,Other,Not Hispanic or Latino,Other,Commercial,Never,Overweight,Suburban
SYN-DM-01213,26,Intersex,Other,Not Hispanic or Latino,English,Commercial,Never,Obesity,Unknown
SYN-DM-01214,38,Unknown,Black,Unknown,Mandarin,Commercial,Never,Normal,Urban
SYN-DM-01215,89,Intersex,White,Unknown,Spanish,Medicaid,Unknown,Obesity,Rural
SYN-DM-01216,48,Female,Unknown,Not Hispanic or Latino,English,Medicaid,Unknown,Normal,Unknown
SYN-DM-01217,59,Female,White,Not Hispanic or Latino,Mandarin,Medicare,Unknown,Underweight,Urban
SYN-DM-01218,75,Female,Unknown,Hispanic or Latino,Spanish,Commercial,Former,Normal,Rural
SYN-DM-01219,86,Intersex,Asian,Unknown,English,Medicaid,Current,Overweight,Urban
SYN-DM-01220,35,Male,White,Not Hispanic or Latino,Spanish,Medicare,Never,Obesity,Unknown
SYN-DM-01221,25,Female,Asian,Unknown,Other,Commercial,Former,Overweight,Rural
SYN-DM-01222,68,Unknown,Asian,Not Hispanic or Latino,Spanish,Self-pay,Never,Overweight,Rural
SYN-DM-01223,72,Intersex,Unknown,Not Hispanic or Latino,Other,Commercial,Never,Normal,Urban
SYN-DM-01224,75,Female,Asian,Hispanic or Latino,Other,Commercial,Never,Underweight,Suburban
SYN-DM-01225,58,Intersex,White,Hispanic or Latino,English,Commercial,Former,Underweight,Unknown
SYN-DM-01226,89,Unknown,Black,Unknown,Spanish,Commercial,Never,Normal,Suburban
SYN-DM-01227,73,Female,White,Not Hispanic or Latino,English,Medicare,Never,Underweight,Unknown
SYN-DM-01228,52,Male,White,Unknown,Other,Self-pay,Never,Obesity,Rural
SYN-DM-01229,53,Intersex,White,Hispanic or Latino,Spanish,Commercial,Former,Obesity,Rural
SYN-DM-01230,27,Unknown,Unknown,Hispanic or Latino,English,Medicare,Never,Obesity,Urban
SYN-DM-01231,27,Intersex,Asian,Hispanic or Latino,Mandarin,Medicare,Unknown,Overweight,Rural
SYN-DM-01232,87,Male,White,Hispanic or Latino,Other,Medicare,Never,Overweight,Suburban
SYN-DM-01233,24,Unknown,Other,Hispanic or Latino,English,Commercial,Current,Overweight,Unknown
SYN-DM-01234,71,Unknown,Unknown,Unknown,English,Medicare,Former,Underweight,Rural
SYN-DM-01235,45,Male,White,Hispanic or Latino,Spanish,Medicare,Never,Normal,Rural
SYN-DM-01236,58,Female,Black,Hispanic or Latino,Spanish,Medicare,Current,Normal,Rural
SYN-DM-01237,52,Female,Black,Unknown,Spanish,Commercial,Former,Overweight,Urban
SYN-DM-01238,76,Unknown,White,Not Hispanic or Latino,Mandarin,Commercial,Former,Normal,Urban
SYN-DM-01239,87,Female,White,Unknown,English,Medicare,Never,Overweight,Urban
SYN-DM-01240,33,Male,Black,Unknown,Mandarin,Medicare,Never,Overweight,Unknown
SYN-DM-01241,61,Unknown,White,Unknown,Other,Commercial,Former,Underweight,Suburban
SYN-DM-01242,25,Male,Other,Not Hispanic or Latino,English,Commercial,Former,Obesity,Urban
SYN-DM-01243,65,Unknown,Black,Hispanic or Latino,English,Medicare,Current,Overweight,Urban
SYN-DM-01244,22,Unknown,Other,Not Hispanic or Latino,English,Medicare,Never,Underweight,Rural
SYN-DM-01245,39,Female,Asian,Unknown,Mandarin,Commercial,Never,Underweight,Unknown
SYN-DM-01246,88,Intersex,Other,Not Hispanic or Latino,Spanish,Medicare,Former,Normal,Rural
SYN-DM-01247,45,Unknown,Unknown,Not Hispanic or Latino,Spanish,Commercial,Former,Normal,Rural
SYN-DM-01248,76,Intersex,White,Hispanic or Latino,Spanish,Commercial,Never,Underweight,Urban
SYN-DM-01249,27,Male,White,Hispanic or Latino,Other,Commercial,Never,Overweight,Suburban
SYN-DM-01250,81,Unknown,White,Unknown,Spanish,Commercial,Former,Overweight,Suburban
SYN-DM-01251,87,Intersex,Unknown,Not Hispanic or Latino,Mandarin,Commercial,Current,Normal,Urban
SYN-DM-01252,54,Female,White,Unknown,Other,Commercial,Never,Normal,Rural
SYN-DM-01253,28,Male,Black,Hispanic or Latino,Spanish,Medicaid,Former,Underweight,Urban
SYN-DM-01254,69,Male,Asian,Not Hispanic or Latino,Mandarin,Medicare,Never,Normal,Suburban
SYN-DM-01255,63,Male,White,Not Hispanic or Latino,Other,Commercial,Former,Obesity,Suburban
SYN-DM-01256,39,Male,Other,Not Hispanic or Latino,Other,Medicaid,Never,Underweight,Unknown
SYN-DM-01257,64,Unknown,Asian,Not Hispanic or Latino,Mandarin,Medicare,Never,Obesity,Suburban
SYN-DM-01258,47,Male,Unknown,Not Hispanic or Latino,Other,Medicare,Former,Overweight,Rural
SYN-DM-01259,44,Female,Asian,Not Hispanic or Latino,Spanish,Medicaid,Current,Overweight,Unknown
SYN-DM-01260,30,Male,Unknown,Unknown,Mandarin,Commercial,Current,Overweight,Urban
SYN-DM-01261,68,Intersex,White,Not Hispanic or Latino,Spanish,Medicare,Current,Overweight,Unknown
SYN-DM-01262,23,Unknown,Asian,Hispanic or Latino,Mandarin,Commercial,Never,Underweight,Suburban
SYN-DM-01263,64,Male,Black,Hispanic or Latino,Mandarin,Medicare,Never,Normal,Urban
SYN-DM-01264,42,Unknown,Black,Hispanic or Latino,Spanish,Commercial,Former,Overweight,Unknown
SYN-DM-01265,53,Male,Unknown,Hispanic or Latino,Mandarin,Medicare,Never,Obesity,Suburban
SYN-DM-01266,46,Male,Unknown,Not Hispanic or Latino,Spanish,Medicaid,Never,Obesity,Urban
SYN-DM-01267,28,Female,Other,Unknown,Other,Commercial,Current,Underweight,Unknown
SYN-DM-01268,45,Female,Unknown,Hispanic or Latino,Other,Commercial,Current,Underweight,Urban
SYN-DM-01269,56,Male,Black,Not Hispanic or Latino,English,Commercial,Never,Overweight,Rural
SYN-DM-01270,42,Unknown,White,Unknown,Other,Commercial,Former,Obesity,Suburban
SYN-DM-01271,84,Female,Unknown,Unknown,Other,Medicare,Current,Obesity,Rural
SYN-DM-01272,81,Male,White,Not Hispanic or Latino,Mandarin,Self-pay,Former,Underweight,Unknown
SYN-DM-01273,24,Male,Asian,Not Hispanic or Latino,English,Medicare,Never,Overweight,Unknown
SYN-DM-01274,50,Male,Black,Hispanic or Latino,Mandarin,Commercial,Never,Underweight,Urban
SYN-DM-01275,80,Male,Other,Hispanic or Latino,Mandarin,Medicare,Never,Underweight,Rural
SYN-DM-01276,22,Intersex,White,Not Hispanic or Latino,Other,Medicare,Former,Overweight,Rural
SYN-DM-01277,30,Male,White,Unknown,Other,Commercial,Never,Normal,Rural
SYN-DM-01278,36,Female,Other,Unknown,English,Medicare,Never,Underweight,Urban
SYN-DM-01279,89,Male,White,Not Hispanic or Latino,Spanish,Commercial,Current,Overweight,Unknown
SYN-DM-01280,71,Unknown,Other,Unknown,Other,Commercial,Never,Overweight,Urban
SYN-DM-01281,47,Intersex,Other,Unknown,Mandarin,Commercial,Former,Overweight,Suburban
SYN-DM-01282,42,Unknown,Unknown,Not Hispanic or Latino,English,Commercial,Current,Underweight,Urban
SYN-DM-01283,60,Unknown,Asian,Hispanic or Latino,Spanish,Medicare,Never,Underweight,Suburban
SYN-DM-01284,53,Female,Other,Hispanic or Latino,Mandarin,Commercial,Current,Underweight,Suburban
SYN-DM-01285,67,Unknown,Black,Not Hispanic or Latino,English,Medicaid,Current,Overweight,Rural
SYN-DM-01286,42,Female,Other,Unknown,Other,Medicaid,Former,Obesity,Rural
SYN-DM-01287,33,Male,Asian,Not Hispanic or Latino,Spanish,Commercial,Former,Normal,Rural
SYN-DM-01288,70,Female,Black,Hispanic or Latino,English,Commercial,Current,Overweight,Unknown
SYN-DM-01289,47,Unknown,Unknown,Unknown,Mandarin,Self-pay,Never,Obesity,Unknown
SYN-DM-01290,50,Female,White,Not Hispanic or Latino,English,Commercial,Former,Overweight,Unknown
SYN-DM-01291,34,Male,Asian,Hispanic or Latino,Mandarin,Commercial,Never,Obesity,Rural
SYN-DM-01292,21,Intersex,Asian,Hispanic or Latino,English,Commercial,Former,Obesity,Suburban
SYN-DM-01293,56,Unknown,Asian,Hispanic or Latino,Mandarin,Commercial,Former,Obesity,Unknown
SYN-DM-01294,72,Male,Asian,Not Hispanic or Latino,Spanish,Commercial,Never,Obesity,Rural
SYN-DM-01295,64,Male,Unknown,Hispanic or Latino,Spanish,Commercial,Never,Obesity,Urban
SYN-DM-01296,54,Unknown,Asian,Not Hispanic or Latino,Spanish,Medicare,Never,Obesity,Suburban
SYN-DM-01297,47,Intersex,Unknown,Not Hispanic or Latino,Other,Medicare,Never,Obesity,Unknown
SYN-DM-01298,60,Male,Asian,Unknown,Spanish,Commercial,Never,Overweight,Rural
SYN-DM-01299,61,Unknown,Black,Not Hispanic or Latino,Other,Commercial,Never,Obesity,Rural
SYN-DM-01300,21,Intersex,Asian,Hispanic or Latino,English,Medicare,Never,Overweight,Suburban
SYN-DM-01301,68,Male,Asian,Not Hispanic or Latino,Spanish,Medicaid,Former,Overweight,Rural
SYN-DM-01302,34,Unknown,Black,Not Hispanic or Latino,Mandarin,Commercial,Never,Normal,Unknown
SYN-DM-01303,48,Unknown,Other,Unknown,Spanish,Medicaid,Former,Obesity,Suburban
SYN-DM-01304,58,Female,White,Unknown,Mandarin,Medicare,Never,Obesity,Rural
SYN-DM-01305,39,Male,Black,Unknown,Spanish,Medicare,Never,Normal,Suburban
SYN-DM-01306,21,Unknown,White,Not Hispanic or Latino,English,Self-pay,Never,Obesity,Unknown
SYN-DM-01307,42,Intersex,Asian,Hispanic or Latino,English,Medicaid,Unknown,Overweight,Rural
SYN-DM-01308,62,Unknown,Other,Unknown,Mandarin,Commercial,Former,Underweight,Rural
SYN-DM-01309,68,Male,Unknown,Hispanic or Latino,Mandarin,Self-pay,Never,Normal,Rural
SYN-DM-01310,39,Male,Unknown,Not Hispanic or Latino,Mandarin,Medicare,Unknown,Overweight,Urban
SYN-DM-01311,53,Unknown,White,Unknown,Other,Medicaid,Never,Obesity,Unknown
SYN-DM-01312,83,Intersex,Asian,Not Hispanic or Latino,Mandarin,Commercial,Never,Overweight,Urban
SYN-DM-01313,55,Male,Other,Unknown,Other,Medicare,Unknown,Underweight,Suburban
SYN-DM-01314,82,Unknown,Asian,Hispanic or Latino,Mandarin,Medicaid,Former,Overweight,Rural
SYN-DM-01315,55,Female,Other,Unknown,Other,Medicare,Former,Normal,Urban
SYN-DM-01316,67,Unknown,Unknown,Not Hispanic or Latino,Spanish,Commercial,Never,Underweight,Suburban
SYN-DM-01317,62,Male,White,Not Hispanic or Latino,Spanish,Commercial,Never,Overweight,Suburban
SYN-DM-01318,60,Unknown,Other,Hispanic or Latino,Mandarin,Commercial,Never,Underweight,Unknown
SYN-DM-01319,76,Male,Asian,Unknown,Mandarin,Medicare,Current,Normal,Unknown
SYN-DM-01320,48,Male,Other,Hispanic or Latino,Mandarin,Medicaid,Former,Normal,Urban
SYN-DM-01321,78,Intersex,Asian,Not Hispanic or Latino,Spanish,Commercial,Never,Underweight,Urban
SYN-DM-01322,70,Intersex,White,Unknown,Spanish,Medicaid,Former,Normal,Suburban
SYN-DM-01323,34,Unknown,Other,Not Hispanic or Latino,Spanish,Commercial,Never,Underweight,Suburban
SYN-DM-01324,48,Unknown,Unknown,Unknown,Other,Commercial,Never,Underweight,Rural
SYN-DM-01325,44,Unknown,Asian,Unknown,Spanish,Self-pay,Never,Obesity,Suburban
SYN-DM-01326,43,Female,Asian,Not Hispanic or Latino,Other,Self-pay,Current,Underweight,Suburban
SYN-DM-01327,47,Intersex,Unknown,Hispanic or Latino,Mandarin,Medicaid,Former,Obesity,Unknown
SYN-DM-01328,70,Intersex,Other,Hispanic or Latino,Other,Self-pay,Former,Underweight,Suburban
SYN-DM-01329,56,Unknown,Unknown,Hispanic or Latino,Other,Commercial,Never,Obesity,Suburban
SYN-DM-01330,50,Female,Asian,Unknown,Mandarin,Commercial,Never,Overweight,Rural
SYN-DM-01331,41,Intersex,Asian,Hispanic or Latino,Spanish,Self-pay,Never,Underweight,Unknown
SYN-DM-01332,42,Female,Asian,Unknown,English,Commercial,Never,Underweight,Unknown
SYN-DM-01333,48,Female,Other,Hispanic or Latino,Mandarin,Commercial,Current,Normal,Rural
SYN-DM-01334,57,Unknown,Unknown,Unknown,Spanish,Commercial,Current,Normal,Rural
SYN-DM-01335,30,Unknown,Other,Not Hispanic or Latino,Spanish,Medicare,Former,Normal,Unknown
SYN-DM-01336,34,Female,Unknown,Hispanic or Latino,English,Medicare,Never,Obesity,Rural
SYN-DM-01337,46,Unknown,Unknown,Not Hispanic or Latino,Spanish,Commercial,Never,Underweight,Suburban
SYN-DM-01338,33,Male,Unknown,Hispanic or Latino,English,Commercial,Current,Overweight,Suburban
SYN-DM-01339,84,Intersex,Black,Not Hispanic or Latino,Mandarin,Medicare,Never,Normal,Unknown
SYN-DM-01340,28,Male,Black,Hispanic or Latino,Spanish,Medicare,Current,Obesity,Rural
SYN-DM-01341,34,Unknown,White,Unknown,Mandarin,Commercial,Never,Underweight,Urban
SYN-DM-01342,27,Unknown,Other,Hispanic or Latino,English,Commercial,Former,Underweight,Suburban
SYN-DM-01343,58,Unknown,Asian,Not Hispanic or Latino,Other,Commercial,Current,Normal,Rural
SYN-DM-01344,85,Female,Other,Not Hispanic or Latino,Other,Commercial,Former,Normal,Suburban
SYN-DM-01345,58,Intersex,White,Unknown,Mandarin,Medicare,Never,Normal,Rural
SYN-DM-01346,24,Intersex,White,Unknown,Other,Commercial,Never,Overweight,Suburban
SYN-DM-01347,51,Unknown,White,Not Hispanic or Latino,English,Commercial,Current,Overweight,Urban
SYN-DM-01348,84,Intersex,Asian,Unknown,English,Medicaid,Never,Overweight,Unknown
SYN-DM-01349,27,Unknown,White,Unknown,Other,Commercial,Never,Underweight,Rural
SYN-DM-01350,29,Unknown,Black,Not Hispanic or Latino,Other,Medicare,Never,Normal,Rural
SYN-DM-01351,37,Intersex,Other,Hispanic or Latino,Spanish,Commercial,Former,Underweight,Rural
SYN-DM-01352,66,Intersex,White,Not Hispanic or Latino,English,Commercial,Former,Underweight,Suburban
SYN-DM-01353,53,Intersex,Asian,Not Hispanic or Latino,Spanish,Medicaid,Never,Obesity,Unknown
SYN-DM-01354,90,Male,Other,Not Hispanic or Latino,English,Commercial,Never,Obesity,Unknown
SYN-DM-01355,76,Female,White,Hispanic or Latino,Other,Commercial,Never,Obesity,Rural
SYN-DM-01356,44,Intersex,Other,Hispanic or Latino,Other,Commercial,Former,Normal,Urban
SYN-DM-01357,60,Unknown,Asian,Unknown,Other,Commercial,Former,Underweight,Rural
SYN-DM-01358,38,Intersex,Unknown,Hispanic or Latino,Other,Medicaid,Never,Obesity,Rural
SYN-DM-01359,55,Female,White,Hispanic or Latino,English,Commercial,Never,Normal,Suburban
SYN-DM-01360,51,Male,Unknown,Unknown,Spanish,Medicare,Current,Normal,Rural
SYN-DM-01361,27,Female,Black,Not Hispanic or Latino,Other,Medicare,Former,Overweight,Rural
SYN-DM-01362,87,Male,Asian,Unknown,English,Medicare,Never,Obesity,Urban
SYN-DM-01363,66,Unknown,Asian,Not Hispanic or Latino,Other,Commercial,Never,Overweight,Unknown
SYN-DM-01364,72,Intersex,Unknown,Unknown,Mandarin,Commercial,Never,Underweight,Unknown
SYN-DM-01365,27,Female,Black,Unknown,English,Medicare,Never,Obesity,Suburban
SYN-DM-01366,41,Female,Black,Unknown,Spanish,Self-pay,Never,Overweight,Urban
SYN-DM-01367,49,Female,Asian,Hispanic or Latino,Mandarin,Commercial,Never,Underweight,Urban
SYN-DM-01368,87,Unknown,Black,Unknown,Mandarin,Self-pay,Former,Overweight,Rural
SYN-DM-01369,51,Female,Black,Unknown,Other,Commercial,Unknown,Normal,Suburban
SYN-DM-01370,76,Female,Black,Not Hispanic or Latino,English,Medicaid,Former,Overweight,Rural
SYN-DM-01371,75,Intersex,Unknown,Not Hispanic or Latino,Spanish,Self-pay,Never,Underweight,Urban
SYN-DM-01372,31,Unknown,Asian,Hispanic or Latino,Mandarin,Commercial,Current,Overweight,Suburban
SYN-DM-01373,75,Intersex,White,Hispanic or Latino,Mandarin,Medicaid,Current,Overweight,Urban
SYN-DM-01374,26,Female,Unknown,Hispanic or Latino,Other,Medicare,Never,Underweight,Urban
SYN-DM-01375,44,Unknown,Black,Unknown,Spanish,Commercial,Never,Underweight,Rural
SYN-DM-01376,26,Unknown,Black,Hispanic or Latino,Spanish,Self-pay,Current,Normal,Suburban
SYN-DM-01377,27,Unknown,Black,Not Hispanic or Latino,Other,Medicaid,Never,Obesity,Unknown
SYN-DM-01378,62,Intersex,Black,Unknown,English,Self-pay,Former,Overweight,Unknown
SYN-DM-01379,75,Male,White,Not Hispanic or Latino,Other,Commercial,Never,Normal,Suburban
SYN-DM-01380,82,Female,Unknown,Not Hispanic or Latino,English,Self-pay,Never,Obesity,Unknown
SYN-DM-01381,53,Unknown,Unknown,Hispanic or Latino,Mandarin,Commercial,Never,Obesity,Rural
SYN-DM-01382,76,Intersex,Asian,Unknown,Spanish,Medicare,Former,Overweight,Unknown
SYN-DM-01383,49,Male,Black,Not Hispanic or Latino,Other,Commercial,Never,Underweight,Urban
SYN-DM-01384,77,Male,Black,Not Hispanic or Latino,Spanish,Commercial,Former,Obesity,Suburban
SYN-DM-01385,60,Male,Black,Unknown,Other,Medicare,Never,Overweight,Urban
SYN-DM-01386,84,Male,Unknown,Unknown,Mandarin,Commercial,Former,Obesity,Urban
SYN-DM-01387,27,Female,Black,Unknown,Other,Medicare,Never,Underweight,Suburban
SYN-DM-01388,85,Intersex,White,Hispanic or Latino,Spanish,Medicaid,Never,Overweight,Urban
SYN-DM-01389,21,Intersex,Unknown,Unknown,Mandarin,Medicare,Current,Normal,Suburban
SYN-DM-01390,78,Intersex,White,Unknown,Spanish,Medicaid,Current,Obesity,Rural
SYN-DM-01391,26,Intersex,Black,Hispanic or Latino,English,Commercial,Current,Normal,Rural
SYN-DM-01392,48,Intersex,Asian,Hispanic or Latino,Mandarin,Medicaid,Current,Underweight,Rural
SYN-DM-01393,83,Female,Unknown,Not Hispanic or Latino,Spanish,Commercial,Current,Obesity,Unknown
SYN-DM-01394,90,Intersex,White,Hispanic or Latino,English,Commercial,Never,Overweight,Unknown
SYN-DM-01395,89,Unknown,Other,Not Hispanic or Latino,Spanish,Commercial,Former,Overweight,Suburban
SYN-DM-01396,41,Intersex,Asian,Not Hispanic or Latino,Spanish,Commercial,Former,Overweight,Suburban
SYN-DM-01397,25,Male,Unknown,Not Hispanic or Latino,English,Medicare,Former,Underweight,Suburban
SYN-DM-01398,75,Male,Unknown,Unknown,Spanish,Medicare,Former,Underweight,Rural
SYN-DM-01399,59,Unknown,Unknown,Hispanic or Latino,Spanish,Medicare,Current,Obesity,Rural
SYN-DM-01400,89,Male,Asian,Unknown,Spanish,Commercial,Never,Obesity,Rural
SYN-DM-01401,36,Intersex,Asian,Unknown,Spanish,Medicaid,Former,Obesity,Unknown
SYN-DM-01402,49,Male,Unknown,Not Hispanic or Latino,Other,Commercial,Former,Obesity,Rural
SYN-DM-01403,78,Male,Black,Hispanic or Latino,Spanish,Commercial,Former,Underweight,Urban
SYN-DM-01404,36,Female,Black,Not Hispanic or Latino,Other,Commercial,Never,Underweight,Unknown
SYN-DM-01405,48,Unknown,Other,Hispanic or Latino,Spanish,Commercial,Former,Obesity,Unknown
SYN-DM-01406,90,Unknown,Black,Unknown,Mandarin,Medicare,Former,Normal,Rural
SYN-DM-01407,49,Female,White,Not Hispanic or Latino,Mandarin,Self-pay,Never,Obesity,Rural
SYN-DM-01408,65,Female,Unknown,Not Hispanic or Latino,Spanish,Commercial,Never,Underweight,Unknown
SYN-DM-01409,67,Male,Asian,Unknown,Mandarin,Commercial,Never,Underweight,Rural
SYN-DM-01410,86,Female,White,Hispanic or Latino,Spanish,Commercial,Former,Underweight,Unknown
SYN-DM-01411,80,Male,Other,Hispanic or Latino,Mandarin,Commercial,Former,Underweight,Unknown
SYN-DM-01412,59,Male,Unknown,Hispanic or Latino,Mandarin,Commercial,Former,Obesity,Suburban
SYN-DM-01413,38,Female,Other,Hispanic or Latino,Spanish,Medicare,Former,Normal,Urban
SYN-DM-01414,66,Intersex,Asian,Hispanic or Latino,Spanish,Commercial,Never,Normal,Rural
SYN-DM-01415,50,Intersex,Other,Unknown,Mandarin,Medicaid,Never,Underweight,Rural
SYN-DM-01416,65,Unknown,White,Unknown,Other,Medicare,Never,Overweight,Rural
SYN-DM-01417,86,Intersex,Other,Not Hispanic or Latino,Other,Medicaid,Former,Obesity,Suburban
SYN-DM-01418,56,Female,White,Not Hispanic or Latino,Mandarin,Commercial,Former,Underweight,Urban
SYN-DM-01419,65,Unknown,Asian,Not Hispanic or Latino,English,Commercial,Never,Overweight,Rural
SYN-DM-01420,54,Male,White,Not Hispanic or Latino,Other,Commercial,Never,Normal,Suburban
SYN-DM-01421,42,Unknown,Other,Not Hispanic or Latino,Other,Medicaid,Never,Overweight,Suburban
SYN-DM-01422,34,Unknown,White,Not Hispanic or Latino,Other,Medicare,Never,Overweight,Unknown
SYN-DM-01423,60,Male,White,Hispanic or Latino,English,Medicare,Never,Overweight,Suburban
SYN-DM-01424,85,Intersex,White,Hispanic or Latino,Spanish,Self-pay,Never,Overweight,Urban
SYN-DM-01425,33,Intersex,Other,Hispanic or Latino,Mandarin,Commercial,Current,Overweight,Urban
SYN-DM-01426,58,Male,Black,Hispanic or Latino,Other,Commercial,Unknown,Underweight,Rural
SYN-DM-01427,33,Female,Other,Not Hispanic or Latino,Spanish,Commercial,Never,Overweight,Urban
SYN-DM-01428,43,Male,Other,Unknown,Spanish,Medicare,Never,Obesity,Rural
SYN-DM-01429,80,Female,Asian,Hispanic or Latino,Spanish,Commercial,Never,Normal,Urban
SYN-DM-01430,26,Female,Unknown,Hispanic or Latino,Spanish,Commercial,Never,Normal,Suburban
SYN-DM-01431,85,Male,Asian,Hispanic or Latino,Mandarin,Medicare,Never,Overweight,Unknown
SYN-DM-01432,24,Unknown,Black,Not Hispanic or Latino,Other,Commercial,Never,Normal,Suburban
SYN-DM-01433,86,Female,Other,Unknown,English,Medicaid,Former,Underweight,Urban
SYN-DM-01434,21,Intersex,Asian,Unknown,Other,Commercial,Never,Normal,Unknown
SYN-DM-01435,30,Unknown,Black,Unknown,Spanish,Commercial,Never,Normal,Unknown
SYN-DM-01436,60,Unknown,White,Not Hispanic or Latino,Spanish,Medicaid,Never,Underweight,Unknown
SYN-DM-01437,74,Intersex,Asian,Hispanic or Latino,Spanish,Medicare,Never,Normal,Suburban
SYN-DM-01438,28,Female,Other,Not Hispanic or Latino,Other,Commercial,Never,Obesity,Unknown
SYN-DM-01439,42,Unknown,Asian,Not Hispanic or Latino,Mandarin,Commercial,Never,Obesity,Unknown
SYN-DM-01440,26,Intersex,Other,Hispanic or Latino,Mandarin,Self-pay,Never,Underweight,Suburban
SYN-DM-01441,33,Intersex,Asian,Not Hispanic or Latino,Spanish,Commercial,Never,Overweight,Urban
SYN-DM-01442,64,Female,Black,Not Hispanic or Latino,Mandarin,Commercial,Current,Normal,Urban
SYN-DM-01443,33,Unknown,Black,Hispanic or Latino,English,Medicare,Never,Underweight,Rural
SYN-DM-01444,90,Unknown,Unknown,Hispanic or Latino,Spanish,Commercial,Never,Overweight,Unknown
SYN-DM-01445,54,Female,Black,Not Hispanic or Latino,Other,Medicare,Never,Obesity,Urban
SYN-DM-01446,33,Intersex,Black,Not Hispanic or Latino,Mandarin,Commercial,Current,Obesity,Urban
SYN-DM-01447,85,Male,Asian,Not Hispanic or Latino,Other,Medicare,Never,Normal,Urban
SYN-DM-01448,44,Male,Black,Hispanic or Latino,Mandarin,Self-pay,Never,Normal,Rural
SYN-DM-01449,66,Female,Asian,Not Hispanic or Latino,Other,Medicare,Former,Overweight,Suburban
SYN-DM-01450,61,Female,Asian,Hispanic or Latino,Other,Commercial,Never,Obesity,Rural
SYN-DM-01451,30,Intersex,White,Hispanic or Latino,English,Commercial,Current,Obesity,Suburban
SYN-DM-01452,40,Female,Black,Unknown,English,Commercial,Never,Normal,Urban
SYN-DM-01453,68,Intersex,Other,Not Hispanic or Latino,Mandarin,Commercial,Former,Underweight,Unknown
SYN-DM-01454,56,Male,Asian,Not Hispanic or Latino,Other,Medicare,Never,Overweight,Rural
SYN-DM-01455,25,Unknown,Other,Not Hispanic or Latino,Other,Medicare,Current,Overweight,Unknown
SYN-DM-01456,52,Female,Other,Hispanic or Latino,Other,Medicare,Never,Normal,Rural
SYN-DM-01457,39,Male,Black,Unknown,English,Commercial,Former,Underweight,Unknown
SYN-DM-01458,38,Unknown,Unknown,Not Hispanic or Latino,Other,Medicaid,Never,Overweight,Unknown
SYN-DM-01459,68,Female,Black,Not Hispanic or Latino,Mandarin,Medicare,Former,Overweight,Unknown
SYN-DM-01460,26,Female,Asian,Hispanic or Latino,Other,Medicare,Never,Normal,Urban
SYN-DM-01461,77,Male,Black,Not Hispanic or Latino,Other,Commercial,Former,Normal,Suburban
SYN-DM-01462,89,Female,Other,Not Hispanic or Latino,English,Medicare,Current,Overweight,Rural
SYN-DM-01463,78,Male,Black,Not Hispanic or Latino,English,Commercial,Current,Underweight,Rural
SYN-DM-01464,82,Unknown,Black,Not Hispanic or Latino,English,Commercial,Current,Underweight,Unknown
SYN-DM-01465,51,Male,Other,Unknown,English,Commercial,Former,Obesity,Urban
SYN-DM-01466,68,Female,Asian,Not Hispanic or Latino,Spanish,Medicare,Current,Normal,Rural
SYN-DM-01467,30,Unknown,Unknown,Not Hispanic or Latino,Mandarin,Commercial,Never,Obesity,Rural
SYN-DM-01468,64,Female,Asian,Unknown,Other,Commercial,Current,Obesity,Urban
SYN-DM-01469,63,Male,White,Hispanic or Latino,Spanish,Commercial,Never,Obesity,Unknown
SYN-DM-01470,67,Female,Asian,Unknown,English,Medicaid,Current,Underweight,Suburban
SYN-DM-01471,63,Intersex,White,Unknown,English,Commercial,Current,Obesity,Rural
SYN-DM-01472,23,Male,Other,Not Hispanic or Latino,English,Medicaid,Never,Normal,Unknown
SYN-DM-01473,90,Male,White,Not Hispanic or Latino,Mandarin,Medicare,Former,Underweight,Urban
SYN-DM-01474,61,Intersex,Other,Hispanic or Latino,Other,Medicare,Never,Obesity,Urban
SYN-DM-01475,44,Female,Unknown,Unknown,Other,Commercial,Never,Overweight,Rural
SYN-DM-01476,30,Female,Asian,Hispanic or Latino,English,Commercial,Never,Overweight,Rural
SYN-DM-01477,82,Female,White,Hispanic or Latino,English,Medicare,Former,Underweight,Urban
SYN-DM-01478,79,Unknown,Unknown,Unknown,English,Medicare,Former,Underweight,Rural
SYN-DM-01479,53,Female,White,Not Hispanic or Latino,Spanish,Medicare,Former,Obesity,Rural
SYN-DM-01480,60,Female,White,Not Hispanic or Latino,Mandarin,Medicaid,Never,Overweight,Unknown
SYN-DM-01481,62,Female,Black,Unknown,Spanish,Commercial,Former,Overweight,Unknown
SYN-DM-01482,21,Intersex,White,Unknown,Other,Medicare,Never,Obesity,Suburban
SYN-DM-01483,74,Unknown,Black,Unknown,English,Commercial,Never,Obesity,Urban
SYN-DM-01484,70,Female,Unknown,Not Hispanic or Latino,Mandarin,Commercial,Never,Normal,Suburban
SYN-DM-01485,41,Unknown,Asian,Unknown,Other,Medicare,Former,Obesity,Unknown
SYN-DM-01486,28,Intersex,Unknown,Not Hispanic or Latino,Spanish,Commercial,Current,Overweight,Suburban
SYN-DM-01487,52,Male,Asian,Unknown,Spanish,Medicaid,Never,Normal,Urban
SYN-DM-01488,81,Female,Black,Unknown,English,Medicaid,Never,Obesity,Unknown
SYN-DM-01489,72,Unknown,Asian,Not Hispanic or Latino,Spanish,Commercial,Former,Overweight,Unknown
SYN-DM-01490,34,Intersex,White,Unknown,Other,Medicaid,Former,Normal,Rural
SYN-DM-01491,25,Female,Black,Unknown,Mandarin,Commercial,Never,Overweight,Rural
SYN-DM-01492,87,Female,Black,Hispanic or Latino,Other,Commercial,Never,Obesity,Rural
SYN-DM-01493,80,Unknown,Black,Not Hispanic or Latino,Mandarin,Commercial,Former,Obesity,Unknown
SYN-DM-01494,30,Male,Asian,Hispanic or Latino,Other,Commercial,Never,Underweight,Unknown
SYN-DM-01495,73,Female,Other,Not Hispanic or Latino,Other,Commercial,Former,Normal,Rural
SYN-DM-01496,48,Female,Asian,Hispanic or Latino,Spanish,Self-pay,Former,Obesity,Rural
SYN-DM-01497,26,Female,Other,Hispanic or Latino,Spanish,Medicare,Never,Overweight,Unknown
SYN-DM-01498,46,Intersex,Black,Not Hispanic or Latino,English,Commercial,Never,Normal,Rural
SYN-DM-01499,41,Intersex,Other,Unknown,Mandarin,Commercial,Never,Overweight,Rural
SYN-DM-01500,44,Male,Black,Hispanic or Latino,Other,Commercial,Never,Obesity,Suburban
SYN-DM-01501,89,Female,Other,Unknown,Spanish,Medicaid,Former,Obesity,Rural
SYN-DM-01502,34,Female,Asian,Not Hispanic or Latino,Other,Commercial,Never,Overweight,Rural
SYN-DM-01503,44,Unknown,Other,Unknown,Spanish,Medicaid,Never,Normal,Urban
SYN-DM-01504,66,Male,White,Not Hispanic or Latino,Other,Commercial,Never,Underweight,Suburban
SYN-DM-01505,89,Male,Asian,Not Hispanic or Latino,English,Commercial,Never,Overweight,Unknown
SYN-DM-01506,63,Intersex,Black,Unknown,English,Medicaid,Current,Underweight,Urban
SYN-DM-01507,32,Unknown,Asian,Not Hispanic or Latino,English,Commercial,Former,Overweight,Suburban
SYN-DM-01508,88,Male,Black,Not Hispanic or Latino,English,Commercial,Never,Underweight,Rural
SYN-DM-01509,55,Female,Other,Unknown,English,Medicare,Former,Overweight,Suburban
SYN-DM-01510,88,Male,Asian,Hispanic or Latino,Mandarin,Medicaid,Never,Underweight,Rural
SYN-DM-01511,74,Male,White,Unknown,Mandarin,Medicaid,Never,Normal,Rural
SYN-DM-01512,23,Female,Black,Hispanic or Latino,Spanish,Medicare,Former,Underweight,Rural
SYN-DM-01513,61,Intersex,Unknown,Hispanic or Latino,English,Commercial,Never,Underweight,Suburban
SYN-DM-01514,51,Intersex,White,Not Hispanic or Latino,English,Medicare,Former,Normal,Urban
SYN-DM-01515,33,Unknown,Black,Not Hispanic or Latino,Spanish,Commercial,Never,Obesity,Suburban
SYN-DM-01516,31,Intersex,Black,Not Hispanic or Latino,Spanish,Commercial,Former,Obesity,Unknown
SYN-DM-01517,46,Intersex,Black,Hispanic or Latino,Spanish,Medicaid,Never,Obesity,Suburban
SYN-DM-01518,90,Female,Unknown,Unknown,Other,Medicare,Former,Overweight,Urban
SYN-DM-01519,54,Unknown,Other,Hispanic or Latino,Spanish,Medicare,Never,Normal,Suburban
SYN-DM-01520,60,Female,Unknown,Unknown,Mandarin,Medicare,Never,Normal,Rural
SYN-DM-01521,32,Unknown,Asian,Not Hispanic or Latino,Mandarin,Medicare,Former,Obesity,Rural
SYN-DM-01522,60,Male,Asian,Unknown,Other,Commercial,Never,Obesity,Urban
SYN-DM-01523,48,Female,Unknown,Hispanic or Latino,Spanish,Commercial,Never,Obesity,Suburban
SYN-DM-01524,67,Unknown,Asian,Unknown,Mandarin,Commercial,Never,Overweight,Unknown
SYN-DM-01525,64,Intersex,Asian,Hispanic or Latino,Other,Commercial,Former,Obesity,Suburban
SYN-DM-01526,36,Male,Other,Unknown,Mandarin,Commercial,Former,Normal,Rural
SYN-DM-01527,61,Unknown,Asian,Not Hispanic or Latino,Mandarin,Medicaid,Former,Underweight,Unknown
SYN-DM-01528,89,Unknown,Asian,Hispanic or Latino,Mandarin,Commercial,Current,Normal,Unknown
SYN-DM-01529,75,Unknown,Unknown,Hispanic or Latino,Other,Commercial,Never,Underweight,Suburban
SYN-DM-01530,48,Intersex,Other,Unknown,English,Commercial,Never,Obesity,Unknown
SYN-DM-01531,71,Female,Unknown,Not Hispanic or Latino,Other,Medicaid,Unknown,Normal,Suburban
SYN-DM-01532,33,Unknown,Black,Hispanic or Latino,Mandarin,Medicare,Never,Normal,Urban
SYN-DM-01533,74,Unknown,Black,Not Hispanic or Latino,Mandarin,Medicaid,Unknown,Underweight,Suburban
SYN-DM-01534,57,Unknown,Asian,Unknown,Spanish,Commercial,Never,Overweight,Rural
SYN-DM-01535,41,Female,Asian,Not Hispanic or Latino,Other,Commercial,Current,Overweight,Unknown
SYN-DM-01536,53,Unknown,Other,Unknown,English,Commercial,Never,Overweight,Rural
SYN-DM-01537,37,Intersex,Other,Unknown,Spanish,Commercial,Current,Obesity,Unknown
SYN-DM-01538,26,Male,Unknown,Hispanic or Latino,Mandarin,Medicare,Never,Underweight,Rural
SYN-DM-01539,56,Intersex,Asian,Not Hispanic or Latino,English,Medicaid,Never,Normal,Unknown
SYN-DM-01540,38,Unknown,Asian,Not Hispanic or Latino,English,Medicaid,Former,Overweight,Urban
SYN-DM-01541,27,Male,Black,Unknown,Spanish,Medicaid,Never,Normal,Rural
SYN-DM-01542,56,Intersex,White,Unknown,Other,Medicare,Never,Overweight,Urban
SYN-DM-01543,22,Female,Asian,Not Hispanic or Latino,Other,Medicaid,Never,Obesity,Urban
SYN-DM-01544,53,Male,Other,Hispanic or Latino,Mandarin,Medicare,Never,Normal,Suburban
SYN-DM-01545,68,Unknown,Black,Hispanic or Latino,English,Medicare,Former,Obesity,Rural
SYN-DM-01546,41,Intersex,Unknown,Hispanic or Latino,English,Medicaid,Never,Normal,Unknown
SYN-DM-01547,39,Unknown,Black,Hispanic or Latino,English,Commercial,Current,Normal,Suburban
SYN-DM-01548,45,Intersex,Other,Not Hispanic or Latino,Spanish,Commercial,Never,Overweight,Unknown
SYN-DM-01549,72,Male,Asian,Unknown,English,Commercial,Former,Underweight,Urban
SYN-DM-01550,81,Unknown,Black,Hispanic or Latino,Mandarin,Medicaid,Former,Obesity,Rural
SYN-DM-01551,50,Unknown,Black,Not Hispanic or Latino,English,Medicaid,Never,Overweight,Suburban
SYN-DM-01552,82,Unknown,Black,Not Hispanic or Latino,Other,Commercial,Current,Underweight,Suburban
SYN-DM-01553,44,Male,Asian,Not Hispanic or Latino,Spanish,Commercial,Never,Normal,Suburban
SYN-DM-01554,41,Female,Unknown,Unknown,Mandarin,Self-pay,Never,Overweight,Urban
SYN-DM-01555,48,Female,Asian,Hispanic or Latino,Spanish,Medicaid,Current,Underweight,Urban
SYN-DM-01556,38,Unknown,Unknown,Hispanic or Latino,English,Commercial,Never,Overweight,Urban
SYN-DM-01557,69,Unknown,Other,Hispanic or Latino,Mandarin,Commercial,Never,Overweight,Rural
SYN-DM-01558,73,Male,White,Not Hispanic or Latino,Mandarin,Commercial,Former,Obesity,Unknown
SYN-DM-01559,58,Male,Other,Not Hispanic or Latino,English,Medicare,Current,Obesity,Unknown
SYN-DM-01560,24,Unknown,Unknown,Hispanic or Latino,English,Medicare,Never,Underweight,Unknown
SYN-DM-01561,60,Unknown,Asian,Unknown,English,Medicare,Former,Normal,Suburban
SYN-DM-01562,38,Male,White,Unknown,Mandarin,Commercial,Never,Obesity,Suburban
SYN-DM-01563,28,Male,Other,Not Hispanic or Latino,Other,Medicaid,Unknown,Normal,Rural
SYN-DM-01564,56,Intersex,Other,Not Hispanic or Latino,Other,Medicaid,Never,Normal,Urban
SYN-DM-01565,74,Unknown,Black,Unknown,Other,Commercial,Former,Underweight,Urban
SYN-DM-01566,76,Male,Black,Hispanic or Latino,Other,Medicare,Former,Overweight,Unknown
SYN-DM-01567,55,Male,White,Hispanic or Latino,Spanish,Self-pay,Former,Normal,Suburban
SYN-DM-01568,73,Unknown,Asian,Hispanic or Latino,Spanish,Medicare,Never,Overweight,Rural
SYN-DM-01569,88,Female,Black,Hispanic or Latino,Mandarin,Commercial,Current,Obesity,Suburban
SYN-DM-01570,49,Intersex,Black,Not Hispanic or Latino,English,Commercial,Current,Obesity,Unknown
SYN-DM-01571,40,Intersex,Black,Not Hispanic or Latino,Spanish,Commercial,Never,Normal,Unknown
SYN-DM-01572,28,Male,White,Not Hispanic or Latino,English,Commercial,Former,Normal,Suburban
SYN-DM-01573,49,Unknown,White,Not Hispanic or Latino,Other,Commercial,Former,Obesity,Rural
SYN-DM-01574,34,Intersex,Unknown,Unknown,Mandarin,Medicare,Former,Obesity,Unknown
SYN-DM-01575,32,Male,Other,Not Hispanic or Latino,Spanish,Commercial,Never,Underweight,Suburban
SYN-DM-01576,31,Unknown,Other,Hispanic or Latino,Spanish,Commercial,Never,Underweight,Unknown
SYN-DM-01577,82,Intersex,Unknown,Unknown,Mandarin,Medicare,Never,Obesity,Urban
SYN-DM-01578,72,Unknown,Other,Not Hispanic or Latino,English,Self-pay,Current,Obesity,Urban
SYN-DM-01579,64,Intersex,Unknown,Hispanic or Latino,Mandarin,Medicaid,Current,Overweight,Urban
SYN-DM-01580,69,Intersex,Unknown,Not Hispanic or Latino,Spanish,Commercial,Former,Obesity,Urban
SYN-DM-01581,60,Unknown,Asian,Unknown,English,Commercial,Current,Obesity,Suburban
SYN-DM-01582,68,Female,Unknown,Not Hispanic or Latino,English,Medicaid,Never,Underweight,Unknown
SYN-DM-01583,30,Intersex,Asian,Unknown,Mandarin,Commercial,Never,Underweight,Suburban
SYN-DM-01584,74,Male,Unknown,Not Hispanic or Latino,Mandarin,Commercial,Unknown,Overweight,Unknown
SYN-DM-01585,48,Unknown,Unknown,Hispanic or Latino,Other,Medicaid,Never,Overweight,Suburban
SYN-DM-01586,64,Male,White,Unknown,Mandarin,Commercial,Never,Normal,Rural
SYN-DM-01587,35,Female,Other,Not Hispanic or Latino,English,Commercial,Never,Underweight,Urban
SYN-DM-01588,59,Male,Black,Unknown,Spanish,Medicare,Never,Overweight,Unknown
SYN-DM-01589,61,Male,White,Not Hispanic or Latino,Mandarin,Commercial,Never,Overweight,Suburban
SYN-DM-01590,41,Male,White,Hispanic or Latino,English,Medicaid,Current,Obesity,Unknown
SYN-DM-01591,52,Intersex,Other,Hispanic or Latino,English,Commercial,Never,Obesity,Unknown
SYN-DM-01592,50,Male,Unknown,Not Hispanic or Latino,Spanish,Medicare,Never,Obesity,Rural
SYN-DM-01593,74,Unknown,Asian,Hispanic or Latino,Other,Medicare,Former,Underweight,Suburban
SYN-DM-01594,31,Unknown,Unknown,Not Hispanic or Latino,Mandarin,Commercial,Never,Underweight,Suburban
SYN-DM-01595,49,Intersex,Other,Unknown,English,Commercial,Never,Overweight,Suburban
SYN-DM-01596,76,Male,Black,Not Hispanic or Latino,Spanish,Medicare,Current,Normal,Unknown
SYN-DM-01597,64,Unknown,White,Not Hispanic or Latino,Other,Medicare,Current,Overweight,Suburban
SYN-DM-01598,28,Intersex,Other,Hispanic or Latino,Spanish,Commercial,Former,Overweight,Rural
SYN-DM-01599,35,Intersex,Black,Unknown,Other,Commercial,Never,Underweight,Rural
SYN-DM-01600,34,Male,Other,Not Hispanic or Latino,Other,Commercial,Current,Normal,Unknown
SYN-DM-01601,74,Male,Other,Not Hispanic or Latino,Mandarin,Medicare,Current,Normal,Unknown
SYN-DM-01602,61,Intersex,Black,Hispanic or Latino,Mandarin,Commercial,Never,Underweight,Suburban
SYN-DM-01603,72,Unknown,Other,Not Hispanic or Latino,English,Commercial,Never,Underweight,Suburban
SYN-DM-01604,73,Male,Black,Unknown,Mandarin,Medicare,Unknown,Underweight,Suburban
SYN-DM-01605,67,Female,Asian,Not Hispanic or Latino,English,Medicare,Former,Overweight,Unknown
SYN-DM-01606,58,Unknown,Asian,Hispanic or Latino,Mandarin,Medicaid,Current,Obesity,Suburban
SYN-DM-01607,24,Unknown,Other,Unknown,Mandarin,Medicare,Never,Normal,Rural
SYN-DM-01608,47,Unknown,Unknown,Not Hispanic or Latino,Spanish,Commercial,Never,Underweight,Suburban
SYN-DM-01609,34,Male,Black,Hispanic or Latino,English,Medicaid,Never,Underweight,Rural
SYN-DM-01610,61,Male,Asian,Not Hispanic or Latino,English,Medicare,Never,Obesity,Unknown
SYN-DM-01611,60,Unknown,Unknown,Not Hispanic or Latino,Other,Medicare,Current,Overweight,Rural
SYN-DM-01612,23,Male,Other,Unknown,Other,Medicare,Never,Obesity,Rural
SYN-DM-01613,42,Intersex,White,Hispanic or Latino,English,Medicare,Former,Normal,Urban
SYN-DM-01614,81,Unknown,White,Hispanic or Latino,Mandarin,Commercial,Never,Underweight,Unknown
SYN-DM-01615,33,Unknown,White,Not Hispanic or Latino,Mandarin,Medicare,Never,Obesity,Urban
SYN-DM-01616,55,Intersex,Asian,Hispanic or Latino,Other,Commercial,Never,Overweight,Rural
SYN-DM-01617,79,Male,White,Unknown,English,Self-pay,Never,Obesity,Unknown
SYN-DM-01618,26,Male,Unknown,Unknown,Spanish,Medicare,Never,Underweight,Rural
SYN-DM-01619,86,Female,Asian,Hispanic or Latino,Spanish,Commercial,Never,Underweight,Rural
SYN-DM-01620,25,Unknown,Other,Unknown,English,Medicaid,Current,Underweight,Unknown
SYN-DM-01621,82,Unknown,Black,Hispanic or Latino,Spanish,Commercial,Current,Overweight,Rural
SYN-DM-01622,83,Unknown,Other,Not Hispanic or Latino,Other,Medicare,Never,Overweight,Suburban
SYN-DM-01623,29,Intersex,White,Not Hispanic or Latino,Spanish,Commercial,Former,Obesity,Suburban
SYN-DM-01624,44,Unknown,Asian,Hispanic or Latino,Spanish,Commercial,Never,Underweight,Unknown
SYN-DM-01625,29,Male,Asian,Unknown,Mandarin,Medicaid,Unknown,Underweight,Rural
SYN-DM-01626,33,Unknown,White,Hispanic or Latino,Other,Commercial,Former,Underweight,Suburban
SYN-DM-01627,66,Female,Black,Unknown,Spanish,Commercial,Former,Underweight,Urban
SYN-DM-01628,27,Female,White,Hispanic or Latino,Other,Medicaid,Current,Overweight,Urban
SYN-DM-01629,66,Unknown,Unknown,Not Hispanic or Latino,Mandarin,Commercial,Never,Underweight,Urban
SYN-DM-01630,75,Female,White,Unknown,English,Medicare,Never,Overweight,Urban
SYN-DM-01631,74,Intersex,Other,Hispanic or Latino,Spanish,Medicare,Never,Normal,Unknown
SYN-DM-01632,50,Female,Asian,Unknown,Other,Commercial,Unknown,Normal,Unknown
SYN-DM-01633,81,Male,Black,Hispanic or Latino,Other,Commercial,Former,Normal,Rural
SYN-DM-01634,80,Intersex,Black,Unknown,Spanish,Medicaid,Never,Normal,Unknown
SYN-DM-01635,31,Intersex,Asian,Hispanic or Latino,English,Medicare,Current,Underweight,Suburban
SYN-DM-01636,63,Male,Asian,Hispanic or Latino,Mandarin,Commercial,Former,Underweight,Suburban
SYN-DM-01637,73,Female,Asian,Hispanic or Latino,Other,Medicare,Former,Obesity,Suburban
SYN-DM-01638,85,Unknown,Black,Not Hispanic or Latino,Spanish,Commercial,Never,Underweight,Urban
SYN-DM-01639,74,Intersex,Unknown,Hispanic or Latino,Spanish,Commercial,Never,Normal,Urban
SYN-DM-01640,58,Unknown,White,Not Hispanic or Latino,Other,Self-pay,Unknown,Obesity,Unknown
SYN-DM-01641,82,Unknown,Asian,Hispanic or Latino,English,Medicare,Former,Overweight,Urban
SYN-DM-01642,25,Unknown,Unknown,Not Hispanic or Latino,Other,Commercial,Never,Underweight,Urban
SYN-DM-01643,57,Female,Asian,Hispanic or Latino,Spanish,Medicaid,Never,Obesity,Unknown
SYN-DM-01644,71,Female,Other,Hispanic or Latino,Mandarin,Commercial,Current,Underweight,Suburban
SYN-DM-01645,47,Intersex,Unknown,Unknown,Mandarin,Commercial,Former,Underweight,Unknown
SYN-DM-01646,63,Male,Other,Hispanic or Latino,Mandarin,Medicare,Former,Underweight,Urban
SYN-DM-01647,55,Unknown,Other,Unknown,Mandarin,Commercial,Former,Normal,Rural
SYN-DM-01648,70,Intersex,Other,Unknown,Mandarin,Medicaid,Current,Overweight,Unknown
SYN-DM-01649,45,Female,Asian,Unknown,Spanish,Commercial,Former,Overweight,Unknown
SYN-DM-01650,23,Unknown,Other,Not Hispanic or Latino,Other,Commercial,Current,Normal,Urban
SYN-DM-01651,43,Intersex,Other,Not Hispanic or Latino,Other,Commercial,Never,Obesity,Rural
SYN-DM-01652,23,Male,Black,Unknown,English,Medicaid,Never,Normal,Rural
SYN-DM-01653,52,Male,White,Not Hispanic or Latino,Mandarin,Medicare,Never,Underweight,Unknown
SYN-DM-01654,51,Intersex,Other,Hispanic or Latino,Mandarin,Self-pay,Former,Underweight,Suburban
SYN-DM-01655,23,Male,Unknown,Not Hispanic or Latino,Spanish,Medicaid,Former,Underweight,Urban
SYN-DM-01656,23,Female,Other,Unknown,English,Commercial,Never,Obesity,Suburban
SYN-DM-01657,23,Female,Black,Hispanic or Latino,English,Medicare,Unknown,Underweight,Unknown
SYN-DM-01658,78,Female,Other,Not Hispanic or Latino,Mandarin,Commercial,Never,Normal,Urban
SYN-DM-01659,46,Female,Other,Hispanic or Latino,Other,Medicare,Current,Obesity,Unknown
SYN-DM-01660,38,Unknown,White,Unknown,Spanish,Commercial,Never,Underweight,Unknown
SYN-DM-01661,48,Intersex,Other,Not Hispanic or Latino,English,Commercial,Never,Normal,Unknown
SYN-DM-01662,85,Female,Other,Not Hispanic or Latino,Other,Self-pay,Former,Normal,Unknown
SYN-DM-01663,31,Female,Black,Unknown,Spanish,Commercial,Never,Obesity,Rural
SYN-DM-01664,46,Unknown,Other,Not Hispanic or Latino,Mandarin,Medicaid,Unknown,Underweight,Unknown
SYN-DM-01665,30,Unknown,Asian,Not Hispanic or Latino,Mandarin,Commercial,Former,Normal,Unknown
SYN-DM-01666,59,Male,Other,Unknown,Spanish,Commercial,Never,Normal,Unknown
SYN-DM-01667,49,Male,Other,Unknown,Mandarin,Commercial,Former,Underweight,Urban
SYN-DM-01668,69,Female,Asian,Not Hispanic or Latino,Mandarin,Commercial,Never,Overweight,Suburban
SYN-DM-01669,48,Unknown,Black,Not Hispanic or Latino,Mandarin,Medicaid,Former,Obesity,Suburban
SYN-DM-01670,34,Unknown,Asian,Unknown,English,Commercial,Former,Underweight,Urban
SYN-DM-01671,86,Male,Black,Hispanic or Latino,Spanish,Medicaid,Unknown,Obesity,Unknown
SYN-DM-01672,75,Intersex,Other,Hispanic or Latino,Other,Medicaid,Former,Obesity,Urban
SYN-DM-01673,82,Female,Asian,Unknown,English,Medicare,Current,Normal,Suburban
SYN-DM-01674,84,Male,Unknown,Hispanic or Latino,Other,Commercial,Never,Normal,Unknown
SYN-DM-01675,48,Intersex,White,Hispanic or Latino,Spanish,Self-pay,Current,Overweight,Urban
SYN-DM-01676,23,Intersex,Asian,Not Hispanic or Latino,English,Commercial,Current,Overweight,Rural
SYN-DM-01677,52,Male,Other,Unknown,Other,Medicaid,Never,Obesity,Rural
SYN-DM-01678,76,Female,White,Unknown,Spanish,Medicaid,Never,Underweight,Urban
SYN-DM-01679,29,Female,White,Unknown,Other,Commercial,Never,Obesity,Suburban
SYN-DM-01680,38,Female,Asian,Unknown,English,Commercial,Former,Underweight,Suburban
SYN-DM-01681,69,Unknown,Other,Hispanic or Latino,Mandarin,Medicare,Never,Underweight,Unknown
SYN-DM-01682,39,Female,Asian,Not Hispanic or Latino,Other,Commercial,Former,Normal,Urban
SYN-DM-01683,49,Unknown,Unknown,Not Hispanic or Latino,Mandarin,Medicare,Former,Underweight,Rural
SYN-DM-01684,65,Unknown,Other,Hispanic or Latino,Other,Commercial,Never,Obesity,Unknown
SYN-DM-01685,32,Unknown,White,Unknown,English,Medicare,Never,Overweight,Unknown
SYN-DM-01686,41,Female,White,Not Hispanic or Latino,Other,Commercial,Former,Normal,Urban
SYN-DM-01687,82,Intersex,Other,Not Hispanic or Latino,Spanish,Commercial,Former,Normal,Suburban
SYN-DM-01688,56,Male,Asian,Hispanic or Latino,Other,Commercial,Never,Normal,Suburban
SYN-DM-01689,34,Intersex,White,Not Hispanic or Latino,English,Commercial,Never,Underweight,Unknown
SYN-DM-01690,24,Female,White,Not Hispanic or Latino,Spanish,Commercial,Former,Underweight,Suburban
SYN-DM-01691,31,Female,Asian,Hispanic or Latino,Spanish,Medicaid,Never,Overweight,Unknown
SYN-DM-01692,74,Intersex,Black,Hispanic or Latino,Other,Medicare,Current,Normal,Suburban
SYN-DM-01693,60,Unknown,Other,Hispanic or Latino,English,Commercial,Former,Normal,Suburban
SYN-DM-01694,53,Intersex,White,Not Hispanic or Latino,Mandarin,Medicaid,Never,Normal,Rural
SYN-DM-01695,41,Unknown,White,Hispanic or Latino,Spanish,Commercial,Never,Underweight,Urban
SYN-DM-01696,70,Unknown,Other,Hispanic or Latino,Spanish,Commercial,Former,Underweight,Suburban
SYN-DM-01697,64,Unknown,Other,Hispanic or Latino,English,Commercial,Never,Underweight,Suburban
SYN-DM-01698,67,Female,Unknown,Not Hispanic or Latino,English,Medicare,Never,Obesity,Rural
SYN-DM-01699,46,Intersex,Other,Unknown,Spanish,Commercial,Current,Underweight,Unknown
SYN-DM-01700,47,Unknown,Black,Hispanic or Latino,Other,Medicaid,Never,Obesity,Unknown
SYN-DM-01701,62,Male,White,Not Hispanic or Latino,English,Commercial,Never,Obesity,Urban
SYN-DM-01702,63,Intersex,Black,Unknown,Spanish,Medicare,Never,Obesity,Suburban
SYN-DM-01703,66,Intersex,Unknown,Not Hispanic or Latino,Other,Commercial,Never,Normal,Rural
SYN-DM-01704,90,Female,Other,Hispanic or Latino,Other,Self-pay,Former,Obesity,Suburban
SYN-DM-01705,90,Male,Unknown,Unknown,Mandarin,Commercial,Former,Overweight,Suburban
SYN-DM-01706,63,Female,Black,Not Hispanic or Latino,Mandarin,Medicare,Current,Underweight,Rural
SYN-DM-01707,40,Intersex,Black,Not Hispanic or Latino,Other,Medicare,Current,Normal,Suburban
SYN-DM-01708,47,Unknown,Asian,Unknown,Mandarin,Commercial,Former,Overweight,Rural
SYN-DM-01709,38,Female,Other,Unknown,English,Commercial,Never,Normal,Suburban
SYN-DM-01710,34,Intersex,Black,Hispanic or Latino,Other,Medicare,Unknown,Overweight,Rural
SYN-DM-01711,40,Intersex,Other,Hispanic or Latino,Other,Commercial,Former,Underweight,Rural
SYN-DM-01712,31,Female,Black,Not Hispanic or Latino,Other,Commercial,Never,Overweight,Unknown
SYN-DM-01713,77,Unknown,Black,Unknown,Mandarin,Commercial,Never,Normal,Unknown
SYN-DM-01714,72,Intersex,Black,Hispanic or Latino,Other,Medicare,Former,Overweight,Urban
SYN-DM-01715,49,Intersex,Other,Unknown,Spanish,Commercial,Former,Normal,Unknown
SYN-DM-01716,39,Male,Other,Not Hispanic or Latino,Other,Commercial,Never,Overweight,Urban
SYN-DM-01717,82,Female,Asian,Unknown,Other,Medicaid,Never,Normal,Urban
SYN-DM-01718,30,Female,Black,Not Hispanic or Latino,Other,Commercial,Former,Obesity,Rural
SYN-DM-01719,47,Intersex,Unknown,Unknown,Other,Commercial,Never,Underweight,Urban
SYN-DM-01720,33,Unknown,Asian,Not Hispanic or Latino,English,Medicaid,Current,Obesity,Unknown
SYN-DM-01721,49,Intersex,Other,Unknown,Spanish,Commercial,Never,Overweight,Urban
SYN-DM-01722,50,Male,Asian,Not Hispanic or Latino,English,Medicaid,Current,Overweight,Rural
SYN-DM-01723,46,Intersex,Asian,Not Hispanic or Latino,Mandarin,Commercial,Former,Underweight,Suburban
SYN-DM-01724,72,Intersex,Unknown,Not Hispanic or Latino,English,Medicare,Never,Underweight,Suburban
SYN-DM-01725,30,Unknown,White,Hispanic or Latino,English,Commercial,Never,Normal,Rural
SYN-DM-01726,84,Unknown,Black,Unknown,English,Medicaid,Never,Normal,Unknown
SYN-DM-01727,32,Male,Unknown,Not Hispanic or Latino,English,Medicaid,Unknown,Obesity,Urban
SYN-DM-01728,65,Male,Unknown,Hispanic or Latino,Mandarin,Medicaid,Former,Underweight,Rural
SYN-DM-01729,34,Female,White,Not Hispanic or Latino,English,Commercial,Never,Underweight,Unknown
SYN-DM-01730,71,Intersex,White,Hispanic or Latino,Mandarin,Medicare,Former,Normal,Rural
SYN-DM-01731,83,Unknown,Unknown,Hispanic or Latino,Spanish,Medicare,Never,Overweight,Rural
SYN-DM-01732,84,Unknown,Black,Unknown,Mandarin,Commercial,Former,Underweight,Rural
SYN-DM-01733,32,Unknown,White,Not Hispanic or Latino,English,Commercial,Never,Overweight,Unknown
SYN-DM-01734,54,Intersex,Asian,Hispanic or Latino,Other,Medicare,Never,Obesity,Suburban
SYN-DM-01735,40,Male,Black,Unknown,Spanish,Commercial,Former,Underweight,Suburban
SYN-DM-01736,33,Female,Black,Not Hispanic or Latino,Mandarin,Self-pay,Former,Obesity,Unknown
SYN-DM-01737,55,Unknown,Other,Hispanic or Latino,English,Commercial,Never,Underweight,Unknown
SYN-DM-01738,26,Unknown,Asian,Hispanic or Latino,Other,Commercial,Never,Underweight,Unknown
SYN-DM-01739,35,Female,Other,Hispanic or Latino,Other,Commercial,Never,Obesity,Suburban
SYN-DM-01740,85,Male,Other,Hispanic or Latino,Mandarin,Commercial,Former,Overweight,Urban
SYN-DM-01741,28,Unknown,Asian,Not Hispanic or Latino,Other,Commercial,Unknown,Obesity,Suburban
SYN-DM-01742,57,Unknown,Asian,Not Hispanic or Latino,Spanish,Medicaid,Current,Obesity,Unknown
SYN-DM-01743,64,Intersex,Unknown,Hispanic or Latino,Spanish,Commercial,Never,Obesity,Unknown
SYN-DM-01744,25,Unknown,Black,Hispanic or Latino,Spanish,Medicare,Never,Underweight,Rural
SYN-DM-01745,22,Unknown,Other,Not Hispanic or Latino,Other,Commercial,Current,Obesity,Unknown
SYN-DM-01746,88,Male,Unknown,Hispanic or Latino,Mandarin,Commercial,Never,Normal,Urban
SYN-DM-01747,73,Female,Black,Unknown,Spanish,Commercial,Current,Underweight,Suburban
SYN-DM-01748,67,Female,White,Not Hispanic or Latino,Other,Commercial,Never,Underweight,Urban
SYN-DM-01749,27,Female,Other,Hispanic or Latino,Spanish,Medicare,Never,Obesity,Urban
SYN-DM-01750,25,Male,Asian,Unknown,Other,Commercial,Never,Normal,Unknown
SYN-DM-01751,76,Male,White,Not Hispanic or Latino,Mandarin,Commercial,Never,Obesity,Unknown
SYN-DM-01752,72,Female,White,Hispanic or Latino,Other,Self-pay,Former,Normal,Suburban
SYN-DM-01753,28,Unknown,Unknown,Not Hispanic or Latino,Other,Commercial,Former,Obesity,Rural
SYN-DM-01754,36,Intersex,Unknown,Unknown,Other,Commercial,Former,Obesity,Rural
SYN-DM-01755,47,Unknown,White,Hispanic or Latino,Mandarin,Medicare,Never,Overweight,Suburban
SYN-DM-01756,66,Male,Unknown,Hispanic or Latino,Other,Commercial,Current,Obesity,Rural
SYN-DM-01757,63,Intersex,Black,Unknown,Other,Medicare,Former,Overweight,Rural
SYN-DM-01758,58,Intersex,Unknown,Not Hispanic or Latino,Mandarin,Medicaid,Former,Underweight,Rural
SYN-DM-01759,64,Intersex,Asian,Unknown,Mandarin,Medicare,Former,Underweight,Unknown
SYN-DM-01760,40,Intersex,Black,Unknown,Mandarin,Commercial,Current,Underweight,Rural
SYN-DM-01761,22,Male,Unknown,Hispanic or Latino,Mandarin,Medicaid,Former,Normal,Rural
SYN-DM-01762,64,Unknown,Other,Unknown,English,Medicare,Current,Underweight,Suburban
SYN-DM-01763,27,Unknown,Asian,Unknown,Other,Medicare,Never,Underweight,Unknown
SYN-DM-01764,27,Unknown,Asian,Hispanic or Latino,Spanish,Commercial,Never,Obesity,Urban
SYN-DM-01765,47,Female,Black,Hispanic or Latino,Mandarin,Commercial,Former,Underweight,Rural
SYN-DM-01766,75,Male,Unknown,Unknown,Spanish,Commercial,Current,Normal,Rural
SYN-DM-01767,34,Unknown,Black,Unknown,Spanish,Medicaid,Current,Normal,Urban
SYN-DM-01768,26,Intersex,Asian,Unknown,Spanish,Medicaid,Former,Underweight,Suburban
SYN-DM-01769,82,Unknown,Black,Unknown,Other,Commercial,Former,Overweight,Rural
SYN-DM-01770,47,Female,Asian,Unknown,English,Commercial,Never,Normal,Suburban
SYN-DM-01771,73,Intersex,Asian,Hispanic or Latino,Mandarin,Medicare,Unknown,Obesity,Rural
SYN-DM-01772,57,Intersex,Unknown,Hispanic or Latino,Spanish,Commercial,Never,Underweight,Urban
SYN-DM-01773,70,Male,Unknown,Unknown,Other,Commercial,Former,Normal,Suburban
SYN-DM-01774,58,Intersex,Asian,Unknown,Mandarin,Commercial,Former,Overweight,Suburban
SYN-DM-01775,74,Unknown,Other,Not Hispanic or Latino,Other,Medicare,Former,Obesity,Rural
SYN-DM-01776,48,Unknown,Black,Not Hispanic or Latino,English,Commercial,Former,Overweight,Suburban
SYN-DM-01777,75,Unknown,Black,Not Hispanic or Latino,Spanish,Medicaid,Never,Overweight,Rural
SYN-DM-01778,24,Male,Black,Unknown,Spanish,Self-pay,Never,Underweight,Suburban
SYN-DM-01779,45,Female,White,Not Hispanic or Latino,Spanish,Commercial,Current,Underweight,Urban
SYN-DM-01780,84,Intersex,Black,Unknown,Mandarin,Commercial,Unknown,Obesity,Suburban
SYN-DM-01781,86,Intersex,Unknown,Hispanic or Latino,English,Medicare,Never,Normal,Suburban
SYN-DM-01782,57,Male,Other,Not Hispanic or Latino,Spanish,Commercial,Never,Obesity,Unknown
SYN-DM-01783,59,Male,Other,Hispanic or Latino,Mandarin,Commercial,Never,Obesity,Suburban
SYN-DM-01784,22,Intersex,Black,Hispanic or Latino,Mandarin,Commercial,Former,Overweight,Urban
SYN-DM-01785,63,Male,Asian,Hispanic or Latino,Spanish,Medicare,Current,Underweight,Unknown
SYN-DM-01786,41,Male,Unknown,Not Hispanic or Latino,English,Commercial,Former,Obesity,Suburban
SYN-DM-01787,34,Unknown,Black,Not Hispanic or Latino,English,Commercial,Never,Underweight,Rural
SYN-DM-01788,47,Male,Other,Not Hispanic or Latino,Spanish,Medicaid,Former,Obesity,Rural
SYN-DM-01789,38,Male,Black,Hispanic or Latino,Spanish,Medicare,Former,Overweight,Unknown
SYN-DM-01790,83,Female,Unknown,Hispanic or Latino,English,Medicaid,Never,Overweight,Unknown
SYN-DM-01791,39,Intersex,Asian,Hispanic or Latino,English,Medicare,Never,Normal,Suburban
SYN-DM-01792,56,Male,Other,Not Hispanic or Latino,Other,Commercial,Never,Obesity,Rural
SYN-DM-01793,80,Unknown,White,Unknown,English,Medicare,Current,Normal,Rural
SYN-DM-01794,25,Intersex,Unknown,Hispanic or Latino,Mandarin,Medicare,Unknown,Overweight,Rural
SYN-DM-01795,80,Female,Asian,Not Hispanic or Latino,Other,Commercial,Never,Normal,Suburban
SYN-DM-01796,49,Unknown,Asian,Not Hispanic or Latino,Other,Commercial,Never,Obesity,Urban
SYN-DM-01797,81,Male,Asian,Not Hispanic or Latino,English,Commercial,Former,Underweight,Suburban
SYN-DM-01798,84,Unknown,Unknown,Hispanic or Latino,English,Commercial,Never,Obesity,Rural
SYN-DM-01799,67,Unknown,Asian,Not Hispanic or Latino,English,Commercial,Current,Obesity,Rural
SYN-DM-01800,23,Male,White,Unknown,Other,Commercial,Never,Normal,Unknown
SYN-DM-01801,60,Unknown,Unknown,Not Hispanic or Latino,Other,Commercial,Never,Normal,Unknown
SYN-DM-01802,46,Male,Other,Unknown,English,Medicare,Current,Obesity,Rural
SYN-DM-01803,79,Intersex,Unknown,Hispanic or Latino,English,Commercial,Never,Overweight,Suburban
SYN-DM-01804,45,Female,White,Not Hispanic or Latino,Spanish,Medicare,Unknown,Overweight,Rural
SYN-DM-01805,60,Intersex,Unknown,Hispanic or Latino,Mandarin,Medicare,Never,Normal,Unknown
SYN-DM-01806,42,Unknown,Other,Hispanic or Latino,English,Commercial,Former,Obesity,Suburban
SYN-DM-01807,66,Intersex,White,Hispanic or Latino,Mandarin,Medicaid,Never,Obesity,Unknown
SYN-DM-01808,25,Unknown,Unknown,Not Hispanic or Latino,Spanish,Commercial,Never,Normal,Urban
SYN-DM-01809,46,Unknown,Other,Hispanic or Latino,Mandarin,Commercial,Former,Underweight,Unknown
SYN-DM-01810,33,Unknown,White,Hispanic or Latino,Spanish,Commercial,Current,Underweight,Rural
SYN-DM-01811,84,Male,Black,Not Hispanic or Latino,Mandarin,Commercial,Former,Normal,Suburban
SYN-DM-01812,46,Unknown,Other,Hispanic or Latino,Spanish,Commercial,Never,Normal,Rural
SYN-DM-01813,55,Intersex,White,Not Hispanic or Latino,Spanish,Medicare,Never,Normal,Unknown
SYN-DM-01814,25,Intersex,Unknown,Hispanic or Latino,Mandarin,Medicaid,Former,Underweight,Urban
SYN-DM-01815,37,Female,Asian,Hispanic or Latino,English,Commercial,Never,Normal,Urban
SYN-DM-01816,42,Male,Unknown,Hispanic or Latino,Mandarin,Commercial,Never,Underweight,Urban
SYN-DM-01817,60,Female,Other,Unknown,Mandarin,Commercial,Never,Obesity,Suburban
SYN-DM-01818,54,Male,Asian,Unknown,Spanish,Medicaid,Former,Underweight,Suburban
SYN-DM-01819,32,Male,White,Hispanic or Latino,Mandarin,Medicare,Former,Underweight,Rural
SYN-DM-01820,52,Female,Black,Hispanic or Latino,Spanish,Medicare,Never,Normal,Urban
SYN-DM-01821,63,Female,Unknown,Hispanic or Latino,English,Medicare,Current,Overweight,Unknown
SYN-DM-01822,56,Male,White,Not Hispanic or Latino,Other,Commercial,Current,Overweight,Urban
SYN-DM-01823,71,Intersex,Other,Hispanic or Latino,English,Medicare,Never,Underweight,Unknown
SYN-DM-01824,76,Female,White,Unknown,English,Commercial,Never,Underweight,Suburban
SYN-DM-01825,63,Male,Unknown,Unknown,English,Medicare,Unknown,Overweight,Urban
SYN-DM-01826,31,Unknown,Unknown,Unknown,Other,Commercial,Never,Overweight,Suburban
SYN-DM-01827,68,Unknown,Black,Hispanic or Latino,Mandarin,Commercial,Never,Normal,Suburban
SYN-DM-01828,63,Intersex,Unknown,Not Hispanic or Latino,Mandarin,Commercial,Current,Obesity,Urban
SYN-DM-01829,78,Female,Asian,Not Hispanic or Latino,Spanish,Commercial,Current,Overweight,Rural
SYN-DM-01830,50,Intersex,Unknown,Not Hispanic or Latino,Other,Medicaid,Never,Overweight,Suburban
SYN-DM-01831,30,Female,Other,Unknown,English,Commercial,Never,Obesity,Urban
SYN-DM-01832,41,Female,White,Not Hispanic or Latino,English,Medicaid,Former,Overweight,Rural
SYN-DM-01833,86,Male,Unknown,Not Hispanic or Latino,Other,Medicare,Never,Obesity,Rural
SYN-DM-01834,55,Male,Black,Hispanic or Latino,Other,Medicaid,Current,Overweight,Suburban
SYN-DM-01835,73,Intersex,Other,Not Hispanic or Latino,Other,Commercial,Never,Underweight,Rural
SYN-DM-01836,68,Female,White,Hispanic or Latino,Mandarin,Commercial,Former,Underweight,Urban
SYN-DM-01837,43,Female,Other,Hispanic or Latino,Mandarin,Commercial,Never,Normal,Rural
SYN-DM-01838,81,Female,Other,Hispanic or Latino,Spanish,Medicaid,Current,Obesity,Rural
SYN-DM-01839,85,Intersex,White,Unknown,Mandarin,Medicare,Never,Underweight,Unknown
SYN-DM-01840,77,Female,White,Unknown,Spanish,Medicare,Current,Overweight,Unknown
SYN-DM-01841,69,Unknown,Asian,Not Hispanic or Latino,Spanish,Commercial,Current,Normal,Rural
SYN-DM-01842,32,Unknown,Unknown,Not Hispanic or Latino,Other,Medicaid,Former,Underweight,Unknown
SYN-DM-01843,90,Female,White,Unknown,Spanish,Medicaid,Never,Obesity,Unknown
SYN-DM-01844,70,Female,Black,Not Hispanic or Latino,Spanish,Commercial,Never,Underweight,Rural
SYN-DM-01845,24,Unknown,Other,Not Hispanic or Latino,Other,Commercial,Never,Underweight,Urban
SYN-DM-01846,56,Male,White,Unknown,Spanish,Commercial,Former,Obesity,Urban
SYN-DM-01847,32,Unknown,Black,Not Hispanic or Latino,Mandarin,Medicare,Unknown,Overweight,Suburban
SYN-DM-01848,66,Female,White,Unknown,Other,Commercial,Former,Underweight,Rural
SYN-DM-01849,71,Female,Black,Not Hispanic or Latino,Other,Commercial,Current,Obesity,Rural
SYN-DM-01850,47,Intersex,Unknown,Hispanic or Latino,Other,Medicare,Current,Underweight,Unknown
SYN-DM-01851,57,Male,Other,Unknown,Spanish,Medicare,Current,Normal,Rural
SYN-DM-01852,34,Intersex,White,Unknown,Other,Medicare,Never,Obesity,Suburban
SYN-DM-01853,29,Female,Unknown,Not Hispanic or Latino,English,Medicare,Former,Obesity,Rural
SYN-DM-01854,66,Unknown,White,Hispanic or Latino,English,Commercial,Never,Underweight,Rural
SYN-DM-01855,57,Unknown,Asian,Hispanic or Latino,Other,Medicaid,Never,Underweight,Rural
SYN-DM-01856,76,Intersex,White,Hispanic or Latino,English,Commercial,Unknown,Underweight,Urban
SYN-DM-01857,32,Female,White,Not Hispanic or Latino,Other,Commercial,Former,Underweight,Urban
SYN-DM-01858,44,Unknown,White,Not Hispanic or Latino,Spanish,Commercial,Former,Obesity,Unknown
SYN-DM-01859,21,Female,Other,Unknown,Mandarin,Commercial,Never,Normal,Unknown
SYN-DM-01860,42,Unknown,Other,Hispanic or Latino,Other,Medicaid,Former,Overweight,Rural
SYN-DM-01861,51,Female,Black,Not Hispanic or Latino,Spanish,Commercial,Current,Obesity,Unknown
SYN-DM-01862,64,Unknown,Black,Not Hispanic or Latino,Mandarin,Medicaid,Never,Underweight,Suburban
SYN-DM-01863,81,Intersex,Other,Hispanic or Latino,English,Medicare,Unknown,Underweight,Suburban
SYN-DM-01864,33,Unknown,Unknown,Not Hispanic or Latino,Other,Medicaid,Never,Overweight,Urban
SYN-DM-01865,70,Intersex,Black,Not Hispanic or Latino,Spanish,Medicaid,Former,Overweight,Suburban
SYN-DM-01866,77,Unknown,White,Hispanic or Latino,Other,Medicaid,Never,Normal,Urban
SYN-DM-01867,53,Intersex,Asian,Hispanic or Latino,Mandarin,Commercial,Former,Obesity,Suburban
SYN-DM-01868,80,Female,Unknown,Not Hispanic or Latino,Other,Commercial,Current,Normal,Urban
SYN-DM-01869,55,Unknown,Asian,Unknown,English,Medicare,Former,Overweight,Unknown
SYN-DM-01870,22,Female,Asian,Not Hispanic or Latino,Mandarin,Commercial,Current,Underweight,Unknown
SYN-DM-01871,84,Intersex,Asian,Not Hispanic or Latino,English,Medicaid,Never,Normal,Unknown
SYN-DM-01872,82,Intersex,Unknown,Not Hispanic or Latino,English,Commercial,Never,Overweight,Unknown
SYN-DM-01873,33,Intersex,Asian,Not Hispanic or Latino,Mandarin,Medicare,Never,Normal,Urban
SYN-DM-01874,23,Male,Unknown,Unknown,English,Medicare,Former,Underweight,Rural
SYN-DM-01875,67,Unknown,White,Not Hispanic or Latino,English,Commercial,Never,Normal,Urban
SYN-DM-01876,78,Intersex,Black,Not Hispanic or Latino,English,Commercial,Never,Normal,Unknown
SYN-DM-01877,64,Unknown,Unknown,Unknown,Spanish,Commercial,Current,Obesity,Unknown
SYN-DM-01878,34,Female,Asian,Hispanic or Latino,English,Commercial,Current,Overweight,Suburban
SYN-DM-01879,68,Unknown,Other,Hispanic or Latino,Mandarin,Medicare,Never,Obesity,Rural
SYN-DM-01880,55,Unknown,Asian,Not Hispanic or Latino,Mandarin,Commercial,Never,Overweight,Urban
SYN-DM-01881,31,Unknown,Unknown,Not Hispanic or Latino,Mandarin,Medicare,Never,Underweight,Suburban
SYN-DM-01882,55,Male,Other,Hispanic or Latino,Mandarin,Commercial,Current,Normal,Suburban
SYN-DM-01883,60,Unknown,Unknown,Unknown,English,Self-pay,Never,Obesity,Urban
SYN-DM-01884,34,Intersex,Other,Hispanic or Latino,English,Medicare,Never,Normal,Rural
SYN-DM-01885,85,Female,Black,Not Hispanic or Latino,Other,Medicaid,Unknown,Obesity,Unknown
SYN-DM-01886,79,Unknown,Unknown,Not Hispanic or Latino,Spanish,Medicare,Never,Overweight,Suburban
SYN-DM-01887,78,Intersex,Black,Not Hispanic or Latino,Other,Commercial,Never,Normal,Unknown
SYN-DM-01888,62,Male,Black,Unknown,Other,Commercial,Never,Overweight,Unknown
SYN-DM-01889,40,Unknown,Black,Unknown,Other,Commercial,Former,Obesity,Suburban
SYN-DM-01890,29,Female,Unknown,Hispanic or Latino,Mandarin,Commercial,Never,Underweight,Suburban
SYN-DM-01891,64,Intersex,Other,Not Hispanic or Latino,English,Commercial,Former,Overweight,Unknown
SYN-DM-01892,47,Unknown,Other,Unknown,Other,Medicaid,Never,Obesity,Urban
SYN-DM-01893,44,Male,Asian,Hispanic or Latino,Mandarin,Commercial,Never,Overweight,Rural
SYN-DM-01894,48,Unknown,Black,Unknown,Mandarin,Medicaid,Never,Normal,Rural
SYN-DM-01895,60,Intersex,Black,Not Hispanic or Latino,Spanish,Medicare,Current,Normal,Urban
SYN-DM-01896,27,Unknown,White,Hispanic or Latino,Other,Commercial,Unknown,Obesity,Urban
SYN-DM-01897,63,Intersex,Black,Not Hispanic or Latino,Mandarin,Commercial,Current,Normal,Unknown
SYN-DM-01898,46,Female,Unknown,Not Hispanic or Latino,Other,Medicare,Never,Obesity,Urban
SYN-DM-01899,63,Male,Asian,Hispanic or Latino,Mandarin,Medicaid,Never,Overweight,Unknown
SYN-DM-01900,67,Intersex,Unknown,Hispanic or Latino,Other,Self-pay,Current,Overweight,Rural
SYN-DM-01901,79,Intersex,Other,Hispanic or Latino,Mandarin,Self-pay,Current,Underweight,Urban
SYN-DM-01902,28,Male,Asian,Unknown,Other,Medicare,Current,Normal,Rural
SYN-DM-01903,39,Intersex,Black,Unknown,Other,Commercial,Current,Underweight,Urban
SYN-DM-01904,49,Intersex,Black,Not Hispanic or Latino,English,Commercial,Never,Normal,Suburban
SYN-DM-01905,44,Male,Other,Not Hispanic or Latino,Other,Medicare,Former,Obesity,Rural
SYN-DM-01906,58,Unknown,Other,Not Hispanic or Latino,Mandarin,Medicare,Never,Underweight,Rural
SYN-DM-01907,81,Female,White,Unknown,Other,Medicaid,Never,Normal,Rural
SYN-DM-01908,54,Female,Other,Hispanic or Latino,Mandarin,Medicare,Never,Overweight,Rural
SYN-DM-01909,48,Unknown,White,Unknown,Mandarin,Medicaid,Never,Overweight,Urban
SYN-DM-01910,32,Intersex,Black,Not Hispanic or Latino,Mandarin,Commercial,Never,Underweight,Rural
SYN-DM-01911,23,Intersex,Unknown,Unknown,English,Medicaid,Former,Normal,Urban
SYN-DM-01912,34,Unknown,Black,Not Hispanic or Latino,Other,Commercial,Former,Overweight,Urban
SYN-DM-01913,44,Female,Unknown,Unknown,English,Commercial,Current,Overweight,Unknown
SYN-DM-01914,85,Male,Black,Unknown,English,Commercial,Never,Obesity,Urban
SYN-DM-01915,56,Unknown,Asian,Unknown,Other,Commercial,Current,Underweight,Urban
SYN-DM-01916,37,Male,White,Hispanic or Latino,Mandarin,Medicare,Current,Underweight,Unknown
SYN-DM-01917,68,Unknown,Other,Not Hispanic or Latino,Mandarin,Medicaid,Former,Underweight,Urban
SYN-DM-01918,60,Female,Asian,Hispanic or Latino,Spanish,Commercial,Never,Normal,Urban
SYN-DM-01919,87,Male,White,Hispanic or Latino,Spanish,Medicaid,Never,Overweight,Urban
SYN-DM-01920,22,Male,Other,Unknown,Mandarin,Commercial,Never,Overweight,Unknown
SYN-DM-01921,46,Unknown,Other,Hispanic or Latino,Mandarin,Medicare,Current,Overweight,Suburban
SYN-DM-01922,56,Unknown,White,Unknown,English,Commercial,Never,Normal,Unknown
SYN-DM-01923,44,Intersex,Asian,Hispanic or Latino,Spanish,Medicare,Former,Underweight,Rural
SYN-DM-01924,90,Unknown,Unknown,Not Hispanic or Latino,Spanish,Medicare,Never,Overweight,Urban
SYN-DM-01925,89,Unknown,Asian,Unknown,Mandarin,Commercial,Former,Obesity,Urban
SYN-DM-01926,90,Intersex,Unknown,Unknown,Spanish,Medicaid,Former,Underweight,Rural
SYN-DM-01927,45,Male,Other,Not Hispanic or Latino,Spanish,Medicare,Former,Obesity,Urban
SYN-DM-01928,27,Intersex,Asian,Unknown,Spanish,Medicare,Former,Underweight,Suburban
SYN-DM-01929,49,Intersex,Other,Unknown,English,Commercial,Never,Normal,Rural
SYN-DM-01930,29,Unknown,Asian,Not Hispanic or Latino,Other,Medicare,Former,Overweight,Unknown
SYN-DM-01931,47,Male,Asian,Not Hispanic or Latino,Mandarin,Commercial,Former,Normal,Urban
SYN-DM-01932,70,Intersex,White,Not Hispanic or Latino,Mandarin,Medicare,Former,Normal,Suburban
SYN-DM-01933,78,Female,Other,Hispanic or Latino,Spanish,Self-pay,Never,Normal,Rural
SYN-DM-01934,78,Unknown,White,Not Hispanic or Latino,English,Commercial,Current,Normal,Urban
SYN-DM-01935,36,Male,Other,Unknown,Spanish,Commercial,Never,Obesity,Urban
SYN-DM-01936,45,Intersex,Asian,Unknown,Other,Medicare,Never,Overweight,Unknown
SYN-DM-01937,89,Male,Unknown,Not Hispanic or Latino,Spanish,Commercial,Former,Underweight,Suburban
SYN-DM-01938,88,Intersex,Unknown,Unknown,Mandarin,Medicaid,Former,Normal,Unknown
SYN-DM-01939,33,Male,Asian,Hispanic or Latino,Other,Medicare,Unknown,Normal,Suburban
SYN-DM-01940,64,Unknown,Unknown,Not Hispanic or Latino,Other,Commercial,Former,Obesity,Urban
SYN-DM-01941,55,Unknown,Other,Unknown,Mandarin,Commercial,Never,Normal,Suburban
SYN-DM-01942,48,Intersex,Black,Unknown,Mandarin,Medicaid,Never,Obesity,Suburban
SYN-DM-01943,69,Unknown,Other,Unknown,Mandarin,Medicare,Never,Underweight,Suburban
SYN-DM-01944,59,Unknown,White,Not Hispanic or Latino,Spanish,Commercial,Former,Underweight,Rural
SYN-DM-01945,86,Male,White,Unknown,Other,Commercial,Never,Normal,Suburban
SYN-DM-01946,34,Male,Other,Unknown,Spanish,Commercial,Never,Normal,Unknown
SYN-DM-01947,65,Female,Unknown,Not Hispanic or Latino,Mandarin,Medicare,Unknown,Normal,Unknown
SYN-DM-01948,89,Male,Asian,Not Hispanic or Latino,Mandarin,Medicaid,Never,Overweight,Unknown
SYN-DM-01949,44,Intersex,Black,Not Hispanic or Latino,Mandarin,Self-pay,Never,Normal,Rural
SYN-DM-01950,41,Intersex,Asian,Unknown,English,Medicare,Former,Underweight,Suburban
SYN-DM-01951,47,Male,Asian,Hispanic or Latino,Other,Medicaid,Never,Obesity,Urban
SYN-DM-01952,22,Female,Other,Not Hispanic or Latino,Spanish,Commercial,Current,Overweight,Suburban
SYN-DM-01953,89,Unknown,Asian,Hispanic or Latino,Spanish,Self-pay,Never,Obesity,Rural
SYN-DM-01954,80,Unknown,Unknown,Not Hispanic or Latino,Spanish,Commercial,Unknown,Underweight,Suburban
SYN-DM-01955,24,Unknown,White,Unknown,Spanish,Commercial,Never,Obesity,Unknown
SYN-DM-01956,41,Unknown,Unknown,Unknown,Spanish,Medicare,Current,Normal,Rural
SYN-DM-01957,83,Female,Black,Hispanic or Latino,Spanish,Commercial,Never,Underweight,Rural
SYN-DM-01958,42,Male,White,Not Hispanic or Latino,Mandarin,Commercial,Former,Normal,Urban
SYN-DM-01959,23,Intersex,Black,Hispanic or Latino,English,Commercial,Never,Obesity,Suburban
SYN-DM-01960,88,Male,Asian,Hispanic or Latino,Mandarin,Medicare,Current,Underweight,Unknown
SYN-DM-01961,75,Unknown,Other,Hispanic or Latino,Other,Commercial,Never,Obesity,Urban
SYN-DM-01962,63,Female,Unknown,Not Hispanic or Latino,English,Commercial,Never,Normal,Urban
SYN-DM-01963,33,Unknown,Other,Unknown,Other,Medicare,Never,Normal,Rural
SYN-DM-01964,63,Male,White,Not Hispanic or Latino,Spanish,Commercial,Former,Obesity,Unknown
SYN-DM-01965,40,Male,Asian,Unknown,Spanish,Medicare,Never,Overweight,Urban
SYN-DM-01966,81,Male,Unknown,Hispanic or Latino,Spanish,Commercial,Former,Underweight,Unknown
SYN-DM-01967,52,Male,Black,Not Hispanic or Latino,Spanish,Medicaid,Never,Overweight,Suburban
SYN-DM-01968,66,Male,White,Hispanic or Latino,English,Commercial,Never,Obesity,Unknown
SYN-DM-01969,88,Intersex,Asian,Not Hispanic or Latino,Mandarin,Medicaid,Never,Obesity,Rural
SYN-DM-01970,64,Male,Unknown,Unknown,Other,Commercial,Former,Obesity,Rural
SYN-DM-01971,48,Unknown,White,Unknown,English,Commercial,Unknown,Normal,Rural
SYN-DM-01972,53,Female,Asian,Unknown,English,Commercial,Former,Underweight,Unknown
SYN-DM-01973,79,Intersex,Black,Hispanic or Latino,Spanish,Commercial,Former,Obesity,Rural
SYN-DM-01974,42,Female,Black,Not Hispanic or Latino,Other,Medicare,Never,Underweight,Rural
SYN-DM-01975,42,Female,Unknown,Hispanic or Latino,Spanish,Commercial,Current,Overweight,Rural
SYN-DM-01976,90,Intersex,Black,Hispanic or Latino,English,Medicare,Never,Overweight,Suburban
SYN-DM-01977,77,Male,Other,Hispanic or Latino,Spanish,Commercial,Never,Overweight,Rural
SYN-DM-01978,52,Female,Unknown,Hispanic or Latino,English,Medicare,Never,Normal,Urban
SYN-DM-01979,52,Unknown,Other,Not Hispanic or Latino,English,Commercial,Never,Obesity,Urban
SYN-DM-01980,62,Male,White,Unknown,Mandarin,Commercial,Former,Normal,Urban
SYN-DM-01981,83,Unknown,Asian,Unknown,Mandarin,Medicare,Current,Normal,Unknown
SYN-DM-01982,68,Unknown,Black,Unknown,Mandarin,Medicaid,Never,Overweight,Unknown
SYN-DM-01983,27,Unknown,Asian,Hispanic or Latino,Other,Commercial,Current,Underweight,Urban
SYN-DM-01984,75,Unknown,Other,Not Hispanic or Latino,Mandarin,Medicare,Unknown,Obesity,Unknown
SYN-DM-01985,63,Intersex,White,Unknown,Spanish,Medicare,Never,Overweight,Suburban
SYN-DM-01986,77,Unknown,White,Unknown,Other,Commercial,Former,Underweight,Unknown
SYN-DM-01987,80,Unknown,Black,Unknown,Other,Medicaid,Current,Obesity,Rural
SYN-DM-01988,82,Intersex,White,Not Hispanic or Latino,Mandarin,Commercial,Never,Obesity,Suburban
SYN-DM-01989,70,Male,Asian,Unknown,English,Medicare,Former,Overweight,Suburban
SYN-DM-01990,23,Female,White,Hispanic or Latino,Mandarin,Medicare,Never,Obesity,Rural
SYN-DM-01991,22,Unknown,Other,Hispanic or Latino,English,Medicare,Never,Obesity,Unknown
SYN-DM-01992,42,Intersex,Black,Hispanic or Latino,English,Commercial,Former,Normal,Suburban
SYN-DM-01993,73,Male,Black,Hispanic or Latino,English,Commercial,Current,Overweight,Rural
SYN-DM-01994,84,Intersex,Unknown,Unknown,Mandarin,Medicare,Unknown,Underweight,Rural
SYN-DM-01995,38,Female,Unknown,Not Hispanic or Latino,Other,Commercial,Current,Obesity,Unknown
SYN-DM-01996,32,Unknown,Other,Not Hispanic or Latino,English,Medicaid,Never,Overweight,Suburban
SYN-DM-01997,38,Intersex,Other,Unknown,Spanish,Medicare,Former,Normal,Suburban
SYN-DM-01998,57,Female,White,Not Hispanic or Latino,Spanish,Commercial,Former,Underweight,Rural
SYN-DM-01999,28,Male,White,Hispanic or Latino,English,Commercial,Current,Underweight,Unknown
SYN-DM-02000,83,Female,Other,Hispanic or Latino,Spanish,Medicare,Former,Underweight,Unknown
SYN-DM-02001,53,Female,Asian,Hispanic or Latino,Spanish,Commercial,Never,Underweight,Urban
SYN-DM-02002,89,Female,Other,Not Hispanic or Latino,Mandarin,Medicare,Current,Underweight,Suburban
SYN-DM-02003,44,Female,Black,Not Hispanic or Latino,Other,Medicare,Former,Overweight,Unknown
SYN-DM-02004,89,Intersex,Black,Unknown,Spanish,Commercial,Never,Underweight,Rural
SYN-DM-02005,34,Female,White,Not Hispanic or Latino,Mandarin,Commercial,Unknown,Normal,Unknown
SYN-DM-02006,63,Female,Black,Not Hispanic or Latino,Spanish,Commercial,Current,Normal,Urban
SYN-DM-02007,58,Male,Other,Hispanic or Latino,Mandarin,Medicare,Never,Underweight,Suburban
SYN-DM-02008,90,Intersex,Other,Unknown,Mandarin,Medicaid,Former,Overweight,Suburban
SYN-DM-02009,58,Female,Asian,Unknown,Other,Medicaid,Never,Obesity,Rural
SYN-DM-02010,59,Unknown,Asian,Not Hispanic or Latino,Other,Medicaid,Current,Overweight,Rural
SYN-DM-02011,29,Female,Unknown,Hispanic or Latino,Mandarin,Medicaid,Former,Obesity,Unknown
SYN-DM-02012,85,Male,White,Unknown,Other,Medicare,Unknown,Underweight,Suburban
SYN-DM-02013,86,Male,Unknown,Not Hispanic or Latino,Mandarin,Self-pay,Unknown,Obesity,Urban
SYN-DM-02014,60,Female,Other,Unknown,Other,Commercial,Current,Overweight,Suburban
SYN-DM-02015,28,Male,Black,Not Hispanic or Latino,Mandarin,Medicare,Unknown,Overweight,Urban
SYN-DM-02016,43,Male,Unknown,Not Hispanic or Latino,Mandarin,Commercial,Current,Underweight,Suburban
SYN-DM-02017,40,Intersex,Other,Unknown,Mandarin,Commercial,Never,Obesity,Unknown
SYN-DM-02018,23,Intersex,White,Hispanic or Latino,Mandarin,Medicare,Former,Overweight,Urban
SYN-DM-02019,56,Male,Black,Not Hispanic or Latino,Other,Commercial,Never,Overweight,Urban
SYN-DM-02020,56,Female,Asian,Unknown,Other,Medicare,Never,Normal,Unknown
SYN-DM-02021,76,Male,Other,Unknown,Other,Commercial,Former,Normal,Suburban
SYN-DM-02022,88,Intersex,Asian,Not Hispanic or Latino,Spanish,Commercial,Never,Normal,Unknown
SYN-DM-02023,27,Male,White,Hispanic or Latino,Other,Commercial,Never,Obesity,Urban
SYN-DM-02024,89,Female,Black,Hispanic or Latino,English,Medicare,Never,Underweight,Suburban
SYN-DM-02025,51,Male,Black,Not Hispanic or Latino,Spanish,Commercial,Never,Obesity,Urban
SYN-DM-02026,39,Female,Other,Not Hispanic or Latino,Spanish,Medicare,Current,Underweight,Suburban
SYN-DM-02027,75,Female,Other,Unknown,Mandarin,Self-pay,Never,Overweight,Suburban
SYN-DM-02028,53,Intersex,Other,Hispanic or Latino,English,Commercial,Former,Overweight,Suburban
SYN-DM-02029,78,Male,Unknown,Not Hispanic or Latino,English,Commercial,Never,Underweight,Suburban
SYN-DM-02030,74,Intersex,White,Unknown,Other,Medicaid,Current,Underweight,Rural
SYN-DM-02031,38,Male,White,Hispanic or Latino,Other,Medicare,Never,Underweight,Suburban
SYN-DM-02032,32,Unknown,Other,Not Hispanic or Latino,English,Commercial,Never,Overweight,Rural
SYN-DM-02033,73,Female,Unknown,Hispanic or Latino,English,Medicare,Current,Obesity,Urban
SYN-DM-02034,39,Female,Asian,Unknown,Mandarin,Medicaid,Current,Normal,Unknown
SYN-DM-02035,53,Male,Black,Hispanic or Latino,English,Self-pay,Former,Overweight,Unknown
SYN-DM-02036,83,Female,White,Hispanic or Latino,English,Medicaid,Never,Obesity,Suburban
SYN-DM-02037,43,Unknown,Black,Not Hispanic or Latino,Spanish,Commercial,Former,Obesity,Rural
SYN-DM-02038,52,Unknown,Black,Not Hispanic or Latino,English,Self-pay,Former,Underweight,Rural
SYN-DM-02039,29,Female,Unknown,Unknown,English,Medicare,Former,Normal,Suburban
SYN-DM-02040,48,Female,Unknown,Unknown,Mandarin,Commercial,Never,Overweight,Rural
SYN-DM-02041,89,Unknown,Asian,Unknown,English,Commercial,Never,Overweight,Rural
SYN-DM-02042,47,Male,Asian,Hispanic or Latino,Spanish,Commercial,Current,Obesity,Urban
SYN-DM-02043,22,Unknown,Asian,Unknown,Mandarin,Commercial,Never,Normal,Suburban
SYN-DM-02044,24,Intersex,Asian,Hispanic or Latino,Spanish,Commercial,Never,Normal,Unknown
SYN-DM-02045,27,Intersex,Black,Unknown,English,Medicare,Current,Obesity,Rural
SYN-DM-02046,76,Female,Asian,Unknown,Mandarin,Medicare,Former,Underweight,Unknown
SYN-DM-02047,22,Unknown,White,Unknown,Mandarin,Medicare,Never,Underweight,Rural
SYN-DM-02048,48,Unknown,Asian,Hispanic or Latino,Spanish,Commercial,Never,Overweight,Unknown
SYN-DM-02049,89,Unknown,Other,Hispanic or Latino,Mandarin,Commercial,Current,Normal,Urban
SYN-DM-02050,85,Female,Asian,Hispanic or Latino,Mandarin,Commercial,Never,Normal,Unknown
SYN-DM-02051,21,Intersex,Black,Hispanic or Latino,Spanish,Commercial,Never,Overweight,Suburban
SYN-DM-02052,24,Intersex,Unknown,Not Hispanic or Latino,Mandarin,Commercial,Former,Underweight,Unknown
SYN-DM-02053,70,Unknown,Asian,Hispanic or Latino,Spanish,Commercial,Current,Normal,Urban
SYN-DM-02054,89,Unknown,Other,Hispanic or Latino,Spanish,Commercial,Never,Normal,Rural
SYN-DM-02055,35,Intersex,Asian,Hispanic or Latino,Other,Commercial,Never,Obesity,Urban
SYN-DM-02056,48,Female,Other,Hispanic or Latino,Spanish,Medicare,Never,Normal,Suburban
SYN-DM-02057,77,Unknown,Unknown,Unknown,Spanish,Medicare,Former,Overweight,Rural
SYN-DM-02058,28,Female,Unknown,Hispanic or Latino,English,Commercial,Never,Obesity,Unknown
SYN-DM-02059,71,Female,White,Unknown,English,Medicaid,Former,Obesity,Urban
SYN-DM-02060,46,Intersex,Black,Unknown,English,Medicaid,Never,Obesity,Urban
SYN-DM-02061,51,Intersex,Unknown,Hispanic or Latino,Mandarin,Medicaid,Unknown,Obesity,Urban
SYN-DM-02062,49,Female,Unknown,Unknown,English,Medicare,Never,Underweight,Rural
SYN-DM-02063,62,Unknown,Black,Hispanic or Latino,Other,Medicare,Current,Obesity,Rural
SYN-DM-02064,67,Male,Unknown,Not Hispanic or Latino,Other,Medicaid,Former,Normal,Rural
SYN-DM-02065,64,Intersex,Black,Unknown,English,Medicaid,Never,Underweight,Unknown
SYN-DM-02066,90,Unknown,Other,Hispanic or Latino,English,Medicare,Unknown,Obesity,Unknown
SYN-DM-02067,49,Male,Black,Hispanic or Latino,Other,Commercial,Never,Underweight,Unknown
SYN-DM-02068,77,Male,Black,Unknown,Other,Self-pay,Former,Normal,Unknown
SYN-DM-02069,44,Female,Black,Unknown,Spanish,Self-pay,Never,Obesity,Urban
SYN-DM-02070,73,Male,Other,Not Hispanic or Latino,Mandarin,Medicare,Current,Normal,Unknown
SYN-DM-02071,31,Male,White,Unknown,Spanish,Commercial,Never,Overweight,Rural
SYN-DM-02072,28,Female,Unknown,Hispanic or Latino,Mandarin,Commercial,Never,Underweight,Unknown
SYN-DM-02073,53,Unknown,White,Hispanic or Latino,English,Commercial,Never,Normal,Urban
SYN-DM-02074,53,Female,Asian,Hispanic or Latino,Mandarin,Commercial,Never,Normal,Rural
SYN-DM-02075,75,Intersex,Unknown,Not Hispanic or Latino,Other,Commercial,Former,Underweight,Unknown
SYN-DM-02076,61,Unknown,Black,Unknown,Other,Medicare,Never,Normal,Urban
SYN-DM-02077,48,Male,Black,Hispanic or Latino,Spanish,Commercial,Never,Obesity,Rural
SYN-DM-02078,34,Female,Black,Not Hispanic or Latino,English,Medicare,Never,Obesity,Urban
SYN-DM-02079,30,Male,Unknown,Not Hispanic or Latino,Mandarin,Commercial,Never,Overweight,Unknown
SYN-DM-02080,65,Intersex,Unknown,Unknown,Mandarin,Commercial,Never,Normal,Rural
SYN-DM-02081,26,Intersex,Black,Hispanic or Latino,Mandarin,Medicaid,Never,Obesity,Rural
SYN-DM-02082,30,Unknown,Asian,Not Hispanic or Latino,Other,Commercial,Never,Overweight,Rural
SYN-DM-02083,48,Female,Unknown,Not Hispanic or Latino,Mandarin,Commercial,Never,Obesity,Urban
SYN-DM-02084,48,Female,White,Not Hispanic or Latino,Other,Commercial,Former,Overweight,Rural
SYN-DM-02085,79,Intersex,Asian,Hispanic or Latino,Mandarin,Self-pay,Current,Normal,Urban
SYN-DM-02086,38,Intersex,White,Unknown,Other,Commercial,Former,Obesity,Urban
SYN-DM-02087,46,Intersex,Asian,Hispanic or Latino,Spanish,Commercial,Current,Overweight,Unknown
SYN-DM-02088,31,Male,Unknown,Hispanic or Latino,English,Medicare,Unknown,Normal,Urban
SYN-DM-02089,26,Female,Asian,Hispanic or Latino,Mandarin,Medicare,Current,Normal,Unknown
SYN-DM-02090,36,Female,Black,Hispanic or Latino,Spanish,Commercial,Never,Overweight,Unknown
SYN-DM-02091,61,Male,Unknown,Not Hispanic or Latino,Mandarin,Commercial,Unknown,Underweight,Suburban
SYN-DM-02092,48,Unknown,Black,Not Hispanic or Latino,English,Medicare,Current,Normal,Unknown
SYN-DM-02093,59,Unknown,Asian,Hispanic or Latino,Mandarin,Commercial,Never,Obesity,Urban
SYN-DM-02094,87,Male,White,Unknown,Mandarin,Commercial,Never,Underweight,Rural
SYN-DM-02095,43,Female,Black,Unknown,Spanish,Medicare,Former,Obesity,Suburban
SYN-DM-02096,85,Intersex,Unknown,Not Hispanic or Latino,English,Medicare,Former,Underweight,Urban
SYN-DM-02097,39,Intersex,Unknown,Not Hispanic or Latino,Mandarin,Medicare,Never,Underweight,Unknown
SYN-DM-02098,50,Unknown,Other,Not Hispanic or Latino,Mandarin,Medicare,Never,Normal,Suburban
SYN-DM-02099,62,Intersex,Other,Unknown,Other,Commercial,Former,Overweight,Urban
SYN-DM-02100,24,Female,Black,Not Hispanic or Latino,Spanish,Commercial,Former,Overweight,Rural
SYN-DM-02101,41,Female,Black,Hispanic or Latino,Other,Commercial,Former,Underweight,Unknown
SYN-DM-02102,31,Male,White,Hispanic or Latino,Mandarin,Commercial,Former,Overweight,Unknown
SYN-DM-02103,32,Male,Other,Hispanic or Latino,Other,Self-pay,Never,Obesity,Unknown
SYN-DM-02104,46,Intersex,Other,Unknown,Other,Medicare,Never,Obesity,Suburban
SYN-DM-02105,44,Intersex,Other,Unknown,Other,Commercial,Never,Overweight,Urban
SYN-DM-02106,61,Intersex,White,Not Hispanic or Latino,Mandarin,Commercial,Former,Obesity,Unknown
SYN-DM-02107,68,Female,Unknown,Hispanic or Latino,Other,Medicare,Former,Obesity,Unknown
SYN-DM-02108,36,Female,Black,Not Hispanic or Latino,Other,Medicare,Never,Overweight,Suburban
SYN-DM-02109,64,Male,Black,Not Hispanic or Latino,Mandarin,Medicare,Former,Obesity,Rural
SYN-DM-02110,65,Female,Asian,Hispanic or Latino,Spanish,Commercial,Never,Underweight,Rural
SYN-DM-02111,80,Female,Other,Not Hispanic or Latino,Spanish,Commercial,Never,Normal,Suburban
SYN-DM-02112,86,Male,Black,Not Hispanic or Latino,English,Medicaid,Never,Obesity,Unknown
SYN-DM-02113,64,Unknown,White,Not Hispanic or Latino,English,Commercial,Never,Underweight,Rural
SYN-DM-02114,72,Unknown,Asian,Unknown,English,Medicare,Former,Underweight,Suburban
SYN-DM-02115,50,Female,Black,Hispanic or Latino,Spanish,Commercial,Never,Overweight,Rural
SYN-DM-02116,90,Male,Other,Hispanic or Latino,Spanish,Commercial,Former,Overweight,Suburban
SYN-DM-02117,46,Female,White,Hispanic or Latino,Mandarin,Commercial,Unknown,Underweight,Unknown
SYN-DM-02118,71,Female,Black,Not Hispanic or Latino,English,Commercial,Former,Overweight,Suburban
SYN-DM-02119,66,Intersex,Unknown,Unknown,Other,Medicaid,Former,Obesity,Suburban
SYN-DM-02120,37,Unknown,Asian,Unknown,English,Medicaid,Never,Underweight,Suburban
SYN-DM-02121,68,Male,Other,Unknown,Mandarin,Commercial,Never,Underweight,Rural
SYN-DM-02122,51,Intersex,Other,Not Hispanic or Latino,Mandarin,Medicare,Never,Obesity,Urban
SYN-DM-02123,72,Unknown,Unknown,Not Hispanic or Latino,Spanish,Commercial,Unknown,Underweight,Rural
SYN-DM-02124,36,Intersex,Unknown,Unknown,English,Commercial,Never,Underweight,Urban
SYN-DM-02125,73,Male,White,Unknown,English,Medicaid,Never,Overweight,Urban
SYN-DM-02126,39,Intersex,Black,Hispanic or Latino,Spanish,Medicare,Current,Obesity,Unknown
SYN-DM-02127,77,Female,Black,Unknown,English,Medicaid,Never,Obesity,Rural
SYN-DM-02128,79,Unknown,Unknown,Hispanic or Latino,English,Medicare,Never,Underweight,Unknown
SYN-DM-02129,36,Male,Asian,Hispanic or Latino,Spanish,Medicare,Current,Overweight,Urban
SYN-DM-02130,31,Intersex,Black,Not Hispanic or Latino,Other,Medicare,Unknown,Underweight,Suburban
SYN-DM-02131,85,Female,Other,Not Hispanic or Latino,English,Commercial,Former,Normal,Suburban
SYN-DM-02132,64,Male,Black,Hispanic or Latino,English,Medicare,Never,Obesity,Unknown
SYN-DM-02133,44,Unknown,Other,Hispanic or Latino,Mandarin,Medicare,Never,Normal,Urban
SYN-DM-02134,23,Male,White,Hispanic or Latino,Spanish,Medicare,Never,Obesity,Unknown
SYN-DM-02135,42,Intersex,White,Not Hispanic or Latino,Other,Commercial,Never,Obesity,Rural
SYN-DM-02136,82,Intersex,Other,Hispanic or Latino,Other,Commercial,Former,Overweight,Unknown
SYN-DM-02137,64,Female,Asian,Not Hispanic or Latino,English,Medicare,Former,Normal,Rural
SYN-DM-02138,72,Male,Black,Unknown,Other,Medicare,Current,Obesity,Suburban
SYN-DM-02139,42,Intersex,Unknown,Hispanic or Latino,Spanish,Commercial,Unknown,Obesity,Unknown
SYN-DM-02140,90,Unknown,Asian,Unknown,Other,Self-pay,Never,Normal,Rural
SYN-DM-02141,61,Unknown,White,Unknown,Other,Commercial,Never,Obesity,Unknown
SYN-DM-02142,58,Intersex,Other,Not Hispanic or Latino,Mandarin,Medicare,Never,Underweight,Unknown
SYN-DM-02143,28,Female,White,Unknown,English,Medicare,Current,Obesity,Urban
SYN-DM-02144,38,Intersex,Unknown,Unknown,English,Commercial,Former,Overweight,Rural
SYN-DM-02145,21,Female,Unknown,Not Hispanic or Latino,Other,Commercial,Former,Normal,Rural
SYN-DM-02146,31,Female,Unknown,Unknown,Spanish,Commercial,Current,Overweight,Urban
SYN-DM-02147,29,Intersex,Asian,Hispanic or Latino,Other,Medicare,Never,Normal,Rural
SYN-DM-02148,86,Intersex,White,Unknown,Mandarin,Commercial,Never,Overweight,Unknown
SYN-DM-02149,49,Intersex,Asian,Not Hispanic or Latino,Spanish,Medicare,Current,Overweight,Unknown
SYN-DM-02150,54,Intersex,Asian,Not Hispanic or Latino,Spanish,Commercial,Unknown,Overweight,Suburban
SYN-DM-02151,66,Male,Asian,Hispanic or Latino,English,Medicare,Former,Overweight,Urban
SYN-DM-02152,30,Unknown,Asian,Hispanic or Latino,Spanish,Commercial,Never,Normal,Rural
SYN-DM-02153,30,Unknown,Black,Unknown,Spanish,Medicare,Never,Normal,Unknown
SYN-DM-02154,82,Female,Other,Not Hispanic or Latino,Other,Commercial,Unknown,Obesity,Urban
SYN-DM-02155,49,Male,Unknown,Hispanic or Latino,Mandarin,Medicare,Never,Obesity,Suburban
SYN-DM-02156,58,Male,White,Hispanic or Latino,Mandarin,Medicare,Never,Obesity,Urban
SYN-DM-02157,48,Intersex,Other,Unknown,Other,Medicare,Former,Obesity,Rural
SYN-DM-02158,89,Intersex,Asian,Not Hispanic or Latino,Spanish,Medicare,Current,Obesity,Suburban
SYN-DM-02159,35,Female,White,Not Hispanic or Latino,Other,Commercial,Never,Obesity,Unknown
SYN-DM-02160,44,Male,Black,Unknown,English,Commercial,Never,Obesity,Unknown
SYN-DM-02161,89,Unknown,Unknown,Unknown,English,Medicare,Former,Normal,Urban
SYN-DM-02162,90,Unknown,Unknown,Hispanic or Latino,Other,Commercial,Former,Overweight,Urban
SYN-DM-02163,85,Female,Unknown,Hispanic or Latino,Mandarin,Medicare,Never,Obesity,Unknown
SYN-DM-02164,51,Female,Unknown,Not Hispanic or Latino,Other,Medicaid,Current,Underweight,Unknown
SYN-DM-02165,68,Unknown,Black,Not Hispanic or Latino,Mandarin,Medicare,Former,Normal,Urban
SYN-DM-02166,83,Unknown,Asian,Unknown,Other,Medicare,Former,Underweight,Unknown
SYN-DM-02167,24,Female,White,Unknown,Spanish,Medicare,Never,Underweight,Suburban
SYN-DM-02168,78,Intersex,Black,Hispanic or Latino,English,Medicare,Never,Normal,Unknown
SYN-DM-02169,38,Intersex,White,Hispanic or Latino,Spanish,Commercial,Current,Overweight,Unknown
SYN-DM-02170,70,Unknown,White,Unknown,Mandarin,Medicare,Never,Obesity,Suburban
SYN-DM-02171,41,Intersex,Other,Hispanic or Latino,Spanish,Commercial,Never,Underweight,Rural
SYN-DM-02172,51,Unknown,Unknown,Hispanic or Latino,Spanish,Medicare,Former,Overweight,Suburban
SYN-DM-02173,35,Unknown,Unknown,Hispanic or Latino,Spanish,Self-pay,Never,Underweight,Unknown
SYN-DM-02174,40,Unknown,Other,Not Hispanic or Latino,Mandarin,Commercial,Never,Overweight,Suburban
SYN-DM-02175,53,Male,Black,Unknown,Spanish,Commercial,Former,Normal,Rural
SYN-DM-02176,40,Female,Black,Hispanic or Latino,English,Medicare,Former,Overweight,Suburban
SYN-DM-02177,90,Female,Black,Hispanic or Latino,Mandarin,Commercial,Never,Normal,Urban
SYN-DM-02178,81,Male,Other,Not Hispanic or Latino,Other,Commercial,Unknown,Normal,Urban
SYN-DM-02179,71,Unknown,White,Hispanic or Latino,Spanish,Medicare,Former,Normal,Urban
SYN-DM-02180,72,Male,Black,Unknown,English,Medicaid,Former,Obesity,Unknown
SYN-DM-02181,34,Male,Unknown,Unknown,Mandarin,Medicare,Never,Underweight,Unknown
SYN-DM-02182,52,Unknown,White,Unknown,Spanish,Commercial,Former,Normal,Rural
SYN-DM-02183,51,Male,Asian,Hispanic or Latino,English,Commercial,Current,Overweight,Suburban
SYN-DM-02184,55,Unknown,White,Unknown,English,Medicare,Former,Overweight,Unknown
SYN-DM-02185,47,Female,Asian,Hispanic or Latino,Spanish,Commercial,Never,Overweight,Suburban
SYN-DM-02186,41,Intersex,Black,Hispanic or Latino,Spanish,Self-pay,Current,Obesity,Rural
SYN-DM-02187,65,Male,White,Not Hispanic or Latino,Other,Commercial,Former,Underweight,Urban
SYN-DM-02188,68,Intersex,Other,Hispanic or Latino,Mandarin,Medicare,Never,Normal,Suburban
SYN-DM-02189,30,Intersex,Asian,Hispanic or Latino,Mandarin,Medicare,Never,Obesity,Suburban
SYN-DM-02190,86,Male,Unknown,Unknown,Other,Medicare,Never,Overweight,Rural
SYN-DM-02191,68,Intersex,Asian,Hispanic or Latino,Other,Medicaid,Never,Normal,Urban
SYN-DM-02192,69,Male,Black,Hispanic or Latino,Spanish,Commercial,Former,Underweight,Urban
SYN-DM-02193,78,Female,Black,Hispanic or Latino,Spanish,Commercial,Never,Underweight,Unknown
SYN-DM-02194,55,Female,Black,Not Hispanic or Latino,Mandarin,Medicare,Never,Normal,Suburban
SYN-DM-02195,82,Male,White,Hispanic or Latino,Other,Commercial,Never,Normal,Suburban
SYN-DM-02196,69,Male,Black,Not Hispanic or Latino,Mandarin,Medicaid,Never,Obesity,Urban
SYN-DM-02197,25,Unknown,Black,Not Hispanic or Latino,English,Medicare,Never,Normal,Urban
SYN-DM-02198,65,Intersex,Black,Not Hispanic or Latino,Mandarin,Commercial,Never,Obesity,Unknown
SYN-DM-02199,28,Unknown,Other,Hispanic or Latino,English,Medicaid,Never,Underweight,Unknown
SYN-DM-02200,43,Female,Unknown,Unknown,Other,Self-pay,Never,Underweight,Unknown
SYN-DM-02201,78,Intersex,Asian,Unknown,Other,Medicaid,Current,Underweight,Urban
SYN-DM-02202,21,Intersex,Unknown,Unknown,Mandarin,Commercial,Never,Normal,Urban
SYN-DM-02203,30,Unknown,Asian,Not Hispanic or Latino,Spanish,Medicare,Never,Overweight,Suburban
SYN-DM-02204,27,Intersex,Asian,Hispanic or Latino,Spanish,Commercial,Former,Normal,Suburban
SYN-DM-02205,43,Male,Asian,Unknown,Spanish,Commercial,Unknown,Overweight,Unknown
SYN-DM-02206,81,Male,Other,Not Hispanic or Latino,Other,Medicare,Current,Normal,Unknown
SYN-DM-02207,77,Intersex,Unknown,Unknown,Spanish,Commercial,Never,Overweight,Rural
SYN-DM-02208,60,Female,White,Unknown,English,Commercial,Unknown,Underweight,Urban
SYN-DM-02209,79,Male,Black,Not Hispanic or Latino,Mandarin,Commercial,Current,Obesity,Urban
SYN-DM-02210,78,Female,Black,Hispanic or Latino,Spanish,Medicare,Never,Normal,Urban
SYN-DM-02211,56,Unknown,Asian,Not Hispanic or Latino,Spanish,Medicare,Current,Overweight,Rural
SYN-DM-02212,61,Male,White,Not Hispanic or Latino,Spanish,Commercial,Never,Underweight,Urban
SYN-DM-02213,85,Female,Unknown,Hispanic or Latino,Other,Commercial,Former,Obesity,Urban
SYN-DM-02214,49,Unknown,Other,Unknown,Spanish,Commercial,Never,Underweight,Suburban
SYN-DM-02215,77,Intersex,Other,Hispanic or Latino,Spanish,Self-pay,Never,Underweight,Rural
SYN-DM-02216,30,Male,Asian,Unknown,Other,Medicare,Former,Underweight,Suburban
SYN-DM-02217,44,Male,Asian,Hispanic or Latino,Spanish,Medicare,Never,Obesity,Unknown
SYN-DM-02218,88,Female,Black,Unknown,Mandarin,Medicaid,Never,Obesity,Rural
SYN-DM-02219,65,Unknown,White,Not Hispanic or Latino,English,Commercial,Current,Underweight,Rural
SYN-DM-02220,78,Female,White,Unknown,English,Medicaid,Never,Obesity,Unknown
SYN-DM-02221,82,Female,White,Unknown,Spanish,Commercial,Never,Obesity,Rural
SYN-DM-02222,60,Intersex,Black,Hispanic or Latino,Mandarin,Self-pay,Former,Obesity,Rural
SYN-DM-02223,62,Male,White,Not Hispanic or Latino,Spanish,Commercial,Never,Obesity,Suburban
SYN-DM-02224,71,Female,Asian,Hispanic or Latino,English,Medicare,Never,Overweight,Unknown
SYN-DM-02225,68,Unknown,Black,Unknown,English,Medicare,Never,Obesity,Rural
SYN-DM-02226,85,Female,Black,Not Hispanic or Latino,Other,Medicaid,Never,Normal,Unknown
SYN-DM-02227,71,Male,Asian,Not Hispanic or Latino,English,Medicare,Never,Underweight,Urban
SYN-DM-02228,58,Female,Unknown,Not Hispanic or Latino,Spanish,Commercial,Current,Overweight,Urban
SYN-DM-02229,44,Male,Asian,Not Hispanic or Latino,Spanish,Medicare,Former,Overweight,Rural
SYN-DM-02230,86,Male,Other,Unknown,Spanish,Commercial,Former,Underweight,Suburban
SYN-DM-02231,50,Male,Asian,Unknown,English,Commercial,Former,Overweight,Rural
SYN-DM-02232,64,Unknown,Black,Hispanic or Latino,English,Commercial,Never,Overweight,Suburban
SYN-DM-02233,48,Female,Black,Not Hispanic or Latino,Other,Medicaid,Unknown,Normal,Suburban
SYN-DM-02234,79,Male,Other,Unknown,Spanish,Commercial,Never,Obesity,Urban
SYN-DM-02235,67,Female,Other,Not Hispanic or Latino,Spanish,Commercial,Former,Overweight,Unknown
SYN-DM-02236,69,Intersex,Asian,Unknown,Mandarin,Commercial,Current,Underweight,Suburban
SYN-DM-02237,35,Intersex,White,Hispanic or Latino,Other,Medicaid,Unknown,Normal,Suburban
SYN-DM-02238,67,Intersex,Asian,Unknown,English,Commercial,Never,Underweight,Rural
SYN-DM-02239,28,Intersex,Other,Not Hispanic or Latino,Mandarin,Medicare,Never,Overweight,Rural
SYN-DM-02240,73,Female,Asian,Unknown,Spanish,Medicaid,Former,Overweight,Unknown
SYN-DM-02241,52,Unknown,Unknown,Unknown,Mandarin,Commercial,Never,Normal,Unknown
SYN-DM-02242,87,Unknown,Black,Unknown,Spanish,Medicare,Never,Normal,Urban
SYN-DM-02243,56,Intersex,Unknown,Hispanic or Latino,English,Medicare,Never,Normal,Suburban
SYN-DM-02244,83,Unknown,Unknown,Not Hispanic or Latino,Other,Medicare,Former,Normal,Unknown
SYN-DM-02245,88,Male,Asian,Hispanic or Latino,Mandarin,Medicare,Current,Overweight,Rural
SYN-DM-02246,81,Female,Asian,Not Hispanic or Latino,Other,Commercial,Former,Overweight,Suburban
SYN-DM-02247,90,Unknown,White,Hispanic or Latino,Other,Commercial,Never,Obesity,Unknown
SYN-DM-02248,75,Unknown,Unknown,Unknown,English,Medicare,Former,Underweight,Urban
SYN-DM-02249,44,Unknown,Other,Unknown,Other,Commercial,Current,Overweight,Rural
SYN-DM-02250,47,Unknown,Asian,Hispanic or Latino,English,Medicare,Never,Normal,Unknown
SYN-DM-02251,21,Intersex,Other,Hispanic or Latino,Mandarin,Self-pay,Unknown,Overweight,Suburban
SYN-DM-02252,67,Male,Unknown,Hispanic or Latino,Mandarin,Medicaid,Former,Obesity,Urban
SYN-DM-02253,80,Male,Asian,Hispanic or Latino,English,Medicare,Never,Overweight,Suburban
SYN-DM-02254,70,Female,Other,Unknown,English,Commercial,Never,Underweight,Urban
SYN-DM-02255,21,Female,Other,Hispanic or Latino,Other,Medicare,Current,Overweight,Urban
SYN-DM-02256,45,Unknown,White,Hispanic or Latino,Spanish,Medicare,Former,Underweight,Unknown
SYN-DM-02257,34,Unknown,White,Unknown,Other,Self-pay,Former,Normal,Unknown
SYN-DM-02258,77,Female,Unknown,Unknown,Spanish,Commercial,Never,Obesity,Suburban
SYN-DM-02259,52,Intersex,Unknown,Not Hispanic or Latino,Mandarin,Commercial,Never,Obesity,Urban
SYN-DM-02260,38,Unknown,Unknown,Hispanic or Latino,English,Commercial,Former,Normal,Unknown
SYN-DM-02261,62,Intersex,White,Unknown,Spanish,Medicaid,Never,Overweight,Rural
SYN-DM-02262,77,Intersex,White,Unknown,Spanish,Commercial,Current,Overweight,Unknown
SYN-DM-02263,59,Intersex,Asian,Not Hispanic or Latino,Other,Medicaid,Former,Underweight,Rural
SYN-DM-02264,64,Female,Unknown,Hispanic or Latino,Other,Medicaid,Unknown,Obesity,Unknown
SYN-DM-02265,49,Unknown,Unknown,Hispanic or Latino,Spanish,Medicaid,Former,Underweight,Unknown
SYN-DM-02266,23,Intersex,Other,Unknown,English,Medicare,Former,Obesity,Rural
SYN-DM-02267,55,Unknown,Black,Not Hispanic or Latino,English,Medicaid,Former,Overweight,Urban
SYN-DM-02268,75,Female,White,Unknown,Other,Medicaid,Former,Normal,Rural
SYN-DM-02269,80,Intersex,Asian,Not Hispanic or Latino,Mandarin,Medicare,Never,Underweight,Unknown
SYN-DM-02270,25,Unknown,Unknown,Hispanic or Latino,English,Medicaid,Never,Normal,Unknown
SYN-DM-02271,49,Unknown,Black,Not Hispanic or Latino,Spanish,Commercial,Never,Underweight,Rural
SYN-DM-02272,30,Male,Asian,Not Hispanic or Latino,English,Self-pay,Never,Obesity,Suburban
SYN-DM-02273,44,Unknown,Other,Hispanic or Latino,Mandarin,Commercial,Never,Overweight,Suburban
SYN-DM-02274,77,Unknown,Black,Unknown,Mandarin,Commercial,Never,Normal,Suburban
SYN-DM-02275,89,Female,Unknown,Hispanic or Latino,Mandarin,Medicare,Never,Normal,Rural
SYN-DM-02276,70,Intersex,Unknown,Hispanic or Latino,Other,Medicaid,Former,Obesity,Suburban
SYN-DM-02277,41,Intersex,Other,Unknown,Spanish,Medicare,Unknown,Underweight,Unknown
SYN-DM-02278,38,Male,Asian,Not Hispanic or Latino,Mandarin,Commercial,Former,Obesity,Suburban
SYN-DM-02279,84,Unknown,White,Not Hispanic or Latino,Other,Commercial,Never,Normal,Rural
SYN-DM-02280,65,Male,Unknown,Not Hispanic or Latino,Other,Commercial,Former,Underweight,Unknown
SYN-DM-02281,46,Male,Asian,Unknown,Mandarin,Commercial,Never,Underweight,Suburban
SYN-DM-02282,45,Male,Unknown,Not Hispanic or Latino,Spanish,Medicare,Former,Overweight,Rural
SYN-DM-02283,44,Intersex,Asian,Hispanic or Latino,Other,Commercial,Former,Overweight,Urban
SYN-DM-02284,53,Female,Other,Hispanic or Latino,English,Medicaid,Former,Normal,Rural
SYN-DM-02285,31,Male,Black,Not Hispanic or Latino,Spanish,Commercial,Never,Obesity,Rural
SYN-DM-02286,78,Male,Asian,Hispanic or Latino,Other,Self-pay,Never,Obesity,Urban
SYN-DM-02287,49,Male,Unknown,Hispanic or Latino,Mandarin,Commercial,Unknown,Underweight,Rural
SYN-DM-02288,50,Female,Unknown,Hispanic or Latino,Mandarin,Commercial,Former,Obesity,Urban
SYN-DM-02289,22,Unknown,Asian,Hispanic or Latino,English,Commercial,Unknown,Overweight,Unknown
SYN-DM-02290,84,Male,Asian,Not Hispanic or Latino,Spanish,Self-pay,Former,Obesity,Unknown
SYN-DM-02291,57,Intersex,Asian,Unknown,English,Commercial,Current,Obesity,Suburban
SYN-DM-02292,29,Female,Other,Hispanic or Latino,Other,Commercial,Never,Obesity,Suburban
SYN-DM-02293,28,Male,White,Not Hispanic or Latino,English,Commercial,Never,Overweight,Unknown
SYN-DM-02294,59,Unknown,Unknown,Unknown,Spanish,Commercial,Never,Underweight,Rural
SYN-DM-02295,24,Female,Black,Not Hispanic or Latino,English,Commercial,Never,Overweight,Unknown
SYN-DM-02296,71,Female,Black,Unknown,Other,Commercial,Never,Normal,Urban
SYN-DM-02297,89,Female,Asian,Hispanic or Latino,Mandarin,Medicare,Never,Underweight,Suburban
SYN-DM-02298,49,Unknown,Unknown,Unknown,Mandarin,Commercial,Former,Underweight,Urban
SYN-DM-02299,46,Male,Black,Hispanic or Latino,Other,Medicare,Never,Obesity,Suburban
SYN-DM-02300,32,Male,Black,Not Hispanic or Latino,Other,Medicare,Never,Overweight,Rural
SYN-DM-02301,70,Male,White,Hispanic or Latino,Mandarin,Medicare,Former,Obesity,Rural
SYN-DM-02302,59,Unknown,Unknown,Hispanic or Latino,Mandarin,Commercial,Former,Normal,Suburban
SYN-DM-02303,55,Intersex,White,Hispanic or Latino,Mandarin,Medicaid,Unknown,Overweight,Urban
SYN-DM-02304,48,Male,Asian,Not Hispanic or Latino,Mandarin,Commercial,Never,Overweight,Suburban
SYN-DM-02305,89,Female,Other,Unknown,Mandarin,Self-pay,Never,Overweight,Suburban
SYN-DM-02306,32,Intersex,Unknown,Unknown,English,Medicaid,Current,Normal,Unknown
SYN-DM-02307,34,Unknown,Black,Not Hispanic or Latino,Spanish,Commercial,Former,Underweight,Rural
SYN-DM-02308,64,Male,White,Not Hispanic or Latino,Mandarin,Medicare,Never,Normal,Urban
SYN-DM-02309,48,Intersex,Other,Unknown,English,Medicaid,Never,Underweight,Urban
SYN-DM-02310,38,Intersex,Asian,Hispanic or Latino,Spanish,Medicare,Current,Underweight,Suburban
SYN-DM-02311,75,Intersex,Other,Not Hispanic or Latino,Other,Medicaid,Former,Normal,Urban
SYN-DM-02312,86,Female,Black,Unknown,Mandarin,Medicare,Former,Overweight,Urban
SYN-DM-02313,60,Intersex,Unknown,Not Hispanic or Latino,Spanish,Commercial,Former,Obesity,Unknown
SYN-DM-02314,24,Unknown,Other,Hispanic or Latino,English,Commercial,Never,Overweight,Urban
SYN-DM-02315,88,Unknown,White,Hispanic or Latino,Mandarin,Medicare,Current,Obesity,Suburban
SYN-DM-02316,65,Intersex,White,Not Hispanic or Latino,Other,Commercial,Former,Overweight,Rural
SYN-DM-02317,89,Female,Black,Unknown,Other,Medicare,Former,Obesity,Unknown
SYN-DM-02318,89,Intersex,Asian,Hispanic or Latino,English,Medicare,Never,Overweight,Urban
SYN-DM-02319,26,Male,Other,Hispanic or Latino,Mandarin,Medicaid,Former,Normal,Suburban
SYN-DM-02320,80,Intersex,Other,Not Hispanic or Latino,English,Medicare,Former,Normal,Unknown
SYN-DM-02321,22,Unknown,Asian,Not Hispanic or Latino,Other,Medicare,Current,Overweight,Urban
SYN-DM-02322,64,Male,White,Hispanic or Latino,English,Commercial,Never,Normal,Suburban
SYN-DM-02323,86,Female,White,Unknown,Other,Commercial,Never,Normal,Urban
SYN-DM-02324,52,Male,White,Not Hispanic or Latino,Mandarin,Commercial,Current,Normal,Urban
SYN-DM-02325,51,Male,Other,Unknown,Mandarin,Commercial,Never,Overweight,Unknown
SYN-DM-02326,64,Unknown,Black,Not Hispanic or Latino,Spanish,Medicaid,Former,Normal,Suburban
SYN-DM-02327,33,Male,White,Unknown,Other,Medicare,Never,Normal,Rural
SYN-DM-02328,44,Male,Black,Hispanic or Latino,Mandarin,Medicare,Current,Overweight,Urban
SYN-DM-02329,86,Female,Unknown,Not Hispanic or Latino,English,Commercial,Former,Underweight,Unknown
SYN-DM-02330,78,Unknown,Other,Hispanic or Latino,English,Commercial,Never,Normal,Rural
SYN-DM-02331,31,Male,Unknown,Unknown,Other,Commercial,Never,Overweight,Suburban
SYN-DM-02332,32,Unknown,Other,Not Hispanic or Latino,English,Self-pay,Former,Underweight,Suburban
SYN-DM-02333,57,Female,Other,Not Hispanic or Latino,Spanish,Medicare,Never,Overweight,Urban
SYN-DM-02334,90,Male,White,Not Hispanic or Latino,Mandarin,Commercial,Never,Underweight,Rural
SYN-DM-02335,44,Unknown,Black,Hispanic or Latino,Spanish,Medicare,Never,Overweight,Urban
SYN-DM-02336,31,Intersex,Other,Unknown,Spanish,Commercial,Former,Overweight,Urban
SYN-DM-02337,75,Female,Other,Hispanic or Latino,English,Commercial,Never,Overweight,Unknown
SYN-DM-02338,88,Male,Asian,Unknown,Mandarin,Medicare,Never,Underweight,Urban
SYN-DM-02339,76,Male,Black,Hispanic or Latino,Other,Commercial,Never,Overweight,Unknown
SYN-DM-02340,25,Female,Black,Not Hispanic or Latino,Other,Commercial,Never,Normal,Unknown
SYN-DM-02341,67,Male,Asian,Unknown,English,Medicare,Current,Normal,Urban
SYN-DM-02342,59,Male,Asian,Not Hispanic or Latino,Mandarin,Medicare,Former,Overweight,Rural
SYN-DM-02343,42,Female,Black,Unknown,English,Self-pay,Never,Obesity,Rural
SYN-DM-02344,58,Male,Asian,Unknown,Spanish,Medicare,Never,Obesity,Rural
SYN-DM-02345,83,Intersex,Black,Unknown,Mandarin,Medicare,Never,Underweight,Unknown
SYN-DM-02346,32,Male,Black,Not Hispanic or Latino,English,Commercial,Never,Obesity,Unknown
SYN-DM-02347,24,Male,Black,Not Hispanic or Latino,Mandarin,Medicare,Current,Overweight,Suburban
SYN-DM-02348,89,Male,Asian,Unknown,Mandarin,Commercial,Unknown,Overweight,Urban
SYN-DM-02349,86,Male,Unknown,Unknown,Spanish,Medicare,Never,Overweight,Rural
SYN-DM-02350,88,Male,Black,Unknown,Other,Self-pay,Never,Normal,Rural
SYN-DM-02351,82,Female,Other,Unknown,Mandarin,Medicare,Never,Normal,Rural
SYN-DM-02352,21,Unknown,Asian,Unknown,Spanish,Commercial,Former,Normal,Unknown
SYN-DM-02353,80,Unknown,Asian,Unknown,English,Commercial,Never,Normal,Rural
SYN-DM-02354,46,Male,White,Not Hispanic or Latino,Other,Commercial,Never,Overweight,Suburban
SYN-DM-02355,61,Female,Black,Not Hispanic or Latino,Other,Medicare,Never,Underweight,Rural
SYN-DM-02356,71,Intersex,Other,Hispanic or Latino,Other,Commercial,Never,Normal,Urban
SYN-DM-02357,44,Intersex,Black,Hispanic or Latino,Other,Commercial,Unknown,Normal,Urban
SYN-DM-02358,39,Male,Asian,Unknown,Spanish,Medicaid,Unknown,Normal,Rural
SYN-DM-02359,73,Intersex,Unknown,Unknown,Mandarin,Self-pay,Never,Underweight,Urban
SYN-DM-02360,28,Unknown,Other,Unknown,English,Medicare,Never,Underweight,Urban
SYN-DM-02361,38,Unknown,Black,Not Hispanic or Latino,Other,Commercial,Never,Obesity,Urban
SYN-DM-02362,31,Female,Other,Not Hispanic or Latino,Spanish,Commercial,Never,Obesity,Suburban
SYN-DM-02363,47,Unknown,White,Unknown,Spanish,Medicare,Never,Normal,Urban
SYN-DM-02364,26,Male,Asian,Not Hispanic or Latino,Spanish,Medicare,Never,Normal,Rural
SYN-DM-02365,30,Male,White,Unknown,Mandarin,Commercial,Former,Underweight,Rural
SYN-DM-02366,46,Female,Unknown,Hispanic or Latino,Mandarin,Medicare,Unknown,Obesity,Unknown
SYN-DM-02367,34,Female,Unknown,Unknown,English,Medicare,Former,Obesity,Suburban
SYN-DM-02368,36,Unknown,White,Hispanic or Latino,Spanish,Commercial,Never,Underweight,Rural
SYN-DM-02369,76,Female,White,Hispanic or Latino,Spanish,Medicare,Current,Overweight,Rural
SYN-DM-02370,79,Female,White,Not Hispanic or Latino,English,Commercial,Current,Overweight,Unknown
SYN-DM-02371,43,Unknown,Asian,Not Hispanic or Latino,Spanish,Medicare,Never,Underweight,Rural
SYN-DM-02372,30,Male,Asian,Hispanic or Latino,Spanish,Commercial,Never,Underweight,Rural
SYN-DM-02373,54,Male,Asian,Unknown,English,Commercial,Former,Normal,Urban
SYN-DM-02374,23,Female,Asian,Unknown,Other,Medicare,Former,Obesity,Urban
SYN-DM-02375,81,Female,Other,Not Hispanic or Latino,Mandarin,Commercial,Current,Obesity,Suburban
SYN-DM-02376,26,Intersex,Asian,Unknown,Other,Medicaid,Former,Underweight,Urban
SYN-DM-02377,29,Male,White,Hispanic or Latino,Other,Medicare,Never,Underweight,Unknown
SYN-DM-02378,81,Male,Asian,Unknown,Spanish,Medicare,Former,Overweight,Urban
SYN-DM-02379,32,Intersex,Other,Not Hispanic or Latino,Other,Commercial,Current,Underweight,Unknown
SYN-DM-02380,27,Intersex,Other,Unknown,Spanish,Medicare,Never,Underweight,Unknown
SYN-DM-02381,36,Male,Asian,Unknown,English,Commercial,Never,Obesity,Suburban
SYN-DM-02382,88,Intersex,White,Not Hispanic or Latino,English,Commercial,Never,Underweight,Suburban
SYN-DM-02383,49,Unknown,Other,Hispanic or Latino,Spanish,Commercial,Former,Obesity,Urban
SYN-DM-02384,72,Unknown,Other,Not Hispanic or Latino,Mandarin,Medicare,Never,Overweight,Urban
SYN-DM-02385,42,Unknown,Other,Unknown,English,Commercial,Former,Obesity,Urban
SYN-DM-02386,42,Unknown,White,Hispanic or Latino,English,Commercial,Never,Obesity,Unknown
SYN-DM-02387,58,Female,Black,Not Hispanic or Latino,Mandarin,Medicare,Never,Underweight,Urban
SYN-DM-02388,73,Unknown,Unknown,Hispanic or Latino,Mandarin,Medicare,Never,Underweight,Urban
SYN-DM-02389,74,Unknown,White,Hispanic or Latino,Mandarin,Commercial,Former,Obesity,Unknown
SYN-DM-02390,90,Male,Other,Hispanic or Latino,Mandarin,Commercial,Never,Underweight,Unknown
SYN-DM-02391,30,Female,Black,Hispanic or Latino,Spanish,Medicare,Never,Overweight,Unknown
SYN-DM-02392,41,Unknown,Unknown,Unknown,Mandarin,Commercial,Former,Overweight,Suburban
SYN-DM-02393,72,Female,White,Hispanic or Latino,English,Medicare,Former,Overweight,Unknown
SYN-DM-02394,80,Intersex,Unknown,Unknown,English,Commercial,Never,Overweight,Urban
SYN-DM-02395,36,Female,Asian,Unknown,Mandarin,Medicare,Never,Obesity,Suburban
SYN-DM-02396,84,Male,Unknown,Unknown,Mandarin,Commercial,Never,Obesity,Urban
SYN-DM-02397,58,Female,Black,Not Hispanic or Latino,Other,Commercial,Current,Overweight,Urban
SYN-DM-02398,43,Male,White,Unknown,Spanish,Commercial,Current,Overweight,Rural
SYN-DM-02399,87,Female,Other,Unknown,Other,Medicare,Former,Obesity,Urban
SYN-DM-02400,49,Male,White,Unknown,Mandarin,Commercial,Former,Underweight,Rural
SYN-DM-02401,34,Intersex,White,Not Hispanic or Latino,Other,Commercial,Former,Obesity,Rural
SYN-DM-02402,77,Male,Other,Hispanic or Latino,Mandarin,Medicaid,Never,Obesity,Urban
SYN-DM-02403,33,Female,Other,Not Hispanic or Latino,Mandarin,Commercial,Never,Underweight,Urban
SYN-DM-02404,45,Intersex,Unknown,Unknown,English,Commercial,Former,Underweight,Rural
SYN-DM-02405,49,Male,Other,Unknown,Spanish,Commercial,Former,Normal,Urban
SYN-DM-02406,82,Intersex,Other,Unknown,Spanish,Commercial,Former,Obesity,Unknown
SYN-DM-02407,38,Male,Asian,Hispanic or Latino,Spanish,Commercial,Former,Overweight,Unknown
SYN-DM-02408,21,Intersex,Unknown,Unknown,English,Commercial,Former,Overweight,Unknown
SYN-DM-02409,61,Intersex,Black,Hispanic or Latino,Other,Commercial,Never,Underweight,Urban
SYN-DM-02410,28,Male,White,Unknown,English,Commercial,Former,Underweight,Rural
SYN-DM-02411,74,Male,Asian,Hispanic or Latino,Other,Commercial,Unknown,Normal,Suburban
SYN-DM-02412,58,Male,Black,Not Hispanic or Latino,Other,Medicare,Former,Overweight,Urban
SYN-DM-02413,83,Female,Other,Not Hispanic or Latino,Spanish,Commercial,Current,Underweight,Suburban
SYN-DM-02414,82,Intersex,Black,Not Hispanic or Latino,Mandarin,Medicare,Never,Normal,Urban
SYN-DM-02415,23,Unknown,White,Hispanic or Latino,Other,Medicare,Unknown,Overweight,Unknown
SYN-DM-02416,45,Male,Unknown,Not Hispanic or Latino,English,Medicaid,Never,Overweight,Rural
SYN-DM-02417,33,Female,Black,Not Hispanic or Latino,Other,Self-pay,Former,Underweight,Suburban
SYN-DM-02418,84,Male,Asian,Unknown,Mandarin,Commercial,Never,Underweight,Rural
SYN-DM-02419,58,Female,Black,Not Hispanic or Latino,Other,Medicaid,Never,Overweight,Rural
SYN-DM-02420,58,Intersex,Asian,Hispanic or Latino,English,Commercial,Never,Obesity,Unknown
SYN-DM-02421,90,Female,Other,Hispanic or Latino,Mandarin,Medicare,Current,Normal,Suburban
SYN-DM-02422,84,Intersex,White,Not Hispanic or Latino,Spanish,Commercial,Current,Normal,Unknown
SYN-DM-02423,61,Intersex,Black,Unknown,Spanish,Commercial,Former,Overweight,Rural
SYN-DM-02424,31,Intersex,Unknown,Hispanic or Latino,English,Commercial,Never,Obesity,Rural
SYN-DM-02425,44,Intersex,White,Hispanic or Latino,Other,Commercial,Never,Underweight,Urban
SYN-DM-02426,86,Intersex,Other,Unknown,English,Medicaid,Current,Normal,Suburban
SYN-DM-02427,47,Intersex,Other,Unknown,Other,Self-pay,Never,Overweight,Unknown
SYN-DM-02428,50,Unknown,Unknown,Not Hispanic or Latino,Mandarin,Commercial,Current,Normal,Suburban
SYN-DM-02429,45,Unknown,White,Not Hispanic or Latino,Spanish,Medicare,Former,Underweight,Rural
SYN-DM-02430,63,Male,Black,Unknown,Other,Commercial,Current,Obesity,Rural
SYN-DM-02431,39,Female,Unknown,Hispanic or Latino,Other,Medicaid,Never,Obesity,Rural
SYN-DM-02432,61,Female,Black,Hispanic or Latino,Mandarin,Self-pay,Former,Overweight,Unknown
SYN-DM-02433,43,Unknown,Other,Unknown,Mandarin,Commercial,Former,Obesity,Suburban
SYN-DM-02434,27,Male,Unknown,Hispanic or Latino,English,Commercial,Never,Normal,Urban
SYN-DM-02435,55,Female,Unknown,Not Hispanic or Latino,Other,Medicare,Never,Overweight,Unknown
SYN-DM-02436,22,Female,White,Hispanic or Latino,Mandarin,Commercial,Current,Normal,Unknown
SYN-DM-02437,79,Male,Asian,Hispanic or Latino,Other,Commercial,Never,Underweight,Rural
SYN-DM-02438,88,Male,Black,Unknown,Mandarin,Medicare,Never,Overweight,Rural
SYN-DM-02439,40,Male,Unknown,Not Hispanic or Latino,Spanish,Commercial,Former,Underweight,Unknown
SYN-DM-02440,24,Unknown,Unknown,Not Hispanic or Latino,Mandarin,Medicare,Former,Underweight,Rural
SYN-DM-02441,35,Male,Other,Hispanic or Latino,Other,Commercial,Never,Normal,Urban
SYN-DM-02442,69,Intersex,Asian,Hispanic or Latino,Spanish,Commercial,Former,Underweight,Unknown
SYN-DM-02443,24,Unknown,Unknown,Hispanic or Latino,Mandarin,Medicare,Never,Overweight,Urban
SYN-DM-02444,63,Female,Asian,Not Hispanic or Latino,English,Commercial,Former,Obesity,Unknown
SYN-DM-02445,72,Female,Unknown,Not Hispanic or Latino,Other,Commercial,Current,Obesity,Suburban
SYN-DM-02446,37,Female,Unknown,Unknown,Other,Medicaid,Never,Obesity,Rural
SYN-DM-02447,59,Unknown,Asian,Not Hispanic or Latino,Spanish,Commercial,Never,Underweight,Suburban
SYN-DM-02448,74,Intersex,Asian,Not Hispanic or Latino,English,Medicare,Current,Obesity,Urban
SYN-DM-02449,35,Female,Other,Unknown,Spanish,Commercial,Never,Obesity,Rural
SYN-DM-02450,85,Male,White,Hispanic or Latino,Mandarin,Commercial,Current,Underweight,Suburban
SYN-DM-02451,23,Unknown,Asian,Not Hispanic or Latino,English,Medicaid,Never,Obesity,Unknown
SYN-DM-02452,72,Intersex,White,Unknown,Other,Commercial,Former,Overweight,Rural
SYN-DM-02453,28,Unknown,White,Unknown,English,Commercial,Former,Underweight,Rural
SYN-DM-02454,29,Female,Other,Hispanic or Latino,Spanish,Medicare,Unknown,Overweight,Rural
SYN-DM-02455,49,Male,Asian,Unknown,Mandarin,Commercial,Never,Normal,Urban
SYN-DM-02456,87,Male,Black,Unknown,Mandarin,Medicaid,Former,Overweight,Rural
SYN-DM-02457,45,Unknown,Other,Hispanic or Latino,Spanish,Commercial,Former,Underweight,Rural
SYN-DM-02458,69,Intersex,Unknown,Not Hispanic or Latino,English,Medicaid,Never,Underweight,Suburban
SYN-DM-02459,64,Unknown,White,Hispanic or Latino,Other,Commercial,Never,Underweight,Urban
SYN-DM-02460,31,Unknown,Black,Not Hispanic or Latino,Mandarin,Commercial,Former,Obesity,Suburban
SYN-DM-02461,55,Intersex,Black,Hispanic or Latino,English,Commercial,Former,Obesity,Urban
SYN-DM-02462,78,Male,Other,Unknown,Spanish,Medicaid,Former,Obesity,Suburban
SYN-DM-02463,44,Intersex,Other,Not Hispanic or Latino,Spanish,Medicare,Current,Overweight,Suburban
SYN-DM-02464,73,Unknown,Unknown,Hispanic or Latino,English,Medicare,Former,Underweight,Urban
SYN-DM-02465,90,Intersex,Black,Hispanic or Latino,English,Medicaid,Never,Overweight,Unknown
SYN-DM-02466,21,Female,Unknown,Unknown,Other,Medicaid,Never,Obesity,Unknown
SYN-DM-02467,68,Female,Black,Hispanic or Latino,Spanish,Commercial,Never,Obesity,Urban
SYN-DM-02468,53,Intersex,Other,Unknown,Spanish,Commercial,Former,Overweight,Urban
SYN-DM-02469,68,Unknown,Black,Unknown,Other,Medicare,Current,Normal,Unknown
SYN-DM-02470,30,Unknown,Black,Not Hispanic or Latino,Other,Medicaid,Current,Overweight,Rural
SYN-DM-02471,81,Male,Black,Hispanic or Latino,English,Medicare,Former,Overweight,Rural
SYN-DM-02472,63,Intersex,Other,Not Hispanic or Latino,Mandarin,Commercial,Former,Underweight,Unknown
SYN-DM-02473,89,Female,Asian,Not Hispanic or Latino,English,Commercial,Former,Overweight,Unknown
SYN-DM-02474,84,Male,Black,Not Hispanic or Latino,Mandarin,Commercial,Never,Underweight,Rural
SYN-DM-02475,40,Unknown,Asian,Unknown,English,Commercial,Former,Obesity,Suburban
SYN-DM-02476,38,Intersex,Asian,Hispanic or Latino,English,Commercial,Unknown,Obesity,Unknown
SYN-DM-02477,33,Intersex,White,Unknown,Mandarin,Medicaid,Former,Overweight,Rural
SYN-DM-02478,79,Intersex,Other,Not Hispanic or Latino,Spanish,Medicare,Current,Obesity,Suburban
SYN-DM-02479,22,Female,Unknown,Unknown,Other,Commercial,Never,Obesity,Suburban
SYN-DM-02480,38,Male,Other,Not Hispanic or Latino,Spanish,Medicare,Never,Underweight,Urban
SYN-DM-02481,84,Intersex,Unknown,Not Hispanic or Latino,Spanish,Self-pay,Never,Overweight,Unknown
SYN-DM-02482,30,Male,Unknown,Hispanic or Latino,Other,Medicare,Former,Obesity,Rural
SYN-DM-02483,26,Male,White,Unknown,English,Medicaid,Never,Underweight,Suburban
SYN-DM-02484,77,Unknown,Asian,Hispanic or Latino,Mandarin,Commercial,Never,Underweight,Rural
SYN-DM-02485,43,Intersex,White,Not Hispanic or Latino,English,Commercial,Former,Normal,Unknown
SYN-DM-02486,27,Female,Asian,Not Hispanic or Latino,Spanish,Medicare,Former,Normal,Urban
SYN-DM-02487,58,Intersex,White,Hispanic or Latino,Other,Medicare,Never,Normal,Rural
SYN-DM-02488,41,Intersex,Black,Unknown,English,Commercial,Former,Underweight,Unknown
SYN-DM-02489,81,Intersex,Asian,Unknown,English,Self-pay,Never,Underweight,Unknown
SYN-DM-02490,34,Intersex,Asian,Unknown,Spanish,Commercial,Never,Overweight,Unknown
SYN-DM-02491,89,Unknown,Other,Hispanic or Latino,Other,Commercial,Never,Obesity,Suburban
SYN-DM-02492,77,Female,Other,Not Hispanic or Latino,Spanish,Commercial,Never,Overweight,Rural
SYN-DM-02493,62,Male,Black,Unknown,English,Self-pay,Never,Normal,Unknown
SYN-DM-02494,21,Intersex,Black,Hispanic or Latino,Mandarin,Commercial,Never,Overweight,Suburban
SYN-DM-02495,85,Female,Unknown,Not Hispanic or Latino,English,Self-pay,Never,Obesity,Urban
SYN-DM-02496,62,Female,Asian,Hispanic or Latino,Mandarin,Commercial,Former,Normal,Rural
SYN-DM-02497,75,Intersex,Asian,Not Hispanic or Latino,Mandarin,Commercial,Never,Obesity,Unknown
SYN-DM-02498,55,Intersex,Black,Hispanic or Latino,Spanish,Medicaid,Former,Underweight,Rural
SYN-DM-02499,44,Male,Other,Unknown,English,Medicaid,Current,Overweight,Urban
SYN-DM-02500,53,Female,Other,Hispanic or Latino,Mandarin,Commercial,Never,Normal,Unknown
SYN-DM-02501,64,Unknown,Black,Hispanic or Latino,English,Commercial,Current,Obesity,Unknown
SYN-DM-02502,90,Male,Other,Unknown,Spanish,Medicare,Unknown,Obesity,Unknown
SYN-DM-02503,54,Female,Unknown,Not Hispanic or Latino,Other,Medicare,Never,Underweight,Urban
SYN-DM-02504,34,Intersex,Unknown,Not Hispanic or Latino,Spanish,Medicare,Former,Normal,Urban
SYN-DM-02505,70,Female,Unknown,Not Hispanic or Latino,Spanish,Medicare,Never,Normal,Unknown
SYN-DM-02506,78,Male,Black,Unknown,English,Medicare,Current,Normal,Urban
SYN-DM-02507,56,Female,Other,Not Hispanic or Latino,Other,Medicaid,Former,Obesity,Unknown
SYN-DM-02508,84,Male,Unknown,Unknown,Mandarin,Commercial,Never,Normal,Unknown
SYN-DM-02509,50,Unknown,Unknown,Unknown,English,Medicare,Never,Overweight,Urban
SYN-DM-02510,24,Unknown,Other,Not Hispanic or Latino,Other,Commercial,Never,Normal,Urban
SYN-DM-02511,37,Unknown,Unknown,Not Hispanic or Latino,Other,Medicare,Former,Normal,Urban
SYN-DM-02512,44,Male,Black,Hispanic or Latino,Other,Medicare,Never,Overweight,Suburban
SYN-DM-02513,70,Female,Asian,Not Hispanic or Latino,Mandarin,Commercial,Never,Overweight,Urban
SYN-DM-02514,84,Unknown,Other,Not Hispanic or Latino,Other,Self-pay,Never,Overweight,Rural
SYN-DM-02515,82,Female,Black,Not Hispanic or Latino,English,Commercial,Unknown,Overweight,Urban
SYN-DM-02516,86,Intersex,Black,Unknown,Mandarin,Medicare,Never,Overweight,Suburban
SYN-DM-02517,34,Intersex,Black,Unknown,English,Medicare,Former,Normal,Unknown
SYN-DM-02518,59,Male,White,Hispanic or Latino,Mandarin,Self-pay,Current,Normal,Urban
SYN-DM-02519,72,Female,Asian,Unknown,Spanish,Medicare,Former,Obesity,Suburban
SYN-DM-02520,68,Unknown,Asian,Unknown,Other,Medicaid,Never,Normal,Urban
SYN-DM-02521,80,Unknown,White,Hispanic or Latino,Other,Medicaid,Never,Overweight,Unknown
SYN-DM-02522,84,Intersex,White,Unknown,Mandarin,Medicare,Former,Underweight,Urban
SYN-DM-02523,60,Unknown,Black,Not Hispanic or Latino,English,Commercial,Former,Obesity,Rural
SYN-DM-02524,85,Female,Black,Not Hispanic or Latino,Spanish,Medicare,Never,Normal,Rural
SYN-DM-02525,54,Unknown,Other,Hispanic or Latino,Spanish,Commercial,Current,Overweight,Suburban
SYN-DM-02526,65,Male,Other,Not Hispanic or Latino,Mandarin,Commercial,Never,Overweight,Unknown
SYN-DM-02527,64,Unknown,White,Unknown,Other,Commercial,Never,Obesity,Urban
SYN-DM-02528,80,Male,Asian,Unknown,Spanish,Medicare,Former,Obesity,Unknown
SYN-DM-02529,57,Female,Unknown,Unknown,Mandarin,Medicare,Never,Normal,Rural
SYN-DM-02530,71,Female,Asian,Not Hispanic or Latino,Mandarin,Medicare,Former,Obesity,Unknown
SYN-DM-02531,73,Intersex,Black,Hispanic or Latino,Mandarin,Medicare,Former,Normal,Unknown
SYN-DM-02532,50,Female,Black,Unknown,Spanish,Medicaid,Never,Underweight,Rural
SYN-DM-02533,43,Unknown,Asian,Not Hispanic or Latino,English,Medicare,Former,Overweight,Suburban
SYN-DM-02534,70,Unknown,White,Unknown,Spanish,Commercial,Former,Obesity,Urban
SYN-DM-02535,41,Female,White,Not Hispanic or Latino,Spanish,Medicare,Former,Obesity,Rural
SYN-DM-02536,37,Intersex,Black,Unknown,English,Commercial,Former,Normal,Rural
SYN-DM-02537,59,Intersex,Unknown,Hispanic or Latino,English,Medicare,Current,Overweight,Rural
SYN-DM-02538,90,Unknown,Other,Hispanic or Latino,English,Commercial,Current,Underweight,Suburban
SYN-DM-02539,64,Intersex,Unknown,Hispanic or Latino,Mandarin,Medicare,Former,Normal,Suburban
SYN-DM-02540,74,Female,Black,Hispanic or Latino,Spanish,Commercial,Current,Normal,Rural
SYN-DM-02541,48,Female,Unknown,Unknown,Mandarin,Commercial,Former,Normal,Urban
SYN-DM-02542,28,Male,Asian,Unknown,Other,Commercial,Current,Underweight,Rural
SYN-DM-02543,57,Unknown,Asian,Hispanic or Latino,Other,Self-pay,Never,Underweight,Rural
SYN-DM-02544,24,Intersex,White,Not Hispanic or Latino,Other,Commercial,Never,Obesity,Suburban
SYN-DM-02545,29,Female,Unknown,Not Hispanic or Latino,Spanish,Commercial,Former,Overweight,Rural
SYN-DM-02546,35,Male,Unknown,Not Hispanic or Latino,English,Commercial,Never,Underweight,Urban
SYN-DM-02547,63,Male,Unknown,Not Hispanic or Latino,Spanish,Medicaid,Unknown,Normal,Urban
SYN-DM-02548,64,Female,Black,Hispanic or Latino,English,Commercial,Never,Overweight,Suburban
SYN-DM-02549,22,Female,Black,Hispanic or Latino,English,Commercial,Never,Underweight,Unknown
SYN-DM-02550,80,Unknown,Unknown,Hispanic or Latino,Other,Commercial,Current,Underweight,Suburban
SYN-DM-02551,53,Female,Other,Not Hispanic or Latino,Other,Commercial,Current,Normal,Urban
SYN-DM-02552,44,Female,White,Hispanic or Latino,Mandarin,Medicare,Current,Obesity,Suburban
SYN-DM-02553,58,Male,Black,Hispanic or Latino,Other,Commercial,Current,Normal,Urban
SYN-DM-02554,37,Intersex,Other,Unknown,English,Medicare,Never,Overweight,Urban
SYN-DM-02555,23,Female,Unknown,Not Hispanic or Latino,Other,Medicare,Never,Obesity,Urban
SYN-DM-02556,46,Male,Other,Not Hispanic or Latino,Spanish,Medicare,Never,Normal,Rural
SYN-DM-02557,32,Male,Black,Unknown,Other,Medicaid,Former,Underweight,Urban
SYN-DM-02558,22,Unknown,Other,Not Hispanic or Latino,Mandarin,Medicaid,Former,Underweight,Unknown
SYN-DM-02559,34,Unknown,Asian,Not Hispanic or Latino,Spanish,Commercial,Never,Obesity,Urban
SYN-DM-02560,85,Female,Other,Not Hispanic or Latino,English,Commercial,Former,Normal,Unknown
SYN-DM-02561,84,Male,White,Unknown,Spanish,Medicaid,Current,Obesity,Unknown
SYN-DM-02562,84,Male,Black,Unknown,Other,Medicaid,Never,Normal,Rural
SYN-DM-02563,25,Male,Other,Hispanic or Latino,Mandarin,Medicare,Former,Underweight,Urban
SYN-DM-02564,51,Unknown,Black,Unknown,Other,Medicare,Never,Obesity,Unknown
SYN-DM-02565,88,Unknown,Asian,Unknown,English,Medicaid,Former,Obesity,Rural
SYN-DM-02566,55,Unknown,White,Not Hispanic or Latino,Other,Commercial,Current,Underweight,Rural
SYN-DM-02567,90,Intersex,Black,Not Hispanic or Latino,English,Commercial,Never,Obesity,Suburban
SYN-DM-02568,27,Male,White,Not Hispanic or Latino,English,Medicare,Never,Normal,Urban
SYN-DM-02569,70,Male,Black,Hispanic or Latino,Mandarin,Commercial,Former,Overweight,Suburban
SYN-DM-02570,24,Male,Asian,Not Hispanic or Latino,English,Commercial,Never,Underweight,Unknown
SYN-DM-02571,87,Unknown,Other,Unknown,English,Medicaid,Current,Overweight,Urban
SYN-DM-02572,30,Male,Other,Unknown,Spanish,Medicare,Current,Overweight,Unknown
SYN-DM-02573,89,Unknown,Unknown,Hispanic or Latino,Spanish,Self-pay,Never,Underweight,Urban
SYN-DM-02574,47,Unknown,Other,Unknown,Other,Medicaid,Current,Obesity,Suburban
SYN-DM-02575,28,Unknown,Unknown,Not Hispanic or Latino,English,Commercial,Current,Overweight,Suburban
SYN-DM-02576,56,Intersex,Black,Hispanic or Latino,Spanish,Medicare,Never,Normal,Suburban
SYN-DM-02577,47,Female,Unknown,Hispanic or Latino,English,Medicaid,Never,Normal,Suburban
SYN-DM-02578,23,Intersex,Unknown,Hispanic or Latino,English,Commercial,Never,Normal,Urban
SYN-DM-02579,35,Female,Black,Hispanic or Latino,Spanish,Medicaid,Never,Underweight,Unknown
SYN-DM-02580,81,Unknown,Unknown,Unknown,English,Commercial,Never,Obesity,Suburban
SYN-DM-02581,59,Unknown,Other,Unknown,English,Commercial,Never,Normal,Urban
SYN-DM-02582,81,Intersex,Asian,Hispanic or Latino,Mandarin,Commercial,Former,Normal,Unknown
SYN-DM-02583,87,Male,Black,Unknown,Spanish,Medicaid,Never,Obesity,Unknown
SYN-DM-02584,50,Intersex,Other,Unknown,Other,Commercial,Never,Underweight,Urban
SYN-DM-02585,39,Intersex,Black,Hispanic or Latino,English,Commercial,Never,Obesity,Urban
SYN-DM-02586,29,Female,White,Hispanic or Latino,Spanish,Commercial,Never,Obesity,Rural
SYN-DM-02587,73,Intersex,Asian,Hispanic or Latino,Mandarin,Commercial,Current,Underweight,Unknown
SYN-DM-02588,30,Male,Black,Not Hispanic or Latino,Other,Commercial,Never,Underweight,Suburban
SYN-DM-02589,63,Intersex,Black,Unknown,Spanish,Medicaid,Former,Underweight,Rural
SYN-DM-02590,76,Female,White,Not Hispanic or Latino,Spanish,Commercial,Never,Overweight,Urban
SYN-DM-02591,48,Female,Asian,Unknown,English,Medicare,Former,Obesity,Suburban
SYN-DM-02592,76,Unknown,Unknown,Unknown,Other,Commercial,Never,Underweight,Rural
SYN-DM-02593,56,Intersex,Black,Hispanic or Latino,English,Medicare,Unknown,Normal,Unknown
SYN-DM-02594,47,Male,Unknown,Unknown,Mandarin,Commercial,Former,Obesity,Urban
SYN-DM-02595,35,Male,White,Unknown,English,Commercial,Never,Underweight,Urban
SYN-DM-02596,89,Unknown,Black,Unknown,Spanish,Medicare,Never,Overweight,Urban
SYN-DM-02597,37,Intersex,Other,Unknown,Other,Commercial,Current,Overweight,Suburban
SYN-DM-02598,69,Intersex,Black,Unknown,Spanish,Commercial,Never,Underweight,Unknown
SYN-DM-02599,27,Intersex,Unknown,Not Hispanic or Latino,English,Commercial,Former,Obesity,Suburban
SYN-DM-02600,29,Male,White,Not Hispanic or Latino,Spanish,Commercial,Never,Underweight,Unknown
SYN-DM-02601,27,Intersex,Asian,Unknown,English,Self-pay,Never,Overweight,Urban
SYN-DM-02602,90,Intersex,Black,Hispanic or Latino,Mandarin,Commercial,Never,Underweight,Urban
SYN-DM-02603,82,Female,Asian,Unknown,English,Commercial,Never,Obesity,Unknown
SYN-DM-02604,62,Unknown,Black,Hispanic or Latino,Spanish,Medicare,Never,Obesity,Unknown
SYN-DM-02605,54,Female,Asian,Not Hispanic or Latino,Other,Medicaid,Former,Overweight,Urban
SYN-DM-02606,29,Intersex,Other,Not Hispanic or Latino,Spanish,Commercial,Unknown,Obesity,Unknown
SYN-DM-02607,25,Unknown,Black,Not Hispanic or Latino,English,Medicare,Never,Overweight,Unknown
SYN-DM-02608,62,Unknown,Asian,Hispanic or Latino,Other,Commercial,Never,Obesity,Suburban
SYN-DM-02609,28,Male,White,Unknown,Other,Commercial,Never,Underweight,Rural
SYN-DM-02610,45,Male,Black,Hispanic or Latino,Other,Commercial,Former,Underweight,Rural
SYN-DM-02611,30,Female,Black,Not Hispanic or Latino,Other,Commercial,Never,Normal,Unknown
SYN-DM-02612,29,Unknown,Unknown,Hispanic or Latino,Other,Medicaid,Never,Overweight,Rural
SYN-DM-02613,52,Unknown,Unknown,Hispanic or Latino,English,Commercial,Unknown,Normal,Suburban
SYN-DM-02614,46,Female,Unknown,Not Hispanic or Latino,Mandarin,Commercial,Former,Normal,Rural
SYN-DM-02615,62,Intersex,Unknown,Unknown,Mandarin,Commercial,Never,Normal,Unknown
SYN-DM-02616,29,Unknown,White,Hispanic or Latino,English,Commercial,Never,Overweight,Urban
SYN-DM-02617,79,Female,Other,Hispanic or Latino,Mandarin,Medicare,Never,Underweight,Rural
SYN-DM-02618,39,Female,Unknown,Hispanic or Latino,Spanish,Medicare,Current,Underweight,Urban
SYN-DM-02619,51,Male,Asian,Not Hispanic or Latino,Mandarin,Commercial,Former,Normal,Suburban
SYN-DM-02620,33,Unknown,White,Unknown,Other,Commercial,Former,Obesity,Rural
SYN-DM-02621,77,Intersex,Other,Unknown,Mandarin,Medicare,Never,Normal,Suburban
SYN-DM-02622,31,Male,Asian,Unknown,Other,Commercial,Current,Obesity,Suburban
SYN-DM-02623,39,Intersex,Unknown,Hispanic or Latino,Spanish,Commercial,Former,Underweight,Suburban
SYN-DM-02624,59,Female,Unknown,Hispanic or Latino,Mandarin,Commercial,Current,Overweight,Rural
SYN-DM-02625,88,Intersex,Asian,Unknown,Mandarin,Medicare,Unknown,Obesity,Urban
SYN-DM-02626,39,Male,Unknown,Unknown,Other,Medicare,Never,Overweight,Urban
SYN-DM-02627,83,Unknown,Asian,Hispanic or Latino,English,Medicaid,Never,Normal,Rural
SYN-DM-02628,86,Female,White,Unknown,Other,Medicare,Former,Obesity,Unknown
SYN-DM-02629,89,Intersex,Black,Unknown,Mandarin,Commercial,Current,Underweight,Urban
SYN-DM-02630,54,Unknown,Unknown,Hispanic or Latino,English,Commercial,Former,Obesity,Urban
SYN-DM-02631,71,Female,Unknown,Not Hispanic or Latino,Mandarin,Commercial,Never,Obesity,Unknown
SYN-DM-02632,60,Female,Asian,Unknown,Mandarin,Medicare,Never,Overweight,Unknown
SYN-DM-02633,75,Female,Black,Hispanic or Latino,Spanish,Commercial,Unknown,Overweight,Urban
SYN-DM-02634,41,Male,Black,Unknown,Mandarin,Medicare,Never,Underweight,Suburban
SYN-DM-02635,61,Intersex,Asian,Not Hispanic or Latino,Other,Medicaid,Former,Overweight,Urban
SYN-DM-02636,74,Male,Unknown,Unknown,Mandarin,Commercial,Former,Obesity,Suburban
SYN-DM-02637,88,Intersex,Unknown,Unknown,Mandarin,Self-pay,Never,Obesity,Unknown
SYN-DM-02638,59,Male,Other,Unknown,Mandarin,Commercial,Never,Underweight,Unknown
SYN-DM-02639,53,Unknown,Unknown,Hispanic or Latino,Other,Medicare,Never,Underweight,Suburban
SYN-DM-02640,84,Unknown,Asian,Not Hispanic or Latino,Other,Commercial,Never,Normal,Unknown
SYN-DM-02641,33,Female,Other,Not Hispanic or Latino,Spanish,Medicare,Former,Normal,Suburban
SYN-DM-02642,33,Unknown,Unknown,Not Hispanic or Latino,Spanish,Commercial,Former,Underweight,Urban
SYN-DM-02643,55,Unknown,Black,Unknown,Spanish,Commercial,Unknown,Obesity,Rural
SYN-DM-02644,87,Female,Other,Hispanic or Latino,English,Medicare,Former,Normal,Rural
SYN-DM-02645,66,Female,Black,Not Hispanic or Latino,Other,Medicare,Current,Overweight,Rural
SYN-DM-02646,69,Female,Asian,Unknown,Mandarin,Commercial,Former,Overweight,Rural
SYN-DM-02647,68,Intersex,Black,Not Hispanic or Latino,English,Commercial,Never,Normal,Urban
SYN-DM-02648,58,Male,White,Hispanic or Latino,English,Commercial,Current,Underweight,Urban
SYN-DM-02649,72,Intersex,Other,Not Hispanic or Latino,Mandarin,Commercial,Never,Overweight,Urban
SYN-DM-02650,48,Male,Unknown,Not Hispanic or Latino,Spanish,Commercial,Current,Underweight,Rural
SYN-DM-02651,28,Male,Black,Unknown,Spanish,Medicare,Never,Normal,Urban
SYN-DM-02652,52,Male,Black,Unknown,English,Commercial,Former,Underweight,Urban
SYN-DM-02653,48,Unknown,Black,Unknown,Spanish,Commercial,Never,Underweight,Urban
SYN-DM-02654,41,Female,Black,Hispanic or Latino,Spanish,Commercial,Former,Overweight,Rural
SYN-DM-02655,87,Unknown,Other,Hispanic or Latino,Spanish,Self-pay,Former,Overweight,Unknown
SYN-DM-02656,69,Male,Asian,Not Hispanic or Latino,Mandarin,Medicare,Never,Obesity,Rural
SYN-DM-02657,65,Intersex,Other,Unknown,English,Self-pay,Never,Underweight,Suburban
SYN-DM-02658,85,Intersex,Black,Hispanic or Latino,Mandarin,Medicaid,Never,Underweight,Suburban
SYN-DM-02659,64,Intersex,Asian,Hispanic or Latino,Other,Commercial,Never,Obesity,Rural
SYN-DM-02660,39,Unknown,Black,Hispanic or Latino,Other,Commercial,Never,Overweight,Urban
SYN-DM-02661,21,Female,Black,Not Hispanic or Latino,English,Medicare,Never,Underweight,Urban
SYN-DM-02662,68,Intersex,White,Not Hispanic or Latino,Spanish,Medicare,Never,Overweight,Urban
SYN-DM-02663,82,Female,White,Unknown,Spanish,Commercial,Never,Normal,Rural
SYN-DM-02664,66,Unknown,Unknown,Unknown,English,Medicare,Current,Obesity,Suburban
SYN-DM-02665,52,Male,Black,Not Hispanic or Latino,English,Medicare,Former,Overweight,Suburban
SYN-DM-02666,87,Intersex,Asian,Hispanic or Latino,Other,Commercial,Never,Underweight,Rural
SYN-DM-02667,88,Intersex,Asian,Not Hispanic or Latino,Spanish,Commercial,Never,Normal,Unknown
SYN-DM-02668,35,Unknown,Unknown,Unknown,Other,Commercial,Former,Obesity,Urban
SYN-DM-02669,53,Intersex,White,Hispanic or Latino,Other,Medicaid,Former,Normal,Urban
SYN-DM-02670,78,Unknown,Asian,Not Hispanic or Latino,Mandarin,Commercial,Current,Overweight,Unknown
SYN-DM-02671,63,Intersex,White,Unknown,Spanish,Commercial,Former,Normal,Unknown
SYN-DM-02672,39,Female,White,Unknown,English,Commercial,Former,Underweight,Unknown
SYN-DM-02673,42,Female,White,Not Hispanic or Latino,English,Medicaid,Never,Overweight,Urban
SYN-DM-02674,27,Female,Asian,Hispanic or Latino,Mandarin,Medicaid,Never,Obesity,Unknown
SYN-DM-02675,87,Female,Unknown,Hispanic or Latino,Spanish,Commercial,Never,Obesity,Unknown
SYN-DM-02676,84,Female,Black,Not Hispanic or Latino,Other,Medicare,Never,Underweight,Urban
SYN-DM-02677,85,Male,Black,Not Hispanic or Latino,English,Medicare,Former,Overweight,Rural
SYN-DM-02678,40,Unknown,Unknown,Hispanic or Latino,Mandarin,Medicare,Current,Obesity,Rural
SYN-DM-02679,76,Unknown,Other,Not Hispanic or Latino,Other,Medicaid,Never,Overweight,Urban
SYN-DM-02680,88,Intersex,Unknown,Hispanic or Latino,English,Commercial,Former,Underweight,Unknown
SYN-DM-02681,27,Unknown,White,Unknown,Mandarin,Commercial,Never,Obesity,Rural
SYN-DM-02682,45,Female,Other,Hispanic or Latino,Other,Medicare,Former,Overweight,Rural
SYN-DM-02683,25,Female,White,Not Hispanic or Latino,Mandarin,Commercial,Current,Normal,Unknown
SYN-DM-02684,83,Unknown,Black,Hispanic or Latino,Mandarin,Commercial,Never,Underweight,Suburban
SYN-DM-02685,79,Intersex,Black,Not Hispanic or Latino,Mandarin,Medicare,Never,Overweight,Urban
SYN-DM-02686,87,Male,Other,Unknown,Spanish,Medicare,Never,Underweight,Unknown
SYN-DM-02687,84,Intersex,Asian,Unknown,Mandarin,Commercial,Never,Obesity,Urban
SYN-DM-02688,72,Female,Asian,Not Hispanic or Latino,English,Commercial,Never,Overweight,Rural
SYN-DM-02689,39,Unknown,Asian,Not Hispanic or Latino,English,Medicaid,Never,Obesity,Rural
SYN-DM-02690,55,Unknown,Other,Hispanic or Latino,Other,Medicaid,Former,Obesity,Rural
SYN-DM-02691,60,Intersex,White,Hispanic or Latino,Other,Commercial,Never,Obesity,Rural
SYN-DM-02692,43,Intersex,Black,Not Hispanic or Latino,Mandarin,Commercial,Never,Normal,Suburban
SYN-DM-02693,81,Female,White,Unknown,English,Commercial,Never,Underweight,Suburban
SYN-DM-02694,73,Intersex,Black,Unknown,Other,Commercial,Former,Normal,Rural
SYN-DM-02695,80,Intersex,Black,Hispanic or Latino,Mandarin,Commercial,Never,Overweight,Unknown
SYN-DM-02696,61,Female,Asian,Unknown,Other,Medicare,Never,Normal,Suburban
SYN-DM-02697,81,Intersex,White,Unknown,Mandarin,Commercial,Former,Obesity,Urban
SYN-DM-02698,36,Unknown,Black,Unknown,English,Medicare,Current,Normal,Suburban
SYN-DM-02699,81,Intersex,Unknown,Hispanic or Latino,Other,Medicaid,Current,Overweight,Unknown
SYN-DM-02700,67,Unknown,Other,Unknown,Spanish,Medicare,Never,Underweight,Urban
SYN-DM-02701,53,Intersex,Unknown,Hispanic or Latino,Mandarin,Medicare,Never,Underweight,Rural
SYN-DM-02702,67,Female,Unknown,Unknown,English,Commercial,Never,Overweight,Suburban
SYN-DM-02703,47,Intersex,Asian,Unknown,Mandarin,Commercial,Never,Underweight,Urban
SYN-DM-02704,49,Male,Other,Not Hispanic or Latino,Spanish,Medicaid,Former,Overweight,Unknown
SYN-DM-02705,35,Female,Black,Hispanic or Latino,English,Commercial,Former,Obesity,Suburban
SYN-DM-02706,50,Intersex,Asian,Unknown,Other,Commercial,Unknown,Overweight,Urban
SYN-DM-02707,33,Female,Asian,Hispanic or Latino,Spanish,Medicaid,Former,Underweight,Rural
SYN-DM-02708,57,Intersex,Other,Unknown,Spanish,Commercial,Never,Overweight,Urban
SYN-DM-02709,44,Male,White,Hispanic or Latino,Mandarin,Commercial,Former,Obesity,Suburban
SYN-DM-02710,73,Unknown,Black,Hispanic or Latino,English,Medicaid,Never,Underweight,Rural
SYN-DM-02711,44,Unknown,Asian,Hispanic or Latino,Mandarin,Medicare,Current,Normal,Urban
SYN-DM-02712,44,Male,Other,Unknown,English,Commercial,Unknown,Underweight,Rural
SYN-DM-02713,74,Male,Unknown,Hispanic or Latino,Mandarin,Commercial,Unknown,Underweight,Rural
SYN-DM-02714,31,Male,White,Hispanic or Latino,Other,Commercial,Former,Underweight,Urban
SYN-DM-02715,67,Male,White,Unknown,Mandarin,Medicare,Current,Normal,Urban
SYN-DM-02716,90,Intersex,Black,Unknown,Spanish,Commercial,Never,Underweight,Suburban
SYN-DM-02717,55,Male,White,Not Hispanic or Latino,Mandarin,Medicaid,Current,Normal,Suburban
SYN-DM-02718,35,Intersex,White,Hispanic or Latino,English,Medicaid,Never,Obesity,Unknown
SYN-DM-02719,49,Female,Asian,Not Hispanic or Latino,Spanish,Medicaid,Current,Obesity,Unknown
SYN-DM-02720,28,Male,Unknown,Not Hispanic or Latino,Other,Medicare,Former,Normal,Suburban
SYN-DM-02721,25,Male,White,Hispanic or Latino,Other,Commercial,Never,Normal,Rural
SYN-DM-02722,36,Intersex,Other,Hispanic or Latino,Spanish,Medicare,Never,Underweight,Unknown
SYN-DM-02723,46,Female,White,Not Hispanic or Latino,Spanish,Commercial,Never,Obesity,Suburban
SYN-DM-02724,53,Unknown,Other,Unknown,Mandarin,Medicare,Never,Underweight,Unknown
SYN-DM-02725,26,Female,Asian,Unknown,Other,Medicare,Never,Underweight,Rural
SYN-DM-02726,80,Unknown,Unknown,Hispanic or Latino,Spanish,Commercial,Never,Underweight,Rural
SYN-DM-02727,43,Male,Black,Not Hispanic or Latino,Other,Commercial,Current,Normal,Suburban
SYN-DM-02728,88,Unknown,White,Not Hispanic or Latino,Other,Medicare,Never,Underweight,Urban
SYN-DM-02729,89,Unknown,Black,Unknown,Mandarin,Commercial,Never,Underweight,Suburban
SYN-DM-02730,68,Unknown,Asian,Hispanic or Latino,English,Commercial,Former,Overweight,Urban
SYN-DM-02731,44,Intersex,Asian,Not Hispanic or Latino,Mandarin,Commercial,Former,Obesity,Suburban
SYN-DM-02732,39,Unknown,White,Unknown,Other,Commercial,Never,Overweight,Suburban
SYN-DM-02733,63,Unknown,Unknown,Not Hispanic or Latino,Other,Commercial,Never,Obesity,Unknown
SYN-DM-02734,29,Male,Black,Not Hispanic or Latino,Spanish,Medicare,Never,Overweight,Suburban
SYN-DM-02735,52,Female,Unknown,Unknown,Spanish,Medicaid,Never,Overweight,Urban
SYN-DM-02736,64,Unknown,Asian,Unknown,Other,Commercial,Never,Overweight,Urban
SYN-DM-02737,45,Unknown,Unknown,Unknown,Mandarin,Commercial,Never,Overweight,Urban
SYN-DM-02738,84,Male,Asian,Not Hispanic or Latino,Spanish,Medicaid,Never,Obesity,Suburban
SYN-DM-02739,74,Intersex,Black,Unknown,Other,Medicare,Never,Normal,Suburban
SYN-DM-02740,69,Male,White,Hispanic or Latino,Mandarin,Commercial,Never,Underweight,Urban
SYN-DM-02741,28,Unknown,Unknown,Unknown,Spanish,Medicare,Never,Normal,Suburban
SYN-DM-02742,75,Male,Unknown,Not Hispanic or Latino,Mandarin,Medicare,Former,Overweight,Rural
SYN-DM-02743,50,Male,Black,Hispanic or Latino,Other,Commercial,Current,Underweight,Rural
SYN-DM-02744,56,Unknown,Black,Not Hispanic or Latino,English,Medicare,Unknown,Normal,Rural
SYN-DM-02745,59,Male,Asian,Not Hispanic or Latino,Other,Medicaid,Never,Overweight,Unknown
SYN-DM-02746,61,Unknown,Other,Unknown,Spanish,Self-pay,Never,Underweight,Suburban
SYN-DM-02747,21,Male,White,Hispanic or Latino,English,Commercial,Never,Overweight,Urban
SYN-DM-02748,86,Unknown,Other,Unknown,Mandarin,Commercial,Never,Overweight,Rural
SYN-DM-02749,87,Unknown,Black,Hispanic or Latino,Other,Commercial,Former,Overweight,Suburban
SYN-DM-02750,54,Unknown,White,Not Hispanic or Latino,Spanish,Medicare,Never,Underweight,Unknown
SYN-DM-02751,82,Unknown,Black,Hispanic or Latino,English,Commercial,Never,Overweight,Suburban
SYN-DM-02752,22,Intersex,Asian,Hispanic or Latino,Mandarin,Medicare,Former,Underweight,Suburban
SYN-DM-02753,28,Male,Black,Hispanic or Latino,Mandarin,Medicaid,Current,Normal,Unknown
SYN-DM-02754,28,Male,Black,Hispanic or Latino,Other,Medicare,Current,Underweight,Suburban
SYN-DM-02755,89,Unknown,White,Not Hispanic or Latino,English,Medicare,Never,Obesity,Suburban
SYN-DM-02756,28,Unknown,Other,Unknown,Other,Self-pay,Current,Overweight,Unknown
SYN-DM-02757,69,Male,Black,Not Hispanic or Latino,Spanish,Commercial,Never,Normal,Urban
SYN-DM-02758,22,Female,Asian,Hispanic or Latino,English,Commercial,Never,Underweight,Rural
SYN-DM-02759,60,Intersex,Black,Unknown,Other,Commercial,Current,Underweight,Suburban
SYN-DM-02760,46,Intersex,Other,Not Hispanic or Latino,English,Medicaid,Former,Obesity,Urban
SYN-DM-02761,65,Female,Black,Hispanic or Latino,English,Commercial,Never,Obesity,Unknown
SYN-DM-02762,61,Unknown,Other,Unknown,Other,Medicaid,Former,Obesity,Rural
SYN-DM-02763,87,Intersex,Other,Hispanic or Latino,English,Medicare,Former,Underweight,Rural
SYN-DM-02764,52,Unknown,White,Hispanic or Latino,Mandarin,Medicare,Former,Normal,Urban
SYN-DM-02765,76,Female,Black,Hispanic or Latino,Mandarin,Commercial,Never,Normal,Unknown
SYN-DM-02766,39,Female,Black,Unknown,Other,Medicaid,Never,Normal,Suburban
SYN-DM-02767,37,Unknown,Other,Hispanic or Latino,Mandarin,Medicaid,Former,Obesity,Rural
SYN-DM-02768,46,Male,Unknown,Hispanic or Latino,Mandarin,Commercial,Former,Underweight,Rural
SYN-DM-02769,34,Unknown,Asian,Hispanic or Latino,Other,Medicaid,Never,Obesity,Unknown
SYN-DM-02770,42,Female,White,Unknown,Spanish,Medicaid,Never,Normal,Rural
SYN-DM-02771,71,Intersex,Black,Hispanic or Latino,Mandarin,Commercial,Former,Underweight,Urban
SYN-DM-02772,48,Unknown,Black,Not Hispanic or Latino,Spanish,Medicare,Never,Overweight,Suburban
SYN-DM-02773,56,Male,Other,Hispanic or Latino,Mandarin,Commercial,Former,Underweight,Urban
SYN-DM-02774,76,Female,Unknown,Unknown,Other,Commercial,Former,Overweight,Suburban
SYN-DM-02775,85,Unknown,Black,Unknown,Mandarin,Commercial,Never,Normal,Unknown
SYN-DM-02776,38,Unknown,White,Not Hispanic or Latino,Mandarin,Commercial,Never,Normal,Unknown
SYN-DM-02777,57,Intersex,Unknown,Hispanic or Latino,English,Commercial,Current,Normal,Unknown
SYN-DM-02778,59,Female,Asian,Unknown,Mandarin,Commercial,Never,Underweight,Unknown
SYN-DM-02779,83,Female,Other,Not Hispanic or Latino,Spanish,Commercial,Never,Obesity,Urban
SYN-DM-02780,83,Female,Black,Not Hispanic or Latino,English,Commercial,Former,Overweight,Unknown
SYN-DM-02781,87,Female,Black,Not Hispanic or Latino,Spanish,Medicare,Current,Overweight,Rural
SYN-DM-02782,34,Male,White,Not Hispanic or Latino,Mandarin,Commercial,Former,Overweight,Unknown
SYN-DM-02783,25,Intersex,Black,Hispanic or Latino,Mandarin,Commercial,Current,Obesity,Urban
SYN-DM-02784,87,Unknown,Black,Unknown,Other,Medicare,Current,Obesity,Rural
SYN-DM-02785,38,Female,Unknown,Not Hispanic or Latino,Spanish,Commercial,Current,Underweight,Suburban
SYN-DM-02786,62,Intersex,Other,Not Hispanic or Latino,English,Commercial,Former,Normal,Suburban
SYN-DM-02787,38,Intersex,Black,Hispanic or Latino,English,Commercial,Never,Normal,Unknown
SYN-DM-02788,60,Intersex,Other,Not Hispanic or Latino,English,Medicare,Former,Overweight,Unknown
SYN-DM-02789,54,Male,White,Unknown,Other,Medicaid,Former,Overweight,Urban
SYN-DM-02790,41,Female,Asian,Not Hispanic or Latino,English,Medicaid,Former,Underweight,Rural
SYN-DM-02791,35,Intersex,White,Not Hispanic or Latino,Other,Medicaid,Never,Obesity,Urban
SYN-DM-02792,63,Male,Other,Not Hispanic or Latino,English,Commercial,Former,Underweight,Suburban
SYN-DM-02793,88,Intersex,Other,Not Hispanic or Latino,Other,Self-pay,Former,Underweight,Rural
SYN-DM-02794,90,Intersex,Black,Unknown,Spanish,Medicare,Former,Underweight,Rural
SYN-DM-02795,32,Male,Unknown,Hispanic or Latino,Mandarin,Medicare,Former,Normal,Urban
SYN-DM-02796,49,Intersex,Asian,Unknown,Mandarin,Commercial,Never,Overweight,Urban
SYN-DM-02797,36,Intersex,Asian,Hispanic or Latino,Other,Commercial,Never,Underweight,Rural
SYN-DM-02798,63,Male,White,Not Hispanic or Latino,Mandarin,Commercial,Never,Overweight,Suburban
SYN-DM-02799,67,Intersex,Asian,Hispanic or Latino,Other,Commercial,Current,Overweight,Suburban
SYN-DM-02800,55,Intersex,Black,Unknown,Other,Medicare,Former,Overweight,Unknown
SYN-DM-02801,43,Male,Other,Not Hispanic or Latino,Other,Commercial,Former,Underweight,Suburban
SYN-DM-02802,79,Male,Unknown,Unknown,Mandarin,Medicaid,Never,Underweight,Urban
SYN-DM-02803,22,Unknown,White,Not Hispanic or Latino,Spanish,Commercial,Former,Overweight,Rural
SYN-DM-02804,60,Female,White,Not Hispanic or Latino,Mandarin,Commercial,Former,Overweight,Rural
SYN-DM-02805,79,Intersex,Unknown,Unknown,Mandarin,Medicare,Never,Underweight,Rural
SYN-DM-02806,85,Female,Black,Not Hispanic or Latino,Mandarin,Medicare,Never,Overweight,Urban
SYN-DM-02807,60,Unknown,Unknown,Unknown,Other,Medicare,Never,Obesity,Rural
SYN-DM-02808,64,Intersex,Black,Unknown,English,Commercial,Never,Normal,Suburban
SYN-DM-02809,51,Male,Asian,Not Hispanic or Latino,English,Commercial,Unknown,Overweight,Unknown
SYN-DM-02810,33,Female,Unknown,Unknown,Spanish,Medicare,Former,Overweight,Rural
SYN-DM-02811,56,Female,Asian,Unknown,Other,Medicare,Former,Overweight,Urban
SYN-DM-02812,57,Male,Other,Not Hispanic or Latino,English,Medicaid,Former,Obesity,Rural
SYN-DM-02813,45,Unknown,Unknown,Not Hispanic or Latino,Spanish,Medicaid,Former,Obesity,Unknown
SYN-DM-02814,49,Intersex,Unknown,Unknown,English,Medicare,Never,Normal,Urban
SYN-DM-02815,90,Unknown,Unknown,Not Hispanic or Latino,Spanish,Medicaid,Former,Underweight,Unknown
SYN-DM-02816,82,Intersex,Other,Not Hispanic or Latino,Spanish,Medicare,Former,Overweight,Suburban
SYN-DM-02817,25,Female,White,Unknown,Other,Commercial,Never,Overweight,Rural
SYN-DM-02818,86,Unknown,Black,Hispanic or Latino,English,Commercial,Former,Obesity,Urban
SYN-DM-02819,54,Female,White,Not Hispanic or Latino,English,Commercial,Never,Overweight,Rural
SYN-DM-02820,43,Intersex,Other,Unknown,Spanish,Commercial,Former,Normal,Rural
SYN-DM-02821,39,Male,Unknown,Hispanic or Latino,English,Medicare,Never,Normal,Rural
SYN-DM-02822,88,Female,Black,Hispanic or Latino,Spanish,Medicaid,Current,Overweight,Suburban
SYN-DM-02823,63,Intersex,Asian,Hispanic or Latino,Other,Medicaid,Never,Normal,Suburban
SYN-DM-02824,39,Female,Black,Unknown,Spanish,Commercial,Never,Normal,Urban
SYN-DM-02825,76,Male,Asian,Not Hispanic or Latino,Mandarin,Commercial,Current,Normal,Unknown
SYN-DM-02826,83,Unknown,Asian,Unknown,Other,Medicaid,Never,Normal,Urban
SYN-DM-02827,88,Unknown,Black,Unknown,Mandarin,Medicare,Never,Obesity,Urban
SYN-DM-02828,80,Unknown,Unknown,Not Hispanic or Latino,Mandarin,Medicare,Never,Normal,Unknown
SYN-DM-02829,46,Unknown,Black,Unknown,Other,Commercial,Never,Overweight,Unknown
SYN-DM-02830,76,Male,Black,Not Hispanic or Latino,Other,Commercial,Former,Obesity,Suburban
SYN-DM-02831,80,Female,Other,Hispanic or Latino,Mandarin,Self-pay,Current,Underweight,Suburban
SYN-DM-02832,21,Unknown,Unknown,Not Hispanic or Latino,Mandarin,Medicare,Former,Normal,Rural
SYN-DM-02833,37,Intersex,Other,Hispanic or Latino,Other,Self-pay,Never,Underweight,Urban
SYN-DM-02834,43,Female,Unknown,Unknown,Other,Medicare,Former,Obesity,Rural
SYN-DM-02835,48,Intersex,Asian,Unknown,Other,Medicaid,Never,Overweight,Urban
SYN-DM-02836,47,Male,Other,Hispanic or Latino,Other,Commercial,Former,Obesity,Rural
SYN-DM-02837,61,Intersex,Black,Hispanic or Latino,Other,Medicaid,Former,Underweight,Rural
SYN-DM-02838,26,Unknown,Other,Unknown,English,Medicare,Current,Normal,Suburban
SYN-DM-02839,79,Unknown,Unknown,Unknown,Mandarin,Medicaid,Never,Overweight,Rural
SYN-DM-02840,74,Intersex,Other,Unknown,Other,Commercial,Never,Normal,Unknown
SYN-DM-02841,28,Female,White,Hispanic or Latino,Mandarin,Commercial,Former,Obesity,Urban
SYN-DM-02842,56,Male,Asian,Unknown,Mandarin,Commercial,Former,Underweight,Rural
SYN-DM-02843,81,Intersex,White,Unknown,English,Commercial,Never,Normal,Rural
SYN-DM-02844,84,Intersex,Unknown,Not Hispanic or Latino,Other,Medicare,Never,Underweight,Urban
SYN-DM-02845,64,Female,White,Unknown,Spanish,Medicare,Never,Underweight,Suburban
SYN-DM-02846,26,Male,Black,Unknown,Spanish,Commercial,Former,Obesity,Rural
SYN-DM-02847,86,Female,Asian,Unknown,Other,Commercial,Current,Overweight,Rural
SYN-DM-02848,80,Female,Other,Not Hispanic or Latino,Other,Medicaid,Never,Normal,Rural
SYN-DM-02849,67,Intersex,Black,Hispanic or Latino,English,Commercial,Never,Normal,Suburban
SYN-DM-02850,85,Female,Unknown,Unknown,Spanish,Self-pay,Former,Underweight,Suburban
SYN-DM-02851,56,Intersex,Asian,Unknown,Spanish,Commercial,Never,Overweight,Suburban
SYN-DM-02852,26,Female,Other,Unknown,English,Commercial,Former,Obesity,Unknown
SYN-DM-02853,47,Female,Other,Not Hispanic or Latino,Other,Commercial,Never,Obesity,Rural
SYN-DM-02854,43,Unknown,Asian,Unknown,Spanish,Commercial,Never,Normal,Suburban
SYN-DM-02855,33,Male,Black,Unknown,Mandarin,Commercial,Never,Overweight,Urban
SYN-DM-02856,55,Male,Black,Not Hispanic or Latino,Mandarin,Commercial,Never,Normal,Unknown
SYN-DM-02857,41,Female,Unknown,Unknown,Other,Medicare,Never,Normal,Rural
SYN-DM-02858,26,Unknown,Asian,Unknown,Other,Commercial,Former,Underweight,Unknown
SYN-DM-02859,43,Intersex,Unknown,Unknown,English,Commercial,Unknown,Normal,Rural
SYN-DM-02860,90,Female,Black,Hispanic or Latino,Mandarin,Commercial,Former,Overweight,Suburban
SYN-DM-02861,53,Male,Unknown,Unknown,Other,Medicaid,Never,Normal,Unknown
SYN-DM-02862,26,Intersex,Asian,Not Hispanic or Latino,Other,Commercial,Never,Overweight,Urban
SYN-DM-02863,23,Female,White,Unknown,Mandarin,Medicare,Never,Normal,Unknown
SYN-DM-02864,89,Male,Asian,Unknown,Other,Medicaid,Never,Normal,Urban
SYN-DM-02865,65,Male,Black,Not Hispanic or Latino,Mandarin,Commercial,Never,Obesity,Suburban
SYN-DM-02866,54,Intersex,Other,Not Hispanic or Latino,English,Medicare,Never,Overweight,Unknown
SYN-DM-02867,29,Female,Asian,Hispanic or Latino,Mandarin,Commercial,Unknown,Obesity,Urban
SYN-DM-02868,41,Intersex,White,Not Hispanic or Latino,English,Medicare,Former,Obesity,Suburban
SYN-DM-02869,27,Unknown,Asian,Hispanic or Latino,Other,Commercial,Former,Normal,Suburban
SYN-DM-02870,34,Intersex,Unknown,Hispanic or Latino,Mandarin,Commercial,Never,Overweight,Suburban
SYN-DM-02871,56,Unknown,Black,Not Hispanic or Latino,Other,Medicare,Never,Obesity,Rural
SYN-DM-02872,77,Male,Other,Unknown,Other,Medicare,Current,Overweight,Unknown
SYN-DM-02873,55,Female,Asian,Not Hispanic or Latino,Mandarin,Commercial,Never,Overweight,Rural
SYN-DM-02874,88,Intersex,Black,Not Hispanic or Latino,Other,Self-pay,Former,Normal,Suburban
SYN-DM-02875,46,Unknown,Other,Hispanic or Latino,Other,Commercial,Never,Normal,Urban
SYN-DM-02876,85,Female,Unknown,Not Hispanic or Latino,Mandarin,Commercial,Never,Overweight,Unknown
SYN-DM-02877,76,Unknown,Black,Hispanic or Latino,Spanish,Commercial,Current,Underweight,Rural
SYN-DM-02878,46,Unknown,Black,Hispanic or Latino,English,Commercial,Former,Normal,Unknown
SYN-DM-02879,51,Intersex,Asian,Unknown,Other,Commercial,Never,Overweight,Suburban
SYN-DM-02880,49,Female,Black,Hispanic or Latino,English,Self-pay,Unknown,Underweight,Urban
SYN-DM-02881,29,Intersex,Asian,Not Hispanic or Latino,Mandarin,Medicare,Never,Underweight,Unknown
SYN-DM-02882,62,Unknown,Other,Hispanic or Latino,Mandarin,Commercial,Former,Obesity,Suburban
SYN-DM-02883,45,Intersex,Other,Hispanic or Latino,Other,Medicare,Former,Underweight,Urban
SYN-DM-02884,48,Male,Unknown,Not Hispanic or Latino,Other,Self-pay,Current,Overweight,Urban
SYN-DM-02885,26,Unknown,White,Unknown,Other,Commercial,Never,Overweight,Urban
SYN-DM-02886,82,Female,Asian,Unknown,Spanish,Commercial,Never,Obesity,Unknown
SYN-DM-02887,84,Unknown,Asian,Unknown,Mandarin,Commercial,Former,Overweight,Rural
SYN-DM-02888,90,Unknown,Black,Not Hispanic or Latino,English,Medicaid,Former,Underweight,Suburban
SYN-DM-02889,49,Unknown,Black,Not Hispanic or Latino,Mandarin,Commercial,Never,Normal,Urban
SYN-DM-02890,55,Intersex,Unknown,Hispanic or Latino,Mandarin,Commercial,Former,Obesity,Unknown
SYN-DM-02891,88,Unknown,Unknown,Unknown,English,Commercial,Former,Overweight,Urban
SYN-DM-02892,75,Intersex,Unknown,Not Hispanic or Latino,Mandarin,Medicaid,Never,Normal,Urban
SYN-DM-02893,52,Male,Unknown,Unknown,Mandarin,Self-pay,Former,Underweight,Urban
SYN-DM-02894,57,Female,Other,Unknown,English,Medicare,Former,Underweight,Suburban
SYN-DM-02895,76,Male,White,Unknown,Other,Commercial,Former,Overweight,Unknown
SYN-DM-02896,36,Female,Black,Unknown,Other,Commercial,Current,Obesity,Urban
SYN-DM-02897,39,Intersex,White,Hispanic or Latino,English,Commercial,Former,Overweight,Suburban
SYN-DM-02898,56,Unknown,Asian,Hispanic or Latino,English,Medicare,Current,Overweight,Suburban
SYN-DM-02899,21,Female,Unknown,Hispanic or Latino,Mandarin,Commercial,Former,Overweight,Urban
SYN-DM-02900,75,Male,White,Hispanic or Latino,English,Commercial,Current,Normal,Suburban
SYN-DM-02901,65,Male,Unknown,Hispanic or Latino,Spanish,Medicaid,Current,Overweight,Rural
SYN-DM-02902,53,Female,Asian,Unknown,Spanish,Commercial,Former,Overweight,Rural
SYN-DM-02903,76,Male,Asian,Unknown,Mandarin,Medicare,Never,Underweight,Rural
SYN-DM-02904,55,Male,White,Not Hispanic or Latino,Other,Medicare,Current,Overweight,Suburban
SYN-DM-02905,23,Female,Unknown,Unknown,Other,Commercial,Never,Normal,Urban
SYN-DM-02906,86,Female,Unknown,Unknown,Other,Commercial,Never,Normal,Urban
SYN-DM-02907,31,Intersex,Unknown,Unknown,Mandarin,Medicaid,Current,Underweight,Unknown
SYN-DM-02908,36,Female,Asian,Hispanic or Latino,Spanish,Commercial,Never,Underweight,Suburban
SYN-DM-02909,37,Male,Other,Unknown,English,Medicare,Former,Overweight,Rural
SYN-DM-02910,25,Female,White,Not Hispanic or Latino,English,Commercial,Never,Overweight,Urban
SYN-DM-02911,80,Male,Asian,Hispanic or Latino,Other,Commercial,Unknown,Obesity,Rural
SYN-DM-02912,32,Unknown,White,Unknown,Spanish,Commercial,Never,Obesity,Rural
SYN-DM-02913,36,Female,Other,Hispanic or Latino,English,Commercial,Current,Underweight,Rural
SYN-DM-02914,27,Intersex,Unknown,Hispanic or Latino,Mandarin,Commercial,Current,Normal,Unknown
SYN-DM-02915,50,Male,Unknown,Unknown,English,Commercial,Never,Normal,Urban
SYN-DM-02916,69,Male,Asian,Unknown,English,Medicaid,Former,Normal,Rural
SYN-DM-02917,72,Unknown,Black,Not Hispanic or Latino,Mandarin,Medicare,Never,Overweight,Unknown
SYN-DM-02918,32,Female,White,Unknown,Other,Self-pay,Never,Underweight,Urban
SYN-DM-02919,90,Intersex,Black,Not Hispanic or Latino,English,Commercial,Never,Overweight,Rural
SYN-DM-02920,85,Intersex,Unknown,Not Hispanic or Latino,Mandarin,Medicaid,Never,Underweight,Unknown
SYN-DM-02921,86,Male,Other,Hispanic or Latino,Spanish,Medicare,Former,Obesity,Rural
SYN-DM-02922,77,Unknown,Other,Hispanic or Latino,Other,Commercial,Current,Normal,Urban
SYN-DM-02923,52,Female,Other,Unknown,Spanish,Commercial,Former,Underweight,Unknown
SYN-DM-02924,40,Unknown,Other,Not Hispanic or Latino,Other,Commercial,Never,Normal,Unknown
SYN-DM-02925,43,Female,Asian,Hispanic or Latino,English,Commercial,Never,Obesity,Rural
SYN-DM-02926,83,Unknown,White,Hispanic or Latino,Other,Self-pay,Never,Underweight,Suburban
SYN-DM-02927,26,Female,Black,Not Hispanic or Latino,Spanish,Medicare,Former,Normal,Suburban
SYN-DM-02928,40,Male,Asian,Hispanic or Latino,English,Medicare,Current,Normal,Suburban
SYN-DM-02929,54,Unknown,Other,Not Hispanic or Latino,Spanish,Medicare,Never,Underweight,Suburban
SYN-DM-02930,73,Male,Black,Not Hispanic or Latino,Spanish,Medicare,Former,Normal,Unknown
SYN-DM-02931,25,Unknown,Unknown,Not Hispanic or Latino,Other,Commercial,Former,Underweight,Rural
SYN-DM-02932,64,Unknown,White,Unknown,English,Medicaid,Former,Normal,Rural
SYN-DM-02933,33,Intersex,Black,Not Hispanic or Latino,Spanish,Commercial,Never,Obesity,Unknown
SYN-DM-02934,88,Female,Unknown,Unknown,Spanish,Medicaid,Never,Overweight,Unknown
SYN-DM-02935,67,Male,White,Hispanic or Latino,Spanish,Medicare,Never,Normal,Rural
SYN-DM-02936,41,Female,Asian,Hispanic or Latino,Spanish,Commercial,Former,Obesity,Urban
SYN-DM-02937,84,Male,White,Hispanic or Latino,English,Commercial,Unknown,Normal,Rural
SYN-DM-02938,59,Male,Black,Unknown,Other,Commercial,Former,Underweight,Unknown
SYN-DM-02939,84,Female,Black,Unknown,Mandarin,Medicaid,Never,Normal,Rural
SYN-DM-02940,55,Male,Unknown,Unknown,Spanish,Medicare,Never,Overweight,Unknown
SYN-DM-02941,41,Intersex,Asian,Unknown,Spanish,Commercial,Never,Obesity,Urban
SYN-DM-02942,87,Male,White,Unknown,Mandarin,Commercial,Never,Underweight,Unknown
SYN-DM-02943,65,Female,Black,Hispanic or Latino,English,Commercial,Former,Overweight,Rural
SYN-DM-02944,77,Male,Asian,Unknown,Other,Commercial,Former,Underweight,Urban
SYN-DM-02945,23,Intersex,Asian,Hispanic or Latino,Mandarin,Commercial,Never,Normal,Unknown
SYN-DM-02946,48,Unknown,White,Hispanic or Latino,English,Commercial,Never,Obesity,Suburban
SYN-DM-02947,31,Male,Other,Hispanic or Latino,Other,Commercial,Former,Overweight,Unknown
SYN-DM-02948,60,Female,Other,Unknown,English,Medicaid,Never,Normal,Suburban
SYN-DM-02949,21,Male,Unknown,Hispanic or Latino,Mandarin,Medicare,Former,Underweight,Urban
SYN-DM-02950,60,Unknown,Black,Not Hispanic or Latino,English,Commercial,Former,Normal,Rural
SYN-DM-02951,52,Intersex,Other,Hispanic or Latino,Spanish,Commercial,Unknown,Normal,Suburban
SYN-DM-02952,89,Female,Unknown,Unknown,Other,Commercial,Former,Obesity,Unknown
SYN-DM-02953,90,Intersex,Unknown,Unknown,Other,Commercial,Never,Obesity,Rural
SYN-DM-02954,78,Male,Asian,Not Hispanic or Latino,Spanish,Medicaid,Former,Overweight,Rural
SYN-DM-02955,45,Female,Black,Not Hispanic or Latino,Mandarin,Medicare,Never,Overweight,Unknown
SYN-DM-02956,74,Male,White,Hispanic or Latino,Spanish,Commercial,Never,Overweight,Rural
SYN-DM-02957,90,Intersex,White,Not Hispanic or Latino,Mandarin,Medicare,Never,Obesity,Urban
SYN-DM-02958,66,Unknown,White,Unknown,English,Medicaid,Former,Normal,Unknown
SYN-DM-02959,35,Male,White,Unknown,English,Medicaid,Unknown,Normal,Unknown
SYN-DM-02960,80,Female,Black,Not Hispanic or Latino,English,Commercial,Never,Normal,Unknown
SYN-DM-02961,24,Intersex,Black,Hispanic or Latino,Other,Medicare,Former,Normal,Rural
SYN-DM-02962,84,Male,White,Hispanic or Latino,Spanish,Medicare,Never,Overweight,Urban
SYN-DM-02963,21,Intersex,Asian,Hispanic or Latino,Spanish,Commercial,Never,Normal,Rural
SYN-DM-02964,53,Intersex,Black,Not Hispanic or Latino,English,Medicare,Former,Normal,Rural
SYN-DM-02965,73,Intersex,Unknown,Unknown,Spanish,Medicare,Never,Overweight,Suburban
SYN-DM-02966,36,Male,Other,Hispanic or Latino,Other,Commercial,Never,Obesity,Suburban
SYN-DM-02967,47,Intersex,Unknown,Unknown,Mandarin,Medicaid,Never,Underweight,Urban
SYN-DM-02968,87,Intersex,Other,Unknown,English,Medicare,Never,Underweight,Unknown
SYN-DM-02969,42,Male,Other,Hispanic or Latino,Other,Commercial,Never,Normal,Unknown
SYN-DM-02970,78,Intersex,Black,Unknown,Spanish,Commercial,Current,Underweight,Unknown
SYN-DM-02971,43,Intersex,Unknown,Hispanic or Latino,English,Commercial,Former,Obesity,Urban
SYN-DM-02972,71,Intersex,Unknown,Unknown,English,Commercial,Current,Obesity,Unknown
SYN-DM-02973,48,Intersex,Other,Unknown,Mandarin,Commercial,Former,Obesity,Urban
SYN-DM-02974,36,Female,Other,Unknown,Mandarin,Commercial,Never,Underweight,Unknown
SYN-DM-02975,38,Intersex,Other,Not Hispanic or Latino,Other,Self-pay,Former,Underweight,Unknown
SYN-DM-02976,37,Unknown,Asian,Not Hispanic or Latino,Spanish,Commercial,Former,Normal,Rural
SYN-DM-02977,52,Male,White,Unknown,Spanish,Commercial,Never,Underweight,Rural
SYN-DM-02978,47,Female,White,Not Hispanic or Latino,Spanish,Medicaid,Former,Underweight,Rural
SYN-DM-02979,28,Female,White,Not Hispanic or Latino,Other,Commercial,Never,Normal,Suburban
SYN-DM-02980,39,Male,Other,Hispanic or Latino,English,Medicaid,Never,Normal,Suburban
SYN-DM-02981,83,Unknown,Black,Unknown,Spanish,Commercial,Unknown,Obesity,Rural
SYN-DM-02982,35,Male,Unknown,Not Hispanic or Latino,Mandarin,Medicare,Former,Normal,Urban
SYN-DM-02983,63,Intersex,Black,Not Hispanic or Latino,English,Medicare,Never,Underweight,Unknown
SYN-DM-02984,36,Female,Unknown,Unknown,Spanish,Medicare,Former,Obesity,Unknown
SYN-DM-02985,33,Male,Black,Unknown,English,Commercial,Former,Overweight,Unknown
SYN-DM-02986,68,Unknown,White,Unknown,Spanish,Commercial,Never,Normal,Urban
SYN-DM-02987,78,Male,Other,Unknown,Spanish,Commercial,Never,Overweight,Unknown
SYN-DM-02988,85,Male,Asian,Hispanic or Latino,Other,Medicaid,Current,Obesity,Rural
SYN-DM-02989,79,Unknown,Black,Not Hispanic or Latino,Spanish,Commercial,Never,Underweight,Rural
SYN-DM-02990,72,Male,Other,Hispanic or Latino,Other,Commercial,Unknown,Obesity,Unknown
SYN-DM-02991,31,Male,Asian,Not Hispanic or Latino,English,Medicare,Never,Obesity,Rural
SYN-DM-02992,78,Female,Black,Unknown,Other,Commercial,Never,Overweight,Rural
SYN-DM-02993,22,Male,Other,Hispanic or Latino,Spanish,Commercial,Former,Obesity,Unknown
SYN-DM-02994,52,Intersex,Other,Hispanic or Latino,English,Medicare,Former,Obesity,Unknown
SYN-DM-02995,40,Intersex,White,Hispanic or Latino,English,Commercial,Former,Obesity,Urban
SYN-DM-02996,36,Male,Unknown,Hispanic or Latino,Other,Medicare,Never,Underweight,Suburban
SYN-DM-02997,45,Unknown,White,Unknown,English,Medicare,Former,Underweight,Unknown
SYN-DM-02998,27,Male,Asian,Not Hispanic or Latino,Mandarin,Medicaid,Never,Obesity,Unknown
SYN-DM-02999,69,Female,Unknown,Not Hispanic or Latino,Spanish,Medicare,Former,Normal,Rural
SYN-DM-03000,88,Intersex,Black,Unknown,English,Commercial,Former,Normal,Suburban
SYN-DM-03001,25,Female,Other,Hispanic or Latino,Other,Commercial,Never,Normal,Unknown
SYN-DM-03002,26,Female,Black,Not Hispanic or Latino,Other,Medicaid,Unknown,Overweight,Rural
SYN-DM-03003,70,Male,Asian,Not Hispanic or Latino,Other,Medicare,Former,Obesity,Urban
SYN-DM-03004,48,Male,Other,Not Hispanic or Latino,Other,Medicare,Former,Underweight,Rural
SYN-DM-03005,54,Female,Black,Hispanic or Latino,English,Commercial,Never,Normal,Suburban
SYN-DM-03006,83,Male,White,Hispanic or Latino,English,Commercial,Current,Normal,Suburban
SYN-DM-03007,50,Intersex,Asian,Unknown,Mandarin,Commercial,Never,Underweight,Urban
SYN-DM-03008,67,Female,White,Unknown,Mandarin,Commercial,Current,Obesity,Urban
SYN-DM-03009,43,Male,Black,Unknown,Spanish,Commercial,Never,Overweight,Urban
SYN-DM-03010,47,Male,Asian,Not Hispanic or Latino,Other,Commercial,Former,Overweight,Unknown
SYN-DM-03011,66,Male,Unknown,Not Hispanic or Latino,Other,Commercial,Never,Obesity,Rural
SYN-DM-03012,24,Female,Other,Hispanic or Latino,Other,Self-pay,Never,Obesity,Unknown
SYN-DM-03013,54,Female,Black,Unknown,Mandarin,Medicare,Never,Overweight,Suburban
SYN-DM-03014,83,Unknown,Unknown,Unknown,English,Commercial,Never,Normal,Urban
SYN-DM-03015,72,Female,Unknown,Unknown,Mandarin,Medicaid,Former,Underweight,Unknown
SYN-DM-03016,62,Unknown,Other,Not Hispanic or Latino,Spanish,Commercial,Never,Obesity,Suburban
SYN-DM-03017,71,Unknown,Other,Hispanic or Latino,English,Commercial,Never,Obesity,Urban
SYN-DM-03018,33,Female,White,Unknown,Other,Commercial,Never,Normal,Rural
SYN-DM-03019,37,Female,Asian,Hispanic or Latino,Other,Medicaid,Unknown,Underweight,Suburban
SYN-DM-03020,26,Female,White,Not Hispanic or Latino,Mandarin,Commercial,Never,Underweight,Urban
SYN-DM-03021,57,Intersex,White,Not Hispanic or Latino,Spanish,Self-pay,Never,Normal,Unknown
SYN-DM-03022,58,Unknown,Other,Not Hispanic or Latino,Spanish,Self-pay,Never,Obesity,Urban
SYN-DM-03023,45,Male,White,Unknown,Other,Commercial,Former,Underweight,Rural
SYN-DM-03024,38,Unknown,Unknown,Unknown,Other,Commercial,Never,Underweight,Suburban
SYN-DM-03025,46,Unknown,Black,Hispanic or Latino,Other,Commercial,Never,Overweight,Unknown
SYN-DM-03026,50,Intersex,Unknown,Hispanic or Latino,Mandarin,Medicare,Current,Overweight,Suburban
SYN-DM-03027,61,Intersex,Black,Hispanic or Latino,Spanish,Medicaid,Current,Overweight,Urban
SYN-DM-03028,82,Unknown,Unknown,Not Hispanic or Latino,English,Medicare,Never,Underweight,Rural
SYN-DM-03029,72,Unknown,White,Hispanic or Latino,English,Commercial,Never,Obesity,Unknown
SYN-DM-03030,73,Male,Unknown,Unknown,Mandarin,Medicare,Former,Obesity,Suburban
SYN-DM-03031,56,Unknown,White,Hispanic or Latino,Other,Commercial,Current,Normal,Unknown
SYN-DM-03032,74,Female,Asian,Unknown,Mandarin,Commercial,Unknown,Overweight,Rural
SYN-DM-03033,80,Female,Black,Not Hispanic or Latino,Mandarin,Self-pay,Former,Underweight,Suburban
SYN-DM-03034,53,Male,Unknown,Hispanic or Latino,Spanish,Commercial,Former,Overweight,Unknown
SYN-DM-03035,62,Female,Unknown,Not Hispanic or Latino,Mandarin,Commercial,Never,Underweight,Unknown
SYN-DM-03036,80,Unknown,White,Not Hispanic or Latino,Spanish,Medicare,Former,Normal,Suburban
SYN-DM-03037,58,Intersex,Other,Unknown,Mandarin,Commercial,Former,Normal,Rural
SYN-DM-03038,51,Male,Asian,Hispanic or Latino,Spanish,Commercial,Never,Underweight,Urban
SYN-DM-03039,23,Unknown,White,Not Hispanic or Latino,English,Medicare,Former,Obesity,Urban
SYN-DM-03040,82,Female,Black,Not Hispanic or Latino,English,Commercial,Current,Overweight,Unknown
SYN-DM-03041,21,Intersex,White,Not Hispanic or Latino,English,Commercial,Never,Normal,Unknown
SYN-DM-03042,76,Intersex,Asian,Unknown,English,Commercial,Never,Overweight,Suburban
SYN-DM-03043,49,Unknown,White,Unknown,English,Self-pay,Never,Obesity,Suburban
SYN-DM-03044,65,Unknown,White,Unknown,Other,Self-pay,Former,Underweight,Rural
SYN-DM-03045,60,Male,Other,Hispanic or Latino,Other,Medicare,Former,Underweight,Unknown
SYN-DM-03046,51,Intersex,Unknown,Not Hispanic or Latino,Mandarin,Medicaid,Former,Obesity,Rural
SYN-DM-03047,56,Intersex,Black,Unknown,Mandarin,Medicaid,Never,Obesity,Suburban
SYN-DM-03048,47,Male,Black,Not Hispanic or Latino,Spanish,Medicaid,Unknown,Underweight,Rural
SYN-DM-03049,39,Male,Unknown,Hispanic or Latino,Mandarin,Commercial,Never,Overweight,Rural
SYN-DM-03050,84,Male,White,Not Hispanic or Latino,English,Commercial,Never,Normal,Rural
SYN-DM-03051,34,Female,Other,Not Hispanic or Latino,Mandarin,Commercial,Never,Underweight,Urban
SYN-DM-03052,31,Intersex,Asian,Hispanic or Latino,Other,Commercial,Former,Normal,Urban
SYN-DM-03053,49,Male,Other,Hispanic or Latino,English,Commercial,Never,Obesity,Urban
SYN-DM-03054,89,Unknown,Other,Unknown,Mandarin,Medicaid,Former,Overweight,Unknown
SYN-DM-03055,84,Unknown,Other,Unknown,Mandarin,Commercial,Never,Normal,Rural
SYN-DM-03056,43,Unknown,Black,Not Hispanic or Latino,English,Commercial,Former,Normal,Urban
SYN-DM-03057,39,Intersex,White,Hispanic or Latino,Other,Commercial,Former,Overweight,Rural
SYN-DM-03058,67,Unknown,Other,Unknown,Other,Medicaid,Never,Overweight,Rural
SYN-DM-03059,83,Male,Other,Not Hispanic or Latino,Mandarin,Commercial,Former,Normal,Rural
SYN-DM-03060,76,Intersex,Other,Unknown,English,Commercial,Former,Underweight,Rural
SYN-DM-03061,78,Unknown,White,Unknown,Other,Medicaid,Never,Obesity,Rural
SYN-DM-03062,32,Female,Unknown,Hispanic or Latino,Other,Commercial,Never,Obesity,Urban
SYN-DM-03063,39,Unknown,White,Unknown,Mandarin,Commercial,Never,Overweight,Rural
SYN-DM-03064,78,Intersex,Other,Not Hispanic or Latino,Spanish,Commercial,Never,Obesity,Unknown
SYN-DM-03065,33,Female,Black,Not Hispanic or Latino,Other,Commercial,Never,Normal,Unknown
SYN-DM-03066,23,Male,Asian,Hispanic or Latino,Other,Commercial,Current,Normal,Urban
SYN-DM-03067,83,Unknown,Asian,Unknown,Mandarin,Commercial,Never,Underweight,Rural
SYN-DM-03068,63,Female,Asian,Not Hispanic or Latino,Other,Commercial,Former,Normal,Urban
SYN-DM-03069,82,Female,Unknown,Hispanic or Latino,English,Commercial,Current,Obesity,Rural
SYN-DM-03070,78,Intersex,Other,Unknown,Other,Medicare,Former,Underweight,Unknown
SYN-DM-03071,58,Male,Black,Unknown,Other,Medicaid,Former,Underweight,Suburban
SYN-DM-03072,75,Female,Other,Hispanic or Latino,Spanish,Medicaid,Current,Underweight,Rural
SYN-DM-03073,51,Intersex,Other,Hispanic or Latino,Other,Commercial,Former,Obesity,Unknown
SYN-DM-03074,23,Unknown,Unknown,Hispanic or Latino,Other,Commercial,Former,Underweight,Unknown
SYN-DM-03075,80,Female,Asian,Not Hispanic or Latino,Spanish,Commercial,Current,Overweight,Unknown
SYN-DM-03076,36,Intersex,Other,Hispanic or Latino,Mandarin,Commercial,Never,Underweight,Unknown
SYN-DM-03077,43,Unknown,White,Unknown,English,Commercial,Former,Obesity,Suburban
SYN-DM-03078,54,Intersex,Other,Hispanic or Latino,Mandarin,Medicaid,Never,Underweight,Urban
SYN-DM-03079,79,Unknown,Asian,Not Hispanic or Latino,Mandarin,Self-pay,Never,Obesity,Suburban
SYN-DM-03080,80,Unknown,Black,Hispanic or Latino,Mandarin,Commercial,Former,Obesity,Rural
SYN-DM-03081,52,Male,Asian,Unknown,Spanish,Commercial,Never,Underweight,Urban
SYN-DM-03082,65,Unknown,Other,Hispanic or Latino,Other,Commercial,Never,Overweight,Urban
SYN-DM-03083,90,Male,Other,Hispanic or Latino,Mandarin,Commercial,Unknown,Obesity,Rural
SYN-DM-03084,58,Intersex,Asian,Hispanic or Latino,Spanish,Medicare,Never,Normal,Unknown
SYN-DM-03085,77,Unknown,Other,Not Hispanic or Latino,Other,Commercial,Current,Obesity,Urban
SYN-DM-03086,38,Male,White,Not Hispanic or Latino,English,Medicare,Former,Overweight,Suburban
SYN-DM-03087,38,Unknown,Black,Hispanic or Latino,Mandarin,Medicare,Unknown,Underweight,Rural
SYN-DM-03088,61,Intersex,White,Not Hispanic or Latino,English,Medicare,Former,Obesity,Rural
SYN-DM-03089,32,Intersex,White,Hispanic or Latino,Mandarin,Commercial,Never,Normal,Urban
SYN-DM-03090,77,Intersex,Asian,Not Hispanic or Latino,Other,Commercial,Never,Obesity,Unknown
SYN-DM-03091,56,Female,Other,Unknown,Spanish,Commercial,Former,Underweight,Rural
SYN-DM-03092,55,Female,Other,Hispanic or Latino,Spanish,Medicare,Never,Overweight,Urban
SYN-DM-03093,85,Intersex,Asian,Hispanic or Latino,Other,Medicare,Never,Normal,Suburban
SYN-DM-03094,64,Intersex,Asian,Hispanic or Latino,Spanish,Commercial,Current,Normal,Suburban
SYN-DM-03095,65,Unknown,Asian,Hispanic or Latino,Mandarin,Medicaid,Current,Normal,Suburban
SYN-DM-03096,22,Unknown,Unknown,Not Hispanic or Latino,Other,Medicare,Never,Overweight,Rural
SYN-DM-03097,48,Unknown,White,Unknown,Mandarin,Commercial,Former,Normal,Rural
SYN-DM-03098,66,Unknown,Other,Hispanic or Latino,Spanish,Commercial,Never,Obesity,Urban
SYN-DM-03099,55,Female,Black,Not Hispanic or Latino,Spanish,Commercial,Never,Normal,Urban
SYN-DM-03100,71,Male,Black,Not Hispanic or Latino,Mandarin,Commercial,Never,Normal,Unknown
SYN-DM-03101,52,Male,Asian,Not Hispanic or Latino,Spanish,Medicaid,Current,Overweight,Urban
SYN-DM-03102,60,Male,Black,Not Hispanic or Latino,Spanish,Medicare,Never,Normal,Rural
SYN-DM-03103,57,Intersex,Asian,Not Hispanic or Latino,Mandarin,Commercial,Former,Overweight,Urban
SYN-DM-03104,30,Intersex,Asian,Not Hispanic or Latino,Spanish,Commercial,Never,Overweight,Suburban
SYN-DM-03105,21,Unknown,Other,Hispanic or Latino,Spanish,Medicaid,Never,Overweight,Urban
SYN-DM-03106,62,Female,Black,Hispanic or Latino,English,Medicaid,Never,Overweight,Rural
SYN-DM-03107,71,Unknown,Unknown,Not Hispanic or Latino,English,Medicare,Current,Overweight,Unknown
SYN-DM-03108,23,Male,Asian,Hispanic or Latino,Other,Medicare,Never,Normal,Unknown
SYN-DM-03109,62,Intersex,Other,Unknown,English,Medicare,Never,Normal,Unknown
SYN-DM-03110,68,Intersex,White,Hispanic or Latino,Spanish,Commercial,Never,Overweight,Unknown
SYN-DM-03111,49,Male,Black,Not Hispanic or Latino,English,Commercial,Former,Obesity,Suburban
SYN-DM-03112,53,Intersex,Other,Unknown,Other,Medicaid,Former,Normal,Rural
SYN-DM-03113,69,Female,Unknown,Not Hispanic or Latino,Mandarin,Commercial,Unknown,Overweight,Urban
SYN-DM-03114,30,Intersex,Other,Hispanic or Latino,English,Commercial,Former,Overweight,Urban
SYN-DM-03115,29,Intersex,White,Unknown,Mandarin,Medicare,Former,Obesity,Suburban
SYN-DM-03116,52,Unknown,White,Hispanic or Latino,Mandarin,Medicaid,Former,Underweight,Urban
SYN-DM-03117,30,Unknown,White,Unknown,Spanish,Medicare,Former,Underweight,Unknown
SYN-DM-03118,51,Female,Unknown,Unknown,Spanish,Self-pay,Never,Obesity,Unknown
SYN-DM-03119,27,Intersex,Other,Hispanic or Latino,Mandarin,Commercial,Never,Normal,Unknown
SYN-DM-03120,61,Female,Black,Hispanic or Latino,Spanish,Commercial,Former,Obesity,Suburban
SYN-DM-03121,21,Unknown,Asian,Unknown,Spanish,Medicare,Former,Overweight,Urban
SYN-DM-03122,59,Female,White,Not Hispanic or Latino,English,Commercial,Never,Underweight,Unknown
SYN-DM-03123,31,Female,White,Unknown,English,Commercial,Former,Overweight,Unknown
SYN-DM-03124,52,Female,Asian,Not Hispanic or Latino,Other,Commercial,Never,Overweight,Urban
SYN-DM-03125,90,Intersex,Other,Not Hispanic or Latino,Spanish,Commercial,Former,Underweight,Unknown
SYN-DM-03126,90,Male,White,Hispanic or Latino,English,Medicare,Never,Underweight,Rural
SYN-DM-03127,24,Intersex,White,Unknown,Mandarin,Commercial,Never,Overweight,Urban
SYN-DM-03128,79,Intersex,Other,Not Hispanic or Latino,Mandarin,Medicaid,Never,Overweight,Urban
SYN-DM-03129,42,Unknown,Asian,Unknown,English,Commercial,Former,Obesity,Unknown
SYN-DM-03130,64,Unknown,White,Hispanic or Latino,Other,Medicare,Never,Obesity,Suburban
SYN-DM-03131,69,Female,Black,Not Hispanic or Latino,Mandarin,Medicare,Never,Underweight,Suburban
SYN-DM-03132,26,Intersex,Other,Hispanic or Latino,Mandarin,Medicare,Current,Overweight,Unknown
SYN-DM-03133,67,Unknown,Asian,Hispanic or Latino,Mandarin,Medicaid,Never,Normal,Urban
SYN-DM-03134,31,Unknown,Black,Unknown,Other,Medicare,Never,Overweight,Urban
SYN-DM-03135,67,Female,Black,Hispanic or Latino,Mandarin,Commercial,Never,Overweight,Unknown
SYN-DM-03136,65,Male,Other,Not Hispanic or Latino,Other,Medicare,Former,Overweight,Rural
SYN-DM-03137,87,Intersex,Black,Unknown,Spanish,Commercial,Former,Normal,Unknown
SYN-DM-03138,23,Intersex,Black,Unknown,Spanish,Medicare,Never,Underweight,Urban
SYN-DM-03139,63,Male,Other,Not Hispanic or Latino,Mandarin,Commercial,Never,Obesity,Suburban
SYN-DM-03140,24,Unknown,Unknown,Unknown,English,Medicare,Never,Obesity,Suburban
SYN-DM-03141,76,Intersex,Unknown,Hispanic or Latino,Mandarin,Self-pay,Never,Overweight,Unknown
SYN-DM-03142,42,Intersex,Unknown,Unknown,Spanish,Medicare,Current,Obesity,Rural
SYN-DM-03143,83,Male,Black,Not Hispanic or Latino,English,Medicare,Former,Obesity,Suburban
SYN-DM-03144,23,Intersex,Asian,Not Hispanic or Latino,Other,Commercial,Never,Overweight,Unknown
SYN-DM-03145,64,Female,Other,Unknown,English,Commercial,Never,Underweight,Rural
SYN-DM-03146,45,Intersex,Black,Not Hispanic or Latino,Other,Commercial,Former,Normal,Suburban
SYN-DM-03147,67,Unknown,Other,Hispanic or Latino,Mandarin,Commercial,Current,Obesity,Suburban
SYN-DM-03148,67,Unknown,Asian,Hispanic or Latino,Mandarin,Medicare,Former,Normal,Urban
SYN-DM-03149,38,Unknown,Asian,Not Hispanic or Latino,Spanish,Medicare,Never,Underweight,Unknown
SYN-DM-03150,74,Intersex,Other,Not Hispanic or Latino,English,Medicare,Former,Overweight,Rural
SYN-DM-03151,37,Male,Other,Hispanic or Latino,English,Commercial,Current,Normal,Rural
SYN-DM-03152,63,Intersex,Unknown,Unknown,Mandarin,Medicare,Never,Normal,Urban
SYN-DM-03153,71,Intersex,Asian,Unknown,Mandarin,Medicaid,Never,Obesity,Rural
SYN-DM-03154,34,Female,Unknown,Hispanic or Latino,English,Commercial,Never,Overweight,Rural
SYN-DM-03155,42,Male,White,Hispanic or Latino,Other,Medicare,Never,Normal,Rural
SYN-DM-03156,62,Male,Other,Hispanic or Latino,English,Commercial,Former,Overweight,Suburban
SYN-DM-03157,31,Intersex,Unknown,Hispanic or Latino,Spanish,Commercial,Never,Obesity,Suburban
SYN-DM-03158,49,Unknown,Black,Not Hispanic or Latino,Other,Commercial,Current,Obesity,Rural
SYN-DM-03159,74,Intersex,Other,Not Hispanic or Latino,Mandarin,Commercial,Never,Normal,Unknown
SYN-DM-03160,36,Male,Other,Unknown,Other,Self-pay,Former,Underweight,Rural
SYN-DM-03161,56,Male,Black,Hispanic or Latino,Other,Medicaid,Former,Underweight,Suburban
SYN-DM-03162,85,Female,Other,Unknown,Mandarin,Commercial,Former,Underweight,Unknown
SYN-DM-03163,63,Unknown,Other,Hispanic or Latino,Other,Commercial,Never,Normal,Urban
SYN-DM-03164,85,Female,White,Unknown,Spanish,Commercial,Never,Overweight,Urban
SYN-DM-03165,22,Unknown,Other,Hispanic or Latino,Mandarin,Commercial,Never,Obesity,Unknown
SYN-DM-03166,23,Intersex,White,Hispanic or Latino,Spanish,Medicare,Former,Underweight,Rural
SYN-DM-03167,73,Male,White,Hispanic or Latino,Mandarin,Commercial,Current,Underweight,Rural
SYN-DM-03168,26,Male,White,Hispanic or Latino,English,Commercial,Never,Obesity,Suburban
SYN-DM-03169,85,Intersex,Asian,Hispanic or Latino,English,Commercial,Former,Obesity,Unknown
SYN-DM-03170,37,Intersex,Asian,Unknown,Spanish,Commercial,Never,Overweight,Unknown
SYN-DM-03171,57,Female,Asian,Hispanic or Latino,Mandarin,Medicare,Never,Overweight,Suburban
SYN-DM-03172,46,Male,Asian,Hispanic or Latino,Other,Commercial,Former,Overweight,Rural
SYN-DM-03173,85,Female,Black,Unknown,Other,Medicare,Never,Underweight,Urban
SYN-DM-03174,86,Unknown,Asian,Unknown,English,Medicaid,Unknown,Overweight,Urban
SYN-DM-03175,58,Female,Asian,Hispanic or Latino,English,Commercial,Never,Obesity,Urban
SYN-DM-03176,55,Unknown,Unknown,Unknown,Mandarin,Commercial,Former,Normal,Rural
SYN-DM-03177,42,Female,Unknown,Not Hispanic or Latino,English,Commercial,Former,Overweight,Unknown
SYN-DM-03178,57,Intersex,Other,Not Hispanic or Latino,Other,Commercial,Never,Obesity,Urban
SYN-DM-03179,23,Male,Other,Not Hispanic or Latino,Other,Commercial,Never,Underweight,Unknown
SYN-DM-03180,66,Male,Asian,Unknown,English,Commercial,Former,Normal,Suburban
SYN-DM-03181,21,Female,Black,Hispanic or Latino,Other,Commercial,Never,Overweight,Rural
SYN-DM-03182,66,Intersex,Black,Not Hispanic or Latino,Mandarin,Commercial,Never,Obesity,Suburban
SYN-DM-03183,50,Intersex,Asian,Hispanic or Latino,Spanish,Commercial,Never,Normal,Unknown
SYN-DM-03184,42,Intersex,Unknown,Hispanic or Latino,Other,Medicaid,Former,Normal,Suburban
SYN-DM-03185,22,Intersex,Other,Hispanic or Latino,Mandarin,Medicare,Former,Normal,Unknown
SYN-DM-03186,44,Unknown,Other,Unknown,Spanish,Commercial,Never,Overweight,Suburban
SYN-DM-03187,65,Male,Black,Hispanic or Latino,Spanish,Medicaid,Never,Underweight,Urban
SYN-DM-03188,28,Male,Black,Hispanic or Latino,Spanish,Commercial,Never,Overweight,Suburban
SYN-DM-03189,73,Intersex,Unknown,Not Hispanic or Latino,Mandarin,Commercial,Former,Overweight,Urban
SYN-DM-03190,63,Female,Other,Not Hispanic or Latino,Mandarin,Commercial,Former,Underweight,Rural
SYN-DM-03191,32,Female,Black,Hispanic or Latino,English,Commercial,Never,Overweight,Suburban
SYN-DM-03192,49,Male,Other,Unknown,English,Medicare,Current,Normal,Rural
SYN-DM-03193,46,Intersex,Black,Hispanic or Latino,Mandarin,Commercial,Never,Normal,Urban
SYN-DM-03194,88,Intersex,Unknown,Unknown,English,Commercial,Never,Normal,Suburban
SYN-DM-03195,81,Female,Other,Hispanic or Latino,English,Self-pay,Unknown,Obesity,Rural
SYN-DM-03196,76,Unknown,Asian,Unknown,Other,Commercial,Never,Normal,Unknown
SYN-DM-03197,67,Male,Black,Not Hispanic or Latino,Mandarin,Medicare,Never,Normal,Suburban
SYN-DM-03198,71,Unknown,Asian,Hispanic or Latino,Other,Medicaid,Never,Underweight,Urban
SYN-DM-03199,86,Male,Black,Hispanic or Latino,Other,Medicaid,Never,Normal,Unknown
SYN-DM-03200,76,Unknown,White,Hispanic or Latino,Spanish,Commercial,Former,Overweight,Rural
SYN-DM-03201,69,Unknown,Unknown,Not Hispanic or Latino,Other,Medicare,Current,Overweight,Rural
SYN-DM-03202,81,Unknown,Unknown,Hispanic or Latino,English,Medicaid,Current,Underweight,Suburban
SYN-DM-03203,77,Unknown,Black,Not Hispanic or Latino,Other,Commercial,Never,Normal,Urban
SYN-DM-03204,23,Female,White,Unknown,English,Commercial,Never,Normal,Unknown
SYN-DM-03205,68,Intersex,Unknown,Hispanic or Latino,Other,Commercial,Former,Overweight,Unknown
SYN-DM-03206,83,Intersex,Unknown,Not Hispanic or Latino,Spanish,Medicare,Never,Overweight,Unknown
SYN-DM-03207,37,Unknown,Asian,Not Hispanic or Latino,Spanish,Commercial,Never,Underweight,Suburban
SYN-DM-03208,90,Female,Other,Hispanic or Latino,Spanish,Commercial,Never,Normal,Rural
SYN-DM-03209,59,Male,White,Not Hispanic or Latino,Spanish,Commercial,Never,Underweight,Rural
SYN-DM-03210,69,Female,White,Hispanic or Latino,Spanish,Commercial,Never,Overweight,Suburban
SYN-DM-03211,43,Intersex,Other,Unknown,Other,Commercial,Never,Overweight,Suburban
SYN-DM-03212,76,Intersex,Black,Unknown,English,Commercial,Former,Overweight,Rural
SYN-DM-03213,64,Unknown,Unknown,Not Hispanic or Latino,Mandarin,Medicare,Current,Normal,Unknown
SYN-DM-03214,33,Intersex,Other,Hispanic or Latino,Spanish,Medicare,Never,Underweight,Urban
SYN-DM-03215,33,Unknown,Asian,Not Hispanic or Latino,Other,Commercial,Former,Underweight,Urban
SYN-DM-03216,43,Unknown,Other,Hispanic or Latino,Mandarin,Medicare,Former,Normal,Suburban
SYN-DM-03217,37,Unknown,Black,Hispanic or Latino,Spanish,Medicare,Never,Underweight,Urban
SYN-DM-03218,60,Female,Black,Hispanic or Latino,English,Commercial,Never,Underweight,Rural
SYN-DM-03219,83,Unknown,Black,Hispanic or Latino,Other,Commercial,Current,Obesity,Rural
SYN-DM-03220,31,Female,Asian,Hispanic or Latino,Other,Medicare,Former,Overweight,Suburban
SYN-DM-03221,34,Female,Asian,Not Hispanic or Latino,Other,Self-pay,Never,Overweight,Urban
SYN-DM-03222,52,Intersex,Black,Unknown,Mandarin,Medicaid,Current,Obesity,Rural
SYN-DM-03223,50,Female,White,Unknown,Spanish,Medicaid,Never,Overweight,Rural
SYN-DM-03224,50,Male,Black,Not Hispanic or Latino,Mandarin,Commercial,Never,Underweight,Suburban
SYN-DM-03225,80,Female,Black,Hispanic or Latino,Spanish,Commercial,Never,Underweight,Urban
SYN-DM-03226,50,Female,Black,Unknown,Mandarin,Medicare,Never,Normal,Urban
SYN-DM-03227,75,Intersex,Asian,Hispanic or Latino,Mandarin,Commercial,Unknown,Obesity,Rural
SYN-DM-03228,49,Intersex,Other,Unknown,Spanish,Commercial,Never,Underweight,Rural
SYN-DM-03229,60,Female,White,Not Hispanic or Latino,Spanish,Commercial,Never,Obesity,Unknown
SYN-DM-03230,30,Male,Unknown,Hispanic or Latino,English,Medicare,Never,Overweight,Rural
SYN-DM-03231,69,Intersex,Black,Not Hispanic or Latino,Spanish,Commercial,Never,Obesity,Urban
SYN-DM-03232,64,Male,Other,Hispanic or Latino,Spanish,Medicaid,Former,Normal,Suburban
SYN-DM-03233,34,Female,Unknown,Hispanic or Latino,Mandarin,Medicaid,Never,Obesity,Suburban
SYN-DM-03234,30,Female,Black,Hispanic or Latino,English,Commercial,Never,Overweight,Rural
SYN-DM-03235,62,Intersex,White,Unknown,English,Medicaid,Never,Overweight,Suburban
SYN-DM-03236,81,Male,Asian,Unknown,English,Medicare,Current,Overweight,Unknown
SYN-DM-03237,80,Female,White,Hispanic or Latino,English,Commercial,Never,Obesity,Rural
SYN-DM-03238,31,Male,White,Not Hispanic or Latino,Spanish,Medicare,Former,Underweight,Unknown
SYN-DM-03239,42,Male,Unknown,Hispanic or Latino,English,Commercial,Never,Obesity,Rural
SYN-DM-03240,22,Female,Unknown,Not Hispanic or Latino,Other,Commercial,Never,Underweight,Urban
SYN-DM-03241,68,Intersex,Unknown,Unknown,Mandarin,Commercial,Never,Obesity,Urban
SYN-DM-03242,25,Unknown,Black,Not Hispanic or Latino,Mandarin,Commercial,Never,Normal,Rural
SYN-DM-03243,57,Male,Unknown,Unknown,Mandarin,Commercial,Former,Overweight,Suburban
SYN-DM-03244,87,Female,Asian,Hispanic or Latino,English,Commercial,Current,Overweight,Suburban
SYN-DM-03245,27,Female,Asian,Unknown,Spanish,Commercial,Current,Normal,Rural
SYN-DM-03246,55,Female,Asian,Hispanic or Latino,Other,Commercial,Never,Normal,Unknown
SYN-DM-03247,51,Male,Asian,Unknown,Spanish,Medicare,Never,Underweight,Rural
SYN-DM-03248,22,Unknown,Unknown,Not Hispanic or Latino,English,Self-pay,Never,Obesity,Unknown
SYN-DM-03249,41,Female,Unknown,Not Hispanic or Latino,English,Commercial,Never,Normal,Rural
SYN-DM-03250,49,Intersex,Unknown,Hispanic or Latino,Spanish,Commercial,Former,Overweight,Unknown
SYN-DM-03251,68,Intersex,Unknown,Not Hispanic or Latino,English,Medicaid,Current,Underweight,Urban
SYN-DM-03252,31,Intersex,Unknown,Not Hispanic or Latino,Other,Medicaid,Former,Overweight,Unknown
SYN-DM-03253,52,Intersex,Unknown,Unknown,Spanish,Commercial,Former,Underweight,Rural
SYN-DM-03254,84,Intersex,White,Not Hispanic or Latino,Other,Medicare,Current,Overweight,Suburban
SYN-DM-03255,57,Intersex,White,Not Hispanic or Latino,Spanish,Commercial,Never,Underweight,Rural
SYN-DM-03256,56,Unknown,White,Hispanic or Latino,English,Commercial,Former,Underweight,Unknown
SYN-DM-03257,41,Intersex,Other,Hispanic or Latino,Mandarin,Medicaid,Never,Underweight,Urban
SYN-DM-03258,33,Male,White,Unknown,Spanish,Medicare,Never,Overweight,Unknown
SYN-DM-03259,33,Male,Unknown,Not Hispanic or Latino,English,Medicare,Former,Overweight,Rural
SYN-DM-03260,59,Unknown,Asian,Not Hispanic or Latino,Mandarin,Medicare,Former,Obesity,Suburban
SYN-DM-03261,66,Unknown,White,Unknown,Other,Commercial,Former,Obesity,Suburban
SYN-DM-03262,76,Unknown,Black,Not Hispanic or Latino,Mandarin,Medicaid,Unknown,Underweight,Urban
SYN-DM-03263,72,Female,White,Not Hispanic or Latino,Mandarin,Medicaid,Former,Normal,Urban
SYN-DM-03264,35,Male,Other,Not Hispanic or Latino,Other,Commercial,Current,Normal,Rural
SYN-DM-03265,25,Male,Other,Hispanic or Latino,Spanish,Medicaid,Never,Underweight,Suburban
SYN-DM-03266,33,Male,Other,Not Hispanic or Latino,English,Medicaid,Former,Overweight,Unknown
SYN-DM-03267,66,Unknown,Black,Not Hispanic or Latino,Mandarin,Commercial,Current,Obesity,Suburban
SYN-DM-03268,50,Male,Other,Hispanic or Latino,Other,Commercial,Unknown,Underweight,Urban
SYN-DM-03269,66,Female,Other,Unknown,English,Commercial,Never,Obesity,Rural
SYN-DM-03270,69,Unknown,Asian,Not Hispanic or Latino,English,Commercial,Former,Underweight,Suburban
SYN-DM-03271,35,Unknown,Black,Hispanic or Latino,Spanish,Commercial,Current,Obesity,Urban
SYN-DM-03272,70,Unknown,Unknown,Not Hispanic or Latino,English,Commercial,Current,Obesity,Suburban
SYN-DM-03273,79,Male,Unknown,Hispanic or Latino,English,Commercial,Former,Underweight,Rural
SYN-DM-03274,37,Intersex,Asian,Not Hispanic or Latino,Spanish,Commercial,Current,Obesity,Unknown
SYN-DM-03275,46,Intersex,Unknown,Hispanic or Latino,Other,Medicaid,Never,Normal,Rural
SYN-DM-03276,81,Male,Black,Not Hispanic or Latino,English,Commercial,Never,Normal,Urban
SYN-DM-03277,71,Intersex,Other,Unknown,Mandarin,Commercial,Never,Overweight,Urban
SYN-DM-03278,82,Unknown,Other,Hispanic or Latino,Mandarin,Medicaid,Former,Underweight,Urban
SYN-DM-03279,86,Unknown,Black,Unknown,Spanish,Commercial,Former,Normal,Unknown
SYN-DM-03280,77,Female,Black,Unknown,English,Medicare,Never,Underweight,Suburban
SYN-DM-03281,53,Intersex,Unknown,Unknown,Other,Commercial,Former,Overweight,Suburban
SYN-DM-03282,34,Intersex,Unknown,Unknown,Other,Medicaid,Former,Underweight,Unknown
SYN-DM-03283,72,Unknown,Asian,Hispanic or Latino,Other,Commercial,Never,Normal,Urban
SYN-DM-03284,36,Unknown,Black,Unknown,English,Medicare,Former,Underweight,Suburban
SYN-DM-03285,61,Intersex,Asian,Not Hispanic or Latino,English,Commercial,Never,Obesity,Unknown
SYN-DM-03286,65,Female,Other,Unknown,English,Commercial,Never,Underweight,Rural
SYN-DM-03287,34,Male,Asian,Hispanic or Latino,Spanish,Commercial,Current,Underweight,Unknown
SYN-DM-03288,49,Male,Asian,Not Hispanic or Latino,English,Commercial,Never,Normal,Suburban
SYN-DM-03289,49,Male,Asian,Not Hispanic or Latino,English,Commercial,Never,Overweight,Unknown
SYN-DM-03290,57,Female,Other,Not Hispanic or Latino,English,Commercial,Current,Overweight,Urban
SYN-DM-03291,73,Female,Unknown,Not Hispanic or Latino,Spanish,Medicare,Never,Obesity,Urban
SYN-DM-03292,51,Intersex,Unknown,Unknown,Other,Medicaid,Never,Underweight,Rural
SYN-DM-03293,50,Intersex,Unknown,Unknown,English,Commercial,Former,Overweight,Urban
SYN-DM-03294,87,Female,Unknown,Hispanic or Latino,English,Commercial,Current,Normal,Rural
SYN-DM-03295,57,Intersex,Unknown,Hispanic or Latino,Mandarin,Medicare,Never,Underweight,Suburban
SYN-DM-03296,82,Intersex,White,Hispanic or Latino,Mandarin,Commercial,Former,Obesity,Rural
SYN-DM-03297,32,Intersex,Asian,Hispanic or Latino,English,Medicaid,Never,Overweight,Unknown
SYN-DM-03298,38,Intersex,Unknown,Unknown,English,Commercial,Never,Overweight,Unknown
SYN-DM-03299,30,Unknown,Black,Hispanic or Latino,Other,Commercial,Unknown,Underweight,Rural
SYN-DM-03300,61,Male,White,Not Hispanic or Latino,Spanish,Medicaid,Never,Overweight,Suburban
SYN-DM-03301,52,Male,Other,Unknown,English,Medicaid,Never,Obesity,Urban
SYN-DM-03302,31,Unknown,Unknown,Not Hispanic or Latino,Other,Commercial,Current,Normal,Suburban
SYN-DM-03303,86,Intersex,Asian,Hispanic or Latino,Other,Commercial,Never,Obesity,Unknown
SYN-DM-03304,36,Intersex,Other,Hispanic or Latino,Other,Commercial,Never,Overweight,Rural
SYN-DM-03305,43,Intersex,Unknown,Hispanic or Latino,Other,Medicare,Never,Underweight,Rural
SYN-DM-03306,54,Intersex,Asian,Not Hispanic or Latino,Mandarin,Medicare,Never,Overweight,Urban
SYN-DM-03307,54,Male,White,Hispanic or Latino,Mandarin,Commercial,Former,Normal,Suburban
SYN-DM-03308,69,Female,White,Not Hispanic or Latino,Mandarin,Commercial,Former,Overweight,Suburban
SYN-DM-03309,61,Intersex,Other,Hispanic or Latino,Other,Commercial,Former,Underweight,Unknown
SYN-DM-03310,67,Male,Asian,Not Hispanic or Latino,Mandarin,Medicaid,Current,Underweight,Unknown
SYN-DM-03311,21,Unknown,Black,Unknown,Mandarin,Commercial,Former,Underweight,Suburban
SYN-DM-03312,79,Intersex,White,Hispanic or Latino,Mandarin,Medicare,Never,Obesity,Rural
SYN-DM-03313,23,Unknown,White,Hispanic or Latino,English,Medicare,Never,Overweight,Suburban
SYN-DM-03314,32,Female,Asian,Hispanic or Latino,Other,Medicare,Former,Overweight,Urban
SYN-DM-03315,61,Male,Black,Hispanic or Latino,English,Medicaid,Current,Underweight,Suburban
SYN-DM-03316,69,Female,Black,Unknown,English,Medicare,Never,Overweight,Urban
SYN-DM-03317,71,Male,Black,Unknown,Mandarin,Medicare,Former,Obesity,Suburban
SYN-DM-03318,73,Unknown,Other,Unknown,Other,Commercial,Never,Obesity,Suburban
SYN-DM-03319,35,Female,White,Unknown,Spanish,Commercial,Never,Obesity,Suburban
SYN-DM-03320,21,Male,Asian,Not Hispanic or Latino,Spanish,Commercial,Former,Obesity,Rural
SYN-DM-03321,40,Unknown,Unknown,Hispanic or Latino,English,Commercial,Never,Underweight,Rural
SYN-DM-03322,84,Intersex,Black,Unknown,Mandarin,Medicare,Former,Obesity,Unknown
SYN-DM-03323,71,Intersex,Asian,Hispanic or Latino,Spanish,Commercial,Unknown,Overweight,Rural
SYN-DM-03324,88,Intersex,Black,Unknown,Mandarin,Self-pay,Never,Obesity,Unknown
SYN-DM-03325,65,Female,Other,Unknown,English,Commercial,Current,Normal,Unknown
SYN-DM-03326,73,Male,White,Hispanic or Latino,Spanish,Medicaid,Never,Overweight,Urban
SYN-DM-03327,50,Male,Asian,Unknown,Spanish,Medicare,Never,Underweight,Suburban
SYN-DM-03328,75,Male,Black,Hispanic or Latino,Spanish,Commercial,Current,Underweight,Rural
SYN-DM-03329,31,Male,Asian,Unknown,Other,Commercial,Former,Underweight,Unknown
SYN-DM-03330,30,Female,Black,Not Hispanic or Latino,Spanish,Medicare,Former,Underweight,Rural
SYN-DM-03331,39,Female,Other,Unknown,English,Medicaid,Never,Overweight,Suburban
SYN-DM-03332,83,Male,Asian,Hispanic or Latino,Mandarin,Commercial,Never,Obesity,Suburban
SYN-DM-03333,43,Male,White,Unknown,English,Commercial,Current,Overweight,Urban
SYN-DM-03334,27,Intersex,Black,Not Hispanic or Latino,Spanish,Medicare,Never,Underweight,Unknown
SYN-DM-03335,46,Intersex,Asian,Unknown,Mandarin,Commercial,Never,Normal,Urban
SYN-DM-03336,83,Unknown,White,Not Hispanic or Latino,Mandarin,Medicaid,Never,Underweight,Urban
SYN-DM-03337,54,Male,White,Hispanic or Latino,Mandarin,Medicaid,Never,Normal,Unknown
SYN-DM-03338,26,Intersex,Unknown,Hispanic or Latino,English,Commercial,Current,Overweight,Urban
SYN-DM-03339,23,Unknown,Asian,Not Hispanic or Latino,English,Commercial,Never,Normal,Suburban
SYN-DM-03340,67,Male,Other,Unknown,Other,Medicaid,Current,Obesity,Unknown
SYN-DM-03341,49,Male,White,Unknown,Other,Medicaid,Former,Underweight,Rural
SYN-DM-03342,75,Male,White,Hispanic or Latino,English,Commercial,Former,Obesity,Urban
SYN-DM-03343,71,Unknown,White,Unknown,Spanish,Commercial,Unknown,Obesity,Rural
SYN-DM-03344,61,Male,Asian,Not Hispanic or Latino,English,Commercial,Current,Overweight,Unknown
SYN-DM-03345,48,Male,Unknown,Hispanic or Latino,English,Medicare,Former,Underweight,Rural
SYN-DM-03346,35,Unknown,Other,Hispanic or Latino,English,Commercial,Unknown,Overweight,Urban
SYN-DM-03347,31,Male,Unknown,Unknown,Other,Medicare,Never,Overweight,Urban
SYN-DM-03348,29,Female,Unknown,Unknown,English,Commercial,Former,Overweight,Unknown
SYN-DM-03349,66,Female,White,Hispanic or Latino,Spanish,Medicaid,Current,Obesity,Urban
SYN-DM-03350,69,Female,Black,Hispanic or Latino,Other,Medicare,Never,Obesity,Rural
SYN-DM-03351,40,Unknown,Black,Hispanic or Latino,Spanish,Medicare,Current,Overweight,Suburban
SYN-DM-03352,68,Male,White,Unknown,Mandarin,Medicare,Former,Normal,Unknown
SYN-DM-03353,76,Female,Unknown,Hispanic or Latino,English,Commercial,Current,Underweight,Urban
SYN-DM-03354,22,Female,Other,Hispanic or Latino,Mandarin,Commercial,Never,Normal,Unknown
SYN-DM-03355,73,Female,Unknown,Unknown,Mandarin,Commercial,Never,Obesity,Suburban
SYN-DM-03356,53,Male,Black,Unknown,Spanish,Commercial,Never,Overweight,Unknown
SYN-DM-03357,71,Intersex,White,Not Hispanic or Latino,English,Medicaid,Never,Overweight,Rural
SYN-DM-03358,33,Female,White,Unknown,Spanish,Commercial,Never,Normal,Suburban
SYN-DM-03359,61,Intersex,White,Unknown,Mandarin,Medicare,Unknown,Obesity,Urban
SYN-DM-03360,44,Unknown,Black,Unknown,Other,Self-pay,Current,Underweight,Rural
SYN-DM-03361,27,Male,Unknown,Hispanic or Latino,Spanish,Medicaid,Former,Obesity,Suburban
SYN-DM-03362,83,Female,Other,Not Hispanic or Latino,Spanish,Commercial,Never,Normal,Urban
SYN-DM-03363,28,Intersex,Black,Hispanic or Latino,English,Commercial,Current,Normal,Urban
SYN-DM-03364,21,Unknown,Black,Hispanic or Latino,Other,Medicare,Former,Overweight,Urban
SYN-DM-03365,34,Unknown,Unknown,Not Hispanic or Latino,English,Commercial,Never,Underweight,Rural
SYN-DM-03366,44,Unknown,Asian,Not Hispanic or Latino,English,Commercial,Never,Underweight,Suburban
SYN-DM-03367,89,Male,Other,Hispanic or Latino,English,Medicare,Former,Overweight,Unknown
SYN-DM-03368,70,Intersex,Asian,Not Hispanic or Latino,English,Commercial,Current,Obesity,Suburban
SYN-DM-03369,28,Female,Other,Unknown,English,Commercial,Former,Normal,Rural
SYN-DM-03370,83,Intersex,Black,Hispanic or Latino,English,Self-pay,Never,Overweight,Rural
SYN-DM-03371,86,Female,White,Unknown,English,Self-pay,Former,Obesity,Suburban
SYN-DM-03372,56,Female,White,Unknown,Spanish,Medicare,Former,Obesity,Suburban
SYN-DM-03373,89,Female,White,Not Hispanic or Latino,Mandarin,Medicare,Never,Overweight,Suburban
SYN-DM-03374,52,Male,Unknown,Hispanic or Latino,Spanish,Medicaid,Former,Normal,Suburban
SYN-DM-03375,46,Intersex,Asian,Not Hispanic or Latino,Other,Commercial,Never,Normal,Rural
SYN-DM-03376,90,Unknown,Other,Not Hispanic or Latino,Spanish,Medicaid,Former,Normal,Rural
SYN-DM-03377,47,Female,Other,Hispanic or Latino,English,Commercial,Never,Obesity,Rural
SYN-DM-03378,47,Intersex,White,Hispanic or Latino,Other,Commercial,Former,Underweight,Rural
SYN-DM-03379,29,Unknown,Other,Hispanic or Latino,Other,Commercial,Never,Obesity,Unknown
SYN-DM-03380,34,Male,Unknown,Unknown,English,Commercial,Never,Underweight,Rural
SYN-DM-03381,72,Male,Asian,Hispanic or Latino,Other,Medicare,Never,Obesity,Urban
SYN-DM-03382,74,Male,Black,Hispanic or Latino,English,Medicaid,Never,Overweight,Unknown
SYN-DM-03383,77,Male,White,Hispanic or Latino,Spanish,Commercial,Never,Overweight,Urban
SYN-DM-03384,61,Unknown,White,Not Hispanic or Latino,Mandarin,Commercial,Unknown,Overweight,Unknown
SYN-DM-03385,65,Male,White,Unknown,Spanish,Commercial,Never,Underweight,Urban
SYN-DM-03386,79,Male,Asian,Not Hispanic or Latino,Mandarin,Medicaid,Never,Obesity,Rural
SYN-DM-03387,23,Intersex,Unknown,Unknown,Mandarin,Self-pay,Former,Underweight,Unknown
SYN-DM-03388,61,Female,White,Hispanic or Latino,English,Medicare,Former,Normal,Rural
SYN-DM-03389,77,Female,Other,Hispanic or Latino,Spanish,Commercial,Never,Obesity,Unknown
SYN-DM-03390,40,Intersex,Black,Not Hispanic or Latino,English,Self-pay,Current,Underweight,Unknown
SYN-DM-03391,52,Male,Unknown,Not Hispanic or Latino,English,Commercial,Former,Normal,Rural
SYN-DM-03392,79,Male,Unknown,Hispanic or Latino,English,Medicare,Never,Obesity,Suburban
SYN-DM-03393,27,Intersex,Asian,Hispanic or Latino,English,Medicaid,Former,Overweight,Rural
SYN-DM-03394,68,Male,Unknown,Not Hispanic or Latino,Spanish,Medicare,Never,Underweight,Unknown
SYN-DM-03395,59,Intersex,Unknown,Unknown,Spanish,Medicaid,Never,Obesity,Urban
SYN-DM-03396,30,Male,Asian,Not Hispanic or Latino,English,Medicaid,Current,Normal,Suburban
SYN-DM-03397,77,Intersex,White,Unknown,Mandarin,Commercial,Never,Obesity,Urban
SYN-DM-03398,26,Male,Other,Unknown,Mandarin,Commercial,Never,Obesity,Rural
SYN-DM-03399,85,Unknown,Other,Unknown,Spanish,Commercial,Current,Overweight,Unknown
SYN-DM-03400,73,Male,White,Not Hispanic or Latino,Spanish,Commercial,Current,Obesity,Suburban
SYN-DM-03401,69,Unknown,Asian,Unknown,Spanish,Commercial,Current,Overweight,Urban
SYN-DM-03402,88,Intersex,Unknown,Unknown,English,Self-pay,Never,Overweight,Urban
SYN-DM-03403,40,Intersex,Black,Hispanic or Latino,English,Commercial,Never,Obesity,Urban
SYN-DM-03404,21,Intersex,Unknown,Not Hispanic or Latino,Spanish,Medicare,Former,Underweight,Urban
SYN-DM-03405,52,Female,Black,Unknown,English,Medicare,Current,Overweight,Suburban
SYN-DM-03406,34,Female,Asian,Unknown,Other,Commercial,Never,Underweight,Unknown
SYN-DM-03407,31,Intersex,Asian,Not Hispanic or Latino,English,Commercial,Never,Underweight,Unknown
SYN-DM-03408,23,Intersex,Asian,Not Hispanic or Latino,Mandarin,Medicare,Never,Overweight,Rural
SYN-DM-03409,73,Female,Black,Hispanic or Latino,English,Commercial,Former,Obesity,Rural
SYN-DM-03410,42,Female,Other,Hispanic or Latino,Mandarin,Commercial,Former,Underweight,Suburban
SYN-DM-03411,62,Intersex,White,Hispanic or Latino,Spanish,Commercial,Never,Obesity,Unknown
SYN-DM-03412,60,Intersex,Other,Unknown,Spanish,Medicare,Former,Normal,Urban
SYN-DM-03413,87,Female,Asian,Not Hispanic or Latino,Spanish,Medicaid,Never,Underweight,Rural
SYN-DM-03414,84,Female,Black,Not Hispanic or Latino,Other,Medicare,Former,Underweight,Unknown
SYN-DM-03415,21,Unknown,Other,Not Hispanic or Latino,Spanish,Medicare,Never,Overweight,Rural
SYN-DM-03416,75,Male,Black,Not Hispanic or Latino,English,Commercial,Former,Overweight,Rural
SYN-DM-03417,88,Intersex,Unknown,Hispanic or Latino,Mandarin,Medicare,Current,Overweight,Urban
SYN-DM-03418,33,Intersex,Asian,Hispanic or Latino,Spanish,Medicaid,Former,Underweight,Unknown
SYN-DM-03419,64,Female,Other,Unknown,Spanish,Medicaid,Never,Obesity,Rural
SYN-DM-03420,79,Female,Other,Not Hispanic or Latino,English,Commercial,Former,Underweight,Rural
SYN-DM-03421,62,Unknown,Asian,Not Hispanic or Latino,Mandarin,Medicaid,Current,Normal,Rural
SYN-DM-03422,86,Male,White,Hispanic or Latino,Other,Commercial,Former,Obesity,Rural
SYN-DM-03423,24,Intersex,Asian,Hispanic or Latino,Mandarin,Medicare,Former,Normal,Urban
SYN-DM-03424,52,Male,Unknown,Not Hispanic or Latino,English,Commercial,Former,Obesity,Rural
SYN-DM-03425,59,Unknown,Asian,Not Hispanic or Latino,Other,Commercial,Former,Overweight,Unknown
SYN-DM-03426,23,Intersex,Asian,Unknown,Spanish,Medicaid,Former,Obesity,Unknown
SYN-DM-03427,34,Unknown,Asian,Unknown,Mandarin,Commercial,Never,Obesity,Suburban
SYN-DM-03428,29,Female,Black,Not Hispanic or Latino,Mandarin,Commercial,Never,Underweight,Suburban
SYN-DM-03429,31,Female,Black,Not Hispanic or Latino,Other,Medicare,Former,Obesity,Rural
SYN-DM-03430,31,Intersex,White,Not Hispanic or Latino,English,Medicaid,Unknown,Underweight,Urban
SYN-DM-03431,34,Intersex,Black,Unknown,Mandarin,Medicare,Never,Underweight,Urban
SYN-DM-03432,65,Male,Black,Unknown,English,Medicare,Unknown,Overweight,Suburban
SYN-DM-03433,34,Intersex,Asian,Unknown,Spanish,Commercial,Current,Normal,Urban
SYN-DM-03434,79,Male,White,Not Hispanic or Latino,Other,Commercial,Former,Overweight,Rural
SYN-DM-03435,53,Male,White,Unknown,Other,Medicaid,Never,Overweight,Suburban
SYN-DM-03436,53,Unknown,Other,Unknown,Mandarin,Commercial,Never,Underweight,Unknown
SYN-DM-03437,47,Female,Unknown,Not Hispanic or Latino,Spanish,Commercial,Never,Normal,Suburban
SYN-DM-03438,21,Intersex,White,Hispanic or Latino,English,Medicare,Never,Normal,Unknown
SYN-DM-03439,69,Intersex,Black,Not Hispanic or Latino,Mandarin,Commercial,Former,Underweight,Urban
SYN-DM-03440,71,Unknown,Asian,Hispanic or Latino,Spanish,Medicare,Never,Obesity,Suburban
SYN-DM-03441,89,Intersex,White,Not Hispanic or Latino,Other,Commercial,Current,Underweight,Urban
SYN-DM-03442,34,Intersex,Unknown,Not Hispanic or Latino,Spanish,Commercial,Never,Overweight,Rural
SYN-DM-03443,73,Intersex,Asian,Hispanic or Latino,Other,Medicaid,Never,Overweight,Suburban
SYN-DM-03444,55,Intersex,Unknown,Hispanic or Latino,Other,Medicare,Never,Normal,Urban
SYN-DM-03445,38,Male,Other,Unknown,English,Commercial,Unknown,Obesity,Unknown
SYN-DM-03446,51,Female,Black,Unknown,Spanish,Medicaid,Never,Normal,Suburban
SYN-DM-03447,67,Unknown,Black,Unknown,English,Medicare,Never,Underweight,Urban
SYN-DM-03448,61,Unknown,Other,Hispanic or Latino,Spanish,Commercial,Never,Underweight,Unknown
SYN-DM-03449,86,Male,Black,Unknown,Mandarin,Commercial,Former,Overweight,Urban
SYN-DM-03450,49,Intersex,Black,Hispanic or Latino,Spanish,Medicare,Former,Obesity,Urban
SYN-DM-03451,53,Male,Asian,Unknown,Other,Commercial,Current,Normal,Suburban
SYN-DM-03452,49,Unknown,Asian,Unknown,Mandarin,Medicaid,Never,Normal,Unknown
SYN-DM-03453,83,Male,Other,Not Hispanic or Latino,Mandarin,Medicare,Never,Underweight,Suburban
SYN-DM-03454,62,Intersex,Black,Hispanic or Latino,Mandarin,Commercial,Never,Overweight,Rural
SYN-DM-03455,23,Male,White,Not Hispanic or Latino,Spanish,Commercial,Never,Obesity,Unknown
SYN-DM-03456,57,Female,Other,Unknown,English,Commercial,Former,Underweight,Rural
SYN-DM-03457,41,Unknown,Asian,Unknown,Mandarin,Commercial,Never,Underweight,Urban
SYN-DM-03458,27,Female,Asian,Hispanic or Latino,English,Commercial,Never,Normal,Rural
SYN-DM-03459,81,Female,Asian,Hispanic or Latino,Spanish,Self-pay,Current,Underweight,Urban
SYN-DM-03460,43,Male,Unknown,Hispanic or Latino,Other,Commercial,Former,Overweight,Urban
SYN-DM-03461,38,Female,Unknown,Unknown,Other,Commercial,Never,Overweight,Unknown
SYN-DM-03462,30,Intersex,White,Unknown,English,Medicare,Never,Underweight,Suburban
SYN-DM-03463,52,Female,Unknown,Hispanic or Latino,Mandarin,Commercial,Never,Overweight,Unknown
SYN-DM-03464,90,Male,Unknown,Not Hispanic or Latino,Other,Medicaid,Never,Normal,Suburban
SYN-DM-03465,61,Intersex,Black,Hispanic or Latino,English,Medicare,Unknown,Overweight,Suburban
SYN-DM-03466,90,Unknown,Unknown,Not Hispanic or Latino,Mandarin,Medicaid,Former,Normal,Rural
SYN-DM-03467,86,Unknown,Asian,Unknown,English,Commercial,Unknown,Overweight,Unknown
SYN-DM-03468,79,Intersex,Black,Not Hispanic or Latino,English,Medicare,Unknown,Obesity,Rural
SYN-DM-03469,46,Unknown,Other,Hispanic or Latino,English,Commercial,Never,Underweight,Suburban
SYN-DM-03470,21,Unknown,Asian,Unknown,English,Medicaid,Former,Overweight,Urban
SYN-DM-03471,74,Intersex,Other,Not Hispanic or Latino,Other,Commercial,Former,Overweight,Unknown
SYN-DM-03472,21,Female,Black,Hispanic or Latino,Other,Commercial,Former,Underweight,Suburban
SYN-DM-03473,52,Male,Asian,Hispanic or Latino,Mandarin,Self-pay,Never,Normal,Unknown
SYN-DM-03474,67,Unknown,Other,Hispanic or Latino,Other,Medicare,Never,Obesity,Unknown
SYN-DM-03475,27,Male,Unknown,Hispanic or Latino,Other,Commercial,Never,Obesity,Unknown
SYN-DM-03476,55,Unknown,Asian,Hispanic or Latino,Other,Medicare,Former,Underweight,Urban
SYN-DM-03477,53,Intersex,Unknown,Hispanic or Latino,English,Self-pay,Never,Overweight,Rural
SYN-DM-03478,78,Unknown,Black,Hispanic or Latino,English,Self-pay,Former,Overweight,Urban
SYN-DM-03479,24,Intersex,White,Hispanic or Latino,Mandarin,Self-pay,Former,Overweight,Rural
SYN-DM-03480,57,Intersex,Other,Hispanic or Latino,English,Commercial,Never,Normal,Urban
SYN-DM-03481,57,Intersex,Asian,Hispanic or Latino,Spanish,Medicaid,Never,Underweight,Suburban
SYN-DM-03482,88,Unknown,Other,Not Hispanic or Latino,English,Self-pay,Former,Underweight,Unknown
SYN-DM-03483,26,Intersex,Black,Not Hispanic or Latino,Mandarin,Commercial,Former,Overweight,Suburban
SYN-DM-03484,35,Male,White,Unknown,Mandarin,Medicare,Unknown,Underweight,Suburban
SYN-DM-03485,63,Female,Asian,Unknown,Mandarin,Medicaid,Never,Underweight,Rural
SYN-DM-03486,62,Intersex,Other,Hispanic or Latino,Mandarin,Commercial,Former,Underweight,Urban
SYN-DM-03487,34,Unknown,Asian,Hispanic or Latino,Other,Commercial,Former,Underweight,Rural
SYN-DM-03488,41,Female,Black,Unknown,Other,Commercial,Never,Underweight,Suburban
SYN-DM-03489,35,Intersex,Other,Not Hispanic or Latino,English,Commercial,Former,Underweight,Urban
SYN-DM-03490,87,Male,Asian,Hispanic or Latino,Other,Medicaid,Former,Obesity,Suburban
SYN-DM-03491,74,Female,White,Not Hispanic or Latino,Spanish,Self-pay,Unknown,Normal,Urban
SYN-DM-03492,55,Male,Black,Hispanic or Latino,Mandarin,Medicare,Never,Obesity,Suburban
SYN-DM-03493,85,Female,Black,Hispanic or Latino,Mandarin,Commercial,Never,Normal,Urban
SYN-DM-03494,68,Female,Black,Hispanic or Latino,English,Commercial,Never,Overweight,Unknown
SYN-DM-03495,81,Unknown,Asian,Hispanic or Latino,Spanish,Commercial,Former,Obesity,Suburban
SYN-DM-03496,50,Intersex,White,Unknown,Mandarin,Commercial,Never,Overweight,Unknown
SYN-DM-03497,24,Intersex,Other,Unknown,Other,Commercial,Never,Normal,Unknown
SYN-DM-03498,60,Male,Other,Unknown,Spanish,Medicaid,Former,Obesity,Unknown
SYN-DM-03499,67,Unknown,Unknown,Unknown,Spanish,Medicare,Never,Overweight,Unknown
SYN-DM-03500,42,Female,Asian,Not Hispanic or Latino,Mandarin,Medicaid,Never,Overweight,Suburban
SYN-DM-03501,79,Female,White,Hispanic or Latino,English,Commercial,Former,Overweight,Suburban
SYN-DM-03502,44,Male,Black,Hispanic or Latino,Mandarin,Commercial,Former,Obesity,Rural
SYN-DM-03503,22,Unknown,White,Hispanic or Latino,English,Medicare,Never,Underweight,Suburban
SYN-DM-03504,65,Male,Black,Hispanic or Latino,English,Commercial,Never,Underweight,Rural
SYN-DM-03505,60,Female,Asian,Unknown,Other,Medicare,Former,Normal,Unknown
SYN-DM-03506,79,Female,Other,Not Hispanic or Latino,Mandarin,Medicaid,Unknown,Underweight,Rural
SYN-DM-03507,82,Female,Asian,Hispanic or Latino,Spanish,Medicaid,Never,Underweight,Unknown
SYN-DM-03508,77,Intersex,White,Hispanic or Latino,Mandarin,Medicare,Never,Overweight,Urban
SYN-DM-03509,33,Unknown,White,Unknown,Mandarin,Medicare,Never,Normal,Unknown
SYN-DM-03510,40,Unknown,Unknown,Not Hispanic or Latino,English,Medicaid,Never,Obesity,Suburban
SYN-DM-03511,29,Intersex,White,Unknown,Mandarin,Commercial,Current,Overweight,Suburban
SYN-DM-03512,26,Intersex,Asian,Hispanic or Latino,Other,Commercial,Never,Underweight,Suburban
SYN-DM-03513,73,Male,Black,Hispanic or Latino,Spanish,Commercial,Former,Obesity,Urban
SYN-DM-03514,43,Intersex,Asian,Hispanic or Latino,Mandarin,Self-pay,Current,Overweight,Suburban
SYN-DM-03515,57,Unknown,White,Hispanic or Latino,Mandarin,Commercial,Former,Obesity,Rural
SYN-DM-03516,83,Male,Asian,Unknown,Spanish,Commercial,Never,Normal,Unknown
SYN-DM-03517,34,Intersex,Other,Unknown,Mandarin,Medicare,Never,Overweight,Rural
SYN-DM-03518,76,Unknown,Black,Hispanic or Latino,Mandarin,Self-pay,Never,Underweight,Suburban
SYN-DM-03519,40,Intersex,White,Not Hispanic or Latino,Mandarin,Medicare,Never,Underweight,Urban
SYN-DM-03520,40,Intersex,White,Not Hispanic or Latino,Mandarin,Commercial,Never,Obesity,Rural
SYN-DM-03521,37,Female,White,Unknown,Mandarin,Medicare,Never,Underweight,Unknown
SYN-DM-03522,64,Unknown,Black,Not Hispanic or Latino,Spanish,Commercial,Former,Normal,Rural
SYN-DM-03523,81,Female,Other,Unknown,Spanish,Medicare,Former,Normal,Urban
SYN-DM-03524,57,Unknown,Other,Not Hispanic or Latino,Mandarin,Commercial,Never,Normal,Urban
SYN-DM-03525,82,Unknown,Asian,Hispanic or Latino,Mandarin,Self-pay,Never,Obesity,Urban
SYN-DM-03526,37,Intersex,Other,Unknown,Other,Commercial,Former,Underweight,Unknown
SYN-DM-03527,44,Unknown,Black,Unknown,Other,Medicare,Current,Normal,Rural
SYN-DM-03528,79,Intersex,Other,Not Hispanic or Latino,Spanish,Commercial,Unknown,Underweight,Suburban
SYN-DM-03529,45,Intersex,Black,Hispanic or Latino,Spanish,Commercial,Former,Underweight,Rural
SYN-DM-03530,57,Female,Unknown,Unknown,Mandarin,Medicaid,Former,Overweight,Suburban
SYN-DM-03531,66,Female,Black,Not Hispanic or Latino,Other,Commercial,Never,Normal,Urban
SYN-DM-03532,65,Unknown,Asian,Not Hispanic or Latino,English,Commercial,Never,Underweight,Rural
SYN-DM-03533,78,Male,Black,Unknown,Spanish,Medicare,Former,Underweight,Unknown
SYN-DM-03534,78,Male,Asian,Unknown,Spanish,Medicaid,Former,Underweight,Unknown
SYN-DM-03535,29,Intersex,Asian,Hispanic or Latino,Mandarin,Commercial,Never,Underweight,Suburban
SYN-DM-03536,84,Male,Unknown,Unknown,English,Commercial,Former,Overweight,Urban
SYN-DM-03537,34,Male,Unknown,Unknown,Other,Commercial,Never,Overweight,Rural
SYN-DM-03538,62,Male,Unknown,Not Hispanic or Latino,English,Medicare,Never,Overweight,Suburban
SYN-DM-03539,62,Male,Other,Not Hispanic or Latino,Other,Medicaid,Never,Overweight,Suburban
SYN-DM-03540,84,Intersex,White,Unknown,Mandarin,Commercial,Never,Normal,Suburban
SYN-DM-03541,79,Female,Black,Unknown,Spanish,Medicare,Never,Normal,Suburban
SYN-DM-03542,45,Male,White,Unknown,Other,Commercial,Current,Underweight,Unknown
SYN-DM-03543,57,Unknown,Black,Not Hispanic or Latino,Spanish,Medicaid,Never,Underweight,Unknown
SYN-DM-03544,31,Unknown,Unknown,Hispanic or Latino,Other,Commercial,Never,Overweight,Rural
SYN-DM-03545,75,Unknown,Asian,Unknown,Other,Commercial,Unknown,Underweight,Unknown
SYN-DM-03546,24,Intersex,Asian,Not Hispanic or Latino,Mandarin,Medicare,Never,Obesity,Unknown
SYN-DM-03547,44,Intersex,Unknown,Hispanic or Latino,Other,Commercial,Unknown,Overweight,Rural
SYN-DM-03548,38,Intersex,Asian,Unknown,English,Commercial,Never,Underweight,Unknown
SYN-DM-03549,75,Intersex,Asian,Not Hispanic or Latino,Other,Commercial,Former,Obesity,Rural
SYN-DM-03550,56,Female,Other,Unknown,Spanish,Medicare,Never,Underweight,Suburban
SYN-DM-03551,40,Male,Other,Unknown,English,Commercial,Former,Normal,Unknown
SYN-DM-03552,23,Unknown,Black,Hispanic or Latino,Other,Medicare,Former,Underweight,Unknown
SYN-DM-03553,47,Male,Unknown,Unknown,Spanish,Commercial,Never,Underweight,Rural
SYN-DM-03554,83,Intersex,White,Hispanic or Latino,Spanish,Self-pay,Former,Underweight,Urban
SYN-DM-03555,68,Intersex,Other,Unknown,English,Commercial,Former,Overweight,Rural
SYN-DM-03556,31,Unknown,Unknown,Not Hispanic or Latino,Mandarin,Commercial,Never,Overweight,Rural
SYN-DM-03557,79,Unknown,Black,Hispanic or Latino,Mandarin,Medicaid,Never,Underweight,Unknown
SYN-DM-03558,37,Intersex,Black,Not Hispanic or Latino,English,Medicare,Former,Obesity,Rural
SYN-DM-03559,24,Unknown,Other,Not Hispanic or Latino,Other,Commercial,Current,Normal,Urban
SYN-DM-03560,45,Male,White,Hispanic or Latino,English,Commercial,Unknown,Obesity,Suburban
SYN-DM-03561,46,Male,Unknown,Unknown,Spanish,Medicare,Never,Normal,Suburban
SYN-DM-03562,63,Female,White,Unknown,Mandarin,Commercial,Never,Underweight,Unknown
SYN-DM-03563,48,Female,Asian,Hispanic or Latino,English,Commercial,Never,Underweight,Suburban
SYN-DM-03564,36,Female,Unknown,Unknown,English,Commercial,Current,Underweight,Unknown
SYN-DM-03565,61,Female,Other,Not Hispanic or Latino,Mandarin,Medicaid,Former,Overweight,Suburban
SYN-DM-03566,29,Male,White,Not Hispanic or Latino,Other,Medicare,Never,Obesity,Suburban
SYN-DM-03567,71,Intersex,Black,Not Hispanic or Latino,Spanish,Medicaid,Unknown,Underweight,Rural
SYN-DM-03568,78,Male,Other,Hispanic or Latino,English,Commercial,Former,Obesity,Urban
SYN-DM-03569,77,Intersex,White,Not Hispanic or Latino,Mandarin,Commercial,Never,Obesity,Urban
SYN-DM-03570,68,Male,Asian,Unknown,English,Self-pay,Former,Underweight,Urban
SYN-DM-03571,68,Unknown,Asian,Hispanic or Latino,Spanish,Medicare,Current,Underweight,Urban
SYN-DM-03572,42,Female,White,Hispanic or Latino,English,Commercial,Never,Obesity,Unknown
SYN-DM-03573,89,Unknown,Unknown,Not Hispanic or Latino,Mandarin,Medicare,Never,Normal,Suburban
SYN-DM-03574,39,Female,Unknown,Unknown,Mandarin,Commercial,Never,Overweight,Unknown
SYN-DM-03575,73,Intersex,Black,Not Hispanic or Latino,Mandarin,Commercial,Never,Overweight,Rural
SYN-DM-03576,77,Unknown,Unknown,Unknown,Other,Medicare,Current,Obesity,Urban
SYN-DM-03577,71,Intersex,Black,Hispanic or Latino,Mandarin,Medicare,Former,Underweight,Rural
SYN-DM-03578,61,Intersex,White,Not Hispanic or Latino,Mandarin,Commercial,Former,Underweight,Urban
SYN-DM-03579,31,Male,White,Not Hispanic or Latino,English,Medicaid,Never,Underweight,Rural
SYN-DM-03580,32,Female,Unknown,Hispanic or Latino,English,Commercial,Current,Obesity,Rural
SYN-DM-03581,78,Unknown,Black,Not Hispanic or Latino,Other,Commercial,Former,Overweight,Suburban
SYN-DM-03582,25,Female,Asian,Not Hispanic or Latino,English,Commercial,Unknown,Obesity,Suburban
SYN-DM-03583,68,Unknown,Other,Unknown,English,Commercial,Current,Underweight,Unknown
SYN-DM-03584,64,Male,Unknown,Not Hispanic or Latino,Mandarin,Commercial,Never,Overweight,Suburban
SYN-DM-03585,72,Female,Other,Unknown,Spanish,Commercial,Never,Underweight,Unknown
SYN-DM-03586,85,Female,Asian,Not Hispanic or Latino,Spanish,Commercial,Never,Normal,Urban
SYN-DM-03587,71,Intersex,Unknown,Unknown,Other,Commercial,Current,Overweight,Suburban
SYN-DM-03588,63,Unknown,Other,Unknown,Other,Medicare,Never,Underweight,Suburban
SYN-DM-03589,44,Unknown,White,Not Hispanic or Latino,English,Medicare,Current,Underweight,Urban
SYN-DM-03590,73,Intersex,Unknown,Unknown,Mandarin,Commercial,Former,Overweight,Rural
SYN-DM-03591,74,Male,Unknown,Hispanic or Latino,Mandarin,Medicaid,Never,Normal,Unknown
SYN-DM-03592,79,Male,Black,Hispanic or Latino,Other,Medicaid,Never,Obesity,Suburban
SYN-DM-03593,78,Unknown,Unknown,Unknown,English,Medicare,Former,Overweight,Unknown
SYN-DM-03594,55,Female,Asian,Hispanic or Latino,English,Commercial,Never,Overweight,Urban
SYN-DM-03595,35,Female,White,Not Hispanic or Latino,Spanish,Commercial,Never,Obesity,Unknown
SYN-DM-03596,26,Intersex,Unknown,Hispanic or Latino,English,Commercial,Never,Overweight,Unknown
SYN-DM-03597,25,Intersex,Unknown,Hispanic or Latino,Other,Medicaid,Never,Normal,Urban
SYN-DM-03598,44,Unknown,White,Unknown,Other,Commercial,Never,Obesity,Suburban
SYN-DM-03599,77,Intersex,Unknown,Unknown,Spanish,Commercial,Former,Obesity,Urban
SYN-DM-03600,48,Female,Unknown,Unknown,English,Medicare,Never,Normal,Unknown
SYN-DM-03601,52,Female,White,Hispanic or Latino,Other,Medicare,Former,Overweight,Urban
SYN-DM-03602,37,Male,White,Unknown,Other,Medicaid,Former,Obesity,Unknown
SYN-DM-03603,30,Intersex,Other,Not Hispanic or Latino,Spanish,Commercial,Former,Overweight,Urban
SYN-DM-03604,37,Intersex,Black,Not Hispanic or Latino,Spanish,Commercial,Never,Underweight,Unknown
SYN-DM-03605,30,Intersex,White,Hispanic or Latino,Mandarin,Medicaid,Never,Normal,Unknown
SYN-DM-03606,79,Female,White,Unknown,Mandarin,Medicare,Never,Normal,Unknown
SYN-DM-03607,37,Female,Black,Not Hispanic or Latino,Other,Medicare,Former,Underweight,Unknown
SYN-DM-03608,58,Unknown,Asian,Hispanic or Latino,English,Commercial,Current,Underweight,Rural
SYN-DM-03609,79,Unknown,White,Hispanic or Latino,Spanish,Medicare,Never,Obesity,Rural
SYN-DM-03610,27,Male,Other,Hispanic or Latino,Spanish,Medicare,Never,Overweight,Suburban
SYN-DM-03611,71,Male,Black,Unknown,English,Commercial,Current,Underweight,Suburban
SYN-DM-03612,72,Intersex,Unknown,Not Hispanic or Latino,English,Medicare,Former,Normal,Urban
SYN-DM-03613,67,Female,Unknown,Unknown,Spanish,Medicare,Never,Overweight,Suburban
SYN-DM-03614,68,Unknown,Other,Hispanic or Latino,Spanish,Medicare,Never,Overweight,Unknown
SYN-DM-03615,52,Male,Unknown,Unknown,Spanish,Commercial,Never,Overweight,Urban
SYN-DM-03616,28,Male,Other,Not Hispanic or Latino,Other,Commercial,Former,Obesity,Suburban
SYN-DM-03617,55,Female,Black,Unknown,Mandarin,Commercial,Never,Obesity,Rural
SYN-DM-03618,27,Female,Asian,Hispanic or Latino,Spanish,Commercial,Never,Underweight,Rural
SYN-DM-03619,57,Unknown,Other,Unknown,Spanish,Commercial,Former,Underweight,Urban
SYN-DM-03620,53,Unknown,Unknown,Not Hispanic or Latino,Spanish,Commercial,Never,Obesity,Unknown
SYN-DM-03621,39,Unknown,Unknown,Not Hispanic or Latino,Mandarin,Commercial,Never,Overweight,Rural
SYN-DM-03622,89,Female,Asian,Hispanic or Latino,Other,Commercial,Former,Overweight,Suburban
SYN-DM-03623,82,Intersex,Other,Hispanic or Latino,Spanish,Medicare,Never,Underweight,Suburban
SYN-DM-03624,24,Male,White,Not Hispanic or Latino,English,Medicaid,Never,Normal,Unknown
SYN-DM-03625,83,Intersex,Asian,Hispanic or Latino,Mandarin,Medicaid,Former,Normal,Unknown
SYN-DM-03626,55,Male,Asian,Hispanic or Latino,Other,Commercial,Never,Overweight,Rural
SYN-DM-03627,81,Intersex,Other,Hispanic or Latino,Mandarin,Commercial,Former,Overweight,Unknown
SYN-DM-03628,82,Male,Black,Unknown,Other,Self-pay,Never,Obesity,Urban
SYN-DM-03629,32,Intersex,Other,Unknown,Mandarin,Medicare,Former,Normal,Unknown
SYN-DM-03630,52,Male,White,Not Hispanic or Latino,Mandarin,Commercial,Current,Underweight,Rural
SYN-DM-03631,24,Unknown,Asian,Not Hispanic or Latino,English,Commercial,Unknown,Overweight,Rural
SYN-DM-03632,52,Intersex,Other,Unknown,Spanish,Commercial,Current,Obesity,Rural
SYN-DM-03633,66,Intersex,Unknown,Unknown,Mandarin,Medicare,Never,Normal,Unknown
SYN-DM-03634,42,Male,Black,Unknown,English,Commercial,Former,Overweight,Urban
SYN-DM-03635,84,Male,Unknown,Not Hispanic or Latino,English,Medicare,Former,Overweight,Rural
SYN-DM-03636,33,Male,Asian,Not Hispanic or Latino,Mandarin,Commercial,Former,Obesity,Unknown
SYN-DM-03637,38,Unknown,Black,Not Hispanic or Latino,Spanish,Medicaid,Never,Underweight,Urban
SYN-DM-03638,33,Female,White,Unknown,Mandarin,Commercial,Never,Obesity,Unknown
SYN-DM-03639,21,Intersex,Other,Unknown,Other,Medicare,Never,Underweight,Rural
SYN-DM-03640,53,Male,Black,Not Hispanic or Latino,English,Medicaid,Former,Obesity,Urban
SYN-DM-03641,84,Intersex,Unknown,Hispanic or Latino,Mandarin,Commercial,Current,Underweight,Urban
SYN-DM-03642,79,Male,Unknown,Unknown,English,Medicare,Current,Obesity,Unknown
SYN-DM-03643,73,Female,Other,Not Hispanic or Latino,Spanish,Commercial,Former,Obesity,Suburban
SYN-DM-03644,27,Male,Asian,Hispanic or Latino,Spanish,Medicare,Never,Underweight,Urban
SYN-DM-03645,51,Female,White,Hispanic or Latino,Other,Commercial,Never,Overweight,Rural
SYN-DM-03646,30,Female,Black,Unknown,Mandarin,Commercial,Former,Underweight,Suburban
SYN-DM-03647,44,Female,White,Unknown,English,Medicaid,Former,Obesity,Rural
SYN-DM-03648,57,Male,Asian,Unknown,English,Medicare,Never,Underweight,Rural
SYN-DM-03649,85,Unknown,White,Not Hispanic or Latino,Other,Medicare,Former,Normal,Unknown
SYN-DM-03650,48,Unknown,Black,Unknown,English,Self-pay,Former,Obesity,Unknown
SYN-DM-03651,37,Male,Black,Hispanic or Latino,Other,Medicaid,Current,Obesity,Unknown
SYN-DM-03652,79,Unknown,Black,Unknown,Mandarin,Medicare,Former,Overweight,Unknown
SYN-DM-03653,71,Female,Unknown,Hispanic or Latino,Other,Commercial,Never,Underweight,Unknown
SYN-DM-03654,53,Male,Unknown,Unknown,Other,Commercial,Current,Obesity,Rural
SYN-DM-03655,34,Unknown,Asian,Unknown,Spanish,Medicare,Never,Obesity,Suburban
SYN-DM-03656,22,Female,Other,Unknown,Other,Commercial,Never,Underweight,Urban
SYN-DM-03657,74,Female,Asian,Not Hispanic or Latino,Mandarin,Medicaid,Never,Normal,Rural
SYN-DM-03658,68,Female,Other,Not Hispanic or Latino,English,Medicare,Former,Obesity,Suburban
SYN-DM-03659,34,Intersex,Other,Unknown,Spanish,Self-pay,Current,Normal,Suburban
SYN-DM-03660,47,Male,Other,Hispanic or Latino,English,Medicare,Never,Overweight,Urban
SYN-DM-03661,30,Female,White,Unknown,Other,Medicaid,Never,Obesity,Unknown
SYN-DM-03662,79,Intersex,Other,Hispanic or Latino,Other,Commercial,Former,Obesity,Urban
SYN-DM-03663,79,Male,Unknown,Unknown,Spanish,Commercial,Former,Obesity,Unknown
SYN-DM-03664,26,Male,Other,Unknown,Other,Commercial,Current,Overweight,Unknown
SYN-DM-03665,73,Intersex,Asian,Hispanic or Latino,Mandarin,Commercial,Never,Normal,Rural
SYN-DM-03666,56,Male,Unknown,Not Hispanic or Latino,English,Medicare,Never,Normal,Suburban
SYN-DM-03667,68,Intersex,Unknown,Not Hispanic or Latino,Spanish,Commercial,Former,Normal,Suburban
SYN-DM-03668,43,Female,Asian,Not Hispanic or Latino,Mandarin,Commercial,Never,Obesity,Suburban
SYN-DM-03669,48,Female,White,Unknown,Mandarin,Medicare,Former,Overweight,Urban
SYN-DM-03670,28,Unknown,Other,Unknown,English,Commercial,Unknown,Normal,Suburban
SYN-DM-03671,23,Intersex,Asian,Unknown,Spanish,Commercial,Former,Normal,Suburban
SYN-DM-03672,44,Intersex,White,Unknown,English,Medicare,Never,Obesity,Unknown
SYN-DM-03673,72,Intersex,Asian,Not Hispanic or Latino,Other,Commercial,Never,Normal,Suburban
SYN-DM-03674,53,Female,Unknown,Hispanic or Latino,Mandarin,Commercial,Never,Obesity,Rural
SYN-DM-03675,59,Female,White,Unknown,English,Medicare,Never,Overweight,Rural
SYN-DM-03676,28,Male,Asian,Not Hispanic or Latino,Mandarin,Medicare,Current,Overweight,Urban
SYN-DM-03677,65,Male,White,Unknown,Mandarin,Commercial,Former,Obesity,Rural
SYN-DM-03678,44,Male,White,Not Hispanic or Latino,Other,Commercial,Former,Obesity,Urban
SYN-DM-03679,30,Intersex,Asian,Hispanic or Latino,Spanish,Commercial,Former,Obesity,Urban
SYN-DM-03680,29,Unknown,Black,Hispanic or Latino,English,Commercial,Unknown,Obesity,Unknown
SYN-DM-03681,39,Intersex,Black,Unknown,English,Medicare,Never,Normal,Unknown
SYN-DM-03682,42,Unknown,Asian,Not Hispanic or Latino,English,Commercial,Former,Overweight,Unknown
SYN-DM-03683,49,Male,Asian,Hispanic or Latino,English,Commercial,Former,Underweight,Suburban
SYN-DM-03684,71,Intersex,Black,Hispanic or Latino,Mandarin,Self-pay,Never,Obesity,Unknown
SYN-DM-03685,25,Unknown,Unknown,Hispanic or Latino,Other,Medicare,Never,Overweight,Suburban
SYN-DM-03686,75,Male,Asian,Not Hispanic or Latino,Mandarin,Commercial,Former,Normal,Rural
SYN-DM-03687,80,Male,Black,Not Hispanic or Latino,English,Medicare,Current,Underweight,Unknown
SYN-DM-03688,29,Female,Asian,Unknown,Other,Commercial,Former,Obesity,Suburban
SYN-DM-03689,65,Female,Asian,Unknown,Other,Commercial,Former,Obesity,Unknown
SYN-DM-03690,82,Male,Asian,Hispanic or Latino,English,Medicare,Never,Overweight,Suburban
SYN-DM-03691,61,Female,Unknown,Unknown,English,Medicare,Never,Obesity,Unknown
SYN-DM-03692,23,Female,Other,Not Hispanic or Latino,English,Medicare,Never,Overweight,Suburban
SYN-DM-03693,30,Unknown,Other,Hispanic or Latino,Mandarin,Medicare,Former,Obesity,Urban
SYN-DM-03694,84,Male,Asian,Unknown,English,Medicare,Current,Overweight,Rural
SYN-DM-03695,66,Intersex,Unknown,Unknown,Mandarin,Commercial,Never,Normal,Unknown
SYN-DM-03696,62,Female,Asian,Hispanic or Latino,Mandarin,Commercial,Never,Underweight,Rural
SYN-DM-03697,71,Unknown,Asian,Hispanic or Latino,English,Medicare,Never,Underweight,Suburban
SYN-DM-03698,74,Unknown,Black,Unknown,Mandarin,Commercial,Never,Overweight,Suburban
SYN-DM-03699,45,Male,White,Not Hispanic or Latino,Spanish,Commercial,Never,Normal,Rural
SYN-DM-03700,80,Intersex,Other,Not Hispanic or Latino,Other,Commercial,Never,Obesity,Rural
SYN-DM-03701,27,Female,White,Not Hispanic or Latino,Spanish,Commercial,Current,Overweight,Urban
SYN-DM-03702,29,Unknown,Unknown,Unknown,Mandarin,Commercial,Current,Obesity,Urban
SYN-DM-03703,54,Male,Other,Unknown,Spanish,Commercial,Current,Normal,Unknown
SYN-DM-03704,38,Unknown,Unknown,Not Hispanic or Latino,Spanish,Commercial,Current,Underweight,Suburban
SYN-DM-03705,62,Intersex,Other,Not Hispanic or Latino,Mandarin,Commercial,Former,Normal,Urban
SYN-DM-03706,33,Intersex,Asian,Unknown,Other,Commercial,Never,Normal,Rural
SYN-DM-03707,58,Intersex,Black,Hispanic or Latino,Mandarin,Medicaid,Never,Normal,Suburban
SYN-DM-03708,65,Intersex,Unknown,Not Hispanic or Latino,Other,Medicare,Former,Underweight,Unknown
SYN-DM-03709,74,Male,Asian,Unknown,Mandarin,Medicare,Current,Obesity,Rural
SYN-DM-03710,25,Female,Other,Not Hispanic or Latino,Mandarin,Medicaid,Never,Underweight,Urban
SYN-DM-03711,40,Unknown,Asian,Unknown,Other,Commercial,Former,Underweight,Rural
SYN-DM-03712,33,Intersex,Unknown,Unknown,Mandarin,Commercial,Never,Obesity,Suburban
SYN-DM-03713,71,Intersex,Black,Unknown,Mandarin,Medicaid,Never,Normal,Suburban
SYN-DM-03714,73,Unknown,Asian,Not Hispanic or Latino,Mandarin,Commercial,Former,Obesity,Urban
SYN-DM-03715,90,Male,Black,Unknown,Other,Self-pay,Current,Obesity,Rural
SYN-DM-03716,22,Unknown,Asian,Unknown,English,Commercial,Former,Normal,Rural
SYN-DM-03717,66,Intersex,Other,Hispanic or Latino,Other,Commercial,Current,Underweight,Suburban
SYN-DM-03718,85,Unknown,Black,Not Hispanic or Latino,English,Commercial,Former,Obesity,Rural
SYN-DM-03719,88,Unknown,Other,Hispanic or Latino,Mandarin,Medicaid,Never,Overweight,Suburban
SYN-DM-03720,64,Intersex,Black,Unknown,Spanish,Commercial,Unknown,Overweight,Unknown
SYN-DM-03721,40,Female,Unknown,Hispanic or Latino,Spanish,Commercial,Never,Obesity,Urban
SYN-DM-03722,47,Male,Other,Not Hispanic or Latino,Other,Commercial,Never,Underweight,Suburban
SYN-DM-03723,59,Intersex,Black,Hispanic or Latino,Spanish,Commercial,Never,Normal,Urban
SYN-DM-03724,71,Female,Other,Hispanic or Latino,English,Commercial,Never,Obesity,Unknown
SYN-DM-03725,54,Unknown,Other,Hispanic or Latino,Spanish,Medicare,Never,Overweight,Unknown
SYN-DM-03726,78,Intersex,Other,Unknown,English,Commercial,Current,Underweight,Unknown
SYN-DM-03727,44,Unknown,Unknown,Not Hispanic or Latino,Mandarin,Medicaid,Former,Overweight,Unknown
SYN-DM-03728,61,Unknown,Unknown,Not Hispanic or Latino,Other,Medicare,Never,Normal,Suburban
SYN-DM-03729,75,Unknown,Asian,Hispanic or Latino,Mandarin,Medicare,Never,Underweight,Suburban
SYN-DM-03730,52,Male,Unknown,Not Hispanic or Latino,English,Commercial,Former,Normal,Rural
SYN-DM-03731,66,Unknown,Unknown,Not Hispanic or Latino,Other,Self-pay,Never,Obesity,Suburban
SYN-DM-03732,82,Male,Black,Hispanic or Latino,Other,Commercial,Former,Normal,Urban
SYN-DM-03733,62,Male,Other,Not Hispanic or Latino,Other,Medicare,Former,Normal,Rural
SYN-DM-03734,47,Male,White,Unknown,English,Commercial,Never,Overweight,Suburban
SYN-DM-03735,29,Unknown,White,Unknown,Other,Commercial,Current,Underweight,Rural
SYN-DM-03736,49,Male,White,Unknown,Other,Commercial,Never,Obesity,Urban
SYN-DM-03737,67,Unknown,Asian,Not Hispanic or Latino,Other,Commercial,Unknown,Overweight,Unknown
SYN-DM-03738,53,Female,White,Hispanic or Latino,English,Medicaid,Never,Overweight,Suburban
SYN-DM-03739,61,Female,Black,Hispanic or Latino,Other,Medicaid,Never,Overweight,Unknown
SYN-DM-03740,63,Intersex,White,Hispanic or Latino,Mandarin,Commercial,Current,Overweight,Urban
SYN-DM-03741,74,Intersex,Unknown,Hispanic or Latino,Other,Commercial,Former,Underweight,Suburban
SYN-DM-03742,59,Female,Unknown,Unknown,English,Commercial,Never,Normal,Rural
SYN-DM-03743,29,Intersex,Unknown,Hispanic or Latino,Other,Medicaid,Former,Overweight,Unknown
SYN-DM-03744,41,Unknown,White,Not Hispanic or Latino,Spanish,Medicare,Current,Normal,Rural
SYN-DM-03745,88,Male,Other,Unknown,English,Commercial,Never,Overweight,Urban
SYN-DM-03746,62,Intersex,Black,Hispanic or Latino,English,Medicare,Current,Obesity,Rural
SYN-DM-03747,47,Intersex,Black,Not Hispanic or Latino,English,Commercial,Never,Obesity,Rural
SYN-DM-03748,64,Male,White,Hispanic or Latino,English,Commercial,Never,Normal,Rural
SYN-DM-03749,63,Female,White,Not Hispanic or Latino,Mandarin,Medicare,Never,Overweight,Suburban
SYN-DM-03750,88,Intersex,Asian,Unknown,Spanish,Commercial,Never,Normal,Rural
SYN-DM-03751,68,Intersex,Unknown,Hispanic or Latino,English,Commercial,Never,Overweight,Rural
SYN-DM-03752,40,Female,Asian,Unknown,English,Commercial,Never,Overweight,Urban
SYN-DM-03753,33,Female,Unknown,Unknown,Mandarin,Medicaid,Never,Obesity,Suburban
SYN-DM-03754,69,Unknown,Black,Not Hispanic or Latino,English,Commercial,Never,Obesity,Suburban
SYN-DM-03755,68,Unknown,White,Hispanic or Latino,Other,Commercial,Never,Obesity,Urban
SYN-DM-03756,43,Intersex,Asian,Hispanic or Latino,Mandarin,Medicaid,Never,Normal,Rural
SYN-DM-03757,22,Unknown,Unknown,Not Hispanic or Latino,Spanish,Commercial,Never,Overweight,Unknown
SYN-DM-03758,64,Female,Asian,Not Hispanic or Latino,English,Medicare,Former,Underweight,Suburban
SYN-DM-03759,44,Unknown,Other,Hispanic or Latino,English,Medicaid,Never,Obesity,Rural
SYN-DM-03760,79,Male,Other,Unknown,English,Medicaid,Never,Overweight,Suburban
SYN-DM-03761,29,Intersex,White,Hispanic or Latino,Spanish,Commercial,Current,Underweight,Suburban
SYN-DM-03762,47,Male,Asian,Not Hispanic or Latino,Spanish,Medicare,Current,Normal,Urban
SYN-DM-03763,31,Male,Black,Hispanic or Latino,Mandarin,Medicare,Former,Underweight,Rural
SYN-DM-03764,52,Female,Black,Not Hispanic or Latino,Spanish,Medicare,Never,Underweight,Unknown
SYN-DM-03765,35,Male,Other,Not Hispanic or Latino,Spanish,Commercial,Current,Obesity,Suburban
SYN-DM-03766,42,Unknown,Unknown,Unknown,English,Commercial,Never,Normal,Urban
SYN-DM-03767,55,Female,Asian,Unknown,Spanish,Medicare,Never,Underweight,Suburban
SYN-DM-03768,51,Unknown,Black,Unknown,Other,Commercial,Never,Underweight,Unknown
SYN-DM-03769,50,Female,Other,Hispanic or Latino,Other,Commercial,Never,Obesity,Urban
SYN-DM-03770,82,Female,Black,Hispanic or Latino,English,Commercial,Former,Normal,Unknown
SYN-DM-03771,76,Intersex,Other,Not Hispanic or Latino,Other,Commercial,Former,Obesity,Unknown
SYN-DM-03772,48,Unknown,Other,Hispanic or Latino,Mandarin,Commercial,Former,Underweight,Rural
SYN-DM-03773,47,Male,Asian,Hispanic or Latino,Other,Commercial,Never,Underweight,Unknown
SYN-DM-03774,34,Unknown,Asian,Not Hispanic or Latino,English,Medicare,Former,Underweight,Urban
SYN-DM-03775,76,Unknown,Asian,Unknown,Spanish,Medicaid,Unknown,Overweight,Rural
SYN-DM-03776,69,Male,Asian,Hispanic or Latino,Other,Commercial,Former,Normal,Unknown
SYN-DM-03777,49,Unknown,Asian,Hispanic or Latino,English,Commercial,Never,Overweight,Suburban
SYN-DM-03778,63,Unknown,Black,Not Hispanic or Latino,Spanish,Medicare,Never,Overweight,Urban
SYN-DM-03779,58,Female,White,Hispanic or Latino,Other,Medicaid,Never,Normal,Rural
SYN-DM-03780,47,Unknown,Black,Not Hispanic or Latino,Other,Commercial,Never,Obesity,Suburban
SYN-DM-03781,75,Intersex,White,Hispanic or Latino,Other,Commercial,Never,Obesity,Rural
SYN-DM-03782,39,Male,White,Hispanic or Latino,English,Commercial,Never,Normal,Rural
SYN-DM-03783,79,Intersex,Unknown,Not Hispanic or Latino,Spanish,Self-pay,Never,Normal,Urban
SYN-DM-03784,71,Intersex,White,Hispanic or Latino,English,Commercial,Former,Overweight,Unknown
SYN-DM-03785,44,Male,Black,Hispanic or Latino,Mandarin,Commercial,Never,Normal,Unknown
SYN-DM-03786,37,Female,Other,Hispanic or Latino,Other,Commercial,Former,Normal,Unknown
SYN-DM-03787,51,Male,Unknown,Unknown,Other,Medicaid,Former,Underweight,Rural
SYN-DM-03788,37,Female,White,Not Hispanic or Latino,Spanish,Medicare,Former,Obesity,Rural
SYN-DM-03789,68,Intersex,Asian,Not Hispanic or Latino,Mandarin,Commercial,Former,Normal,Unknown
SYN-DM-03790,47,Male,Asian,Not Hispanic or Latino,Other,Medicare,Never,Underweight,Urban
SYN-DM-03791,61,Female,Black,Not Hispanic or Latino,Other,Commercial,Never,Normal,Suburban
SYN-DM-03792,73,Unknown,Asian,Not Hispanic or Latino,Other,Medicare,Never,Underweight,Unknown
SYN-DM-03793,42,Male,Black,Unknown,Other,Medicare,Never,Obesity,Rural
SYN-DM-03794,27,Intersex,Other,Hispanic or Latino,Mandarin,Commercial,Never,Normal,Suburban
SYN-DM-03795,90,Female,Unknown,Unknown,Mandarin,Medicare,Former,Obesity,Rural
SYN-DM-03796,79,Male,Asian,Hispanic or Latino,Spanish,Commercial,Never,Normal,Rural
SYN-DM-03797,48,Unknown,Unknown,Hispanic or Latino,Spanish,Commercial,Current,Normal,Suburban
SYN-DM-03798,38,Unknown,White,Not Hispanic or Latino,English,Commercial,Former,Overweight,Rural
SYN-DM-03799,30,Intersex,Unknown,Hispanic or Latino,Other,Medicare,Never,Overweight,Suburban
SYN-DM-03800,37,Unknown,Unknown,Hispanic or Latino,English,Commercial,Current,Overweight,Suburban
SYN-DM-03801,53,Unknown,Unknown,Not Hispanic or Latino,English,Commercial,Unknown,Normal,Rural
SYN-DM-03802,27,Unknown,White,Hispanic or Latino,Other,Medicare,Former,Underweight,Urban
SYN-DM-03803,81,Unknown,Other,Not Hispanic or Latino,English,Commercial,Former,Overweight,Rural
SYN-DM-03804,40,Female,Asian,Not Hispanic or Latino,Other,Commercial,Never,Normal,Urban
SYN-DM-03805,49,Intersex,Unknown,Not Hispanic or Latino,Mandarin,Commercial,Never,Underweight,Rural
SYN-DM-03806,59,Intersex,White,Unknown,English,Commercial,Never,Obesity,Rural
SYN-DM-03807,31,Female,Asian,Hispanic or Latino,Mandarin,Medicaid,Current,Overweight,Urban
SYN-DM-03808,65,Intersex,White,Unknown,Mandarin,Commercial,Never,Underweight,Unknown
SYN-DM-03809,44,Intersex,Other,Unknown,Mandarin,Medicare,Current,Obesity,Unknown
SYN-DM-03810,45,Unknown,White,Not Hispanic or Latino,Other,Commercial,Current,Underweight,Unknown
SYN-DM-03811,42,Intersex,Other,Hispanic or Latino,Spanish,Medicaid,Former,Underweight,Unknown
SYN-DM-03812,55,Intersex,Unknown,Not Hispanic or Latino,Mandarin,Medicare,Former,Normal,Suburban
SYN-DM-03813,54,Male,Unknown,Hispanic or Latino,Mandarin,Medicaid,Never,Underweight,Urban
SYN-DM-03814,33,Female,Other,Not Hispanic or Latino,English,Commercial,Never,Overweight,Rural
SYN-DM-03815,69,Unknown,Unknown,Hispanic or Latino,Spanish,Medicare,Never,Underweight,Urban
SYN-DM-03816,47,Male,Other,Hispanic or Latino,Spanish,Commercial,Unknown,Obesity,Suburban
SYN-DM-03817,25,Intersex,White,Hispanic or Latino,Spanish,Commercial,Never,Obesity,Urban
SYN-DM-03818,84,Male,Other,Hispanic or Latino,Other,Commercial,Former,Underweight,Rural
SYN-DM-03819,77,Unknown,Other,Not Hispanic or Latino,English,Medicaid,Never,Underweight,Unknown
SYN-DM-03820,86,Intersex,Unknown,Not Hispanic or Latino,Other,Commercial,Never,Normal,Unknown
SYN-DM-03821,51,Male,Black,Unknown,Other,Commercial,Former,Obesity,Unknown
SYN-DM-03822,82,Female,Other,Unknown,English,Self-pay,Former,Obesity,Rural
SYN-DM-03823,72,Unknown,Unknown,Hispanic or Latino,English,Commercial,Never,Underweight,Suburban
SYN-DM-03824,86,Female,Other,Hispanic or Latino,Mandarin,Medicare,Never,Underweight,Suburban
SYN-DM-03825,77,Unknown,Other,Hispanic or Latino,Other,Medicare,Current,Normal,Rural
SYN-DM-03826,36,Female,Unknown,Unknown,Mandarin,Medicare,Never,Obesity,Rural
SYN-DM-03827,57,Unknown,Black,Unknown,Mandarin,Commercial,Never,Underweight,Unknown
SYN-DM-03828,52,Unknown,White,Unknown,Mandarin,Commercial,Unknown,Normal,Unknown
SYN-DM-03829,87,Female,White,Unknown,Other,Medicaid,Unknown,Overweight,Suburban
SYN-DM-03830,24,Female,Asian,Not Hispanic or Latino,English,Commercial,Never,Normal,Suburban
SYN-DM-03831,43,Female,Asian,Unknown,Other,Commercial,Former,Overweight,Suburban
SYN-DM-03832,54,Unknown,Black,Not Hispanic or Latino,Other,Self-pay,Former,Underweight,Suburban
SYN-DM-03833,88,Male,Other,Hispanic or Latino,English,Self-pay,Current,Normal,Unknown
SYN-DM-03834,32,Female,Black,Unknown,Spanish,Medicare,Never,Obesity,Rural
SYN-DM-03835,81,Intersex,Unknown,Hispanic or Latino,Mandarin,Medicaid,Never,Overweight,Unknown
SYN-DM-03836,38,Female,Asian,Not Hispanic or Latino,Mandarin,Commercial,Never,Normal,Suburban
SYN-DM-03837,62,Male,White,Not Hispanic or Latino,Other,Medicaid,Current,Obesity,Urban
SYN-DM-03838,88,Male,Black,Not Hispanic or Latino,English,Commercial,Never,Normal,Rural
SYN-DM-03839,82,Intersex,Asian,Unknown,Other,Medicare,Never,Overweight,Suburban
SYN-DM-03840,38,Intersex,Asian,Hispanic or Latino,Other,Medicare,Never,Overweight,Suburban
SYN-DM-03841,36,Male,Asian,Not Hispanic or Latino,Other,Commercial,Never,Underweight,Unknown
SYN-DM-03842,85,Female,White,Hispanic or Latino,English,Commercial,Former,Underweight,Rural
SYN-DM-03843,27,Intersex,White,Unknown,Spanish,Commercial,Never,Obesity,Rural
SYN-DM-03844,70,Unknown,Other,Unknown,Spanish,Commercial,Never,Obesity,Rural
SYN-DM-03845,79,Female,Asian,Hispanic or Latino,Spanish,Commercial,Never,Overweight,Unknown
SYN-DM-03846,81,Intersex,Asian,Unknown,Mandarin,Commercial,Never,Overweight,Urban
SYN-DM-03847,57,Female,White,Unknown,Mandarin,Commercial,Former,Overweight,Rural
SYN-DM-03848,71,Female,Black,Hispanic or Latino,English,Medicaid,Never,Overweight,Urban
SYN-DM-03849,71,Female,Unknown,Hispanic or Latino,Other,Commercial,Former,Overweight,Urban
SYN-DM-03850,30,Intersex,White,Not Hispanic or Latino,Mandarin,Medicare,Never,Normal,Unknown
SYN-DM-03851,33,Intersex,Other,Not Hispanic or Latino,Mandarin,Commercial,Never,Obesity,Urban
SYN-DM-03852,49,Female,Unknown,Not Hispanic or Latino,Mandarin,Commercial,Never,Obesity,Unknown
SYN-DM-03853,74,Female,Other,Not Hispanic or Latino,English,Medicaid,Current,Overweight,Urban
SYN-DM-03854,87,Intersex,White,Unknown,English,Medicaid,Current,Normal,Urban
SYN-DM-03855,40,Female,Black,Not Hispanic or Latino,Other,Commercial,Never,Obesity,Unknown
SYN-DM-03856,48,Intersex,Other,Hispanic or Latino,Mandarin,Medicaid,Never,Obesity,Rural
SYN-DM-03857,64,Unknown,Unknown,Not Hispanic or Latino,Spanish,Commercial,Current,Obesity,Unknown
SYN-DM-03858,83,Female,Asian,Hispanic or Latino,English,Self-pay,Former,Obesity,Urban
SYN-DM-03859,38,Female,White,Unknown,English,Commercial,Former,Overweight,Rural
SYN-DM-03860,51,Female,Asian,Unknown,Mandarin,Commercial,Former,Underweight,Unknown
SYN-DM-03861,43,Female,Other,Hispanic or Latino,Other,Medicaid,Never,Underweight,Rural
SYN-DM-03862,45,Unknown,Unknown,Hispanic or Latino,Other,Commercial,Never,Normal,Suburban
SYN-DM-03863,52,Female,White,Unknown,English,Medicaid,Never,Overweight,Rural
SYN-DM-03864,50,Male,Black,Unknown,English,Commercial,Never,Overweight,Rural
SYN-DM-03865,56,Female,White,Unknown,Other,Medicare,Never,Overweight,Suburban
SYN-DM-03866,50,Unknown,Other,Hispanic or Latino,Spanish,Commercial,Never,Obesity,Unknown
SYN-DM-03867,72,Unknown,Asian,Unknown,Mandarin,Medicare,Former,Obesity,Unknown
SYN-DM-03868,24,Female,White,Not Hispanic or Latino,Spanish,Commercial,Never,Obesity,Unknown
SYN-DM-03869,47,Male,White,Hispanic or Latino,Spanish,Medicare,Former,Overweight,Suburban
SYN-DM-03870,25,Intersex,White,Not Hispanic or Latino,Mandarin,Commercial,Former,Obesity,Unknown
SYN-DM-03871,66,Male,Asian,Not Hispanic or Latino,Spanish,Self-pay,Never,Normal,Suburban
SYN-DM-03872,69,Intersex,Other,Not Hispanic or Latino,Mandarin,Commercial,Current,Obesity,Rural
SYN-DM-03873,43,Intersex,White,Hispanic or Latino,Spanish,Commercial,Never,Obesity,Unknown
SYN-DM-03874,84,Intersex,Other,Not Hispanic or Latino,English,Medicare,Former,Normal,Urban
SYN-DM-03875,27,Unknown,Asian,Hispanic or Latino,Spanish,Medicare,Never,Obesity,Urban
SYN-DM-03876,80,Intersex,Unknown,Hispanic or Latino,Mandarin,Medicaid,Never,Normal,Urban
SYN-DM-03877,57,Intersex,White,Hispanic or Latino,English,Medicare,Former,Obesity,Rural
SYN-DM-03878,62,Unknown,White,Hispanic or Latino,Spanish,Medicare,Former,Underweight,Suburban
SYN-DM-03879,30,Male,Unknown,Hispanic or Latino,Spanish,Commercial,Current,Underweight,Rural
SYN-DM-03880,87,Intersex,Unknown,Hispanic or Latino,Spanish,Commercial,Never,Normal,Rural
SYN-DM-03881,74,Female,Black,Hispanic or Latino,Mandarin,Self-pay,Never,Normal,Unknown
SYN-DM-03882,74,Female,Other,Hispanic or Latino,English,Medicaid,Never,Obesity,Urban
SYN-DM-03883,59,Unknown,Asian,Unknown,Mandarin,Medicare,Never,Normal,Urban
SYN-DM-03884,72,Intersex,Black,Not Hispanic or Latino,Other,Commercial,Unknown,Underweight,Unknown
SYN-DM-03885,44,Intersex,White,Hispanic or Latino,Other,Medicare,Former,Overweight,Unknown
SYN-DM-03886,73,Intersex,Other,Unknown,English,Commercial,Former,Obesity,Unknown
SYN-DM-03887,36,Intersex,Black,Hispanic or Latino,Spanish,Commercial,Never,Overweight,Suburban
SYN-DM-03888,31,Intersex,Asian,Not Hispanic or Latino,Other,Medicare,Never,Obesity,Rural
SYN-DM-03889,22,Unknown,White,Hispanic or Latino,English,Medicare,Never,Normal,Rural
SYN-DM-03890,34,Unknown,Unknown,Unknown,Spanish,Self-pay,Never,Underweight,Unknown
SYN-DM-03891,71,Male,Unknown,Not Hispanic or Latino,English,Medicare,Never,Underweight,Suburban
SYN-DM-03892,84,Male,White,Not Hispanic or Latino,Spanish,Medicare,Former,Normal,Suburban
SYN-DM-03893,54,Intersex,Asian,Unknown,Spanish,Commercial,Never,Underweight,Urban
SYN-DM-03894,58,Intersex,Black,Unknown,Spanish,Commercial,Former,Overweight,Rural
SYN-DM-03895,49,Male,Asian,Unknown,Spanish,Commercial,Never,Underweight,Suburban
SYN-DM-03896,78,Female,White,Hispanic or Latino,Spanish,Self-pay,Current,Obesity,Unknown
SYN-DM-03897,52,Intersex,White,Not Hispanic or Latino,Other,Medicaid,Never,Underweight,Suburban
SYN-DM-03898,30,Intersex,Unknown,Not Hispanic or Latino,Mandarin,Medicare,Former,Normal,Unknown
SYN-DM-03899,57,Male,Other,Not Hispanic or Latino,Mandarin,Commercial,Never,Underweight,Unknown
SYN-DM-03900,66,Unknown,Asian,Hispanic or Latino,Spanish,Commercial,Unknown,Obesity,Urban
SYN-DM-03901,51,Unknown,Black,Hispanic or Latino,Spanish,Commercial,Never,Normal,Rural
SYN-DM-03902,77,Male,White,Hispanic or Latino,Mandarin,Medicare,Never,Overweight,Rural
SYN-DM-03903,82,Female,White,Not Hispanic or Latino,English,Commercial,Current,Underweight,Unknown
SYN-DM-03904,49,Unknown,Other,Not Hispanic or Latino,English,Medicare,Current,Underweight,Urban
SYN-DM-03905,86,Intersex,Black,Not Hispanic or Latino,Mandarin,Commercial,Former,Obesity,Suburban
SYN-DM-03906,80,Male,Asian,Not Hispanic or Latino,Spanish,Medicare,Former,Overweight,Suburban
SYN-DM-03907,70,Male,Other,Unknown,English,Commercial,Former,Overweight,Rural
SYN-DM-03908,70,Unknown,Other,Hispanic or Latino,English,Medicare,Unknown,Obesity,Urban
SYN-DM-03909,70,Unknown,Asian,Unknown,English,Commercial,Former,Overweight,Suburban
SYN-DM-03910,68,Female,Unknown,Unknown,Other,Commercial,Never,Obesity,Rural
SYN-DM-03911,58,Female,Other,Unknown,Mandarin,Medicaid,Current,Underweight,Suburban
SYN-DM-03912,35,Male,Unknown,Hispanic or Latino,Spanish,Commercial,Never,Overweight,Urban
SYN-DM-03913,65,Female,White,Unknown,Spanish,Commercial,Current,Overweight,Suburban
SYN-DM-03914,72,Intersex,Black,Unknown,English,Commercial,Former,Obesity,Unknown
SYN-DM-03915,56,Unknown,Black,Unknown,English,Commercial,Never,Underweight,Suburban
SYN-DM-03916,49,Intersex,Unknown,Hispanic or Latino,English,Commercial,Never,Underweight,Rural
SYN-DM-03917,44,Intersex,White,Unknown,Mandarin,Medicare,Never,Normal,Unknown
SYN-DM-03918,29,Unknown,Unknown,Unknown,Other,Commercial,Never,Obesity,Unknown
SYN-DM-03919,43,Female,Black,Hispanic or Latino,Mandarin,Commercial,Former,Normal,Urban
SYN-DM-03920,86,Female,White,Hispanic or Latino,Spanish,Commercial,Current,Underweight,Suburban
SYN-DM-03921,57,Female,Unknown,Not Hispanic or Latino,Mandarin,Commercial,Never,Underweight,Suburban
SYN-DM-03922,29,Male,Black,Unknown,Other,Commercial,Never,Underweight,Urban
SYN-DM-03923,62,Intersex,Asian,Not Hispanic or Latino,Mandarin,Medicaid,Never,Overweight,Unknown
SYN-DM-03924,43,Female,Other,Not Hispanic or Latino,English,Commercial,Never,Overweight,Unknown
SYN-DM-03925,88,Male,Asian,Unknown,Spanish,Medicare,Never,Overweight,Unknown
SYN-DM-03926,54,Male,Other,Hispanic or Latino,Spanish,Commercial,Current,Underweight,Suburban
SYN-DM-03927,32,Intersex,Other,Not Hispanic or Latino,Mandarin,Medicare,Unknown,Normal,Rural
SYN-DM-03928,31,Male,White,Unknown,Spanish,Commercial,Former,Normal,Urban
SYN-DM-03929,29,Female,Unknown,Unknown,Other,Commercial,Current,Normal,Rural
SYN-DM-03930,68,Unknown,White,Unknown,Spanish,Commercial,Former,Normal,Rural
SYN-DM-03931,31,Male,Black,Hispanic or Latino,Spanish,Commercial,Former,Normal,Rural
SYN-DM-03932,43,Female,Unknown,Unknown,Mandarin,Commercial,Former,Overweight,Suburban
SYN-DM-03933,46,Unknown,Other,Hispanic or Latino,Mandarin,Commercial,Never,Normal,Rural
SYN-DM-03934,83,Intersex,Asian,Not Hispanic or Latino,Spanish,Medicare,Former,Overweight,Unknown
SYN-DM-03935,82,Intersex,Other,Not Hispanic or Latino,Mandarin,Medicare,Never,Obesity,Suburban
SYN-DM-03936,40,Male,White,Hispanic or Latino,Spanish,Commercial,Former,Underweight,Rural
SYN-DM-03937,51,Male,Other,Hispanic or Latino,Other,Medicare,Former,Underweight,Rural
SYN-DM-03938,85,Intersex,Black,Not Hispanic or Latino,Other,Commercial,Former,Underweight,Urban
SYN-DM-03939,75,Male,Unknown,Unknown,Spanish,Medicaid,Current,Normal,Rural
SYN-DM-03940,65,Female,Unknown,Unknown,Other,Commercial,Former,Overweight,Urban
SYN-DM-03941,49,Unknown,Black,Hispanic or Latino,Mandarin,Commercial,Never,Normal,Suburban
SYN-DM-03942,44,Female,Other,Not Hispanic or Latino,Spanish,Commercial,Never,Overweight,Rural
SYN-DM-03943,51,Intersex,Other,Hispanic or Latino,Mandarin,Medicare,Never,Overweight,Rural
SYN-DM-03944,57,Female,Black,Not Hispanic or Latino,Spanish,Medicaid,Never,Obesity,Unknown
SYN-DM-03945,60,Male,Asian,Hispanic or Latino,Mandarin,Medicare,Never,Overweight,Suburban
SYN-DM-03946,22,Male,Other,Not Hispanic or Latino,Mandarin,Commercial,Former,Overweight,Rural
SYN-DM-03947,56,Female,Asian,Not Hispanic or Latino,Spanish,Commercial,Never,Normal,Suburban
SYN-DM-03948,54,Unknown,Unknown,Unknown,Other,Commercial,Never,Overweight,Unknown
SYN-DM-03949,84,Male,Asian,Not Hispanic or Latino,Other,Commercial,Former,Overweight,Suburban
SYN-DM-03950,75,Unknown,Other,Unknown,Spanish,Commercial,Never,Overweight,Rural
SYN-DM-03951,48,Male,Asian,Unknown,Mandarin,Commercial,Never,Overweight,Unknown
SYN-DM-03952,60,Female,Other,Hispanic or Latino,Spanish,Commercial,Never,Overweight,Rural
SYN-DM-03953,66,Unknown,Unknown,Unknown,English,Medicaid,Never,Underweight,Urban
SYN-DM-03954,22,Male,Black,Unknown,Mandarin,Medicare,Former,Underweight,Unknown
SYN-DM-03955,57,Unknown,White,Unknown,Other,Medicare,Current,Normal,Urban
SYN-DM-03956,90,Intersex,Asian,Unknown,Other,Commercial,Never,Normal,Suburban
SYN-DM-03957,64,Male,Asian,Unknown,Other,Commercial,Unknown,Obesity,Suburban
SYN-DM-03958,79,Female,Unknown,Not Hispanic or Latino,Other,Medicaid,Unknown,Underweight,Rural
SYN-DM-03959,63,Intersex,Black,Not Hispanic or Latino,English,Commercial,Unknown,Obesity,Urban
SYN-DM-03960,70,Intersex,White,Unknown,Mandarin,Commercial,Former,Obesity,Urban
SYN-DM-03961,40,Female,White,Not Hispanic or Latino,English,Medicare,Never,Overweight,Rural
SYN-DM-03962,62,Female,Asian,Hispanic or Latino,Other,Commercial,Never,Underweight,Suburban
SYN-DM-03963,48,Female,Other,Not Hispanic or Latino,Mandarin,Medicaid,Never,Obesity,Suburban
SYN-DM-03964,56,Female,Black,Not Hispanic or Latino,Other,Medicare,Former,Normal,Suburban
SYN-DM-03965,44,Male,Other,Unknown,Mandarin,Commercial,Never,Obesity,Urban
SYN-DM-03966,65,Unknown,Asian,Unknown,English,Medicare,Former,Underweight,Suburban
SYN-DM-03967,41,Unknown,Black,Not Hispanic or Latino,Mandarin,Commercial,Never,Underweight,Unknown
SYN-DM-03968,74,Intersex,Unknown,Not Hispanic or Latino,Mandarin,Commercial,Never,Underweight,Suburban
SYN-DM-03969,50,Female,Asian,Not Hispanic or Latino,English,Medicaid,Never,Underweight,Urban
SYN-DM-03970,88,Unknown,White,Unknown,English,Commercial,Never,Underweight,Rural
SYN-DM-03971,35,Intersex,Black,Unknown,English,Medicaid,Never,Obesity,Suburban
SYN-DM-03972,68,Female,Other,Unknown,Other,Commercial,Current,Underweight,Rural
SYN-DM-03973,43,Unknown,Other,Not Hispanic or Latino,Spanish,Commercial,Unknown,Obesity,Urban
SYN-DM-03974,85,Female,Unknown,Not Hispanic or Latino,English,Commercial,Never,Normal,Rural
SYN-DM-03975,64,Male,Black,Not Hispanic or Latino,Spanish,Commercial,Former,Obesity,Unknown
SYN-DM-03976,39,Unknown,White,Hispanic or Latino,English,Commercial,Former,Obesity,Suburban
SYN-DM-03977,87,Unknown,White,Unknown,Spanish,Commercial,Never,Overweight,Rural
SYN-DM-03978,90,Intersex,White,Not Hispanic or Latino,Other,Self-pay,Current,Overweight,Suburban
SYN-DM-03979,79,Female,White,Hispanic or Latino,Mandarin,Medicaid,Current,Overweight,Urban
SYN-DM-03980,49,Intersex,Asian,Hispanic or Latino,Spanish,Medicare,Never,Normal,Rural
SYN-DM-03981,30,Unknown,White,Hispanic or Latino,Mandarin,Commercial,Never,Overweight,Unknown
SYN-DM-03982,86,Unknown,White,Unknown,English,Commercial,Never,Overweight,Urban
SYN-DM-03983,66,Female,Black,Hispanic or Latino,Spanish,Commercial,Never,Overweight,Unknown
SYN-DM-03984,37,Female,Unknown,Unknown,Other,Commercial,Former,Underweight,Unknown
SYN-DM-03985,33,Female,Asian,Not Hispanic or Latino,Other,Medicaid,Never,Overweight,Unknown
SYN-DM-03986,66,Intersex,Unknown,Not Hispanic or Latino,Mandarin,Medicaid,Never,Overweight,Rural
SYN-DM-03987,46,Male,White,Hispanic or Latino,English,Medicaid,Never,Underweight,Urban
SYN-DM-03988,74,Female,Unknown,Unknown,Spanish,Medicaid,Never,Underweight,Rural
SYN-DM-03989,84,Female,Black,Hispanic or Latino,Spanish,Commercial,Former,Underweight,Rural
SYN-DM-03990,63,Female,Asian,Unknown,English,Medicare,Former,Overweight,Rural
SYN-DM-03991,82,Male,Other,Not Hispanic or Latino,English,Commercial,Never,Normal,Rural
SYN-DM-03992,79,Intersex,White,Hispanic or Latino,Mandarin,Medicare,Never,Underweight,Urban
SYN-DM-03993,38,Male,Other,Unknown,Other,Medicaid,Never,Obesity,Rural
SYN-DM-03994,50,Male,White,Unknown,Other,Medicare,Current,Normal,Unknown
SYN-DM-03995,56,Intersex,White,Unknown,Spanish,Medicare,Never,Normal,Unknown
SYN-DM-03996,48,Male,Black,Not Hispanic or Latino,Spanish,Medicare,Former,Obesity,Suburban
SYN-DM-03997,62,Male,Asian,Not Hispanic or Latino,Mandarin,Commercial,Former,Overweight,Suburban
SYN-DM-03998,60,Female,Unknown,Not Hispanic or Latino,Other,Commercial,Former,Normal,Urban
SYN-DM-03999,68,Unknown,Unknown,Not Hispanic or Latino,Other,Medicaid,Current,Underweight,Rural
SYN-DM-04000,74,Female,White,Unknown,Mandarin,Commercial,Never,Overweight,Rural
SYN-DM-04001,86,Female,Other,Hispanic or Latino,Mandarin,Medicare,Unknown,Obesity,Urban
SYN-DM-04002,29,Intersex,Black,Hispanic or Latino,Other,Commercial,Never,Obesity,Suburban
SYN-DM-04003,57,Male,Black,Unknown,Mandarin,Commercial,Former,Underweight,Unknown
SYN-DM-04004,28,Male,Unknown,Unknown,English,Commercial,Never,Normal,Unknown
SYN-DM-04005,36,Intersex,Asian,Unknown,Spanish,Medicare,Unknown,Normal,Suburban
SYN-DM-04006,69,Unknown,Unknown,Not Hispanic or Latino,Other,Medicare,Former,Normal,Rural
SYN-DM-04007,64,Male,Other,Not Hispanic or Latino,Spanish,Commercial,Never,Normal,Suburban
SYN-DM-04008,80,Male,Asian,Hispanic or Latino,Spanish,Commercial,Never,Underweight,Suburban
SYN-DM-04009,87,Male,Asian,Hispanic or Latino,Spanish,Commercial,Former,Underweight,Urban
SYN-DM-04010,26,Female,Unknown,Not Hispanic or Latino,Mandarin,Medicaid,Never,Overweight,Unknown
SYN-DM-04011,80,Unknown,Other,Unknown,Other,Medicare,Former,Underweight,Urban
SYN-DM-04012,50,Intersex,White,Unknown,Other,Medicaid,Never,Overweight,Suburban
SYN-DM-04013,48,Male,Unknown,Not Hispanic or Latino,Spanish,Commercial,Current,Normal,Unknown
SYN-DM-04014,89,Unknown,Unknown,Unknown,English,Medicare,Never,Overweight,Urban
SYN-DM-04015,41,Female,Asian,Hispanic or Latino,English,Medicare,Former,Underweight,Rural
SYN-DM-04016,60,Female,Asian,Unknown,English,Commercial,Never,Normal,Unknown
SYN-DM-04017,33,Female,Other,Hispanic or Latino,Other,Commercial,Former,Normal,Urban
SYN-DM-04018,88,Unknown,Unknown,Unknown,Mandarin,Medicare,Unknown,Obesity,Suburban
SYN-DM-04019,60,Female,Black,Unknown,Spanish,Commercial,Current,Normal,Rural
SYN-DM-04020,40,Intersex,Black,Hispanic or Latino,Mandarin,Commercial,Never,Obesity,Urban
SYN-DM-04021,59,Intersex,Black,Hispanic or Latino,English,Commercial,Current,Underweight,Suburban
SYN-DM-04022,41,Unknown,Black,Hispanic or Latino,English,Commercial,Unknown,Normal,Rural
SYN-DM-04023,27,Unknown,Unknown,Not Hispanic or Latino,Spanish,Commercial,Never,Obesity,Urban
SYN-DM-04024,90,Male,Other,Unknown,Spanish,Commercial,Current,Obesity,Urban
SYN-DM-04025,49,Intersex,Other,Hispanic or Latino,English,Medicaid,Never,Normal,Rural
SYN-DM-04026,44,Intersex,Black,Hispanic or Latino,English,Commercial,Current,Underweight,Unknown
SYN-DM-04027,41,Female,White,Unknown,Mandarin,Medicaid,Never,Overweight,Unknown
SYN-DM-04028,49,Intersex,Unknown,Unknown,Mandarin,Medicaid,Former,Normal,Rural
SYN-DM-04029,38,Female,Black,Not Hispanic or Latino,Other,Self-pay,Current,Underweight,Rural
SYN-DM-04030,50,Female,White,Hispanic or Latino,Other,Commercial,Current,Obesity,Suburban
SYN-DM-04031,90,Intersex,Asian,Not Hispanic or Latino,Spanish,Commercial,Former,Overweight,Urban
SYN-DM-04032,35,Unknown,Black,Not Hispanic or Latino,Spanish,Medicare,Former,Obesity,Urban
SYN-DM-04033,43,Male,Unknown,Not Hispanic or Latino,English,Commercial,Unknown,Obesity,Unknown
SYN-DM-04034,43,Male,Unknown,Not Hispanic or Latino,English,Commercial,Former,Overweight,Rural
SYN-DM-04035,37,Intersex,Asian,Not Hispanic or Latino,Spanish,Medicare,Current,Obesity,Rural
SYN-DM-04036,65,Male,Other,Hispanic or Latino,Other,Commercial,Current,Underweight,Urban
SYN-DM-04037,56,Female,Unknown,Hispanic or Latino,Other,Medicare,Never,Underweight,Urban
SYN-DM-04038,86,Unknown,Asian,Not Hispanic or Latino,Other,Commercial,Former,Normal,Urban
SYN-DM-04039,45,Male,Unknown,Not Hispanic or Latino,English,Commercial,Current,Underweight,Rural
SYN-DM-04040,69,Unknown,White,Hispanic or Latino,English,Commercial,Former,Obesity,Rural
SYN-DM-04041,42,Unknown,Asian,Not Hispanic or Latino,Other,Commercial,Never,Overweight,Urban
SYN-DM-04042,85,Male,White,Unknown,Mandarin,Commercial,Former,Obesity,Suburban
SYN-DM-04043,64,Male,Unknown,Not Hispanic or Latino,Spanish,Medicare,Never,Obesity,Suburban
SYN-DM-04044,60,Female,Asian,Not Hispanic or Latino,English,Medicaid,Former,Overweight,Rural
SYN-DM-04045,58,Intersex,Unknown,Hispanic or Latino,Other,Commercial,Never,Underweight,Suburban
SYN-DM-04046,55,Intersex,Asian,Unknown,Spanish,Commercial,Current,Underweight,Suburban
SYN-DM-04047,25,Female,Asian,Hispanic or Latino,Other,Commercial,Former,Underweight,Rural
SYN-DM-04048,75,Intersex,Asian,Not Hispanic or Latino,Other,Commercial,Former,Overweight,Suburban
SYN-DM-04049,57,Intersex,Black,Unknown,English,Medicare,Former,Overweight,Suburban
SYN-DM-04050,31,Intersex,Unknown,Not Hispanic or Latino,Spanish,Medicaid,Former,Obesity,Unknown
SYN-DM-04051,43,Male,White,Hispanic or Latino,Mandarin,Medicaid,Never,Underweight,Unknown
SYN-DM-04052,33,Intersex,Black,Not Hispanic or Latino,Spanish,Commercial,Never,Underweight,Urban
SYN-DM-04053,66,Intersex,Asian,Unknown,Mandarin,Commercial,Former,Normal,Rural
SYN-DM-04054,43,Male,Unknown,Hispanic or Latino,Spanish,Medicare,Never,Obesity,Rural
SYN-DM-04055,45,Male,Unknown,Unknown,Spanish,Commercial,Never,Obesity,Rural
SYN-DM-04056,35,Intersex,White,Hispanic or Latino,Other,Commercial,Never,Obesity,Urban
SYN-DM-04057,50,Male,Other,Unknown,English,Commercial,Former,Overweight,Unknown
SYN-DM-04058,50,Female,Unknown,Not Hispanic or Latino,Mandarin,Medicaid,Former,Obesity,Rural
SYN-DM-04059,56,Intersex,Asian,Hispanic or Latino,English,Commercial,Never,Underweight,Urban
SYN-DM-04060,48,Unknown,Asian,Not Hispanic or Latino,Spanish,Commercial,Current,Normal,Urban
SYN-DM-04061,88,Unknown,White,Hispanic or Latino,English,Medicaid,Never,Normal,Suburban
SYN-DM-04062,39,Intersex,Unknown,Hispanic or Latino,English,Medicare,Current,Underweight,Suburban
SYN-DM-04063,29,Unknown,Black,Hispanic or Latino,Mandarin,Commercial,Former,Overweight,Suburban
SYN-DM-04064,53,Female,Unknown,Hispanic or Latino,English,Medicare,Never,Normal,Unknown
SYN-DM-04065,59,Unknown,White,Not Hispanic or Latino,Mandarin,Medicaid,Unknown,Overweight,Suburban
SYN-DM-04066,82,Male,Unknown,Unknown,Spanish,Commercial,Former,Normal,Urban
SYN-DM-04067,51,Unknown,White,Not Hispanic or Latino,Mandarin,Medicaid,Former,Underweight,Unknown
SYN-DM-04068,35,Intersex,Unknown,Hispanic or Latino,Mandarin,Medicare,Current,Overweight,Unknown
SYN-DM-04069,57,Intersex,Black,Hispanic or Latino,English,Commercial,Never,Overweight,Rural
SYN-DM-04070,57,Unknown,White,Not Hispanic or Latino,English,Commercial,Former,Overweight,Urban
SYN-DM-04071,81,Male,Unknown,Hispanic or Latino,Spanish,Commercial,Current,Overweight,Rural
SYN-DM-04072,57,Intersex,White,Unknown,Mandarin,Self-pay,Never,Obesity,Unknown
SYN-DM-04073,64,Intersex,White,Not Hispanic or Latino,Mandarin,Self-pay,Former,Obesity,Urban
SYN-DM-04074,47,Unknown,Other,Unknown,Spanish,Commercial,Never,Obesity,Suburban
SYN-DM-04075,86,Unknown,Asian,Not Hispanic or Latino,Other,Commercial,Never,Obesity,Rural
SYN-DM-04076,55,Female,Other,Unknown,English,Commercial,Current,Overweight,Unknown
SYN-DM-04077,79,Unknown,Asian,Not Hispanic or Latino,English,Commercial,Never,Normal,Unknown
SYN-DM-04078,76,Female,White,Hispanic or Latino,Other,Commercial,Current,Underweight,Unknown
SYN-DM-04079,82,Unknown,Asian,Hispanic or Latino,English,Medicare,Current,Overweight,Unknown
SYN-DM-04080,67,Intersex,Unknown,Unknown,English,Commercial,Former,Overweight,Suburban
SYN-DM-04081,39,Unknown,White,Not Hispanic or Latino,Spanish,Medicare,Never,Obesity,Unknown
SYN-DM-04082,74,Female,White,Not Hispanic or Latino,English,Commercial,Never,Overweight,Rural
SYN-DM-04083,40,Female,White,Unknown,Other,Commercial,Former,Overweight,Suburban
SYN-DM-04084,58,Male,White,Unknown,English,Self-pay,Unknown,Normal,Urban
SYN-DM-04085,46,Male,Asian,Unknown,Mandarin,Medicare,Former,Overweight,Suburban
SYN-DM-04086,31,Unknown,Unknown,Not Hispanic or Latino,Other,Medicaid,Never,Obesity,Rural
SYN-DM-04087,48,Female,White,Not Hispanic or Latino,English,Medicare,Unknown,Underweight,Unknown
SYN-DM-04088,75,Intersex,Unknown,Hispanic or Latino,Other,Commercial,Current,Overweight,Suburban
SYN-DM-04089,39,Female,Black,Hispanic or Latino,Mandarin,Commercial,Never,Normal,Rural
SYN-DM-04090,62,Intersex,Other,Unknown,Spanish,Commercial,Never,Overweight,Urban
SYN-DM-04091,52,Intersex,Other,Unknown,Mandarin,Commercial,Never,Overweight,Rural
SYN-DM-04092,56,Female,Black,Not Hispanic or Latino,English,Commercial,Former,Underweight,Unknown
SYN-DM-04093,40,Male,Other,Unknown,Other,Commercial,Never,Obesity,Rural
SYN-DM-04094,22,Male,Black,Not Hispanic or Latino,Mandarin,Medicaid,Former,Underweight,Urban
SYN-DM-04095,55,Intersex,White,Unknown,Mandarin,Commercial,Never,Underweight,Suburban
SYN-DM-04096,42,Female,Asian,Unknown,Spanish,Commercial,Never,Normal,Rural
SYN-DM-04097,40,Male,Other,Not Hispanic or Latino,Spanish,Medicaid,Never,Underweight,Urban
SYN-DM-04098,22,Intersex,Black,Not Hispanic or Latino,Other,Medicare,Former,Obesity,Suburban
SYN-DM-04099,86,Male,Asian,Not Hispanic or Latino,English,Medicaid,Unknown,Underweight,Urban
SYN-DM-04100,28,Male,Asian,Unknown,Mandarin,Commercial,Former,Underweight,Urban
SYN-DM-04101,65,Male,Asian,Unknown,Other,Commercial,Former,Overweight,Suburban
SYN-DM-04102,76,Female,Other,Not Hispanic or Latino,Mandarin,Commercial,Never,Obesity,Unknown
SYN-DM-04103,70,Intersex,Other,Unknown,English,Self-pay,Current,Normal,Unknown
SYN-DM-04104,43,Female,White,Unknown,Other,Medicare,Never,Obesity,Urban
SYN-DM-04105,25,Intersex,Unknown,Unknown,Other,Commercial,Unknown,Obesity,Unknown
SYN-DM-04106,59,Male,Asian,Not Hispanic or Latino,English,Medicare,Never,Normal,Suburban
SYN-DM-04107,65,Female,Unknown,Not Hispanic or Latino,English,Medicaid,Former,Underweight,Rural
SYN-DM-04108,50,Intersex,Other,Not Hispanic or Latino,English,Commercial,Former,Overweight,Suburban
SYN-DM-04109,72,Female,White,Unknown,Mandarin,Medicare,Former,Overweight,Rural
SYN-DM-04110,76,Unknown,Black,Not Hispanic or Latino,Spanish,Commercial,Former,Overweight,Urban
SYN-DM-04111,50,Unknown,Unknown,Hispanic or Latino,Other,Medicare,Former,Normal,Urban
SYN-DM-04112,35,Unknown,Other,Hispanic or Latino,Spanish,Commercial,Current,Underweight,Suburban
SYN-DM-04113,70,Female,Asian,Not Hispanic or Latino,English,Medicare,Former,Overweight,Rural
SYN-DM-04114,43,Female,Other,Hispanic or Latino,English,Medicaid,Former,Underweight,Unknown
SYN-DM-04115,27,Female,Asian,Hispanic or Latino,English,Commercial,Never,Overweight,Urban
SYN-DM-04116,62,Female,Black,Unknown,English,Medicaid,Unknown,Underweight,Unknown
SYN-DM-04117,65,Unknown,Asian,Hispanic or Latino,Mandarin,Commercial,Never,Obesity,Unknown
SYN-DM-04118,23,Unknown,Other,Unknown,Spanish,Commercial,Never,Overweight,Rural
SYN-DM-04119,54,Female,Unknown,Hispanic or Latino,Spanish,Medicare,Current,Normal,Rural
SYN-DM-04120,59,Intersex,Unknown,Unknown,Mandarin,Commercial,Never,Overweight,Rural
SYN-DM-04121,81,Intersex,Other,Unknown,Spanish,Commercial,Never,Underweight,Unknown
SYN-DM-04122,40,Female,Unknown,Unknown,Other,Commercial,Former,Normal,Rural
SYN-DM-04123,35,Intersex,Unknown,Hispanic or Latino,Mandarin,Commercial,Current,Normal,Unknown
SYN-DM-04124,80,Female,Other,Unknown,Mandarin,Commercial,Never,Obesity,Urban
SYN-DM-04125,53,Intersex,Other,Hispanic or Latino,Mandarin,Medicare,Unknown,Underweight,Urban
SYN-DM-04126,52,Female,Unknown,Hispanic or Latino,English,Medicaid,Never,Obesity,Urban
SYN-DM-04127,57,Female,White,Hispanic or Latino,Other,Medicaid,Former,Normal,Rural
SYN-DM-04128,79,Male,Black,Not Hispanic or Latino,Other,Commercial,Current,Normal,Suburban
SYN-DM-04129,39,Unknown,White,Unknown,English,Medicaid,Former,Overweight,Suburban
SYN-DM-04130,27,Female,White,Unknown,Other,Medicare,Never,Normal,Unknown
SYN-DM-04131,89,Male,Asian,Not Hispanic or Latino,Other,Self-pay,Never,Normal,Suburban
SYN-DM-04132,53,Female,Asian,Hispanic or Latino,Mandarin,Commercial,Former,Obesity,Urban
SYN-DM-04133,37,Male,Unknown,Not Hispanic or Latino,Spanish,Commercial,Never,Obesity,Rural
SYN-DM-04134,41,Intersex,Black,Unknown,Other,Self-pay,Current,Normal,Urban
SYN-DM-04135,63,Male,White,Not Hispanic or Latino,Other,Commercial,Current,Overweight,Rural
SYN-DM-04136,71,Male,Other,Unknown,Spanish,Commercial,Never,Overweight,Urban
SYN-DM-04137,27,Intersex,Unknown,Hispanic or Latino,English,Medicare,Never,Underweight,Unknown
SYN-DM-04138,86,Female,Unknown,Not Hispanic or Latino,Spanish,Commercial,Former,Overweight,Rural
SYN-DM-04139,70,Female,Unknown,Not Hispanic or Latino,Mandarin,Commercial,Former,Obesity,Unknown
SYN-DM-04140,78,Female,Black,Hispanic or Latino,English,Commercial,Former,Obesity,Urban
SYN-DM-04141,24,Intersex,Other,Unknown,Other,Commercial,Former,Obesity,Rural
SYN-DM-04142,78,Intersex,Asian,Unknown,English,Self-pay,Never,Underweight,Urban
SYN-DM-04143,35,Male,White,Unknown,English,Commercial,Former,Obesity,Urban
SYN-DM-04144,30,Unknown,Asian,Not Hispanic or Latino,Spanish,Commercial,Current,Normal,Suburban
SYN-DM-04145,72,Male,Asian,Not Hispanic or Latino,Other,Commercial,Never,Underweight,Unknown
SYN-DM-04146,55,Intersex,Black,Not Hispanic or Latino,Other,Medicaid,Never,Underweight,Rural
SYN-DM-04147,83,Unknown,Other,Hispanic or Latino,English,Medicare,Current,Overweight,Rural
SYN-DM-04148,82,Intersex,Unknown,Unknown,English,Commercial,Current,Obesity,Urban
SYN-DM-04149,31,Female,Other,Hispanic or Latino,Other,Commercial,Never,Underweight,Suburban
SYN-DM-04150,72,Unknown,Black,Hispanic or Latino,Spanish,Commercial,Never,Overweight,Unknown
SYN-DM-04151,53,Female,Other,Unknown,English,Self-pay,Current,Underweight,Urban
SYN-DM-04152,88,Intersex,Other,Hispanic or Latino,Other,Commercial,Unknown,Normal,Rural
SYN-DM-04153,47,Female,Unknown,Not Hispanic or Latino,English,Commercial,Current,Underweight,Suburban
SYN-DM-04154,68,Unknown,White,Hispanic or Latino,Spanish,Commercial,Never,Normal,Rural
SYN-DM-04155,62,Male,White,Not Hispanic or Latino,Spanish,Commercial,Current,Underweight,Rural
SYN-DM-04156,56,Male,Asian,Unknown,Other,Commercial,Never,Overweight,Rural
SYN-DM-04157,70,Female,Unknown,Not Hispanic or Latino,English,Commercial,Never,Obesity,Unknown
SYN-DM-04158,32,Female,Other,Not Hispanic or Latino,Spanish,Medicare,Current,Underweight,Urban
SYN-DM-04159,88,Intersex,Other,Not Hispanic or Latino,English,Medicaid,Former,Overweight,Suburban
SYN-DM-04160,72,Intersex,Other,Hispanic or Latino,Spanish,Commercial,Current,Obesity,Suburban
SYN-DM-04161,63,Male,Asian,Unknown,Mandarin,Commercial,Former,Underweight,Urban
SYN-DM-04162,49,Male,Other,Unknown,English,Medicaid,Current,Obesity,Suburban
SYN-DM-04163,55,Intersex,Asian,Not Hispanic or Latino,Mandarin,Commercial,Never,Normal,Urban
SYN-DM-04164,38,Unknown,Asian,Unknown,Spanish,Medicaid,Never,Underweight,Urban
SYN-DM-04165,43,Unknown,Black,Not Hispanic or Latino,English,Medicare,Current,Underweight,Rural
SYN-DM-04166,80,Intersex,Unknown,Unknown,English,Medicaid,Unknown,Normal,Suburban
SYN-DM-04167,60,Male,Asian,Unknown,Other,Medicaid,Former,Underweight,Rural
SYN-DM-04168,43,Female,Asian,Not Hispanic or Latino,Mandarin,Commercial,Current,Overweight,Suburban
SYN-DM-04169,55,Intersex,Unknown,Unknown,English,Commercial,Never,Overweight,Unknown
SYN-DM-04170,73,Unknown,White,Hispanic or Latino,Other,Medicaid,Current,Overweight,Unknown
SYN-DM-04171,87,Intersex,Black,Not Hispanic or Latino,Spanish,Commercial,Never,Obesity,Urban
SYN-DM-04172,21,Male,Black,Hispanic or Latino,Spanish,Medicaid,Never,Overweight,Urban
SYN-DM-04173,49,Intersex,Other,Hispanic or Latino,Other,Medicaid,Former,Normal,Rural
SYN-DM-04174,44,Female,Asian,Hispanic or Latino,Mandarin,Medicare,Former,Normal,Rural
SYN-DM-04175,33,Intersex,Unknown,Unknown,Mandarin,Commercial,Never,Normal,Suburban
SYN-DM-04176,73,Female,White,Hispanic or Latino,Spanish,Commercial,Never,Overweight,Urban
SYN-DM-04177,68,Unknown,Black,Not Hispanic or Latino,English,Commercial,Never,Underweight,Urban
SYN-DM-04178,63,Intersex,Black,Not Hispanic or Latino,Spanish,Commercial,Unknown,Obesity,Urban
SYN-DM-04179,58,Female,Unknown,Unknown,Mandarin,Commercial,Never,Obesity,Suburban
SYN-DM-04180,79,Female,Unknown,Hispanic or Latino,Spanish,Medicaid,Never,Overweight,Unknown
SYN-DM-04181,67,Female,Other,Not Hispanic or Latino,Mandarin,Commercial,Never,Normal,Urban
SYN-DM-04182,25,Female,Unknown,Hispanic or Latino,Spanish,Medicare,Never,Underweight,Unknown
SYN-DM-04183,85,Male,Black,Hispanic or Latino,Spanish,Commercial,Never,Normal,Unknown
SYN-DM-04184,73,Male,White,Hispanic or Latino,Mandarin,Commercial,Former,Underweight,Urban
SYN-DM-04185,86,Unknown,Unknown,Hispanic or Latino,Spanish,Commercial,Never,Overweight,Rural
SYN-DM-04186,74,Unknown,Black,Unknown,Mandarin,Commercial,Never,Overweight,Urban
SYN-DM-04187,41,Intersex,Black,Hispanic or Latino,Mandarin,Medicare,Former,Underweight,Urban
SYN-DM-04188,81,Male,Black,Not Hispanic or Latino,Mandarin,Self-pay,Former,Underweight,Urban
SYN-DM-04189,39,Unknown,Other,Unknown,Mandarin,Commercial,Never,Underweight,Suburban
SYN-DM-04190,48,Intersex,White,Unknown,English,Medicare,Never,Normal,Urban
SYN-DM-04191,90,Female,White,Hispanic or Latino,English,Commercial,Never,Normal,Unknown
SYN-DM-04192,62,Unknown,Black,Hispanic or Latino,Mandarin,Medicare,Former,Underweight,Suburban
SYN-DM-04193,53,Intersex,White,Not Hispanic or Latino,English,Commercial,Never,Obesity,Urban
SYN-DM-04194,78,Female,Other,Hispanic or Latino,Mandarin,Self-pay,Former,Obesity,Unknown
SYN-DM-04195,65,Intersex,Asian,Hispanic or Latino,English,Commercial,Never,Obesity,Suburban
SYN-DM-04196,81,Intersex,Black,Not Hispanic or Latino,Mandarin,Medicare,Current,Underweight,Unknown
SYN-DM-04197,69,Male,Other,Hispanic or Latino,Spanish,Self-pay,Never,Overweight,Urban
SYN-DM-04198,26,Unknown,Asian,Not Hispanic or Latino,Other,Commercial,Never,Normal,Urban
SYN-DM-04199,76,Unknown,Black,Hispanic or Latino,English,Medicare,Never,Obesity,Suburban
SYN-DM-04200,79,Female,Unknown,Not Hispanic or Latino,English,Medicaid,Former,Underweight,Rural
SYN-DM-04201,52,Male,Other,Hispanic or Latino,English,Medicaid,Never,Obesity,Unknown
SYN-DM-04202,52,Intersex,Black,Hispanic or Latino,Mandarin,Commercial,Current,Underweight,Urban
SYN-DM-04203,27,Male,White,Not Hispanic or Latino,English,Medicare,Never,Overweight,Urban
SYN-DM-04204,75,Unknown,Other,Not Hispanic or Latino,Other,Medicaid,Never,Overweight,Unknown
SYN-DM-04205,54,Unknown,Black,Not Hispanic or Latino,Spanish,Commercial,Former,Normal,Unknown
SYN-DM-04206,72,Female,Black,Unknown,Other,Commercial,Never,Underweight,Suburban
SYN-DM-04207,34,Male,White,Not Hispanic or Latino,Other,Medicare,Never,Underweight,Rural
SYN-DM-04208,27,Male,Unknown,Hispanic or Latino,Mandarin,Medicare,Never,Underweight,Suburban
SYN-DM-04209,80,Intersex,Black,Not Hispanic or Latino,Spanish,Commercial,Former,Overweight,Unknown
SYN-DM-04210,47,Male,Unknown,Not Hispanic or Latino,English,Commercial,Former,Normal,Urban
SYN-DM-04211,53,Unknown,Unknown,Not Hispanic or Latino,English,Commercial,Unknown,Overweight,Unknown
SYN-DM-04212,41,Male,Other,Not Hispanic or Latino,Other,Commercial,Never,Overweight,Unknown
SYN-DM-04213,23,Female,Asian,Not Hispanic or Latino,Mandarin,Commercial,Never,Overweight,Rural
SYN-DM-04214,67,Intersex,Other,Hispanic or Latino,Spanish,Commercial,Never,Obesity,Suburban
SYN-DM-04215,51,Female,White,Not Hispanic or Latino,Spanish,Commercial,Former,Obesity,Rural
SYN-DM-04216,64,Intersex,White,Hispanic or Latino,English,Commercial,Former,Underweight,Suburban
SYN-DM-04217,64,Intersex,Unknown,Hispanic or Latino,Spanish,Commercial,Never,Normal,Unknown
SYN-DM-04218,76,Male,White,Not Hispanic or Latino,Other,Commercial,Former,Overweight,Urban
SYN-DM-04219,39,Male,Unknown,Not Hispanic or Latino,English,Commercial,Current,Normal,Unknown
SYN-DM-04220,68,Unknown,Black,Not Hispanic or Latino,Other,Self-pay,Never,Overweight,Rural
SYN-DM-04221,32,Female,Black,Not Hispanic or Latino,Spanish,Self-pay,Current,Overweight,Urban
SYN-DM-04222,29,Unknown,Unknown,Unknown,English,Medicare,Former,Normal,Urban
SYN-DM-04223,24,Intersex,Asian,Unknown,English,Medicare,Former,Obesity,Suburban
SYN-DM-04224,21,Female,Unknown,Not Hispanic or Latino,Spanish,Medicare,Never,Overweight,Suburban
SYN-DM-04225,79,Female,Asian,Unknown,English,Commercial,Former,Underweight,Suburban
SYN-DM-04226,63,Male,Asian,Unknown,Mandarin,Commercial,Never,Obesity,Suburban
SYN-DM-04227,52,Female,Black,Hispanic or Latino,Mandarin,Commercial,Former,Overweight,Suburban
SYN-DM-04228,79,Male,Black,Hispanic or Latino,Other,Medicaid,Former,Normal,Suburban
SYN-DM-04229,41,Male,Other,Not Hispanic or Latino,Spanish,Medicare,Former,Normal,Rural
SYN-DM-04230,59,Male,Other,Unknown,Mandarin,Medicare,Unknown,Normal,Suburban
SYN-DM-04231,61,Female,Unknown,Unknown,Other,Commercial,Never,Overweight,Rural
SYN-DM-04232,26,Female,Black,Not Hispanic or Latino,Spanish,Commercial,Former,Underweight,Urban
SYN-DM-04233,74,Female,Black,Hispanic or Latino,Mandarin,Medicaid,Former,Underweight,Urban
SYN-DM-04234,76,Unknown,Black,Not Hispanic or Latino,English,Medicaid,Current,Obesity,Rural
SYN-DM-04235,57,Male,Black,Hispanic or Latino,Other,Medicare,Current,Normal,Suburban
SYN-DM-04236,73,Male,Black,Not Hispanic or Latino,English,Self-pay,Former,Normal,Unknown
SYN-DM-04237,29,Intersex,Other,Unknown,Other,Medicaid,Former,Normal,Urban
SYN-DM-04238,22,Unknown,Black,Not Hispanic or Latino,Spanish,Medicaid,Never,Overweight,Suburban
SYN-DM-04239,79,Intersex,Black,Hispanic or Latino,English,Commercial,Never,Normal,Rural
SYN-DM-04240,30,Unknown,Other,Unknown,English,Medicare,Never,Normal,Unknown
SYN-DM-04241,73,Male,Other,Not Hispanic or Latino,Other,Commercial,Former,Obesity,Unknown
SYN-DM-04242,48,Unknown,Black,Unknown,Spanish,Commercial,Former,Obesity,Rural
SYN-DM-04243,74,Unknown,White,Unknown,Spanish,Commercial,Former,Normal,Rural
SYN-DM-04244,36,Unknown,Other,Not Hispanic or Latino,English,Commercial,Former,Obesity,Suburban
SYN-DM-04245,48,Unknown,Other,Hispanic or Latino,English,Commercial,Former,Normal,Unknown
SYN-DM-04246,74,Female,Asian,Hispanic or Latino,Mandarin,Self-pay,Former,Obesity,Suburban
SYN-DM-04247,64,Male,White,Unknown,English,Self-pay,Never,Overweight,Rural
SYN-DM-04248,86,Female,Other,Unknown,Spanish,Medicare,Never,Underweight,Suburban
SYN-DM-04249,77,Intersex,Asian,Hispanic or Latino,Other,Commercial,Former,Obesity,Suburban
SYN-DM-04250,78,Intersex,Unknown,Hispanic or Latino,Spanish,Medicaid,Never,Underweight,Rural
SYN-DM-04251,60,Intersex,Unknown,Not Hispanic or Latino,English,Medicaid,Former,Obesity,Unknown
SYN-DM-04252,90,Female,Asian,Not Hispanic or Latino,Other,Commercial,Former,Normal,Suburban
SYN-DM-04253,43,Male,Unknown,Hispanic or Latino,Spanish,Commercial,Never,Obesity,Unknown
SYN-DM-04254,52,Intersex,Unknown,Hispanic or Latino,English,Medicaid,Former,Underweight,Urban
SYN-DM-04255,51,Female,Other,Hispanic or Latino,English,Medicare,Never,Overweight,Urban
SYN-DM-04256,31,Female,White,Hispanic or Latino,English,Commercial,Never,Overweight,Rural
SYN-DM-04257,28,Male,Black,Hispanic or Latino,Mandarin,Medicare,Former,Normal,Unknown
SYN-DM-04258,75,Female,Black,Not Hispanic or Latino,Other,Commercial,Never,Overweight,Unknown
SYN-DM-04259,58,Unknown,White,Hispanic or Latino,English,Medicare,Never,Overweight,Suburban
SYN-DM-04260,57,Female,Unknown,Hispanic or Latino,Other,Commercial,Current,Obesity,Rural
SYN-DM-04261,82,Intersex,White,Not Hispanic or Latino,Spanish,Commercial,Former,Obesity,Urban
SYN-DM-04262,44,Male,Other,Hispanic or Latino,English,Medicare,Former,Normal,Rural
SYN-DM-04263,56,Intersex,Black,Unknown,Other,Self-pay,Unknown,Underweight,Unknown
SYN-DM-04264,73,Male,Unknown,Not Hispanic or Latino,Spanish,Self-pay,Never,Obesity,Rural
SYN-DM-04265,28,Unknown,Unknown,Hispanic or Latino,English,Medicare,Former,Obesity,Urban
SYN-DM-04266,55,Female,Unknown,Hispanic or Latino,Spanish,Commercial,Current,Normal,Urban
SYN-DM-04267,47,Female,Black,Hispanic or Latino,English,Commercial,Never,Obesity,Unknown
SYN-DM-04268,48,Male,White,Unknown,Other,Commercial,Former,Normal,Unknown
SYN-DM-04269,38,Intersex,Other,Unknown,English,Medicare,Never,Overweight,Rural
SYN-DM-04270,79,Male,Black,Hispanic or Latino,Other,Medicaid,Current,Overweight,Urban
SYN-DM-04271,64,Male,Unknown,Not Hispanic or Latino,English,Self-pay,Former,Normal,Rural
SYN-DM-04272,33,Intersex,Other,Not Hispanic or Latino,Mandarin,Commercial,Never,Underweight,Urban
SYN-DM-04273,24,Unknown,Black,Unknown,Mandarin,Medicaid,Never,Obesity,Rural
SYN-DM-04274,63,Female,Asian,Not Hispanic or Latino,Other,Medicaid,Former,Obesity,Rural
SYN-DM-04275,88,Male,Black,Not Hispanic or Latino,Spanish,Medicaid,Former,Obesity,Suburban
SYN-DM-04276,80,Female,Other,Unknown,Spanish,Self-pay,Former,Overweight,Urban
SYN-DM-04277,25,Female,White,Not Hispanic or Latino,Mandarin,Commercial,Former,Overweight,Rural
SYN-DM-04278,41,Female,Unknown,Hispanic or Latino,Spanish,Self-pay,Current,Normal,Suburban
SYN-DM-04279,79,Male,White,Hispanic or Latino,Other,Commercial,Never,Overweight,Rural
SYN-DM-04280,56,Unknown,Black,Hispanic or Latino,English,Medicaid,Never,Overweight,Suburban
SYN-DM-04281,87,Unknown,White,Not Hispanic or Latino,Mandarin,Medicare,Never,Obesity,Rural
SYN-DM-04282,35,Unknown,Unknown,Hispanic or Latino,Other,Commercial,Never,Overweight,Suburban
SYN-DM-04283,80,Male,Black,Hispanic or Latino,English,Commercial,Never,Underweight,Unknown
SYN-DM-04284,67,Unknown,Unknown,Unknown,Spanish,Commercial,Former,Underweight,Rural
SYN-DM-04285,88,Female,White,Not Hispanic or Latino,Other,Commercial,Never,Overweight,Urban
SYN-DM-04286,49,Intersex,Asian,Hispanic or Latino,Mandarin,Commercial,Never,Obesity,Rural
SYN-DM-04287,33,Female,Other,Unknown,Other,Commercial,Current,Normal,Urban
SYN-DM-04288,45,Unknown,Black,Not Hispanic or Latino,Mandarin,Medicare,Never,Normal,Rural
SYN-DM-04289,90,Unknown,Other,Hispanic or Latino,Spanish,Commercial,Current,Underweight,Urban
SYN-DM-04290,25,Male,Asian,Not Hispanic or Latino,Spanish,Commercial,Current,Overweight,Suburban
SYN-DM-04291,58,Unknown,Unknown,Not Hispanic or Latino,Other,Medicare,Never,Normal,Unknown
SYN-DM-04292,66,Female,Asian,Hispanic or Latino,Other,Commercial,Never,Obesity,Urban
SYN-DM-04293,71,Female,Black,Unknown,English,Commercial,Never,Obesity,Suburban
SYN-DM-04294,61,Intersex,White,Unknown,Mandarin,Medicare,Former,Overweight,Unknown
SYN-DM-04295,46,Unknown,Other,Not Hispanic or Latino,Mandarin,Self-pay,Former,Normal,Unknown
SYN-DM-04296,63,Male,Unknown,Unknown,English,Commercial,Former,Underweight,Suburban
SYN-DM-04297,86,Male,Black,Not Hispanic or Latino,Spanish,Self-pay,Former,Obesity,Rural
SYN-DM-04298,76,Intersex,Asian,Not Hispanic or Latino,Mandarin,Medicaid,Never,Overweight,Suburban
SYN-DM-04299,44,Female,Asian,Unknown,English,Medicare,Former,Overweight,Unknown
SYN-DM-04300,85,Male,Other,Unknown,Mandarin,Commercial,Unknown,Overweight,Urban
SYN-DM-04301,73,Intersex,Black,Not Hispanic or Latino,English,Commercial,Never,Overweight,Urban
SYN-DM-04302,25,Intersex,Unknown,Unknown,Other,Commercial,Never,Underweight,Rural
SYN-DM-04303,35,Intersex,Black,Unknown,Mandarin,Medicaid,Never,Underweight,Unknown
SYN-DM-04304,38,Intersex,Black,Hispanic or Latino,Spanish,Commercial,Never,Normal,Suburban
SYN-DM-04305,80,Female,Asian,Hispanic or Latino,Other,Medicaid,Never,Obesity,Urban
SYN-DM-04306,54,Male,Black,Hispanic or Latino,Spanish,Commercial,Former,Underweight,Unknown
SYN-DM-04307,60,Intersex,White,Not Hispanic or Latino,English,Self-pay,Current,Underweight,Unknown
SYN-DM-04308,41,Female,Other,Hispanic or Latino,Spanish,Medicaid,Current,Obesity,Urban
SYN-DM-04309,76,Female,Unknown,Not Hispanic or Latino,Other,Commercial,Current,Obesity,Rural
SYN-DM-04310,59,Female,Asian,Hispanic or Latino,Spanish,Commercial,Unknown,Underweight,Urban
SYN-DM-04311,68,Female,Asian,Unknown,Mandarin,Medicaid,Never,Obesity,Suburban
SYN-DM-04312,90,Female,Unknown,Hispanic or Latino,Spanish,Commercial,Current,Overweight,Unknown
SYN-DM-04313,70,Intersex,Black,Hispanic or Latino,Mandarin,Commercial,Former,Normal,Urban
SYN-DM-04314,69,Unknown,Asian,Not Hispanic or Latino,Mandarin,Medicare,Never,Obesity,Urban
SYN-DM-04315,53,Unknown,Asian,Unknown,Mandarin,Medicare,Never,Normal,Unknown
SYN-DM-04316,47,Unknown,Black,Hispanic or Latino,Spanish,Commercial,Never,Obesity,Unknown
SYN-DM-04317,89,Intersex,Asian,Hispanic or Latino,Mandarin,Medicare,Never,Underweight,Unknown
SYN-DM-04318,71,Female,Black,Not Hispanic or Latino,English,Medicare,Current,Underweight,Unknown
SYN-DM-04319,50,Female,White,Unknown,English,Medicare,Never,Overweight,Suburban
SYN-DM-04320,39,Male,Unknown,Unknown,Other,Commercial,Never,Obesity,Unknown
SYN-DM-04321,49,Male,White,Hispanic or Latino,Spanish,Medicaid,Never,Normal,Urban
SYN-DM-04322,89,Intersex,Unknown,Not Hispanic or Latino,English,Medicaid,Former,Normal,Urban
SYN-DM-04323,89,Female,Asian,Not Hispanic or Latino,English,Commercial,Former,Normal,Rural
SYN-DM-04324,29,Female,Black,Hispanic or Latino,English,Medicare,Never,Underweight,Urban
SYN-DM-04325,22,Intersex,Black,Hispanic or Latino,Spanish,Medicaid,Never,Underweight,Suburban
SYN-DM-04326,46,Female,Asian,Unknown,Spanish,Medicare,Never,Underweight,Urban
SYN-DM-04327,67,Female,Unknown,Hispanic or Latino,Mandarin,Medicare,Former,Obesity,Urban
SYN-DM-04328,80,Intersex,Unknown,Hispanic or Latino,English,Commercial,Former,Underweight,Rural
SYN-DM-04329,49,Female,Asian,Not Hispanic or Latino,Spanish,Medicare,Never,Obesity,Urban
SYN-DM-04330,30,Male,Asian,Not Hispanic or Latino,Mandarin,Commercial,Never,Obesity,Suburban
SYN-DM-04331,52,Intersex,Other,Unknown,Other,Medicare,Never,Normal,Unknown
SYN-DM-04332,25,Unknown,White,Unknown,Mandarin,Medicaid,Never,Normal,Rural
SYN-DM-04333,58,Female,Unknown,Unknown,English,Commercial,Current,Normal,Urban
SYN-DM-04334,21,Male,Asian,Not Hispanic or Latino,English,Commercial,Never,Underweight,Suburban
SYN-DM-04335,90,Unknown,Black,Not Hispanic or Latino,Mandarin,Commercial,Never,Underweight,Unknown
SYN-DM-04336,56,Male,Black,Hispanic or Latino,Mandarin,Commercial,Never,Obesity,Rural
SYN-DM-04337,72,Female,Other,Not Hispanic or Latino,Mandarin,Commercial,Current,Overweight,Rural
SYN-DM-04338,32,Male,Black,Hispanic or Latino,English,Commercial,Unknown,Obesity,Unknown
SYN-DM-04339,68,Female,White,Not Hispanic or Latino,Mandarin,Medicare,Never,Normal,Suburban
SYN-DM-04340,38,Intersex,Unknown,Hispanic or Latino,Spanish,Self-pay,Never,Overweight,Urban
SYN-DM-04341,24,Female,White,Unknown,English,Commercial,Former,Underweight,Rural
SYN-DM-04342,82,Unknown,Black,Unknown,Mandarin,Commercial,Never,Overweight,Suburban
SYN-DM-04343,58,Male,Black,Hispanic or Latino,Mandarin,Medicaid,Former,Underweight,Rural
SYN-DM-04344,86,Unknown,Asian,Not Hispanic or Latino,Mandarin,Self-pay,Former,Obesity,Urban
SYN-DM-04345,75,Male,Black,Hispanic or Latino,Other,Medicaid,Former,Normal,Urban
SYN-DM-04346,50,Intersex,Other,Hispanic or Latino,English,Self-pay,Never,Obesity,Rural
SYN-DM-04347,69,Intersex,Asian,Not Hispanic or Latino,Mandarin,Self-pay,Never,Normal,Suburban
SYN-DM-04348,73,Intersex,Asian,Not Hispanic or Latino,Other,Commercial,Former,Obesity,Unknown
SYN-DM-04349,24,Male,Unknown,Not Hispanic or Latino,Other,Commercial,Never,Underweight,Suburban
SYN-DM-04350,32,Intersex,Other,Hispanic or Latino,Mandarin,Commercial,Never,Normal,Unknown
SYN-DM-04351,28,Unknown,Asian,Not Hispanic or Latino,Spanish,Commercial,Former,Normal,Urban
SYN-DM-04352,38,Female,Other,Hispanic or Latino,Spanish,Commercial,Former,Normal,Urban
SYN-DM-04353,75,Male,Unknown,Unknown,Spanish,Commercial,Never,Normal,Suburban
SYN-DM-04354,61,Female,Black,Not Hispanic or Latino,Spanish,Commercial,Former,Underweight,Unknown
SYN-DM-04355,58,Male,Black,Unknown,Other,Medicaid,Former,Obesity,Unknown
SYN-DM-04356,77,Intersex,Black,Unknown,Mandarin,Commercial,Never,Underweight,Rural
SYN-DM-04357,81,Intersex,Unknown,Not Hispanic or Latino,English,Commercial,Current,Underweight,Suburban
SYN-DM-04358,48,Female,Black,Hispanic or Latino,Other,Commercial,Current,Overweight,Urban
SYN-DM-04359,89,Unknown,White,Not Hispanic or Latino,Mandarin,Commercial,Former,Normal,Rural
SYN-DM-04360,29,Intersex,Other,Hispanic or Latino,Spanish,Medicaid,Former,Underweight,Suburban
SYN-DM-04361,44,Female,White,Hispanic or Latino,Spanish,Commercial,Never,Normal,Urban
SYN-DM-04362,74,Unknown,White,Not Hispanic or Latino,Mandarin,Medicaid,Former,Overweight,Urban
SYN-DM-04363,62,Male,Unknown,Unknown,Mandarin,Medicare,Former,Underweight,Rural
SYN-DM-04364,28,Intersex,Asian,Unknown,Other,Commercial,Former,Normal,Urban
SYN-DM-04365,35,Female,Other,Unknown,Other,Medicare,Never,Obesity,Urban
SYN-DM-04366,41,Female,Asian,Hispanic or Latino,Mandarin,Commercial,Former,Normal,Suburban
SYN-DM-04367,28,Female,White,Hispanic or Latino,Other,Commercial,Former,Obesity,Suburban
SYN-DM-04368,67,Female,Other,Unknown,Mandarin,Medicaid,Never,Obesity,Urban
SYN-DM-04369,81,Unknown,Other,Unknown,Other,Medicaid,Current,Obesity,Unknown
SYN-DM-04370,58,Unknown,Asian,Hispanic or Latino,Mandarin,Commercial,Never,Obesity,Suburban
SYN-DM-04371,59,Unknown,Black,Unknown,Spanish,Medicaid,Never,Overweight,Rural
SYN-DM-04372,38,Intersex,Unknown,Unknown,Other,Medicare,Never,Overweight,Suburban
SYN-DM-04373,38,Female,Other,Not Hispanic or Latino,English,Medicaid,Current,Overweight,Urban
SYN-DM-04374,54,Unknown,Asian,Hispanic or Latino,Other,Commercial,Never,Underweight,Suburban
SYN-DM-04375,77,Unknown,Unknown,Unknown,English,Medicare,Current,Normal,Suburban
SYN-DM-04376,88,Intersex,Black,Unknown,Spanish,Medicare,Unknown,Normal,Urban
SYN-DM-04377,76,Female,Black,Unknown,Spanish,Medicaid,Former,Underweight,Urban
SYN-DM-04378,35,Female,Black,Hispanic or Latino,Other,Medicare,Never,Normal,Urban
SYN-DM-04379,24,Unknown,White,Hispanic or Latino,English,Commercial,Never,Normal,Urban
SYN-DM-04380,58,Male,Black,Not Hispanic or Latino,Spanish,Commercial,Unknown,Overweight,Urban
SYN-DM-04381,56,Female,Black,Unknown,Other,Medicare,Former,Normal,Urban
SYN-DM-04382,62,Female,Unknown,Unknown,Spanish,Medicare,Never,Underweight,Urban
SYN-DM-04383,39,Female,Asian,Unknown,Spanish,Commercial,Never,Underweight,Urban
SYN-DM-04384,32,Intersex,Asian,Unknown,Other,Commercial,Former,Normal,Suburban
SYN-DM-04385,29,Male,White,Not Hispanic or Latino,English,Medicare,Never,Obesity,Rural
SYN-DM-04386,49,Intersex,White,Unknown,Spanish,Medicaid,Current,Normal,Suburban
SYN-DM-04387,89,Unknown,Other,Hispanic or Latino,Other,Medicaid,Never,Underweight,Suburban
SYN-DM-04388,47,Unknown,Black,Hispanic or Latino,Spanish,Commercial,Former,Obesity,Unknown
SYN-DM-04389,69,Intersex,Other,Unknown,Spanish,Commercial,Former,Overweight,Rural
SYN-DM-04390,74,Intersex,White,Not Hispanic or Latino,Spanish,Commercial,Current,Normal,Urban
SYN-DM-04391,89,Male,White,Unknown,Mandarin,Commercial,Current,Overweight,Unknown
SYN-DM-04392,53,Male,Other,Not Hispanic or Latino,Other,Medicare,Never,Normal,Unknown
SYN-DM-04393,54,Female,Black,Hispanic or Latino,Mandarin,Medicaid,Unknown,Obesity,Suburban
SYN-DM-04394,60,Intersex,White,Not Hispanic or Latino,Other,Commercial,Never,Underweight,Suburban
SYN-DM-04395,49,Intersex,Asian,Hispanic or Latino,English,Medicare,Never,Overweight,Rural
SYN-DM-04396,47,Unknown,White,Unknown,Other,Medicare,Former,Underweight,Rural
SYN-DM-04397,26,Male,White,Unknown,Other,Medicaid,Never,Overweight,Unknown
SYN-DM-04398,51,Male,Asian,Unknown,Other,Commercial,Former,Underweight,Unknown
SYN-DM-04399,51,Male,Unknown,Hispanic or Latino,English,Commercial,Never,Underweight,Rural
SYN-DM-04400,89,Male,Other,Hispanic or Latino,Spanish,Medicaid,Never,Normal,Unknown
SYN-DM-04401,22,Intersex,White,Unknown,Spanish,Commercial,Never,Normal,Unknown
SYN-DM-04402,90,Unknown,White,Not Hispanic or Latino,Spanish,Commercial,Never,Overweight,Unknown
SYN-DM-04403,62,Male,Unknown,Hispanic or Latino,English,Commercial,Never,Overweight,Suburban
SYN-DM-04404,70,Male,White,Not Hispanic or Latino,English,Medicare,Former,Overweight,Rural
SYN-DM-04405,31,Intersex,Black,Not Hispanic or Latino,Mandarin,Medicaid,Never,Obesity,Urban
SYN-DM-04406,63,Unknown,Other,Not Hispanic or Latino,Other,Medicare,Former,Obesity,Urban
SYN-DM-04407,81,Female,White,Unknown,Other,Medicaid,Former,Obesity,Urban
SYN-DM-04408,64,Female,Unknown,Hispanic or Latino,Other,Commercial,Never,Obesity,Unknown
SYN-DM-04409,41,Intersex,Other,Not Hispanic or Latino,English,Medicare,Never,Obesity,Urban
SYN-DM-04410,77,Intersex,Unknown,Unknown,Spanish,Commercial,Former,Overweight,Suburban
SYN-DM-04411,60,Male,Asian,Not Hispanic or Latino,Mandarin,Medicare,Former,Underweight,Urban
SYN-DM-04412,85,Male,White,Not Hispanic or Latino,Other,Medicare,Never,Normal,Unknown
SYN-DM-04413,42,Female,Unknown,Unknown,Mandarin,Self-pay,Never,Overweight,Urban
SYN-DM-04414,28,Unknown,Black,Not Hispanic or Latino,English,Commercial,Never,Normal,Urban
SYN-DM-04415,72,Intersex,White,Hispanic or Latino,Mandarin,Commercial,Never,Overweight,Suburban
SYN-DM-04416,44,Male,Unknown,Not Hispanic or Latino,Other,Commercial,Former,Normal,Rural
SYN-DM-04417,71,Male,White,Not Hispanic or Latino,Other,Medicaid,Current,Obesity,Urban
SYN-DM-04418,74,Female,White,Unknown,English,Medicaid,Never,Underweight,Unknown
SYN-DM-04419,84,Intersex,Black,Not Hispanic or Latino,English,Medicare,Never,Obesity,Rural
SYN-DM-04420,72,Unknown,White,Unknown,Mandarin,Medicare,Never,Obesity,Rural
SYN-DM-04421,33,Female,Unknown,Hispanic or Latino,Mandarin,Commercial,Never,Obesity,Urban
SYN-DM-04422,27,Intersex,White,Unknown,Mandarin,Medicaid,Never,Overweight,Urban
SYN-DM-04423,35,Unknown,Asian,Unknown,Mandarin,Self-pay,Former,Overweight,Suburban
SYN-DM-04424,42,Female,Unknown,Hispanic or Latino,Mandarin,Commercial,Never,Normal,Suburban
SYN-DM-04425,90,Intersex,Other,Hispanic or Latino,Other,Medicaid,Unknown,Obesity,Urban
SYN-DM-04426,46,Intersex,Black,Unknown,English,Commercial,Former,Normal,Unknown
SYN-DM-04427,33,Male,Other,Unknown,English,Medicare,Former,Normal,Rural
SYN-DM-04428,81,Female,Other,Hispanic or Latino,Other,Medicare,Former,Overweight,Rural
SYN-DM-04429,43,Intersex,Unknown,Hispanic or Latino,Spanish,Commercial,Current,Obesity,Suburban
SYN-DM-04430,74,Unknown,Other,Unknown,Mandarin,Commercial,Former,Overweight,Unknown
SYN-DM-04431,71,Unknown,White,Hispanic or Latino,Spanish,Medicare,Former,Underweight,Unknown
SYN-DM-04432,52,Intersex,Unknown,Hispanic or Latino,English,Commercial,Current,Underweight,Rural
SYN-DM-04433,74,Unknown,Other,Not Hispanic or Latino,Other,Commercial,Former,Overweight,Suburban
SYN-DM-04434,39,Unknown,Asian,Not Hispanic or Latino,English,Commercial,Never,Overweight,Suburban
SYN-DM-04435,74,Female,White,Unknown,Mandarin,Medicare,Current,Underweight,Unknown
SYN-DM-04436,76,Intersex,White,Not Hispanic or Latino,Other,Commercial,Never,Normal,Rural
SYN-DM-04437,85,Female,Black,Unknown,Spanish,Medicare,Former,Underweight,Unknown
SYN-DM-04438,52,Male,Unknown,Hispanic or Latino,Mandarin,Commercial,Never,Normal,Rural
SYN-DM-04439,55,Intersex,Asian,Not Hispanic or Latino,English,Commercial,Former,Normal,Rural
SYN-DM-04440,24,Female,Asian,Not Hispanic or Latino,English,Commercial,Former,Underweight,Urban
SYN-DM-04441,53,Female,Other,Not Hispanic or Latino,English,Medicare,Never,Overweight,Unknown
SYN-DM-04442,50,Unknown,Asian,Not Hispanic or Latino,English,Medicare,Never,Overweight,Suburban
SYN-DM-04443,27,Female,Other,Not Hispanic or Latino,Spanish,Commercial,Former,Normal,Suburban
SYN-DM-04444,36,Female,Asian,Hispanic or Latino,English,Medicare,Never,Overweight,Urban
SYN-DM-04445,82,Female,Other,Not Hispanic or Latino,Mandarin,Commercial,Never,Underweight,Suburban
SYN-DM-04446,66,Unknown,White,Not Hispanic or Latino,Spanish,Commercial,Former,Underweight,Suburban
SYN-DM-04447,88,Female,Asian,Unknown,Other,Medicaid,Never,Overweight,Urban
SYN-DM-04448,25,Male,Black,Hispanic or Latino,Other,Medicare,Current,Obesity,Urban
SYN-DM-04449,61,Male,Black,Not Hispanic or Latino,English,Commercial,Never,Underweight,Urban
SYN-DM-04450,65,Male,Asian,Not Hispanic or Latino,Spanish,Commercial,Never,Obesity,Unknown
SYN-DM-04451,63,Male,Unknown,Not Hispanic or Latino,Mandarin,Medicare,Never,Underweight,Suburban
SYN-DM-04452,57,Intersex,Black,Hispanic or Latino,Mandarin,Commercial,Current,Overweight,Urban
SYN-DM-04453,65,Male,Asian,Unknown,Spanish,Medicare,Former,Normal,Unknown
SYN-DM-04454,72,Unknown,Black,Unknown,Other,Commercial,Former,Underweight,Rural
SYN-DM-04455,76,Intersex,White,Not Hispanic or Latino,English,Self-pay,Never,Overweight,Suburban
SYN-DM-04456,46,Unknown,White,Hispanic or Latino,English,Medicaid,Never,Obesity,Suburban
SYN-DM-04457,34,Unknown,Asian,Unknown,Spanish,Commercial,Never,Normal,Unknown
SYN-DM-04458,28,Male,Unknown,Not Hispanic or Latino,Other,Medicare,Never,Overweight,Suburban
SYN-DM-04459,43,Intersex,Unknown,Unknown,English,Commercial,Never,Underweight,Rural
SYN-DM-04460,59,Intersex,Unknown,Not Hispanic or Latino,Other,Commercial,Never,Obesity,Suburban
SYN-DM-04461,82,Unknown,Unknown,Unknown,English,Medicare,Never,Obesity,Unknown
SYN-DM-04462,67,Unknown,Asian,Unknown,English,Self-pay,Never,Underweight,Suburban
SYN-DM-04463,44,Intersex,Unknown,Not Hispanic or Latino,Mandarin,Commercial,Former,Obesity,Unknown
SYN-DM-04464,63,Intersex,Unknown,Unknown,Other,Commercial,Never,Underweight,Suburban
SYN-DM-04465,27,Male,Black,Hispanic or Latino,Mandarin,Commercial,Never,Overweight,Suburban
SYN-DM-04466,62,Male,White,Hispanic or Latino,Mandarin,Commercial,Former,Obesity,Urban
SYN-DM-04467,51,Male,Unknown,Not Hispanic or Latino,Mandarin,Commercial,Former,Underweight,Suburban
SYN-DM-04468,74,Intersex,Unknown,Hispanic or Latino,Other,Commercial,Never,Underweight,Suburban
SYN-DM-04469,25,Male,Other,Not Hispanic or Latino,English,Commercial,Former,Overweight,Rural
SYN-DM-04470,55,Unknown,Asian,Not Hispanic or Latino,Spanish,Self-pay,Never,Underweight,Urban
SYN-DM-04471,32,Intersex,Other,Hispanic or Latino,Other,Medicare,Former,Normal,Unknown
SYN-DM-04472,69,Female,Asian,Unknown,Spanish,Commercial,Never,Obesity,Unknown
SYN-DM-04473,34,Female,Unknown,Not Hispanic or Latino,Spanish,Commercial,Current,Overweight,Suburban
SYN-DM-04474,79,Male,Asian,Not Hispanic or Latino,Spanish,Medicare,Current,Underweight,Suburban
SYN-DM-04475,89,Male,Asian,Unknown,Other,Self-pay,Never,Overweight,Unknown
SYN-DM-04476,65,Intersex,Unknown,Not Hispanic or Latino,English,Commercial,Never,Obesity,Suburban
SYN-DM-04477,24,Male,Other,Unknown,Spanish,Medicare,Never,Underweight,Suburban
SYN-DM-04478,22,Intersex,Other,Unknown,Other,Medicaid,Never,Overweight,Urban
SYN-DM-04479,42,Female,Black,Not Hispanic or Latino,Other,Commercial,Never,Underweight,Suburban
SYN-DM-04480,28,Intersex,Unknown,Hispanic or Latino,English,Commercial,Never,Normal,Suburban
SYN-DM-04481,35,Intersex,White,Not Hispanic or Latino,Other,Commercial,Never,Obesity,Unknown
SYN-DM-04482,55,Intersex,Black,Unknown,Mandarin,Commercial,Never,Overweight,Rural
SYN-DM-04483,78,Intersex,Unknown,Not Hispanic or Latino,Mandarin,Commercial,Never,Overweight,Rural
SYN-DM-04484,40,Male,Black,Not Hispanic or Latino,Other,Medicare,Never,Obesity,Suburban
SYN-DM-04485,22,Male,White,Not Hispanic or Latino,Mandarin,Commercial,Former,Underweight,Unknown
SYN-DM-04486,74,Male,Other,Unknown,Other,Medicaid,Former,Normal,Unknown
SYN-DM-04487,39,Unknown,Other,Unknown,Spanish,Commercial,Former,Obesity,Urban
SYN-DM-04488,40,Intersex,Black,Hispanic or Latino,Other,Commercial,Never,Underweight,Unknown
SYN-DM-04489,84,Female,Black,Unknown,English,Medicaid,Never,Overweight,Unknown
SYN-DM-04490,71,Unknown,Asian,Hispanic or Latino,Spanish,Commercial,Never,Underweight,Urban
SYN-DM-04491,68,Female,White,Not Hispanic or Latino,English,Medicare,Former,Normal,Suburban
SYN-DM-04492,31,Female,Black,Unknown,Mandarin,Medicaid,Former,Underweight,Unknown
SYN-DM-04493,66,Unknown,Asian,Not Hispanic or Latino,English,Commercial,Former,Overweight,Unknown
SYN-DM-04494,23,Female,Other,Not Hispanic or Latino,Spanish,Medicare,Former,Normal,Urban
SYN-DM-04495,51,Female,White,Hispanic or Latino,Mandarin,Medicare,Never,Overweight,Suburban
SYN-DM-04496,48,Female,Unknown,Unknown,English,Commercial,Current,Overweight,Rural
SYN-DM-04497,64,Intersex,Unknown,Not Hispanic or Latino,Mandarin,Commercial,Former,Underweight,Urban
SYN-DM-04498,38,Female,White,Unknown,Spanish,Medicare,Never,Obesity,Rural
SYN-DM-04499,48,Female,Black,Unknown,Other,Medicare,Never,Underweight,Urban
SYN-DM-04500,40,Female,White,Not Hispanic or Latino,Mandarin,Medicare,Never,Normal,Suburban
SYN-DM-04501,47,Male,Asian,Hispanic or Latino,English,Medicare,Never,Obesity,Urban
SYN-DM-04502,43,Male,Other,Not Hispanic or Latino,Other,Medicare,Never,Overweight,Unknown
SYN-DM-04503,40,Male,Unknown,Unknown,Spanish,Commercial,Current,Underweight,Suburban
SYN-DM-04504,75,Female,Asian,Not Hispanic or Latino,Spanish,Commercial,Former,Normal,Suburban
SYN-DM-04505,58,Intersex,Unknown,Unknown,Mandarin,Medicaid,Never,Underweight,Suburban
SYN-DM-04506,56,Unknown,White,Hispanic or Latino,Other,Medicaid,Former,Underweight,Unknown
SYN-DM-04507,49,Female,Black,Not Hispanic or Latino,English,Medicaid,Former,Normal,Urban
SYN-DM-04508,45,Male,Black,Hispanic or Latino,Spanish,Medicare,Never,Obesity,Urban
SYN-DM-04509,79,Unknown,White,Unknown,Spanish,Medicare,Former,Obesity,Suburban
SYN-DM-04510,47,Intersex,Other,Unknown,Spanish,Medicare,Current,Underweight,Urban
SYN-DM-04511,40,Unknown,Black,Not Hispanic or Latino,English,Commercial,Never,Underweight,Rural
SYN-DM-04512,22,Male,Asian,Not Hispanic or Latino,Mandarin,Commercial,Never,Obesity,Rural
SYN-DM-04513,39,Male,Unknown,Not Hispanic or Latino,Spanish,Commercial,Never,Underweight,Urban
SYN-DM-04514,31,Intersex,White,Hispanic or Latino,Mandarin,Commercial,Current,Normal,Suburban
SYN-DM-04515,58,Intersex,Other,Unknown,English,Medicare,Current,Overweight,Suburban
SYN-DM-04516,51,Male,Other,Unknown,Spanish,Medicare,Never,Normal,Rural
SYN-DM-04517,42,Female,White,Not Hispanic or Latino,Mandarin,Commercial,Never,Underweight,Suburban
SYN-DM-04518,65,Male,Other,Unknown,Other,Medicare,Former,Obesity,Unknown
SYN-DM-04519,55,Male,Asian,Hispanic or Latino,Other,Self-pay,Former,Overweight,Rural
SYN-DM-04520,30,Intersex,Other,Not Hispanic or Latino,Mandarin,Commercial,Never,Obesity,Unknown
SYN-DM-04521,66,Unknown,Other,Hispanic or Latino,Other,Commercial,Never,Normal,Unknown
SYN-DM-04522,24,Intersex,Unknown,Unknown,Other,Commercial,Current,Underweight,Urban
SYN-DM-04523,40,Male,Asian,Hispanic or Latino,Spanish,Commercial,Current,Obesity,Rural
SYN-DM-04524,29,Female,Other,Not Hispanic or Latino,Spanish,Medicare,Former,Underweight,Suburban
SYN-DM-04525,76,Female,Unknown,Not Hispanic or Latino,English,Medicare,Former,Overweight,Unknown
SYN-DM-04526,87,Unknown,Unknown,Not Hispanic or Latino,Other,Commercial,Never,Normal,Urban
SYN-DM-04527,89,Intersex,Asian,Hispanic or Latino,English,Medicare,Current,Normal,Unknown
SYN-DM-04528,39,Unknown,Black,Hispanic or Latino,Other,Commercial,Never,Obesity,Unknown
SYN-DM-04529,40,Intersex,Other,Hispanic or Latino,English,Commercial,Never,Overweight,Rural
SYN-DM-04530,24,Female,Black,Not Hispanic or Latino,Spanish,Commercial,Never,Underweight,Suburban
SYN-DM-04531,51,Intersex,Unknown,Unknown,Spanish,Commercial,Never,Underweight,Urban
SYN-DM-04532,65,Male,Asian,Not Hispanic or Latino,Spanish,Self-pay,Never,Normal,Unknown
SYN-DM-04533,62,Female,Asian,Hispanic or Latino,Mandarin,Medicaid,Unknown,Obesity,Rural
SYN-DM-04534,55,Male,Unknown,Unknown,Spanish,Commercial,Never,Overweight,Urban
SYN-DM-04535,87,Male,Black,Unknown,Mandarin,Medicare,Former,Overweight,Suburban
SYN-DM-04536,55,Intersex,Asian,Unknown,Spanish,Medicare,Never,Normal,Rural
SYN-DM-04537,63,Female,Other,Not Hispanic or Latino,Other,Commercial,Never,Obesity,Unknown
SYN-DM-04538,90,Intersex,Black,Not Hispanic or Latino,Other,Self-pay,Former,Underweight,Urban
SYN-DM-04539,30,Intersex,Black,Not Hispanic or Latino,Mandarin,Medicaid,Never,Overweight,Urban
SYN-DM-04540,67,Male,Other,Unknown,Spanish,Commercial,Former,Underweight,Urban
SYN-DM-04541,48,Male,Unknown,Not Hispanic or Latino,Other,Commercial,Current,Underweight,Rural
SYN-DM-04542,86,Female,Black,Unknown,Spanish,Medicare,Never,Underweight,Suburban
SYN-DM-04543,31,Male,White,Hispanic or Latino,English,Commercial,Current,Obesity,Unknown
SYN-DM-04544,45,Female,White,Unknown,Mandarin,Medicare,Never,Overweight,Unknown
SYN-DM-04545,49,Intersex,Unknown,Not Hispanic or Latino,Other,Medicare,Former,Obesity,Suburban
SYN-DM-04546,85,Unknown,Asian,Unknown,Other,Medicare,Never,Overweight,Unknown
SYN-DM-04547,31,Female,Other,Not Hispanic or Latino,English,Medicare,Never,Underweight,Rural
SYN-DM-04548,21,Male,Black,Not Hispanic or Latino,Other,Medicare,Former,Underweight,Urban
SYN-DM-04549,35,Intersex,Other,Hispanic or Latino,Spanish,Medicaid,Current,Obesity,Unknown
SYN-DM-04550,25,Male,Other,Not Hispanic or Latino,Other,Commercial,Current,Obesity,Rural
SYN-DM-04551,35,Male,Other,Not Hispanic or Latino,Other,Medicaid,Current,Normal,Urban
SYN-DM-04552,63,Intersex,Black,Not Hispanic or Latino,Mandarin,Medicaid,Current,Underweight,Unknown
SYN-DM-04553,81,Unknown,Black,Unknown,Other,Self-pay,Current,Normal,Suburban
SYN-DM-04554,90,Female,Black,Not Hispanic or Latino,Other,Self-pay,Former,Overweight,Urban
SYN-DM-04555,48,Female,Black,Not Hispanic or Latino,Other,Commercial,Former,Overweight,Rural
SYN-DM-04556,85,Intersex,Other,Hispanic or Latino,Other,Self-pay,Former,Underweight,Urban
SYN-DM-04557,32,Intersex,Asian,Not Hispanic or Latino,English,Medicare,Never,Overweight,Urban
SYN-DM-04558,21,Intersex,White,Unknown,English,Medicaid,Never,Normal,Unknown
SYN-DM-04559,38,Unknown,Other,Hispanic or Latino,Other,Commercial,Never,Underweight,Suburban
SYN-DM-04560,72,Intersex,Unknown,Not Hispanic or Latino,Other,Medicaid,Current,Obesity,Rural
SYN-DM-04561,83,Female,Black,Not Hispanic or Latino,Mandarin,Medicaid,Never,Overweight,Urban
SYN-DM-04562,53,Unknown,White,Not Hispanic or Latino,English,Medicare,Current,Underweight,Unknown
SYN-DM-04563,31,Female,Black,Hispanic or Latino,English,Commercial,Never,Obesity,Unknown
SYN-DM-04564,65,Female,Black,Not Hispanic or Latino,Mandarin,Commercial,Never,Underweight,Rural
SYN-DM-04565,27,Female,Other,Unknown,Other,Medicaid,Current,Overweight,Suburban
SYN-DM-04566,27,Unknown,Unknown,Not Hispanic or Latino,Mandarin,Commercial,Never,Underweight,Suburban
SYN-DM-04567,31,Male,Other,Unknown,English,Commercial,Current,Normal,Urban
SYN-DM-04568,56,Intersex,White,Hispanic or Latino,Mandarin,Commercial,Never,Normal,Suburban
SYN-DM-04569,67,Female,Black,Unknown,Mandarin,Commercial,Current,Normal,Suburban
SYN-DM-04570,61,Female,Other,Not Hispanic or Latino,English,Self-pay,Never,Normal,Urban
SYN-DM-04571,87,Unknown,White,Not Hispanic or Latino,Other,Commercial,Never,Overweight,Unknown
SYN-DM-04572,42,Intersex,Asian,Not Hispanic or Latino,English,Medicaid,Never,Overweight,Rural
SYN-DM-04573,49,Male,Asian,Hispanic or Latino,Spanish,Medicaid,Former,Overweight,Rural
SYN-DM-04574,21,Unknown,Black,Unknown,Other,Commercial,Never,Overweight,Rural
SYN-DM-04575,21,Intersex,Other,Not Hispanic or Latino,Spanish,Self-pay,Never,Obesity,Urban
SYN-DM-04576,49,Male,Other,Hispanic or Latino,Spanish,Medicare,Former,Obesity,Rural
SYN-DM-04577,87,Intersex,Black,Not Hispanic or Latino,Other,Commercial,Never,Overweight,Suburban
SYN-DM-04578,90,Unknown,White,Not Hispanic or Latino,Mandarin,Medicaid,Former,Obesity,Unknown
SYN-DM-04579,35,Intersex,Other,Not Hispanic or Latino,English,Commercial,Never,Underweight,Unknown
SYN-DM-04580,48,Male,Asian,Not Hispanic or Latino,English,Commercial,Never,Obesity,Rural
SYN-DM-04581,26,Female,Black,Hispanic or Latino,Other,Commercial,Never,Underweight,Urban
SYN-DM-04582,52,Female,White,Hispanic or Latino,English,Commercial,Current,Obesity,Suburban
SYN-DM-04583,38,Male,Asian,Unknown,Mandarin,Medicaid,Current,Normal,Rural
SYN-DM-04584,78,Unknown,Unknown,Hispanic or Latino,Spanish,Commercial,Former,Overweight,Suburban
SYN-DM-04585,87,Female,Asian,Hispanic or Latino,Mandarin,Commercial,Current,Underweight,Rural
SYN-DM-04586,77,Female,Black,Not Hispanic or Latino,English,Commercial,Current,Obesity,Unknown
SYN-DM-04587,35,Unknown,White,Hispanic or Latino,Other,Medicare,Former,Obesity,Suburban
SYN-DM-04588,81,Unknown,Black,Unknown,Mandarin,Medicare,Never,Overweight,Unknown
SYN-DM-04589,35,Female,Unknown,Unknown,Other,Commercial,Former,Obesity,Rural
SYN-DM-04590,83,Unknown,Asian,Not Hispanic or Latino,Spanish,Medicare,Former,Underweight,Rural
SYN-DM-04591,57,Female,Other,Hispanic or Latino,Other,Commercial,Unknown,Overweight,Unknown
SYN-DM-04592,33,Unknown,Unknown,Hispanic or Latino,Mandarin,Medicare,Never,Overweight,Suburban
SYN-DM-04593,70,Male,White,Hispanic or Latino,Other,Medicare,Never,Obesity,Suburban
SYN-DM-04594,55,Intersex,Asian,Hispanic or Latino,Mandarin,Medicare,Never,Overweight,Urban
SYN-DM-04595,32,Unknown,White,Hispanic or Latino,Mandarin,Medicare,Former,Underweight,Rural
SYN-DM-04596,52,Intersex,Unknown,Not Hispanic or Latino,English,Commercial,Current,Overweight,Rural
SYN-DM-04597,29,Intersex,White,Unknown,Spanish,Medicaid,Never,Normal,Suburban
SYN-DM-04598,30,Intersex,Asian,Unknown,Other,Medicare,Current,Overweight,Urban
SYN-DM-04599,87,Female,Asian,Not Hispanic or Latino,English,Commercial,Never,Obesity,Suburban
SYN-DM-04600,28,Unknown,Black,Hispanic or Latino,Other,Commercial,Former,Normal,Rural
SYN-DM-04601,35,Intersex,Other,Not Hispanic or Latino,English,Medicare,Never,Underweight,Suburban
SYN-DM-04602,21,Unknown,Asian,Unknown,Spanish,Medicaid,Former,Overweight,Urban
SYN-DM-04603,59,Unknown,Unknown,Hispanic or Latino,Other,Commercial,Former,Obesity,Rural
SYN-DM-04604,84,Male,Unknown,Unknown,Spanish,Medicare,Never,Overweight,Rural
SYN-DM-04605,44,Intersex,Unknown,Hispanic or Latino,Other,Commercial,Never,Normal,Unknown
SYN-DM-04606,39,Unknown,Other,Not Hispanic or Latino,Other,Medicaid,Never,Obesity,Rural
SYN-DM-04607,48,Unknown,Asian,Unknown,Mandarin,Medicare,Never,Overweight,Rural
SYN-DM-04608,61,Male,Other,Hispanic or Latino,Spanish,Medicare,Former,Normal,Urban
SYN-DM-04609,30,Intersex,Other,Unknown,Other,Medicare,Former,Underweight,Suburban
SYN-DM-04610,27,Unknown,Black,Unknown,Other,Medicaid,Current,Overweight,Rural
SYN-DM-04611,62,Unknown,Asian,Not Hispanic or Latino,English,Medicaid,Current,Normal,Urban
SYN-DM-04612,86,Unknown,Unknown,Unknown,Spanish,Commercial,Never,Obesity,Urban
SYN-DM-04613,72,Intersex,Asian,Not Hispanic or Latino,Spanish,Commercial,Never,Underweight,Unknown
SYN-DM-04614,76,Female,Unknown,Not Hispanic or Latino,Other,Commercial,Current,Overweight,Rural
SYN-DM-04615,54,Female,Other,Unknown,English,Commercial,Former,Overweight,Urban
SYN-DM-04616,60,Unknown,Asian,Not Hispanic or Latino,Spanish,Commercial,Former,Overweight,Urban
SYN-DM-04617,45,Unknown,Black,Not Hispanic or Latino,Mandarin,Medicare,Never,Underweight,Rural
SYN-DM-04618,29,Male,Black,Not Hispanic or Latino,English,Commercial,Never,Overweight,Rural
SYN-DM-04619,77,Unknown,Asian,Hispanic or Latino,English,Commercial,Never,Overweight,Suburban
SYN-DM-04620,53,Female,Asian,Not Hispanic or Latino,Other,Commercial,Never,Underweight,Suburban
SYN-DM-04621,82,Female,Black,Hispanic or Latino,Mandarin,Commercial,Former,Normal,Suburban
SYN-DM-04622,60,Male,Unknown,Hispanic or Latino,Mandarin,Self-pay,Former,Underweight,Rural
SYN-DM-04623,24,Female,Asian,Not Hispanic or Latino,Spanish,Medicaid,Current,Normal,Rural
SYN-DM-04624,83,Female,Asian,Unknown,Spanish,Commercial,Current,Overweight,Urban
SYN-DM-04625,57,Unknown,Other,Hispanic or Latino,English,Self-pay,Never,Normal,Urban
SYN-DM-04626,37,Intersex,White,Hispanic or Latino,Other,Commercial,Former,Underweight,Suburban
SYN-DM-04627,35,Female,Unknown,Unknown,Spanish,Commercial,Never,Obesity,Unknown
SYN-DM-04628,42,Female,Unknown,Hispanic or Latino,Other,Commercial,Former,Overweight,Rural
SYN-DM-04629,23,Female,Unknown,Unknown,Spanish,Medicaid,Never,Normal,Unknown
SYN-DM-04630,41,Male,White,Unknown,Other,Commercial,Never,Obesity,Rural
SYN-DM-04631,39,Female,Unknown,Not Hispanic or Latino,Other,Medicare,Never,Normal,Unknown
SYN-DM-04632,83,Unknown,Asian,Not Hispanic or Latino,Mandarin,Commercial,Never,Obesity,Rural
SYN-DM-04633,90,Female,Other,Not Hispanic or Latino,English,Medicaid,Never,Obesity,Suburban
SYN-DM-04634,27,Unknown,Unknown,Not Hispanic or Latino,English,Medicare,Never,Obesity,Unknown
SYN-DM-04635,55,Intersex,Asian,Hispanic or Latino,Spanish,Commercial,Former,Obesity,Unknown
SYN-DM-04636,35,Male,Other,Not Hispanic or Latino,English,Commercial,Current,Overweight,Unknown
SYN-DM-04637,89,Unknown,Other,Not Hispanic or Latino,English,Medicaid,Current,Underweight,Rural
SYN-DM-04638,80,Unknown,Other,Not Hispanic or Latino,Spanish,Commercial,Never,Overweight,Unknown
SYN-DM-04639,27,Male,White,Not Hispanic or Latino,Mandarin,Medicare,Never,Normal,Urban
SYN-DM-04640,74,Intersex,Asian,Unknown,Mandarin,Medicaid,Never,Underweight,Suburban
SYN-DM-04641,38,Female,Black,Hispanic or Latino,Mandarin,Commercial,Unknown,Underweight,Urban
SYN-DM-04642,50,Unknown,Other,Not Hispanic or Latino,English,Medicare,Never,Obesity,Rural
SYN-DM-04643,73,Intersex,Asian,Unknown,English,Commercial,Never,Obesity,Suburban
SYN-DM-04644,76,Intersex,Other,Unknown,English,Commercial,Current,Overweight,Unknown
SYN-DM-04645,68,Intersex,Black,Not Hispanic or Latino,Spanish,Commercial,Former,Overweight,Urban
SYN-DM-04646,69,Intersex,Black,Hispanic or Latino,Spanish,Medicaid,Never,Obesity,Unknown
SYN-DM-04647,56,Male,Unknown,Not Hispanic or Latino,English,Commercial,Never,Obesity,Rural
SYN-DM-04648,53,Male,Unknown,Hispanic or Latino,English,Commercial,Never,Obesity,Unknown
SYN-DM-04649,28,Male,Black,Unknown,Other,Medicaid,Never,Underweight,Unknown
SYN-DM-04650,71,Male,White,Hispanic or Latino,English,Medicaid,Never,Overweight,Urban
SYN-DM-04651,88,Intersex,Black,Unknown,Spanish,Commercial,Never,Obesity,Urban
SYN-DM-04652,31,Female,Other,Hispanic or Latino,Mandarin,Commercial,Unknown,Underweight,Unknown
SYN-DM-04653,81,Female,Black,Not Hispanic or Latino,English,Commercial,Never,Obesity,Suburban
SYN-DM-04654,43,Female,Asian,Unknown,Other,Commercial,Never,Normal,Rural
SYN-DM-04655,63,Female,Black,Unknown,Other,Commercial,Never,Overweight,Urban
SYN-DM-04656,25,Female,Black,Hispanic or Latino,Mandarin,Commercial,Former,Underweight,Urban
SYN-DM-04657,49,Unknown,Other,Unknown,English,Commercial,Unknown,Underweight,Unknown
SYN-DM-04658,52,Intersex,White,Unknown,Mandarin,Medicare,Former,Obesity,Unknown
SYN-DM-04659,77,Female,White,Unknown,Spanish,Medicare,Never,Obesity,Rural
SYN-DM-04660,78,Male,Other,Unknown,Other,Commercial,Former,Obesity,Suburban
SYN-DM-04661,31,Unknown,Unknown,Unknown,Other,Commercial,Never,Obesity,Urban
SYN-DM-04662,83,Male,Black,Hispanic or Latino,Other,Commercial,Former,Obesity,Rural
SYN-DM-04663,86,Male,Other,Hispanic or Latino,Mandarin,Commercial,Former,Normal,Unknown
SYN-DM-04664,62,Male,Unknown,Not Hispanic or Latino,English,Medicare,Never,Underweight,Suburban
SYN-DM-04665,40,Male,Other,Not Hispanic or Latino,Other,Commercial,Never,Underweight,Unknown
SYN-DM-04666,67,Male,Unknown,Unknown,Other,Medicaid,Former,Overweight,Suburban
SYN-DM-04667,62,Unknown,Other,Not Hispanic or Latino,Spanish,Self-pay,Never,Normal,Unknown
SYN-DM-04668,21,Male,Unknown,Not Hispanic or Latino,Spanish,Self-pay,Current,Obesity,Urban
SYN-DM-04669,41,Unknown,Other,Not Hispanic or Latino,Mandarin,Medicare,Former,Obesity,Rural
SYN-DM-04670,28,Intersex,Unknown,Unknown,Spanish,Commercial,Current,Normal,Suburban
SYN-DM-04671,86,Unknown,Other,Not Hispanic or Latino,Mandarin,Commercial,Never,Normal,Rural
SYN-DM-04672,21,Unknown,Unknown,Not Hispanic or Latino,English,Commercial,Former,Obesity,Rural
SYN-DM-04673,67,Intersex,Asian,Unknown,Mandarin,Commercial,Former,Underweight,Rural
SYN-DM-04674,56,Intersex,Unknown,Hispanic or Latino,Mandarin,Medicare,Current,Underweight,Urban
SYN-DM-04675,45,Male,Asian,Not Hispanic or Latino,Spanish,Medicaid,Never,Underweight,Rural
SYN-DM-04676,64,Intersex,White,Hispanic or Latino,English,Commercial,Never,Underweight,Suburban
SYN-DM-04677,68,Unknown,Black,Not Hispanic or Latino,Other,Commercial,Former,Normal,Unknown
SYN-DM-04678,22,Intersex,Black,Not Hispanic or Latino,Mandarin,Commercial,Never,Underweight,Rural
SYN-DM-04679,38,Intersex,Unknown,Hispanic or Latino,Other,Medicare,Never,Obesity,Urban
SYN-DM-04680,53,Female,Asian,Not Hispanic or Latino,English,Commercial,Never,Normal,Urban
SYN-DM-04681,85,Male,Asian,Unknown,English,Commercial,Current,Obesity,Rural
SYN-DM-04682,66,Female,Black,Hispanic or Latino,English,Commercial,Current,Overweight,Unknown
SYN-DM-04683,86,Female,White,Unknown,Mandarin,Commercial,Never,Normal,Suburban
SYN-DM-04684,70,Male,White,Hispanic or Latino,Other,Commercial,Current,Overweight,Urban
SYN-DM-04685,80,Intersex,Asian,Unknown,Spanish,Medicare,Former,Obesity,Suburban
SYN-DM-04686,22,Female,Other,Hispanic or Latino,Spanish,Commercial,Never,Obesity,Suburban
SYN-DM-04687,69,Male,Other,Hispanic or Latino,Spanish,Commercial,Never,Overweight,Rural
SYN-DM-04688,41,Intersex,Black,Unknown,Mandarin,Commercial,Former,Obesity,Unknown
SYN-DM-04689,26,Unknown,Black,Hispanic or Latino,Spanish,Commercial,Former,Obesity,Rural
SYN-DM-04690,70,Intersex,Black,Unknown,Spanish,Commercial,Never,Obesity,Suburban
SYN-DM-04691,30,Intersex,Black,Unknown,English,Commercial,Former,Overweight,Urban
SYN-DM-04692,56,Female,Asian,Unknown,Spanish,Self-pay,Never,Overweight,Unknown
SYN-DM-04693,79,Female,Unknown,Unknown,English,Commercial,Never,Obesity,Urban
SYN-DM-04694,26,Male,Black,Not Hispanic or Latino,English,Commercial,Unknown,Normal,Rural
SYN-DM-04695,22,Intersex,Asian,Unknown,Spanish,Commercial,Current,Normal,Urban
SYN-DM-04696,87,Unknown,Black,Unknown,Other,Commercial,Never,Normal,Suburban
SYN-DM-04697,56,Male,Asian,Not Hispanic or Latino,Mandarin,Medicare,Never,Obesity,Suburban
SYN-DM-04698,71,Female,White,Not Hispanic or Latino,Spanish,Commercial,Current,Underweight,Unknown
SYN-DM-04699,89,Female,White,Unknown,Other,Medicaid,Former,Obesity,Suburban
SYN-DM-04700,39,Intersex,Unknown,Not Hispanic or Latino,Spanish,Commercial,Former,Normal,Unknown
SYN-DM-04701,35,Intersex,Other,Unknown,Spanish,Self-pay,Never,Obesity,Urban
SYN-DM-04702,70,Unknown,Asian,Unknown,Spanish,Medicare,Former,Underweight,Urban
SYN-DM-04703,60,Female,Asian,Not Hispanic or Latino,Mandarin,Commercial,Never,Underweight,Urban
SYN-DM-04704,42,Female,Asian,Unknown,Other,Commercial,Unknown,Normal,Unknown
SYN-DM-04705,56,Male,Other,Unknown,Spanish,Commercial,Former,Obesity,Rural
SYN-DM-04706,67,Male,Black,Hispanic or Latino,Other,Commercial,Never,Overweight,Unknown
SYN-DM-04707,56,Male,Unknown,Unknown,English,Medicare,Never,Underweight,Unknown
SYN-DM-04708,54,Female,Unknown,Not Hispanic or Latino,Other,Commercial,Never,Underweight,Rural
SYN-DM-04709,43,Female,Black,Unknown,Other,Medicaid,Never,Overweight,Urban
SYN-DM-04710,28,Male,Unknown,Hispanic or Latino,Other,Commercial,Former,Normal,Suburban
SYN-DM-04711,61,Intersex,Unknown,Not Hispanic or Latino,Spanish,Commercial,Never,Underweight,Rural
SYN-DM-04712,65,Unknown,Other,Hispanic or Latino,Spanish,Commercial,Unknown,Obesity,Urban
SYN-DM-04713,52,Female,Other,Unknown,English,Medicare,Current,Overweight,Urban
SYN-DM-04714,78,Unknown,Unknown,Not Hispanic or Latino,Mandarin,Commercial,Never,Obesity,Urban
SYN-DM-04715,22,Male,Asian,Not Hispanic or Latino,Spanish,Medicaid,Never,Obesity,Rural
SYN-DM-04716,65,Unknown,Asian,Not Hispanic or Latino,Other,Medicare,Never,Underweight,Unknown
SYN-DM-04717,26,Intersex,White,Unknown,Mandarin,Commercial,Never,Normal,Urban
SYN-DM-04718,28,Female,Unknown,Unknown,Mandarin,Commercial,Unknown,Underweight,Suburban
SYN-DM-04719,28,Intersex,White,Hispanic or Latino,Spanish,Medicare,Never,Underweight,Suburban
SYN-DM-04720,42,Intersex,Other,Unknown,Mandarin,Commercial,Current,Obesity,Unknown
SYN-DM-04721,60,Unknown,Asian,Unknown,Other,Commercial,Former,Obesity,Suburban
SYN-DM-04722,53,Female,Unknown,Unknown,Other,Medicaid,Current,Underweight,Unknown
SYN-DM-04723,49,Male,Other,Hispanic or Latino,Mandarin,Commercial,Never,Obesity,Urban
SYN-DM-04724,57,Male,Black,Unknown,Mandarin,Medicare,Former,Underweight,Rural
SYN-DM-04725,24,Unknown,Unknown,Unknown,English,Commercial,Current,Underweight,Unknown
SYN-DM-04726,63,Unknown,White,Not Hispanic or Latino,Mandarin,Commercial,Never,Underweight,Rural
SYN-DM-04727,29,Male,White,Unknown,Spanish,Commercial,Never,Underweight,Rural
SYN-DM-04728,53,Unknown,Asian,Unknown,Spanish,Medicaid,Never,Obesity,Urban
SYN-DM-04729,34,Intersex,Black,Hispanic or Latino,Spanish,Commercial,Former,Overweight,Unknown
SYN-DM-04730,31,Male,Asian,Unknown,Spanish,Medicare,Never,Overweight,Rural
SYN-DM-04731,54,Female,Unknown,Unknown,Mandarin,Commercial,Never,Underweight,Rural
SYN-DM-04732,80,Unknown,Unknown,Unknown,English,Self-pay,Never,Normal,Urban
SYN-DM-04733,49,Female,Other,Unknown,Other,Medicaid,Current,Normal,Suburban
SYN-DM-04734,80,Male,Other,Not Hispanic or Latino,English,Medicare,Former,Underweight,Suburban
SYN-DM-04735,87,Female,Black,Unknown,Spanish,Commercial,Never,Underweight,Urban
SYN-DM-04736,50,Male,Black,Hispanic or Latino,Spanish,Medicare,Former,Normal,Rural
SYN-DM-04737,36,Female,Other,Unknown,English,Medicare,Current,Underweight,Suburban
SYN-DM-04738,35,Male,Other,Unknown,Mandarin,Commercial,Unknown,Underweight,Urban
SYN-DM-04739,66,Male,White,Hispanic or Latino,Other,Commercial,Never,Overweight,Rural
SYN-DM-04740,65,Unknown,Black,Hispanic or Latino,Spanish,Commercial,Former,Normal,Suburban
SYN-DM-04741,61,Female,Unknown,Unknown,Spanish,Commercial,Former,Obesity,Suburban
SYN-DM-04742,81,Intersex,Asian,Unknown,English,Commercial,Former,Underweight,Unknown
SYN-DM-04743,58,Female,Other,Unknown,English,Medicaid,Current,Obesity,Urban
SYN-DM-04744,67,Intersex,Other,Hispanic or Latino,English,Commercial,Never,Underweight,Suburban
SYN-DM-04745,55,Intersex,Unknown,Unknown,Other,Commercial,Never,Obesity,Suburban
SYN-DM-04746,76,Male,Asian,Unknown,Spanish,Medicare,Never,Normal,Rural
SYN-DM-04747,79,Female,Asian,Hispanic or Latino,Other,Medicare,Current,Overweight,Unknown
SYN-DM-04748,36,Male,Unknown,Unknown,Spanish,Commercial,Unknown,Obesity,Unknown
SYN-DM-04749,41,Male,Other,Not Hispanic or Latino,Spanish,Medicare,Never,Obesity,Rural
SYN-DM-04750,36,Intersex,Black,Not Hispanic or Latino,Other,Self-pay,Former,Normal,Rural
SYN-DM-04751,76,Unknown,Asian,Hispanic or Latino,English,Commercial,Never,Obesity,Unknown
SYN-DM-04752,84,Intersex,Unknown,Not Hispanic or Latino,Spanish,Self-pay,Never,Obesity,Rural
SYN-DM-04753,47,Male,White,Unknown,Mandarin,Commercial,Current,Obesity,Urban
SYN-DM-04754,35,Intersex,Other,Hispanic or Latino,Mandarin,Medicaid,Never,Underweight,Unknown
SYN-DM-04755,90,Male,Black,Unknown,English,Medicaid,Never,Underweight,Rural
SYN-DM-04756,25,Male,Unknown,Hispanic or Latino,Mandarin,Medicaid,Never,Obesity,Urban
SYN-DM-04757,37,Female,White,Not Hispanic or Latino,Mandarin,Commercial,Unknown,Underweight,Urban
SYN-DM-04758,89,Male,White,Not Hispanic or Latino,English,Medicare,Never,Normal,Unknown
SYN-DM-04759,78,Intersex,Unknown,Hispanic or Latino,Mandarin,Medicare,Never,Normal,Suburban
SYN-DM-04760,23,Female,Unknown,Hispanic or Latino,Spanish,Commercial,Current,Underweight,Suburban
SYN-DM-04761,78,Intersex,Black,Unknown,Spanish,Medicare,Never,Normal,Unknown
SYN-DM-04762,64,Male,White,Hispanic or Latino,Other,Medicaid,Current,Obesity,Urban
SYN-DM-04763,60,Female,White,Not Hispanic or Latino,English,Medicare,Never,Obesity,Rural
SYN-DM-04764,49,Unknown,Asian,Hispanic or Latino,English,Medicaid,Never,Overweight,Urban
SYN-DM-04765,56,Female,Unknown,Not Hispanic or Latino,English,Medicaid,Never,Underweight,Suburban
SYN-DM-04766,28,Female,Asian,Not Hispanic or Latino,Mandarin,Medicaid,Former,Overweight,Urban
SYN-DM-04767,35,Male,Unknown,Hispanic or Latino,Other,Commercial,Former,Obesity,Suburban
SYN-DM-04768,23,Female,Other,Not Hispanic or Latino,Spanish,Medicaid,Never,Normal,Unknown
SYN-DM-04769,71,Female,Black,Unknown,Mandarin,Commercial,Unknown,Underweight,Urban
SYN-DM-04770,53,Unknown,Black,Hispanic or Latino,Spanish,Commercial,Current,Normal,Suburban
SYN-DM-04771,56,Intersex,Other,Hispanic or Latino,Mandarin,Medicaid,Current,Obesity,Suburban
SYN-DM-04772,64,Intersex,Other,Hispanic or Latino,Spanish,Medicaid,Never,Normal,Suburban
SYN-DM-04773,79,Female,Black,Hispanic or Latino,Mandarin,Commercial,Never,Overweight,Unknown
SYN-DM-04774,75,Female,Unknown,Not Hispanic or Latino,English,Medicare,Never,Obesity,Unknown
SYN-DM-04775,56,Intersex,White,Unknown,Spanish,Commercial,Never,Normal,Suburban
SYN-DM-04776,79,Female,Other,Not Hispanic or Latino,Mandarin,Commercial,Current,Underweight,Suburban
SYN-DM-04777,81,Intersex,White,Unknown,Spanish,Self-pay,Never,Underweight,Unknown
SYN-DM-04778,42,Unknown,Black,Hispanic or Latino,English,Commercial,Former,Obesity,Unknown
SYN-DM-04779,84,Male,Other,Hispanic or Latino,English,Self-pay,Never,Overweight,Suburban
SYN-DM-04780,83,Unknown,Black,Unknown,Mandarin,Medicaid,Never,Underweight,Suburban
SYN-DM-04781,57,Unknown,Asian,Unknown,Spanish,Commercial,Never,Obesity,Rural
SYN-DM-04782,23,Intersex,Black,Not Hispanic or Latino,Mandarin,Medicare,Never,Obesity,Unknown
SYN-DM-04783,22,Intersex,Black,Not Hispanic or Latino,Other,Medicare,Never,Obesity,Urban
SYN-DM-04784,63,Male,White,Not Hispanic or Latino,Mandarin,Self-pay,Former,Normal,Suburban
SYN-DM-04785,36,Unknown,Unknown,Unknown,Other,Medicare,Never,Obesity,Urban
SYN-DM-04786,62,Intersex,Asian,Not Hispanic or Latino,Other,Commercial,Former,Overweight,Urban
SYN-DM-04787,89,Unknown,Asian,Not Hispanic or Latino,Spanish,Commercial,Former,Underweight,Unknown
SYN-DM-04788,72,Female,Unknown,Unknown,Spanish,Medicaid,Never,Overweight,Rural
SYN-DM-04789,52,Unknown,White,Unknown,Spanish,Medicaid,Current,Overweight,Unknown
SYN-DM-04790,28,Unknown,Other,Not Hispanic or Latino,Mandarin,Self-pay,Never,Overweight,Urban
SYN-DM-04791,87,Male,Black,Unknown,Spanish,Medicaid,Current,Obesity,Rural
SYN-DM-04792,56,Intersex,White,Unknown,Spanish,Commercial,Never,Normal,Urban
SYN-DM-04793,71,Female,Black,Not Hispanic or Latino,Spanish,Medicare,Former,Underweight,Suburban
SYN-DM-04794,59,Female,White,Unknown,Spanish,Commercial,Current,Overweight,Rural
SYN-DM-04795,54,Female,Black,Unknown,Other,Medicaid,Never,Normal,Rural
SYN-DM-04796,60,Intersex,Other,Not Hispanic or Latino,English,Medicaid,Former,Normal,Urban
SYN-DM-04797,22,Male,Unknown,Hispanic or Latino,English,Medicare,Current,Normal,Suburban
SYN-DM-04798,21,Intersex,Black,Hispanic or Latino,English,Commercial,Current,Underweight,Rural
SYN-DM-04799,43,Male,White,Not Hispanic or Latino,English,Commercial,Former,Normal,Rural
SYN-DM-04800,69,Intersex,White,Unknown,Spanish,Medicare,Never,Normal,Urban
SYN-DM-04801,86,Intersex,Black,Unknown,English,Commercial,Current,Normal,Unknown
SYN-DM-04802,87,Female,White,Unknown,Other,Commercial,Never,Obesity,Unknown
SYN-DM-04803,34,Female,Other,Not Hispanic or Latino,Other,Self-pay,Never,Overweight,Unknown
SYN-DM-04804,89,Intersex,Asian,Not Hispanic or Latino,Other,Commercial,Former,Normal,Rural
SYN-DM-04805,57,Female,Other,Hispanic or Latino,Mandarin,Commercial,Never,Obesity,Unknown
SYN-DM-04806,56,Unknown,Other,Unknown,Spanish,Commercial,Former,Obesity,Urban
SYN-DM-04807,82,Intersex,White,Unknown,Other,Commercial,Former,Normal,Urban
SYN-DM-04808,77,Intersex,Asian,Not Hispanic or Latino,Spanish,Commercial,Never,Obesity,Rural
SYN-DM-04809,44,Intersex,Black,Unknown,Spanish,Commercial,Former,Obesity,Urban
SYN-DM-04810,85,Intersex,Black,Not Hispanic or Latino,Spanish,Medicare,Unknown,Normal,Unknown
SYN-DM-04811,77,Intersex,Asian,Hispanic or Latino,Other,Medicaid,Former,Overweight,Unknown
SYN-DM-04812,70,Intersex,Asian,Hispanic or Latino,Other,Commercial,Former,Obesity,Suburban
SYN-DM-04813,82,Intersex,Other,Hispanic or Latino,English,Medicare,Former,Normal,Urban
SYN-DM-04814,24,Male,Other,Not Hispanic or Latino,Mandarin,Commercial,Current,Normal,Rural
SYN-DM-04815,40,Male,Asian,Not Hispanic or Latino,English,Commercial,Never,Underweight,Suburban
SYN-DM-04816,49,Male,White,Hispanic or Latino,Other,Commercial,Current,Normal,Urban
SYN-DM-04817,85,Unknown,White,Not Hispanic or Latino,English,Medicaid,Unknown,Underweight,Rural
SYN-DM-04818,21,Unknown,White,Unknown,Spanish,Commercial,Never,Normal,Suburban
SYN-DM-04819,38,Intersex,White,Not Hispanic or Latino,Mandarin,Commercial,Never,Normal,Unknown
SYN-DM-04820,59,Male,Black,Unknown,English,Medicare,Former,Overweight,Suburban
SYN-DM-04821,25,Unknown,White,Not Hispanic or Latino,English,Medicare,Never,Normal,Urban
SYN-DM-04822,39,Male,Unknown,Hispanic or Latino,Spanish,Medicare,Never,Overweight,Rural
SYN-DM-04823,61,Male,Asian,Not Hispanic or Latino,Other,Self-pay,Never,Underweight,Rural
SYN-DM-04824,85,Female,White,Hispanic or Latino,Other,Medicaid,Current,Obesity,Rural
SYN-DM-04825,57,Female,Black,Not Hispanic or Latino,English,Medicare,Current,Underweight,Unknown
SYN-DM-04826,47,Male,Other,Unknown,English,Medicaid,Never,Obesity,Suburban
SYN-DM-04827,86,Female,Other,Hispanic or Latino,Spanish,Medicare,Former,Underweight,Rural
SYN-DM-04828,52,Male,Asian,Not Hispanic or Latino,Other,Commercial,Never,Overweight,Suburban
SYN-DM-04829,77,Intersex,Black,Unknown,Mandarin,Medicare,Former,Obesity,Suburban
SYN-DM-04830,50,Male,Black,Hispanic or Latino,English,Commercial,Former,Normal,Rural
SYN-DM-04831,39,Unknown,Black,Hispanic or Latino,Spanish,Medicaid,Former,Obesity,Urban
SYN-DM-04832,81,Male,Unknown,Not Hispanic or Latino,English,Commercial,Never,Underweight,Rural
SYN-DM-04833,29,Female,Asian,Not Hispanic or Latino,English,Medicaid,Current,Obesity,Urban
SYN-DM-04834,57,Intersex,Asian,Not Hispanic or Latino,English,Commercial,Former,Underweight,Unknown
SYN-DM-04835,89,Intersex,Asian,Hispanic or Latino,Spanish,Commercial,Never,Normal,Unknown
SYN-DM-04836,47,Intersex,Asian,Unknown,Spanish,Commercial,Never,Normal,Unknown
SYN-DM-04837,27,Female,Other,Hispanic or Latino,English,Commercial,Never,Underweight,Unknown
SYN-DM-04838,24,Intersex,Black,Unknown,Other,Medicaid,Former,Normal,Unknown
SYN-DM-04839,79,Male,Black,Not Hispanic or Latino,Mandarin,Commercial,Never,Normal,Rural
SYN-DM-04840,67,Unknown,White,Hispanic or Latino,English,Medicare,Never,Normal,Urban
SYN-DM-04841,51,Male,Asian,Not Hispanic or Latino,English,Medicare,Never,Overweight,Rural
SYN-DM-04842,88,Female,White,Hispanic or Latino,Mandarin,Self-pay,Former,Normal,Suburban
SYN-DM-04843,22,Male,Black,Not Hispanic or Latino,Mandarin,Commercial,Never,Overweight,Rural
SYN-DM-04844,38,Male,Other,Unknown,Mandarin,Commercial,Never,Overweight,Suburban
SYN-DM-04845,45,Female,Unknown,Unknown,English,Commercial,Never,Underweight,Unknown
SYN-DM-04846,62,Intersex,Other,Unknown,Other,Medicaid,Never,Underweight,Suburban
SYN-DM-04847,76,Unknown,Asian,Not Hispanic or Latino,Mandarin,Medicare,Unknown,Obesity,Rural
SYN-DM-04848,78,Unknown,Unknown,Not Hispanic or Latino,English,Medicare,Never,Normal,Rural
SYN-DM-04849,44,Unknown,Black,Hispanic or Latino,Other,Commercial,Former,Overweight,Urban
SYN-DM-04850,39,Female,Asian,Hispanic or Latino,English,Commercial,Former,Normal,Suburban
SYN-DM-04851,46,Male,Other,Unknown,Mandarin,Commercial,Former,Underweight,Urban
SYN-DM-04852,51,Female,White,Unknown,Spanish,Commercial,Never,Underweight,Rural
SYN-DM-04853,37,Male,Black,Hispanic or Latino,English,Self-pay,Never,Obesity,Urban
SYN-DM-04854,59,Male,Asian,Not Hispanic or Latino,Mandarin,Commercial,Never,Obesity,Urban
SYN-DM-04855,63,Intersex,Black,Hispanic or Latino,English,Commercial,Former,Overweight,Unknown
SYN-DM-04856,70,Intersex,Unknown,Unknown,English,Commercial,Former,Underweight,Rural
SYN-DM-04857,44,Intersex,Unknown,Hispanic or Latino,Spanish,Medicare,Never,Underweight,Rural
SYN-DM-04858,34,Intersex,Asian,Not Hispanic or Latino,Other,Medicaid,Current,Underweight,Unknown
SYN-DM-04859,79,Intersex,Other,Hispanic or Latino,Spanish,Medicare,Never,Obesity,Suburban
SYN-DM-04860,22,Female,Other,Hispanic or Latino,Other,Commercial,Former,Overweight,Unknown
SYN-DM-04861,50,Unknown,Unknown,Not Hispanic or Latino,Spanish,Commercial,Never,Obesity,Unknown
SYN-DM-04862,39,Unknown,Unknown,Unknown,English,Medicare,Never,Underweight,Suburban
SYN-DM-04863,87,Female,White,Hispanic or Latino,Other,Commercial,Former,Obesity,Suburban
SYN-DM-04864,50,Unknown,Unknown,Hispanic or Latino,English,Medicare,Former,Obesity,Unknown
SYN-DM-04865,83,Intersex,Other,Not Hispanic or Latino,Mandarin,Medicare,Never,Obesity,Suburban
SYN-DM-04866,25,Male,Asian,Not Hispanic or Latino,Mandarin,Commercial,Never,Normal,Rural
SYN-DM-04867,43,Unknown,Asian,Unknown,Spanish,Commercial,Never,Obesity,Suburban
SYN-DM-04868,34,Female,Asian,Not Hispanic or Latino,Other,Commercial,Never,Overweight,Suburban
SYN-DM-04869,41,Unknown,White,Unknown,Other,Commercial,Never,Obesity,Suburban
SYN-DM-04870,65,Intersex,White,Not Hispanic or Latino,Mandarin,Commercial,Former,Normal,Rural
SYN-DM-04871,56,Intersex,Asian,Unknown,Spanish,Self-pay,Never,Underweight,Suburban
SYN-DM-04872,64,Female,Black,Not Hispanic or Latino,Mandarin,Medicare,Former,Obesity,Suburban
SYN-DM-04873,28,Male,Black,Not Hispanic or Latino,Mandarin,Commercial,Former,Underweight,Urban
SYN-DM-04874,34,Female,Other,Not Hispanic or Latino,Other,Commercial,Never,Overweight,Unknown
SYN-DM-04875,72,Female,Unknown,Unknown,Other,Commercial,Former,Normal,Rural
SYN-DM-04876,67,Male,Unknown,Unknown,Mandarin,Medicaid,Never,Underweight,Unknown
SYN-DM-04877,45,Unknown,Asian,Not Hispanic or Latino,Other,Medicare,Never,Obesity,Suburban
SYN-DM-04878,66,Male,Unknown,Not Hispanic or Latino,Spanish,Medicare,Former,Overweight,Unknown
SYN-DM-04879,49,Unknown,White,Hispanic or Latino,Mandarin,Commercial,Current,Overweight,Unknown
SYN-DM-04880,88,Intersex,Other,Hispanic or Latino,Other,Commercial,Never,Underweight,Rural
SYN-DM-04881,68,Male,Black,Unknown,English,Commercial,Never,Normal,Unknown
SYN-DM-04882,21,Female,White,Hispanic or Latino,Other,Commercial,Never,Overweight,Suburban
SYN-DM-04883,53,Male,Other,Not Hispanic or Latino,English,Commercial,Former,Underweight,Urban
SYN-DM-04884,56,Intersex,Unknown,Not Hispanic or Latino,Spanish,Medicaid,Never,Obesity,Suburban
SYN-DM-04885,31,Female,Black,Hispanic or Latino,Mandarin,Commercial,Never,Underweight,Unknown
SYN-DM-04886,76,Intersex,White,Not Hispanic or Latino,English,Medicare,Former,Obesity,Suburban
SYN-DM-04887,47,Intersex,Asian,Unknown,English,Commercial,Unknown,Underweight,Suburban
SYN-DM-04888,38,Unknown,Other,Not Hispanic or Latino,Other,Commercial,Never,Underweight,Rural
SYN-DM-04889,68,Male,Unknown,Unknown,Spanish,Medicaid,Never,Overweight,Urban
SYN-DM-04890,59,Male,Unknown,Hispanic or Latino,Other,Self-pay,Never,Normal,Rural
SYN-DM-04891,87,Female,Unknown,Not Hispanic or Latino,Mandarin,Medicare,Unknown,Obesity,Urban
SYN-DM-04892,36,Male,Unknown,Hispanic or Latino,Spanish,Medicare,Never,Overweight,Urban
SYN-DM-04893,67,Female,Other,Hispanic or Latino,Spanish,Commercial,Never,Underweight,Unknown
SYN-DM-04894,58,Intersex,White,Hispanic or Latino,Mandarin,Commercial,Former,Obesity,Unknown
SYN-DM-04895,83,Female,Black,Hispanic or Latino,English,Medicare,Never,Obesity,Suburban
SYN-DM-04896,60,Intersex,Asian,Unknown,Other,Commercial,Never,Normal,Unknown
SYN-DM-04897,77,Female,Other,Not Hispanic or Latino,English,Commercial,Former,Normal,Unknown
SYN-DM-04898,45,Female,Asian,Hispanic or Latino,Mandarin,Commercial,Never,Underweight,Unknown
SYN-DM-04899,42,Male,White,Hispanic or Latino,Spanish,Medicaid,Never,Underweight,Urban
SYN-DM-04900,82,Unknown,Black,Not Hispanic or Latino,English,Commercial,Never,Obesity,Unknown
SYN-DM-04901,52,Unknown,White,Hispanic or Latino,Spanish,Commercial,Former,Underweight,Urban
SYN-DM-04902,77,Male,Asian,Unknown,Spanish,Commercial,Never,Obesity,Suburban
SYN-DM-04903,28,Unknown,Black,Unknown,Mandarin,Medicare,Never,Normal,Suburban
SYN-DM-04904,88,Female,White,Not Hispanic or Latino,English,Commercial,Never,Obesity,Urban
SYN-DM-04905,52,Female,Asian,Hispanic or Latino,Mandarin,Commercial,Former,Normal,Unknown
SYN-DM-04906,80,Intersex,Other,Not Hispanic or Latino,Other,Self-pay,Unknown,Normal,Unknown
SYN-DM-04907,34,Intersex,Unknown,Not Hispanic or Latino,Mandarin,Commercial,Never,Obesity,Urban
SYN-DM-04908,40,Male,Unknown,Hispanic or Latino,Other,Commercial,Never,Underweight,Unknown
SYN-DM-04909,57,Intersex,Asian,Unknown,Other,Medicaid,Former,Obesity,Rural
SYN-DM-04910,23,Female,White,Hispanic or Latino,Other,Commercial,Former,Obesity,Suburban
SYN-DM-04911,53,Unknown,Black,Unknown,English,Commercial,Never,Overweight,Rural
SYN-DM-04912,53,Unknown,Other,Unknown,Spanish,Commercial,Unknown,Obesity,Rural
SYN-DM-04913,22,Intersex,Asian,Not Hispanic or Latino,Other,Commercial,Never,Normal,Unknown
SYN-DM-04914,49,Intersex,Asian,Hispanic or Latino,Mandarin,Medicaid,Never,Underweight,Rural
SYN-DM-04915,74,Unknown,Other,Hispanic or Latino,Other,Medicare,Former,Overweight,Urban
SYN-DM-04916,49,Unknown,Black,Unknown,Mandarin,Commercial,Current,Obesity,Rural
SYN-DM-04917,46,Intersex,Black,Unknown,English,Commercial,Never,Obesity,Rural
SYN-DM-04918,72,Unknown,Other,Hispanic or Latino,Spanish,Medicaid,Former,Overweight,Urban
SYN-DM-04919,64,Female,Black,Not Hispanic or Latino,Mandarin,Commercial,Current,Normal,Rural
SYN-DM-04920,31,Intersex,Black,Not Hispanic or Latino,Mandarin,Commercial,Former,Underweight,Suburban
SYN-DM-04921,24,Intersex,Black,Not Hispanic or Latino,Spanish,Medicaid,Never,Obesity,Rural
SYN-DM-04922,33,Female,Unknown,Not Hispanic or Latino,English,Medicaid,Former,Underweight,Urban
SYN-DM-04923,41,Male,Black,Hispanic or Latino,Mandarin,Commercial,Former,Underweight,Unknown
SYN-DM-04924,70,Intersex,Black,Unknown,Mandarin,Commercial,Never,Obesity,Unknown
SYN-DM-04925,58,Male,Other,Unknown,Mandarin,Commercial,Never,Normal,Urban
SYN-DM-04926,31,Intersex,White,Unknown,Spanish,Commercial,Never,Underweight,Rural
SYN-DM-04927,23,Unknown,Unknown,Not Hispanic or Latino,Mandarin,Commercial,Never,Overweight,Suburban
SYN-DM-04928,66,Intersex,Unknown,Not Hispanic or Latino,Spanish,Medicare,Never,Underweight,Rural
SYN-DM-04929,73,Male,Black,Unknown,Spanish,Self-pay,Never,Overweight,Rural
SYN-DM-04930,30,Intersex,White,Not Hispanic or Latino,Mandarin,Self-pay,Former,Normal,Unknown
SYN-DM-04931,63,Intersex,Black,Unknown,English,Commercial,Former,Normal,Unknown
SYN-DM-04932,33,Unknown,White,Unknown,Mandarin,Medicare,Never,Obesity,Rural
SYN-DM-04933,32,Unknown,White,Not Hispanic or Latino,Spanish,Medicare,Former,Underweight,Urban
SYN-DM-04934,43,Female,Unknown,Not Hispanic or Latino,Mandarin,Commercial,Never,Underweight,Suburban
SYN-DM-04935,82,Male,Black,Hispanic or Latino,Other,Medicare,Never,Overweight,Unknown
SYN-DM-04936,77,Male,Asian,Unknown,Spanish,Commercial,Never,Normal,Unknown
SYN-DM-04937,90,Male,Black,Unknown,English,Commercial,Former,Obesity,Rural
SYN-DM-04938,39,Intersex,White,Not Hispanic or Latino,Mandarin,Medicare,Unknown,Overweight,Suburban
SYN-DM-04939,66,Female,Black,Not Hispanic or Latino,Spanish,Commercial,Never,Obesity,Urban
SYN-DM-04940,29,Male,White,Not Hispanic or Latino,English,Commercial,Former,Overweight,Urban
SYN-DM-04941,34,Male,White,Not Hispanic or Latino,English,Medicare,Former,Underweight,Suburban
SYN-DM-04942,48,Intersex,Black,Hispanic or Latino,English,Medicare,Never,Underweight,Unknown
SYN-DM-04943,39,Unknown,Black,Hispanic or Latino,English,Medicare,Former,Underweight,Suburban
SYN-DM-04944,61,Intersex,Unknown,Not Hispanic or Latino,Spanish,Medicare,Never,Overweight,Urban
SYN-DM-04945,84,Female,Other,Not Hispanic or Latino,Mandarin,Commercial,Current,Underweight,Rural
SYN-DM-04946,35,Intersex,Unknown,Unknown,Mandarin,Medicare,Never,Obesity,Unknown
SYN-DM-04947,76,Unknown,Asian,Unknown,Mandarin,Medicaid,Never,Overweight,Urban
SYN-DM-04948,78,Unknown,White,Not Hispanic or Latino,English,Medicare,Never,Overweight,Rural
SYN-DM-04949,56,Female,Unknown,Not Hispanic or Latino,Other,Medicare,Current,Obesity,Unknown
SYN-DM-04950,80,Intersex,Unknown,Not Hispanic or Latino,Mandarin,Commercial,Former,Normal,Rural
SYN-DM-04951,35,Male,Unknown,Not Hispanic or Latino,Other,Medicaid,Unknown,Normal,Rural
SYN-DM-04952,35,Male,Asian,Unknown,Other,Medicare,Never,Overweight,Urban
SYN-DM-04953,44,Male,Unknown,Unknown,Other,Commercial,Former,Obesity,Rural
SYN-DM-04954,57,Female,Asian,Not Hispanic or Latino,Other,Commercial,Former,Underweight,Urban
SYN-DM-04955,39,Intersex,Black,Not Hispanic or Latino,Spanish,Medicare,Never,Underweight,Unknown
SYN-DM-04956,57,Female,White,Not Hispanic or Latino,Spanish,Commercial,Never,Underweight,Rural
SYN-DM-04957,84,Unknown,Unknown,Unknown,Other,Commercial,Current,Normal,Unknown
SYN-DM-04958,59,Intersex,Asian,Hispanic or Latino,Spanish,Medicaid,Never,Obesity,Unknown
SYN-DM-04959,82,Unknown,Asian,Unknown,Mandarin,Commercial,Unknown,Obesity,Urban
SYN-DM-04960,60,Unknown,Black,Unknown,Mandarin,Self-pay,Current,Obesity,Urban
SYN-DM-04961,38,Intersex,Black,Not Hispanic or Latino,English,Commercial,Never,Normal,Urban
SYN-DM-04962,41,Male,Other,Unknown,Other,Commercial,Never,Obesity,Rural
SYN-DM-04963,74,Unknown,Asian,Hispanic or Latino,English,Commercial,Current,Obesity,Suburban
SYN-DM-04964,43,Female,White,Unknown,English,Medicare,Never,Obesity,Suburban
SYN-DM-04965,45,Intersex,Black,Not Hispanic or Latino,English,Medicare,Current,Obesity,Rural
SYN-DM-04966,75,Intersex,Unknown,Not Hispanic or Latino,Mandarin,Commercial,Never,Obesity,Suburban
SYN-DM-04967,31,Intersex,Other,Unknown,Mandarin,Commercial,Never,Underweight,Rural
SYN-DM-04968,62,Intersex,Asian,Unknown,Spanish,Medicaid,Former,Underweight,Suburban
SYN-DM-04969,42,Intersex,Asian,Hispanic or Latino,Mandarin,Medicare,Never,Underweight,Unknown
SYN-DM-04970,44,Intersex,Black,Unknown,English,Medicaid,Former,Obesity,Suburban
SYN-DM-04971,57,Unknown,Other,Unknown,Mandarin,Commercial,Never,Underweight,Urban
SYN-DM-04972,27,Intersex,Other,Not Hispanic or Latino,Mandarin,Commercial,Former,Normal,Unknown
SYN-DM-04973,88,Unknown,Black,Not Hispanic or Latino,Spanish,Self-pay,Never,Overweight,Suburban
SYN-DM-04974,66,Unknown,Unknown,Hispanic or Latino,English,Commercial,Former,Underweight,Unknown
SYN-DM-04975,29,Unknown,Unknown,Unknown,Spanish,Commercial,Never,Obesity,Unknown
SYN-DM-04976,76,Male,Black,Not Hispanic or Latino,Mandarin,Commercial,Never,Underweight,Rural
SYN-DM-04977,60,Intersex,Asian,Hispanic or Latino,English,Medicaid,Former,Overweight,Unknown
SYN-DM-04978,30,Intersex,Black,Hispanic or Latino,Spanish,Commercial,Never,Overweight,Rural
SYN-DM-04979,90,Female,Black,Hispanic or Latino,Other,Commercial,Former,Overweight,Suburban
SYN-DM-04980,90,Female,Asian,Hispanic or Latino,Other,Medicare,Current,Obesity,Rural
SYN-DM-04981,84,Male,White,Not Hispanic or Latino,English,Medicare,Never,Obesity,Rural
SYN-DM-04982,30,Male,White,Hispanic or Latino,Spanish,Medicare,Current,Obesity,Suburban
SYN-DM-04983,47,Intersex,Asian,Unknown,Mandarin,Commercial,Never,Underweight,Suburban
SYN-DM-04984,87,Unknown,Black,Hispanic or Latino,Mandarin,Commercial,Never,Obesity,Suburban
SYN-DM-04985,42,Intersex,Other,Hispanic or Latino,English,Medicare,Former,Overweight,Rural
SYN-DM-04986,83,Intersex,Other,Not Hispanic or Latino,Mandarin,Commercial,Former,Normal,Rural
SYN-DM-04987,80,Male,Asian,Unknown,Spanish,Medicare,Never,Overweight,Rural
SYN-DM-04988,79,Female,Unknown,Unknown,Mandarin,Medicare,Current,Obesity,Suburban
SYN-DM-04989,26,Intersex,Unknown,Not Hispanic or Latino,English,Commercial,Never,Overweight,Unknown
SYN-DM-04990,84,Female,White,Unknown,Other,Commercial,Never,Obesity,Suburban
SYN-DM-04991,58,Male,White,Not Hispanic or Latino,Spanish,Medicare,Never,Normal,Unknown
SYN-DM-04992,52,Male,White,Unknown,Other,Commercial,Former,Underweight,Urban
SYN-DM-04993,54,Intersex,Black,Not Hispanic or Latino,Mandarin,Commercial,Current,Obesity,Unknown
SYN-DM-04994,69,Intersex,Other,Hispanic or Latino,English,Commercial,Never,Underweight,Suburban
SYN-DM-04995,60,Male,Unknown,Hispanic or Latino,Other,Commercial,Never,Obesity,Suburban
SYN-DM-04996,78,Male,Black,Hispanic or Latino,Mandarin,Commercial,Current,Overweight,Rural
SYN-DM-04997,61,Male,Unknown,Not Hispanic or Latino,English,Commercial,Never,Overweight,Unknown
SYN-DM-04998,21,Unknown,Black,Unknown,Mandarin,Commercial,Current,Normal,Suburban
SYN-DM-04999,69,Intersex,Black,Not Hispanic or Latino,Spanish,Commercial,Former,Normal,Suburban
SYN-DM-05000,84,Unknown,Other,Unknown,Other,Medicare,Unknown,Obesity,Suburban
