patient_id,central_subfield_thickness_od_um,central_subfield_thickness_os_um,intraretinal_fluid_od,intraretinal_fluid_os,subretinal_fluid_od,subretinal_fluid_os,hard_exudate_burden,fundus_image_gradability,oct_signal_strength,imaging_device_type
SYN-DM-00001,358.75,240.54,Present,Present,Present,Present,None,Ungradable,7.7,OCT
SYN-DM-00002,470.71,393.75,Present,Present,Absent,Present,None,Ungradable,4.97,Ultra-widefield
SYN-DM-00003,238.73,358.91,Absent,Absent,Absent,Absent,Low,Gradable,7.71,OCT angiography
SYN-DM-00004,501.64,343.52,Absent,Present,Absent,Absent,High,Ungradable,4.34,OCT
SYN-DM-00005,383.66,377.43,Absent,Present,Present,Absent,None,Gradable,6.56,OCT
SYN-DM-00006,337.3,332.66,Absent,Absent,Present,Absent,None,Gradable,3.04,OCT angiography
SYN-DM-00007,306.97,377.59,Absent,Absent,Present,Absent,Moderate,Ungradable,7.32,OCT
SYN-DM-00008,372.06,496.2,Present,Present,Absent,Present,Low,Gradable,7.9,OCT angiography
SYN-DM-00009,472.01,260.39,Present,Absent,Absent,Absent,None,Partially gradable,6.07,OCT
SYN-DM-00010,269.3,399.01,Present,Present,Present,Absent,None,Partially gradable,3.24,Fundus camera
SYN-DM-00011,326.22,331.21,Absent,Present,Absent,Absent,Moderate,Partially gradable,5.63,Ultra-widefield
SYN-DM-00012,285.78,318.05,Absent,Absent,Present,Present,Moderate,Ungradable,7.94,OCT
SYN-DM-00013,418.22,343.35,Absent,Absent,Present,Absent,Low,Partially gradable,8.26,Ultra-widefield
SYN-DM-00014,271.57,351.06,Absent,Present,Absent,Absent,High,Partially gradable,3.47,Ultra-widefield
SYN-DM-00015,462.52,473.02,Present,Present,Present,Absent,Low,Gradable,5.46,OCT angiography
SYN-DM-00016,336.22,346.04,Present,Present,Absent,Present,High,Gradable,6.4,OCT angiography
SYN-DM-00017,439.68,475.83,Present,Absent,Absent,Absent,Moderate,Gradable,5.33,Ultra-widefield
SYN-DM-00018,422.03,308.4,Present,Absent,Absent,Absent,Low,Gradable,6.75,Fundus camera
SYN-DM-00019,258.45,448.52,Present,Absent,Absent,Present,High,Gradable,6.24,OCT angiography
SYN-DM-00020,226.52,473.87,Absent,Present,Present,Present,Low,Gradable,8.24,Fundus camera
SYN-DM-00021,219.39,279.99,Present,Absent,Present,Absent,Moderate,Partially gradable,5.76,OCT
SYN-DM-00022,291.9,243.39,Absent,Absent,Absent,Absent,High,Ungradable,3.33,OCT
SYN-DM-00023,218.48,494.39,Present,Present,Present,Absent,Moderate,Gradable,3.51,Ultra-widefield
SYN-DM-00024,452.09,453.33,Present,Absent,Absent,Present,Moderate,Partially gradable,5.72,OCT
SYN-DM-00025,272.82,369.38,Present,Absent,Absent,Present,Low,Gradable,4.65,OCT angiography
SYN-DM-00026,292.96,266.23,Present,Present,Absent,Present,Low,Gradable,7.98,OCT angiography
SYN-DM-00027,455.39,371.61,Absent,Present,Present,Absent,Low,Gradable,5.45,OCT angiography
SYN-DM-00028,468.44,454.2,Absent,Present,Absent,Present,Moderate,Ungradable,5.33,Ultra-widefield
SYN-DM-00029,243.71,289.52,Absent,Present,Absent,Present,Moderate,Ungradable,5.75,Fundus camera
SYN-DM-00030,291.55,339.92,Absent,Present,Present,Absent,None,Gradable,7.84,OCT angiography
SYN-DM-00031,425.6,436.25,Absent,Present,Absent,Absent,None,Ungradable,6.13,OCT
SYN-DM-00032,275.33,379.83,Absent,Absent,Absent,Present,Low,Ungradable,4.81,OCT
SYN-DM-00033,471.97,407.05,Absent,Absent,Absent,Absent,None,Partially gradable,5.57,OCT
SYN-DM-00034,262.86,248.16,Absent,Present,Present,Present,Moderate,Gradable,6.69,OCT
SYN-DM-00035,517.26,338.01,Present,Present,Present,Absent,None,Partially gradable,3.69,Fundus camera
SYN-DM-00036,282.96,301.07,Present,Present,Present,Absent,High,Gradable,5.49,OCT angiography
SYN-DM-00037,219.79,443.56,Present,Present,Absent,Absent,High,Ungradable,6.98,OCT angiography
SYN-DM-00038,336.31,233.94,Absent,Present,Absent,Present,Low,Partially gradable,6.92,OCT angiography
SYN-DM-00039,418.67,501.73,Present,Absent,Present,Absent,Moderate,Ungradable,5.85,OCT angiography
SYN-DM-00040,384.39,412.56,Present,Present,Present,Present,None,Ungradable,8.73,Ultra-widefield
SYN-DM-00041,403.92,276.1,Present,Present,Absent,Absent,Moderate,Partially gradable,3.42,Fundus camera
SYN-DM-00042,328.44,361.09,Present,Absent,Present,Absent,Moderate,Partially gradable,4.17,Fundus camera
SYN-DM-00043,402.7,239.97,Absent,Present,Absent,Absent,Moderate,Gradable,8.74,OCT
SYN-DM-00044,372.93,419.5,Present,Present,Absent,Absent,Low,Gradable,3.7,Fundus camera
SYN-DM-00045,345.76,285.39,Absent,Present,Absent,Absent,Low,Ungradable,8.42,OCT
SYN-DM-00046,464.3,370.58,Absent,Absent,Present,Absent,None,Partially gradable,5.66,Ultra-widefield
SYN-DM-00047,268.83,484.48,Absent,Present,Absent,Present,High,Ungradable,8.48,OCT angiography
SYN-DM-00048,283.28,482.69,Present,Absent,Absent,Absent,Low,Gradable,4.3,OCT angiography
SYN-DM-00049,444.29,487.24,Absent,Absent,Present,Absent,Moderate,Gradable,6.96,OCT
SYN-DM-00050,431.66,357.98,Present,Absent,Absent,Absent,Moderate,Gradable,7.35,OCT angiography
SYN-DM-00051,428.3,501.48,Absent,Present,Absent,Present,High,Partially gradable,5.72,Fundus camera
SYN-DM-00052,251.13,330.21,Absent,Present,Present,Present,Low,Gradable,8.94,Ultra-widefield
SYN-DM-00053,231.81,435.25,Absent,Absent,Absent,Absent,Moderate,Gradable,8.39,Ultra-widefield
SYN-DM-00054,383.67,322.63,Absent,Absent,Absent,Present,None,Gradable,7.79,OCT angiography
SYN-DM-00055,294.52,339.93,Absent,Absent,Present,Present,Moderate,Ungradable,6.97,OCT
SYN-DM-00056,362.21,355.92,Present,Present,Present,Absent,Low,Gradable,3.95,Ultra-widefield
SYN-DM-00057,458.87,377.55,Absent,Present,Absent,Present,None,Gradable,5.37,Ultra-widefield
SYN-DM-00058,464.92,263.6,Present,Absent,Present,Absent,None,Gradable,8.08,Fundus camera
SYN-DM-00059,453.66,285.85,Present,Absent,Present,Absent,Low,Gradable,7.46,OCT angiography
SYN-DM-00060,341.99,298.98,Present,Absent,Present,Present,None,Gradable,6.82,Ultra-widefield
SYN-DM-00061,224.64,453.79,Absent,Absent,Present,Present,High,Gradable,8.39,Ultra-widefield
SYN-DM-00062,509.55,318.62,Present,Absent,Present,Present,Moderate,Gradable,6.77,OCT
SYN-DM-00063,517.37,241.87,Present,Present,Present,Present,High,Partially gradable,3.15,OCT angiography
SYN-DM-00064,396.43,312.7,Present,Present,Present,Absent,None,Partially gradable,8.59,Ultra-widefield
SYN-DM-00065,257.67,345.47,Present,Present,Absent,Present,None,Ungradable,7.19,Fundus camera
SYN-DM-00066,362.1,297.57,Present,Present,Absent,Present,None,Gradable,3.98,OCT
SYN-DM-00067,498.53,411.46,Present,Present,Present,Present,Low,Ungradable,3.99,Ultra-widefield
SYN-DM-00068,472.19,338.43,Absent,Present,Present,Present,High,Partially gradable,6.97,Ultra-widefield
SYN-DM-00069,505.98,262.05,Absent,Absent,Absent,Present,High,Gradable,5.46,OCT
SYN-DM-00070,283.25,313.83,Present,Present,Absent,Present,High,Ungradable,8.13,Fundus camera
SYN-DM-00071,466.12,417.79,Absent,Absent,Present,Absent,Low,Gradable,8.82,Ultra-widefield
SYN-DM-00072,226.97,210.25,Absent,Absent,Absent,Absent,Moderate,Gradable,5.4,Ultra-widefield
SYN-DM-00073,289.51,321.44,Present,Present,Absent,Present,None,Partially gradable,5.96,Ultra-widefield
SYN-DM-00074,509.42,249.41,Absent,Present,Present,Present,Low,Ungradable,6.04,Fundus camera
SYN-DM-00075,417.39,229.13,Absent,Absent,Present,Absent,High,Partially gradable,7.86,Ultra-widefield
SYN-DM-00076,453.59,317.65,Absent,Present,Present,Absent,Low,Ungradable,8.43,OCT
SYN-DM-00077,295.21,401.45,Absent,Absent,Absent,Present,None,Partially gradable,8.3,Ultra-widefield
SYN-DM-00078,407.6,250.05,Present,Absent,Present,Present,High,Partially gradable,5.57,OCT angiography
SYN-DM-00079,454.2,327.73,Absent,Present,Present,Absent,Moderate,Partially gradable,8.57,Ultra-widefield
SYN-DM-00080,455.17,363.71,Absent,Present,Absent,Absent,Moderate,Gradable,5.47,Ultra-widefield
SYN-DM-00081,322.12,383.85,Present,Present,Absent,Absent,High,Ungradable,8.12,Fundus camera
SYN-DM-00082,468.28,357.27,Absent,Present,Present,Absent,High,Partially gradable,7.4,Fundus camera
SYN-DM-00083,388.33,440.55,Present,Present,Absent,Absent,None,Partially gradable,4.4,OCT
SYN-DM-00084,251.09,370.64,Absent,Present,Absent,Absent,High,Gradable,3.13,Ultra-widefield
SYN-DM-00085,447.43,295.32,Absent,Present,Present,Present,None,Ungradable,5.82,Fundus camera
SYN-DM-00086,475.51,457.03,Absent,Absent,Present,Absent,None,Partially gradable,8.53,Ultra-widefield
SYN-DM-00087,382.73,346.5,Absent,Absent,Present,Present,None,Partially gradable,3.65,OCT
SYN-DM-00088,336.67,216.6,Present,Absent,Present,Present,Low,Ungradable,4.42,Fundus camera
SYN-DM-00089,355.39,399.6,Present,Absent,Absent,Absent,Low,Gradable,5.91,OCT
SYN-DM-00090,311.78,215.02,Absent,Absent,Absent,Absent,Low,Ungradable,8.22,Fundus camera
SYN-DM-00091,251.1,402.66,Present,Present,Absent,Absent,Low,Partially gradable,3.35,Ultra-widefield
SYN-DM-00092,459.66,460.96,Present,Present,Absent,Present,None,Partially gradable,6.25,Fundus camera
SYN-DM-00093,474.21,306.15,Present,Present,Absent,Absent,Low,Ungradable,6.32,OCT angiography
SYN-DM-00094,464.32,470.84,Present,Present,Absent,Present,None,Partially gradable,4.86,OCT angiography
SYN-DM-00095,354.9,419.09,Absent,Present,Absent,Present,None,Gradable,8.97,Ultra-widefield
SYN-DM-00096,219.54,233.28,Present,Absent,Absent,Present,Moderate,Partially gradable,3.37,OCT
SYN-DM-00097,318.67,308.91,Present,Absent,Present,Absent,None,Ungradable,4.29,Fundus camera
SYN-DM-00098,334.81,223.17,Present,Present,Present,Absent,High,Partially gradable,8.15,OCT angiography
SYN-DM-00099,480.2,433.07,Absent,Absent,Present,Present,Low,Ungradable,7.39,OCT
SYN-DM-00100,234.65,226.51,Present,Absent,Present,Absent,High,Ungradable,3.21,Fundus camera
SYN-DM-00101,300.2,419.09,Present,Absent,Absent,Absent,High,Ungradable,6.39,Ultra-widefield
SYN-DM-00102,475.78,383.88,Present,Absent,Absent,Absent,None,Ungradable,7.24,OCT
SYN-DM-00103,464.39,373.06,Present,Present,Present,Present,Moderate,Partially gradable,4.59,Ultra-widefield
SYN-DM-00104,386.75,483.78,Absent,Present,Absent,Absent,Moderate,Partially gradable,8.79,Fundus camera
SYN-DM-00105,363.86,339.68,Present,Absent,Present,Present,Moderate,Ungradable,4.1,OCT angiography
SYN-DM-00106,405.29,391.99,Absent,Present,Absent,Absent,None,Ungradable,8.21,Fundus camera
SYN-DM-00107,234.92,272.94,Present,Absent,Absent,Absent,High,Gradable,3.18,OCT
SYN-DM-00108,293.24,350.25,Absent,Present,Absent,Absent,None,Ungradable,8.5,Fundus camera
SYN-DM-00109,317.48,256.33,Absent,Present,Absent,Absent,Low,Ungradable,5.1,OCT
SYN-DM-00110,455.59,422.73,Present,Absent,Absent,Present,Low,Gradable,6.14,Fundus camera
SYN-DM-00111,284.88,311.43,Present,Absent,Absent,Absent,High,Gradable,8.29,OCT angiography
SYN-DM-00112,386.58,216.76,Present,Absent,Absent,Absent,Low,Partially gradable,6.69,Ultra-widefield
SYN-DM-00113,480.45,278.79,Absent,Absent,Present,Absent,Low,Partially gradable,3.1,Fundus camera
SYN-DM-00114,387.14,342.53,Absent,Absent,Present,Absent,Moderate,Gradable,7.53,OCT
SYN-DM-00115,231.85,324.34,Absent,Present,Present,Present,Moderate,Ungradable,7.72,OCT
SYN-DM-00116,219.31,325.13,Absent,Present,Present,Absent,High,Ungradable,5.8,Fundus camera
SYN-DM-00117,470.96,310.15,Absent,Absent,Present,Present,Moderate,Partially gradable,6.67,OCT angiography
SYN-DM-00118,278.2,239.38,Absent,Absent,Absent,Absent,Moderate,Gradable,5.41,OCT
SYN-DM-00119,403.51,294.01,Absent,Present,Absent,Absent,None,Ungradable,3.26,Ultra-widefield
SYN-DM-00120,454.39,261.04,Present,Present,Absent,Present,Low,Partially gradable,7.49,Fundus camera
SYN-DM-00121,353.54,370.76,Absent,Present,Present,Absent,High,Ungradable,5.45,OCT
SYN-DM-00122,422.71,234.14,Present,Absent,Absent,Present,None,Partially gradable,5.12,Ultra-widefield
SYN-DM-00123,418.65,238.66,Present,Present,Absent,Absent,Low,Gradable,8.96,OCT
SYN-DM-00124,419.96,460.97,Absent,Present,Absent,Absent,Low,Partially gradable,8.08,OCT angiography
SYN-DM-00125,472.96,224.59,Absent,Absent,Absent,Present,None,Partially gradable,4.54,Ultra-widefield
SYN-DM-00126,412.27,464.96,Absent,Present,Absent,Absent,None,Gradable,7.86,Ultra-widefield
SYN-DM-00127,434.94,489.79,Absent,Present,Present,Present,Moderate,Ungradable,3.36,OCT
SYN-DM-00128,463.38,303.66,Present,Present,Absent,Absent,Low,Ungradable,7.34,Ultra-widefield
SYN-DM-00129,409.61,231.95,Present,Absent,Absent,Absent,Low,Ungradable,4.11,OCT angiography
SYN-DM-00130,417.55,377.04,Absent,Absent,Absent,Present,High,Partially gradable,5.73,Fundus camera
SYN-DM-00131,280.07,432.85,Absent,Present,Absent,Present,Low,Gradable,4.45,Fundus camera
SYN-DM-00132,485.7,266.87,Present,Absent,Absent,Present,High,Gradable,4.66,Ultra-widefield
SYN-DM-00133,317.23,226.25,Absent,Present,Present,Present,High,Partially gradable,4.08,Fundus camera
SYN-DM-00134,491.78,310.75,Present,Present,Present,Present,None,Partially gradable,8.19,OCT
SYN-DM-00135,324.01,296.62,Present,Present,Absent,Present,None,Gradable,4.68,Fundus camera
SYN-DM-00136,467.88,460.27,Present,Present,Present,Absent,Low,Partially gradable,8.13,OCT
SYN-DM-00137,369.05,414.28,Absent,Absent,Absent,Absent,High,Partially gradable,4.46,OCT angiography
SYN-DM-00138,316.16,367.49,Absent,Absent,Present,Present,None,Partially gradable,5.71,Ultra-widefield
SYN-DM-00139,289.84,218.43,Absent,Present,Present,Present,Low,Gradable,7.75,Fundus camera
SYN-DM-00140,330.92,214.38,Present,Absent,Present,Absent,Low,Gradable,4.61,OCT angiography
SYN-DM-00141,362.12,250.57,Present,Present,Absent,Present,Low,Gradable,7.6,Ultra-widefield
SYN-DM-00142,333.34,435.06,Absent,Absent,Absent,Present,Low,Ungradable,4.39,Ultra-widefield
SYN-DM-00143,229.45,234.44,Present,Absent,Absent,Absent,High,Ungradable,5.24,Fundus camera
SYN-DM-00144,405.17,312.14,Present,Absent,Present,Present,Moderate,Gradable,3.75,Fundus camera
SYN-DM-00145,234.13,330.32,Present,Present,Present,Present,High,Partially gradable,5.9,OCT angiography
SYN-DM-00146,343.55,229.57,Present,Present,Absent,Present,None,Ungradable,5.73,OCT
SYN-DM-00147,361.09,277.98,Absent,Absent,Present,Present,Low,Partially gradable,6.39,OCT
SYN-DM-00148,366.1,486.17,Present,Absent,Present,Absent,None,Partially gradable,5.31,OCT angiography
SYN-DM-00149,466.99,326.46,Absent,Absent,Present,Absent,Moderate,Partially gradable,4.57,Fundus camera
SYN-DM-00150,244.54,422.9,Present,Present,Absent,Present,High,Gradable,3.19,OCT angiography
SYN-DM-00151,385.03,254.55,Absent,Absent,Present,Absent,High,Gradable,7.46,Fundus camera
SYN-DM-00152,282.89,289.69,Present,Present,Absent,Present,None,Gradable,3.07,OCT angiography
SYN-DM-00153,342.93,394.07,Absent,Present,Absent,Absent,High,Gradable,8.99,OCT
SYN-DM-00154,442.91,453.22,Present,Present,Present,Present,Low,Partially gradable,5.3,Ultra-widefield
SYN-DM-00155,361.98,473.8,Absent,Present,Absent,Absent,Moderate,Ungradable,3.64,Ultra-widefield
SYN-DM-00156,397.83,483.68,Absent,Present,Present,Absent,High,Ungradable,3.56,OCT
SYN-DM-00157,512.87,297.7,Absent,Absent,Present,Absent,Low,Ungradable,6.42,Fundus camera
SYN-DM-00158,329.89,239.85,Present,Present,Present,Absent,None,Gradable,8.81,Fundus camera
SYN-DM-00159,507.31,375.71,Absent,Present,Present,Present,Low,Ungradable,5.51,Ultra-widefield
SYN-DM-00160,393.24,319.41,Present,Present,Absent,Absent,High,Ungradable,8.6,Ultra-widefield
SYN-DM-00161,477.95,418.23,Present,Present,Absent,Absent,High,Gradable,8.82,Ultra-widefield
SYN-DM-00162,270.36,222.59,Absent,Absent,Present,Present,High,Ungradable,7.93,Ultra-widefield
SYN-DM-00163,461.62,339.69,Absent,Present,Absent,Absent,None,Partially gradable,7.69,Fundus camera
SYN-DM-00164,251.48,209.17,Present,Absent,Absent,Absent,High,Partially gradable,6.34,Fundus camera
SYN-DM-00165,231.07,377.85,Absent,Absent,Absent,Present,None,Partially gradable,6.52,OCT angiography
SYN-DM-00166,227.8,439.2,Present,Present,Present,Present,Low,Partially gradable,5.5,Fundus camera
SYN-DM-00167,486.47,220.94,Present,Present,Absent,Absent,Low,Gradable,3.45,OCT angiography
SYN-DM-00168,325.25,383.15,Absent,Absent,Absent,Present,Low,Gradable,8.89,OCT
SYN-DM-00169,402.77,499.65,Present,Present,Present,Absent,High,Gradable,6.93,Fundus camera
SYN-DM-00170,504.92,345.65,Present,Present,Present,Absent,Low,Ungradable,7.99,OCT angiography
SYN-DM-00171,378.42,216.71,Present,Absent,Present,Present,None,Partially gradable,6.53,Fundus camera
SYN-DM-00172,328.77,490.06,Present,Absent,Present,Present,High,Partially gradable,5.58,Ultra-widefield
SYN-DM-00173,431.88,301.38,Present,Present,Present,Present,None,Partially gradable,5.94,OCT
SYN-DM-00174,489.16,321.35,Present,Absent,Present,Absent,High,Ungradable,8.38,OCT
SYN-DM-00175,229.72,345.01,Absent,Absent,Absent,Absent,High,Gradable,3.46,Fundus camera
SYN-DM-00176,447.73,356.91,Present,Absent,Present,Present,Moderate,Gradable,5.25,OCT
SYN-DM-00177,228.75,356.34,Absent,Absent,Present,Present,High,Ungradable,6.68,OCT angiography
SYN-DM-00178,429.72,334.49,Absent,Present,Absent,Absent,Moderate,Gradable,4.7,OCT angiography
SYN-DM-00179,498.79,251.22,Present,Absent,Present,Present,Low,Ungradable,3.89,Ultra-widefield
SYN-DM-00180,327.85,324.35,Absent,Present,Present,Present,Low,Gradable,5.38,OCT angiography
SYN-DM-00181,505.91,433.35,Present,Present,Present,Present,Moderate,Ungradable,4.0,Ultra-widefield
SYN-DM-00182,251.53,425.82,Present,Absent,Present,Present,Low,Ungradable,4.7,Fundus camera
SYN-DM-00183,431.45,422.21,Present,Absent,Absent,Absent,Moderate,Ungradable,8.88,OCT
SYN-DM-00184,410.39,211.6,Absent,Present,Absent,Absent,High,Partially gradable,7.95,Ultra-widefield
SYN-DM-00185,257.56,458.43,Present,Present,Absent,Absent,High,Gradable,7.72,Fundus camera
SYN-DM-00186,438.98,420.18,Absent,Present,Absent,Absent,High,Gradable,3.87,OCT
SYN-DM-00187,480.9,429.7,Present,Absent,Absent,Present,High,Partially gradable,4.45,Fundus camera
SYN-DM-00188,506.83,500.76,Present,Absent,Absent,Absent,None,Gradable,8.56,OCT
SYN-DM-00189,479.09,355.75,Present,Present,Absent,Absent,Moderate,Partially gradable,5.11,Ultra-widefield
SYN-DM-00190,424.4,462.42,Present,Absent,Absent,Present,Moderate,Gradable,4.93,Ultra-widefield
SYN-DM-00191,483.42,470.82,Absent,Absent,Absent,Absent,Moderate,Gradable,6.12,OCT angiography
SYN-DM-00192,368.8,359.42,Absent,Present,Absent,Absent,Moderate,Ungradable,7.07,Fundus camera
SYN-DM-00193,303.03,373.65,Present,Present,Absent,Absent,Moderate,Gradable,8.41,Fundus camera
SYN-DM-00194,456.29,253.05,Present,Present,Absent,Present,Low,Gradable,3.83,OCT
SYN-DM-00195,499.58,264.15,Present,Absent,Present,Present,Moderate,Ungradable,4.13,Fundus camera
SYN-DM-00196,355.46,428.43,Absent,Absent,Absent,Present,Low,Gradable,3.26,OCT
SYN-DM-00197,300.84,374.08,Present,Present,Absent,Present,High,Partially gradable,4.57,OCT angiography
SYN-DM-00198,413.54,235.27,Absent,Present,Absent,Absent,High,Ungradable,3.12,Ultra-widefield
SYN-DM-00199,334.45,378.28,Present,Absent,Absent,Absent,Low,Partially gradable,6.79,Fundus camera
SYN-DM-00200,426.56,299.78,Absent,Present,Present,Absent,High,Ungradable,6.42,Fundus camera
SYN-DM-00201,414.67,457.81,Absent,Present,Absent,Absent,None,Ungradable,7.48,OCT
SYN-DM-00202,513.32,328.17,Present,Absent,Present,Present,Low,Gradable,8.89,Fundus camera
SYN-DM-00203,311.8,488.98,Present,Absent,Absent,Absent,High,Partially gradable,6.97,OCT
SYN-DM-00204,237.0,415.58,Absent,Present,Absent,Absent,None,Partially gradable,6.26,Ultra-widefield
SYN-DM-00205,441.54,490.67,Absent,Absent,Present,Present,None,Partially gradable,8.94,OCT angiography
SYN-DM-00206,252.09,306.56,Present,Present,Present,Absent,High,Ungradable,3.25,OCT
SYN-DM-00207,300.94,350.49,Absent,Present,Absent,Absent,Low,Gradable,5.89,Ultra-widefield
SYN-DM-00208,512.45,452.76,Present,Present,Absent,Present,Low,Partially gradable,3.12,Fundus camera
SYN-DM-00209,306.1,491.92,Absent,Absent,Absent,Present,None,Partially gradable,4.47,Ultra-widefield
SYN-DM-00210,248.02,309.0,Absent,Present,Present,Absent,Moderate,Gradable,8.59,OCT
SYN-DM-00211,456.08,242.21,Absent,Absent,Present,Present,None,Gradable,5.42,OCT angiography
SYN-DM-00212,402.77,230.32,Absent,Present,Present,Present,Low,Ungradable,6.82,OCT
SYN-DM-00213,368.86,290.57,Present,Present,Absent,Present,Moderate,Ungradable,3.24,Fundus camera
SYN-DM-00214,241.84,322.87,Present,Absent,Present,Absent,Moderate,Ungradable,5.34,Fundus camera
SYN-DM-00215,467.86,278.41,Absent,Absent,Present,Absent,Low,Ungradable,4.22,OCT
SYN-DM-00216,319.45,473.2,Absent,Present,Absent,Present,High,Gradable,7.64,OCT
SYN-DM-00217,355.36,253.94,Present,Absent,Present,Present,Low,Gradable,8.25,OCT angiography
SYN-DM-00218,343.46,291.49,Present,Absent,Present,Absent,Low,Gradable,5.83,OCT angiography
SYN-DM-00219,296.82,456.4,Present,Absent,Present,Absent,Moderate,Partially gradable,8.03,Ultra-widefield
SYN-DM-00220,472.68,407.26,Absent,Present,Absent,Present,High,Ungradable,3.44,OCT angiography
SYN-DM-00221,460.74,458.17,Present,Present,Present,Present,None,Partially gradable,4.87,OCT
SYN-DM-00222,402.76,214.5,Present,Present,Present,Absent,Low,Partially gradable,6.63,OCT angiography
SYN-DM-00223,391.79,259.14,Absent,Present,Present,Present,Low,Partially gradable,7.05,OCT
SYN-DM-00224,396.65,255.68,Absent,Present,Present,Present,Moderate,Partially gradable,6.71,OCT
SYN-DM-00225,504.27,347.11,Absent,Present,Present,Present,Low,Gradable,4.15,Fundus camera
SYN-DM-00226,351.33,440.27,Absent,Absent,Absent,Absent,High,Gradable,5.9,Fundus camera
SYN-DM-00227,453.36,268.64,Absent,Present,Absent,Absent,High,Partially gradable,8.95,OCT
SYN-DM-00228,248.45,303.5,Present,Present,Present,Present,Low,Ungradable,5.16,OCT angiography
SYN-DM-00229,311.45,348.66,Absent,Present,Present,Absent,Moderate,Partially gradable,5.26,OCT angiography
SYN-DM-00230,238.21,245.28,Absent,Present,Absent,Absent,High,Partially gradable,8.65,OCT
SYN-DM-00231,259.6,298.11,Absent,Absent,Present,Present,High,Gradable,5.9,OCT
SYN-DM-00232,358.52,450.4,Present,Present,Absent,Absent,Low,Partially gradable,5.87,Fundus camera
SYN-DM-00233,347.43,425.71,Absent,Present,Absent,Present,High,Partially gradable,8.74,OCT
SYN-DM-00234,412.01,435.38,Present,Absent,Present,Present,Low,Gradable,3.32,OCT angiography
SYN-DM-00235,246.53,317.54,Absent,Absent,Absent,Present,Low,Ungradable,7.28,OCT
SYN-DM-00236,234.7,327.77,Present,Present,Present,Present,High,Gradable,4.69,Ultra-widefield
SYN-DM-00237,316.9,235.2,Absent,Absent,Absent,Absent,Low,Gradable,6.02,Fundus camera
SYN-DM-00238,432.14,383.68,Absent,Absent,Absent,Absent,High,Gradable,3.71,OCT angiography
SYN-DM-00239,463.48,365.72,Present,Present,Present,Present,High,Partially gradable,6.34,Fundus camera
SYN-DM-00240,439.87,275.81,Absent,Present,Present,Present,Moderate,Gradable,7.89,OCT
SYN-DM-00241,493.27,349.25,Absent,Present,Absent,Present,High,Gradable,8.92,OCT angiography
SYN-DM-00242,251.72,284.99,Present,Present,Absent,Absent,High,Ungradable,7.9,Fundus camera
SYN-DM-00243,387.84,264.05,Present,Present,Present,Present,High,Ungradable,5.18,OCT angiography
SYN-DM-00244,332.2,369.75,Present,Absent,Absent,Absent,Low,Ungradable,7.98,OCT
SYN-DM-00245,290.86,307.46,Absent,Present,Absent,Absent,None,Ungradable,7.79,OCT
SYN-DM-00246,512.1,407.57,Absent,Present,Absent,Present,None,Ungradable,3.8,OCT
SYN-DM-00247,482.3,303.71,Absent,Present,Present,Present,None,Ungradable,8.25,Ultra-widefield
SYN-DM-00248,281.18,324.32,Absent,Absent,Absent,Present,Low,Partially gradable,4.37,Ultra-widefield
SYN-DM-00249,499.02,283.42,Absent,Present,Absent,Absent,Low,Ungradable,6.0,OCT
SYN-DM-00250,403.25,221.12,Absent,Present,Present,Present,High,Ungradable,3.45,OCT angiography
SYN-DM-00251,321.88,342.91,Present,Present,Present,Absent,High,Gradable,8.42,Ultra-widefield
SYN-DM-00252,396.75,283.31,Present,Absent,Present,Absent,Moderate,Gradable,6.79,OCT angiography
SYN-DM-00253,254.5,442.25,Present,Absent,Present,Absent,None,Partially gradable,3.13,Ultra-widefield
SYN-DM-00254,252.92,439.17,Absent,Absent,Present,Present,Low,Ungradable,4.27,Fundus camera
SYN-DM-00255,240.76,410.95,Present,Absent,Present,Absent,Moderate,Ungradable,5.58,Fundus camera
SYN-DM-00256,234.14,450.96,Absent,Absent,Present,Present,High,Partially gradable,6.5,OCT angiography
SYN-DM-00257,260.7,397.04,Present,Absent,Absent,Present,Moderate,Gradable,7.01,OCT
SYN-DM-00258,506.14,384.82,Present,Absent,Present,Present,High,Gradable,3.95,Ultra-widefield
SYN-DM-00259,251.35,370.02,Absent,Absent,Present,Present,Low,Ungradable,3.56,Ultra-widefield
SYN-DM-00260,394.2,243.86,Present,Absent,Present,Present,Low,Partially gradable,7.98,Fundus camera
SYN-DM-00261,426.87,472.31,Present,Absent,Present,Absent,None,Gradable,3.89,OCT angiography
SYN-DM-00262,344.58,312.32,Absent,Present,Present,Present,Low,Gradable,6.0,OCT
SYN-DM-00263,254.79,212.5,Present,Present,Absent,Absent,Low,Gradable,4.72,OCT
SYN-DM-00264,254.25,262.4,Present,Present,Present,Present,Low,Gradable,4.15,Ultra-widefield
SYN-DM-00265,442.86,310.82,Absent,Absent,Present,Absent,High,Ungradable,7.6,Ultra-widefield
SYN-DM-00266,506.31,436.15,Present,Absent,Absent,Absent,Moderate,Partially gradable,3.98,OCT angiography
SYN-DM-00267,492.87,278.02,Absent,Present,Absent,Absent,Moderate,Partially gradable,9.0,Fundus camera
SYN-DM-00268,417.22,382.48,Present,Absent,Absent,Present,Low,Gradable,6.09,Ultra-widefield
SYN-DM-00269,361.13,303.45,Present,Present,Present,Absent,Low,Ungradable,6.93,OCT
SYN-DM-00270,311.9,415.14,Absent,Absent,Present,Present,Moderate,Gradable,3.92,Ultra-widefield
SYN-DM-00271,514.05,457.66,Present,Present,Absent,Absent,High,Gradable,4.61,Ultra-widefield
SYN-DM-00272,280.7,283.48,Absent,Present,Absent,Present,Low,Partially gradable,8.68,Fundus camera
SYN-DM-00273,333.79,380.63,Absent,Present,Absent,Absent,None,Ungradable,6.05,Ultra-widefield
SYN-DM-00274,493.43,310.14,Absent,Present,Absent,Present,High,Gradable,7.03,OCT
SYN-DM-00275,512.28,482.98,Present,Present,Present,Present,None,Gradable,8.78,OCT angiography
SYN-DM-00276,456.48,427.55,Absent,Absent,Absent,Present,High,Ungradable,3.4,OCT angiography
SYN-DM-00277,413.25,475.38,Absent,Absent,Present,Absent,Low,Ungradable,6.37,Ultra-widefield
SYN-DM-00278,486.04,398.48,Present,Absent,Present,Absent,None,Partially gradable,6.34,OCT
SYN-DM-00279,401.73,339.66,Present,Present,Present,Present,Low,Partially gradable,5.63,OCT
SYN-DM-00280,308.95,480.88,Present,Absent,Absent,Absent,Low,Partially gradable,8.78,Fundus camera
SYN-DM-00281,332.88,442.88,Absent,Present,Absent,Absent,High,Partially gradable,5.81,Fundus camera
SYN-DM-00282,435.83,249.02,Absent,Absent,Present,Present,High,Partially gradable,3.79,Ultra-widefield
SYN-DM-00283,297.87,280.32,Absent,Absent,Present,Absent,None,Ungradable,8.16,OCT
SYN-DM-00284,446.66,474.81,Absent,Absent,Present,Present,Low,Gradable,4.35,Fundus camera
SYN-DM-00285,368.83,492.94,Present,Absent,Present,Absent,Low,Partially gradable,7.59,Ultra-widefield
SYN-DM-00286,502.02,416.05,Absent,Absent,Present,Absent,Moderate,Gradable,3.13,Fundus camera
SYN-DM-00287,263.94,347.93,Present,Absent,Absent,Present,Low,Partially gradable,4.39,Ultra-widefield
SYN-DM-00288,333.76,251.88,Absent,Present,Absent,Present,Low,Gradable,5.66,OCT
SYN-DM-00289,390.63,385.67,Absent,Absent,Present,Absent,Low,Ungradable,6.36,Fundus camera
SYN-DM-00290,301.97,430.12,Absent,Present,Absent,Present,High,Gradable,8.11,Ultra-widefield
SYN-DM-00291,511.49,448.41,Present,Absent,Present,Absent,Moderate,Ungradable,7.35,Fundus camera
SYN-DM-00292,253.74,337.26,Present,Present,Absent,Absent,Low,Gradable,8.34,OCT angiography
SYN-DM-00293,403.05,274.24,Absent,Present,Present,Present,None,Gradable,3.22,OCT angiography
SYN-DM-00294,484.03,253.16,Present,Present,Absent,Absent,Moderate,Ungradable,7.51,OCT
SYN-DM-00295,235.51,382.89,Absent,Present,Present,Absent,Low,Ungradable,8.05,Ultra-widefield
SYN-DM-00296,358.54,343.48,Absent,Present,Absent,Absent,None,Gradable,7.44,Ultra-widefield
SYN-DM-00297,402.91,483.26,Absent,Absent,Absent,Absent,High,Ungradable,6.39,OCT
SYN-DM-00298,237.87,336.29,Present,Present,Present,Present,Moderate,Gradable,6.71,Ultra-widefield
SYN-DM-00299,233.98,453.89,Absent,Absent,Present,Present,High,Partially gradable,7.42,OCT
SYN-DM-00300,478.85,494.86,Absent,Present,Absent,Present,None,Partially gradable,5.0,Fundus camera
SYN-DM-00301,342.36,233.0,Present,Present,Absent,Absent,None,Gradable,6.41,Fundus camera
SYN-DM-00302,333.17,462.69,Present,Present,Present,Present,High,Partially gradable,4.82,OCT
SYN-DM-00303,464.88,282.35,Absent,Absent,Present,Absent,Low,Gradable,3.64,Fundus camera
SYN-DM-00304,283.09,466.3,Absent,Absent,Absent,Absent,High,Partially gradable,7.08,Ultra-widefield
SYN-DM-00305,231.01,278.04,Absent,Present,Absent,Present,None,Ungradable,8.92,Fundus camera
SYN-DM-00306,265.08,350.46,Absent,Absent,Present,Absent,None,Ungradable,6.78,Fundus camera
SYN-DM-00307,401.7,387.72,Absent,Absent,Present,Present,High,Gradable,8.57,Fundus camera
SYN-DM-00308,220.84,242.22,Present,Present,Absent,Absent,Low,Gradable,3.63,Ultra-widefield
SYN-DM-00309,442.69,322.15,Absent,Present,Present,Absent,Low,Gradable,4.21,Ultra-widefield
SYN-DM-00310,381.05,391.71,Absent,Present,Absent,Present,High,Partially gradable,8.61,OCT
SYN-DM-00311,436.87,389.46,Present,Present,Absent,Present,Moderate,Gradable,3.16,Fundus camera
SYN-DM-00312,483.28,337.12,Present,Absent,Present,Absent,None,Ungradable,4.96,Ultra-widefield
SYN-DM-00313,486.97,427.34,Present,Present,Present,Absent,None,Gradable,6.92,OCT
SYN-DM-00314,417.97,379.67,Absent,Absent,Present,Absent,Moderate,Gradable,3.96,OCT
SYN-DM-00315,476.15,324.43,Present,Absent,Present,Absent,Moderate,Gradable,6.41,OCT
SYN-DM-00316,287.76,334.86,Present,Present,Absent,Absent,None,Gradable,4.3,Fundus camera
SYN-DM-00317,488.59,281.62,Absent,Present,Absent,Absent,None,Gradable,3.14,Ultra-widefield
SYN-DM-00318,327.34,273.2,Absent,Absent,Present,Present,High,Ungradable,3.04,OCT angiography
SYN-DM-00319,341.04,393.64,Present,Present,Absent,Absent,None,Ungradable,8.76,Ultra-widefield
SYN-DM-00320,493.23,430.66,Absent,Absent,Present,Absent,Low,Partially gradable,6.19,OCT angiography
SYN-DM-00321,492.3,279.45,Present,Absent,Absent,Absent,Low,Ungradable,4.33,Ultra-widefield
SYN-DM-00322,455.59,229.68,Present,Present,Absent,Absent,High,Gradable,3.97,Fundus camera
SYN-DM-00323,289.19,318.43,Present,Absent,Present,Absent,Low,Ungradable,6.04,Ultra-widefield
SYN-DM-00324,459.44,410.42,Present,Present,Absent,Absent,Low,Ungradable,8.78,Fundus camera
SYN-DM-00325,214.94,228.02,Present,Absent,Present,Present,High,Partially gradable,6.49,Ultra-widefield
SYN-DM-00326,327.6,268.93,Absent,Absent,Present,Present,Moderate,Partially gradable,7.33,Ultra-widefield
SYN-DM-00327,396.1,287.8,Present,Present,Absent,Absent,None,Ungradable,4.48,Ultra-widefield
SYN-DM-00328,467.79,331.47,Present,Absent,Absent,Absent,Low,Ungradable,5.94,Ultra-widefield
SYN-DM-00329,456.35,431.61,Absent,Present,Absent,Absent,High,Ungradable,3.49,OCT
SYN-DM-00330,308.54,445.0,Absent,Absent,Present,Present,High,Partially gradable,4.83,Ultra-widefield
SYN-DM-00331,324.95,401.31,Present,Absent,Present,Absent,High,Gradable,4.73,OCT
SYN-DM-00332,260.56,457.21,Absent,Absent,Absent,Absent,Low,Gradable,5.17,OCT angiography
SYN-DM-00333,377.49,259.9,Absent,Absent,Absent,Present,Moderate,Gradable,7.62,Ultra-widefield
SYN-DM-00334,359.47,339.24,Absent,Present,Absent,Present,None,Gradable,4.61,Ultra-widefield
SYN-DM-00335,312.31,377.8,Absent,Present,Absent,Absent,High,Partially gradable,8.03,Fundus camera
SYN-DM-00336,239.08,308.49,Absent,Present,Absent,Present,High,Gradable,8.74,OCT
SYN-DM-00337,381.3,295.15,Absent,Absent,Present,Absent,Moderate,Partially gradable,5.78,OCT angiography
SYN-DM-00338,220.66,277.88,Present,Absent,Present,Absent,None,Ungradable,8.57,OCT
SYN-DM-00339,359.72,395.05,Present,Present,Present,Present,High,Partially gradable,4.74,OCT
SYN-DM-00340,284.09,350.47,Present,Present,Absent,Present,High,Ungradable,3.82,OCT angiography
SYN-DM-00341,495.76,483.53,Absent,Present,Present,Absent,None,Ungradable,5.58,Ultra-widefield
SYN-DM-00342,300.31,437.63,Absent,Present,Present,Absent,High,Partially gradable,8.33,OCT angiography
SYN-DM-00343,430.38,211.37,Absent,Absent,Present,Present,Low,Partially gradable,7.35,OCT angiography
SYN-DM-00344,323.75,419.07,Absent,Absent,Present,Present,High,Ungradable,4.98,Ultra-widefield
SYN-DM-00345,411.25,347.0,Present,Absent,Present,Absent,Moderate,Partially gradable,8.33,OCT
SYN-DM-00346,262.97,469.94,Present,Absent,Absent,Present,None,Ungradable,7.35,OCT angiography
SYN-DM-00347,251.92,461.01,Present,Absent,Absent,Absent,Moderate,Gradable,5.33,OCT angiography
SYN-DM-00348,249.77,438.38,Present,Absent,Present,Present,High,Partially gradable,5.29,OCT
SYN-DM-00349,319.97,392.45,Present,Present,Absent,Absent,High,Ungradable,6.41,Fundus camera
SYN-DM-00350,478.12,470.24,Present,Present,Present,Present,High,Ungradable,5.83,Ultra-widefield
SYN-DM-00351,375.58,276.82,Present,Absent,Present,Present,Low,Gradable,3.55,Fundus camera
SYN-DM-00352,515.49,391.13,Absent,Absent,Present,Absent,Low,Gradable,4.94,Ultra-widefield
SYN-DM-00353,269.23,389.39,Present,Present,Present,Absent,High,Partially gradable,4.17,Ultra-widefield
SYN-DM-00354,501.74,217.49,Absent,Absent,Absent,Absent,Moderate,Ungradable,5.88,Fundus camera
SYN-DM-00355,480.34,337.71,Present,Present,Absent,Present,High,Ungradable,3.9,Ultra-widefield
SYN-DM-00356,498.41,301.8,Absent,Present,Absent,Absent,Low,Gradable,8.35,OCT
SYN-DM-00357,306.2,242.56,Absent,Present,Present,Absent,Low,Ungradable,4.28,OCT angiography
SYN-DM-00358,468.43,282.97,Absent,Absent,Present,Present,Low,Gradable,7.84,OCT angiography
SYN-DM-00359,325.13,252.46,Present,Absent,Present,Present,None,Gradable,6.19,OCT angiography
SYN-DM-00360,349.99,370.35,Present,Present,Present,Absent,Moderate,Gradable,7.47,Ultra-widefield
SYN-DM-00361,384.34,217.51,Present,Present,Present,Absent,None,Gradable,6.54,Fundus camera
SYN-DM-00362,310.55,483.69,Absent,Present,Absent,Present,Moderate,Partially gradable,3.48,OCT
SYN-DM-00363,420.2,249.33,Present,Present,Present,Present,Low,Ungradable,8.62,OCT angiography
SYN-DM-00364,361.07,456.72,Present,Present,Present,Absent,Low,Partially gradable,7.08,Fundus camera
SYN-DM-00365,321.3,487.03,Absent,Absent,Present,Absent,Moderate,Gradable,4.75,OCT angiography
SYN-DM-00366,415.98,459.55,Present,Absent,Absent,Present,High,Partially gradable,8.94,Fundus camera
SYN-DM-00367,430.82,243.1,Present,Absent,Present,Present,None,Ungradable,4.06,Fundus camera
SYN-DM-00368,478.81,223.17,Present,Present,Absent,Present,None,Partially gradable,8.01,Fundus camera
SYN-DM-00369,404.36,467.9,Present,Present,Present,Present,None,Ungradable,7.3,OCT angiography
SYN-DM-00370,426.37,376.45,Present,Absent,Present,Present,Moderate,Partially gradable,6.13,OCT
SYN-DM-00371,381.96,371.57,Present,Absent,Present,Present,Moderate,Partially gradable,6.56,OCT angiography
SYN-DM-00372,258.12,350.37,Present,Present,Absent,Absent,High,Ungradable,7.91,OCT angiography
SYN-DM-00373,512.26,487.96,Absent,Absent,Present,Present,Moderate,Gradable,6.36,OCT
SYN-DM-00374,384.75,361.22,Absent,Absent,Present,Present,Moderate,Gradable,7.21,OCT angiography
SYN-DM-00375,413.83,298.33,Present,Absent,Present,Absent,None,Ungradable,7.79,OCT
SYN-DM-00376,353.13,382.6,Present,Absent,Absent,Absent,Low,Partially gradable,7.37,OCT angiography
SYN-DM-00377,404.17,397.8,Absent,Present,Present,Present,None,Gradable,7.52,OCT angiography
SYN-DM-00378,505.34,279.48,Present,Absent,Absent,Absent,Moderate,Ungradable,5.77,OCT
SYN-DM-00379,308.32,395.34,Present,Absent,Present,Present,Low,Ungradable,5.52,OCT
SYN-DM-00380,286.22,324.77,Present,Present,Absent,Present,None,Ungradable,4.62,OCT
SYN-DM-00381,333.03,415.28,Absent,Present,Absent,Absent,Moderate,Partially gradable,7.46,Ultra-widefield
SYN-DM-00382,357.41,271.06,Present,Present,Absent,Absent,Low,Partially gradable,3.52,OCT angiography
SYN-DM-00383,218.15,380.26,Present,Present,Present,Absent,None,Gradable,8.66,Ultra-widefield
SYN-DM-00384,287.66,222.39,Present,Present,Absent,Present,None,Ungradable,3.6,OCT
SYN-DM-00385,495.51,303.11,Present,Present,Absent,Absent,High,Gradable,4.62,OCT
SYN-DM-00386,440.41,348.18,Present,Absent,Absent,Absent,Low,Partially gradable,6.4,OCT
SYN-DM-00387,250.55,221.45,Present,Present,Absent,Present,High,Gradable,3.24,OCT angiography
SYN-DM-00388,418.69,451.23,Absent,Present,Absent,Present,Moderate,Gradable,4.37,Fundus camera
SYN-DM-00389,491.65,384.02,Absent,Present,Present,Present,Moderate,Gradable,5.34,Ultra-widefield
SYN-DM-00390,431.01,496.78,Present,Absent,Present,Present,Moderate,Gradable,5.97,OCT
SYN-DM-00391,455.57,481.11,Absent,Present,Absent,Absent,Moderate,Partially gradable,8.99,OCT angiography
SYN-DM-00392,216.92,487.24,Present,Present,Present,Present,None,Partially gradable,8.01,OCT angiography
SYN-DM-00393,229.44,444.47,Absent,Present,Absent,Present,Moderate,Partially gradable,6.67,Fundus camera
SYN-DM-00394,420.04,492.76,Present,Present,Present,Present,Moderate,Ungradable,8.99,OCT angiography
SYN-DM-00395,350.06,250.66,Absent,Present,Present,Absent,Moderate,Gradable,6.39,Ultra-widefield
SYN-DM-00396,226.82,438.68,Present,Absent,Present,Absent,Low,Gradable,5.16,OCT
SYN-DM-00397,390.83,331.16,Present,Absent,Absent,Absent,None,Partially gradable,8.56,Ultra-widefield
SYN-DM-00398,259.83,253.25,Absent,Present,Absent,Present,High,Partially gradable,9.0,Fundus camera
SYN-DM-00399,444.3,356.5,Absent,Present,Absent,Present,High,Gradable,6.87,OCT angiography
SYN-DM-00400,274.27,487.52,Absent,Present,Absent,Absent,High,Gradable,4.41,Ultra-widefield
SYN-DM-00401,315.73,367.74,Present,Absent,Present,Absent,Moderate,Ungradable,4.66,OCT
SYN-DM-00402,513.13,449.44,Absent,Present,Present,Present,High,Ungradable,3.91,OCT angiography
SYN-DM-00403,335.89,329.82,Present,Present,Absent,Absent,Low,Partially gradable,8.47,Fundus camera
SYN-DM-00404,351.24,295.12,Absent,Absent,Absent,Present,None,Ungradable,5.67,Ultra-widefield
SYN-DM-00405,508.55,359.47,Present,Absent,Absent,Absent,None,Partially gradable,6.25,Ultra-widefield
SYN-DM-00406,432.45,257.82,Present,Present,Absent,Present,Low,Ungradable,4.8,Fundus camera
SYN-DM-00407,246.14,354.44,Absent,Absent,Present,Present,Low,Partially gradable,8.21,Fundus camera
SYN-DM-00408,340.05,276.53,Absent,Present,Present,Absent,None,Ungradable,6.98,Fundus camera
SYN-DM-00409,274.93,318.26,Present,Absent,Absent,Present,Low,Partially gradable,8.42,Fundus camera
SYN-DM-00410,438.96,496.73,Absent,Present,Present,Present,None,Partially gradable,4.12,OCT
SYN-DM-00411,292.88,479.39,Present,Present,Present,Present,High,Gradable,5.9,OCT
SYN-DM-00412,398.6,464.44,Present,Absent,Absent,Absent,Low,Partially gradable,3.82,Ultra-widefield
SYN-DM-00413,507.97,218.54,Present,Absent,Present,Present,None,Ungradable,3.64,Fundus camera
SYN-DM-00414,363.76,220.49,Present,Present,Absent,Present,High,Partially gradable,3.32,Ultra-widefield
SYN-DM-00415,342.19,254.23,Absent,Absent,Absent,Absent,Moderate,Gradable,3.34,OCT
SYN-DM-00416,502.34,320.46,Present,Present,Present,Present,None,Ungradable,3.45,Ultra-widefield
SYN-DM-00417,283.12,299.79,Absent,Absent,Present,Present,Moderate,Partially gradable,8.9,Ultra-widefield
SYN-DM-00418,260.8,290.43,Present,Absent,Absent,Present,Low,Ungradable,5.4,OCT angiography
SYN-DM-00419,234.66,395.43,Present,Absent,Absent,Absent,High,Ungradable,6.29,Fundus camera
SYN-DM-00420,375.56,241.83,Present,Absent,Absent,Absent,Moderate,Partially gradable,3.47,OCT angiography
SYN-DM-00421,499.81,241.72,Absent,Present,Absent,Present,Moderate,Ungradable,4.17,Fundus camera
SYN-DM-00422,306.43,361.73,Absent,Present,Present,Absent,Moderate,Ungradable,5.21,OCT angiography
SYN-DM-00423,355.47,311.68,Present,Absent,Present,Absent,Low,Gradable,5.4,OCT
SYN-DM-00424,322.08,381.92,Absent,Absent,Absent,Absent,None,Gradable,4.14,OCT
SYN-DM-00425,246.68,218.84,Present,Present,Absent,Absent,Moderate,Ungradable,8.12,OCT angiography
SYN-DM-00426,500.79,398.27,Absent,Absent,Absent,Present,None,Gradable,3.4,OCT angiography
SYN-DM-00427,421.96,331.73,Present,Absent,Absent,Present,Low,Partially gradable,8.55,Fundus camera
SYN-DM-00428,512.48,345.04,Present,Present,Absent,Present,High,Partially gradable,3.28,OCT
SYN-DM-00429,322.36,444.73,Absent,Absent,Present,Absent,None,Gradable,5.2,OCT angiography
SYN-DM-00430,307.53,357.58,Present,Present,Absent,Absent,None,Gradable,4.8,OCT angiography
SYN-DM-00431,406.81,454.57,Present,Present,Present,Present,Moderate,Partially gradable,6.77,Fundus camera
SYN-DM-00432,378.38,439.55,Present,Present,Present,Present,Moderate,Ungradable,3.91,Fundus camera
SYN-DM-00433,347.46,284.2,Present,Absent,Present,Absent,Low,Ungradable,6.75,Ultra-widefield
SYN-DM-00434,435.89,282.99,Present,Absent,Present,Present,Low,Gradable,7.36,OCT
SYN-DM-00435,501.63,288.77,Present,Absent,Absent,Absent,High,Ungradable,8.94,OCT angiography
SYN-DM-00436,224.41,357.84,Absent,Absent,Present,Present,None,Ungradable,3.75,OCT angiography
SYN-DM-00437,374.63,349.93,Absent,Present,Present,Present,None,Partially gradable,4.49,OCT angiography
SYN-DM-00438,394.44,253.9,Absent,Absent,Absent,Present,Moderate,Partially gradable,7.38,OCT
SYN-DM-00439,380.65,450.82,Present,Present,Present,Absent,Low,Gradable,6.31,OCT
SYN-DM-00440,377.44,235.96,Present,Present,Present,Present,High,Partially gradable,3.57,OCT
SYN-DM-00441,432.8,345.58,Present,Present,Absent,Present,High,Gradable,3.58,OCT angiography
SYN-DM-00442,436.53,294.72,Absent,Absent,Absent,Present,Moderate,Ungradable,4.19,Ultra-widefield
SYN-DM-00443,363.65,402.12,Absent,Absent,Absent,Present,None,Partially gradable,4.63,Ultra-widefield
SYN-DM-00444,459.79,289.41,Absent,Absent,Present,Absent,Low,Partially gradable,4.33,OCT
SYN-DM-00445,313.14,332.04,Present,Absent,Present,Absent,Low,Gradable,8.88,OCT
SYN-DM-00446,235.0,278.93,Absent,Absent,Absent,Absent,Low,Partially gradable,8.4,OCT angiography
SYN-DM-00447,417.49,368.17,Absent,Absent,Absent,Absent,None,Ungradable,4.24,OCT
SYN-DM-00448,346.43,338.21,Present,Absent,Absent,Absent,Low,Gradable,8.9,OCT angiography
SYN-DM-00449,271.97,357.08,Present,Absent,Absent,Absent,Low,Gradable,6.69,Fundus camera
SYN-DM-00450,218.44,275.39,Absent,Present,Absent,Present,Low,Partially gradable,8.56,OCT angiography
SYN-DM-00451,304.02,434.42,Absent,Absent,Present,Present,Moderate,Gradable,4.8,OCT angiography
SYN-DM-00452,475.84,289.97,Present,Absent,Present,Present,Moderate,Partially gradable,5.22,OCT
SYN-DM-00453,304.73,498.54,Present,Present,Absent,Absent,Low,Gradable,7.97,Fundus camera
SYN-DM-00454,505.0,237.65,Present,Present,Absent,Absent,Moderate,Gradable,8.63,Fundus camera
SYN-DM-00455,378.14,445.8,Absent,Present,Present,Present,Low,Ungradable,6.96,Ultra-widefield
SYN-DM-00456,394.66,386.43,Present,Absent,Present,Absent,High,Ungradable,8.84,Fundus camera
SYN-DM-00457,273.19,323.05,Absent,Absent,Absent,Absent,Low,Gradable,4.77,Ultra-widefield
SYN-DM-00458,395.29,276.42,Absent,Present,Absent,Present,Moderate,Gradable,8.33,Ultra-widefield
SYN-DM-00459,267.96,434.2,Absent,Present,Absent,Absent,High,Ungradable,6.05,OCT angiography
SYN-DM-00460,454.3,416.36,Absent,Present,Present,Present,High,Gradable,3.36,OCT angiography
SYN-DM-00461,218.86,353.12,Present,Absent,Absent,Present,Low,Gradable,3.06,Fundus camera
SYN-DM-00462,431.83,409.75,Absent,Present,Present,Absent,High,Ungradable,3.77,OCT
SYN-DM-00463,355.4,268.77,Present,Absent,Absent,Present,Moderate,Partially gradable,6.38,Fundus camera
SYN-DM-00464,452.5,453.48,Present,Present,Absent,Present,Low,Gradable,5.06,Ultra-widefield
SYN-DM-00465,411.59,351.01,Present,Absent,Present,Absent,Moderate,Partially gradable,4.2,Fundus camera
SYN-DM-00466,313.47,284.3,Absent,Present,Absent,Present,High,Ungradable,8.45,OCT
SYN-DM-00467,373.35,351.0,Absent,Absent,Present,Absent,None,Gradable,3.87,Ultra-widefield
SYN-DM-00468,252.02,260.02,Present,Present,Absent,Absent,Moderate,Ungradable,3.99,Ultra-widefield
SYN-DM-00469,387.45,263.54,Present,Present,Present,Absent,None,Gradable,3.86,OCT
SYN-DM-00470,291.73,372.5,Absent,Present,Absent,Absent,Low,Ungradable,6.41,Fundus camera
SYN-DM-00471,318.54,266.02,Absent,Absent,Present,Absent,Moderate,Ungradable,8.91,OCT
SYN-DM-00472,448.48,446.99,Absent,Absent,Absent,Present,High,Gradable,5.82,Ultra-widefield
SYN-DM-00473,236.53,357.64,Present,Present,Present,Absent,High,Gradable,6.24,OCT angiography
SYN-DM-00474,501.21,232.76,Present,Present,Present,Absent,Moderate,Ungradable,7.66,Ultra-widefield
SYN-DM-00475,396.94,379.3,Absent,Absent,Absent,Present,Low,Ungradable,6.37,Fundus camera
SYN-DM-00476,374.81,259.24,Absent,Present,Absent,Present,Low,Ungradable,6.18,OCT
SYN-DM-00477,302.92,477.9,Present,Present,Absent,Present,Low,Ungradable,4.63,Ultra-widefield
SYN-DM-00478,421.72,389.92,Absent,Absent,Present,Absent,None,Gradable,4.98,Fundus camera
SYN-DM-00479,513.55,270.91,Absent,Present,Absent,Absent,Low,Gradable,3.69,OCT angiography
SYN-DM-00480,233.62,316.83,Present,Absent,Present,Absent,None,Gradable,3.34,Ultra-widefield
SYN-DM-00481,284.84,414.98,Present,Present,Present,Present,None,Ungradable,7.2,OCT angiography
SYN-DM-00482,230.84,288.61,Present,Absent,Absent,Present,None,Gradable,8.46,OCT angiography
SYN-DM-00483,233.94,319.58,Present,Present,Absent,Absent,Low,Gradable,3.05,Fundus camera
SYN-DM-00484,474.37,221.05,Absent,Present,Present,Present,High,Gradable,7.64,Fundus camera
SYN-DM-00485,336.15,341.36,Present,Present,Absent,Present,Low,Ungradable,5.98,OCT angiography
SYN-DM-00486,373.95,301.78,Absent,Absent,Present,Present,Low,Ungradable,5.37,OCT angiography
SYN-DM-00487,402.06,450.42,Present,Present,Present,Present,Moderate,Partially gradable,7.96,OCT
SYN-DM-00488,277.72,305.48,Absent,Absent,Absent,Absent,None,Partially gradable,4.79,Ultra-widefield
SYN-DM-00489,406.97,273.1,Absent,Absent,Present,Absent,Low,Gradable,8.22,OCT
SYN-DM-00490,267.84,351.52,Absent,Absent,Present,Absent,High,Ungradable,8.64,Fundus camera
SYN-DM-00491,227.99,370.13,Present,Absent,Absent,Present,None,Partially gradable,5.01,OCT
SYN-DM-00492,432.83,467.07,Absent,Absent,Absent,Present,Moderate,Partially gradable,5.04,OCT angiography
SYN-DM-00493,306.97,357.27,Absent,Present,Present,Absent,Moderate,Gradable,5.07,OCT angiography
SYN-DM-00494,496.31,400.34,Present,Present,Present,Absent,High,Ungradable,4.66,Ultra-widefield
SYN-DM-00495,512.74,220.52,Present,Present,Absent,Present,None,Ungradable,8.82,Fundus camera
SYN-DM-00496,462.04,438.51,Absent,Absent,Present,Present,Low,Partially gradable,5.03,OCT angiography
SYN-DM-00497,346.87,447.27,Present,Absent,Absent,Absent,Moderate,Ungradable,7.33,OCT
SYN-DM-00498,265.54,421.86,Present,Present,Present,Absent,None,Ungradable,7.43,Fundus camera
SYN-DM-00499,327.74,436.98,Absent,Present,Present,Absent,Moderate,Gradable,8.42,OCT angiography
SYN-DM-00500,471.86,255.01,Present,Absent,Present,Present,High,Ungradable,7.63,OCT angiography
SYN-DM-00501,509.46,436.29,Present,Absent,Absent,Present,Low,Ungradable,3.36,OCT
SYN-DM-00502,220.97,209.54,Present,Absent,Present,Present,None,Gradable,4.29,OCT
SYN-DM-00503,494.82,457.05,Present,Absent,Absent,Present,None,Gradable,3.2,OCT
SYN-DM-00504,470.31,488.63,Present,Present,Absent,Absent,High,Gradable,5.61,OCT angiography
SYN-DM-00505,403.67,386.31,Present,Absent,Present,Absent,Moderate,Partially gradable,7.47,Fundus camera
SYN-DM-00506,289.79,233.68,Present,Present,Absent,Present,High,Gradable,4.0,OCT angiography
SYN-DM-00507,506.39,383.68,Present,Present,Absent,Absent,Low,Partially gradable,7.44,Ultra-widefield
SYN-DM-00508,394.63,455.41,Present,Absent,Absent,Absent,Moderate,Ungradable,4.65,Fundus camera
SYN-DM-00509,470.64,448.02,Absent,Absent,Absent,Absent,High,Partially gradable,6.14,OCT
SYN-DM-00510,327.9,383.6,Absent,Absent,Present,Present,Moderate,Partially gradable,5.42,Ultra-widefield
SYN-DM-00511,484.01,436.95,Present,Absent,Absent,Present,Moderate,Partially gradable,8.79,Fundus camera
SYN-DM-00512,236.79,454.66,Absent,Absent,Present,Absent,High,Gradable,4.41,OCT
SYN-DM-00513,380.24,386.89,Absent,Present,Absent,Present,Moderate,Ungradable,6.12,OCT angiography
SYN-DM-00514,462.87,287.87,Present,Present,Present,Present,High,Gradable,6.16,OCT
SYN-DM-00515,470.89,330.69,Absent,Absent,Absent,Absent,High,Gradable,8.22,OCT
SYN-DM-00516,416.83,481.93,Absent,Absent,Present,Absent,None,Gradable,8.32,Ultra-widefield
SYN-DM-00517,413.39,402.33,Absent,Present,Absent,Present,Low,Ungradable,5.99,Ultra-widefield
SYN-DM-00518,387.71,475.87,Absent,Absent,Absent,Absent,Low,Gradable,5.15,Ultra-widefield
SYN-DM-00519,398.4,368.96,Present,Absent,Absent,Present,Moderate,Partially gradable,6.68,Ultra-widefield
SYN-DM-00520,273.62,241.79,Absent,Absent,Absent,Present,High,Ungradable,8.0,Fundus camera
SYN-DM-00521,304.62,309.4,Absent,Present,Absent,Absent,Low,Gradable,3.74,OCT angiography
SYN-DM-00522,486.36,400.03,Absent,Absent,Present,Present,None,Ungradable,5.44,Fundus camera
SYN-DM-00523,462.89,457.7,Present,Absent,Absent,Present,Low,Ungradable,4.03,Ultra-widefield
SYN-DM-00524,243.33,241.05,Present,Present,Absent,Present,None,Partially gradable,6.61,OCT angiography
SYN-DM-00525,396.75,252.44,Absent,Present,Absent,Absent,High,Partially gradable,4.69,Fundus camera
SYN-DM-00526,430.85,485.62,Present,Present,Absent,Present,Low,Ungradable,7.65,OCT angiography
SYN-DM-00527,265.76,461.32,Absent,Present,Present,Present,None,Ungradable,3.4,Ultra-widefield
SYN-DM-00528,383.22,303.14,Absent,Absent,Absent,Absent,Low,Ungradable,7.33,OCT angiography
SYN-DM-00529,261.63,231.28,Absent,Absent,Present,Present,None,Partially gradable,7.07,Fundus camera
SYN-DM-00530,496.6,404.93,Present,Present,Absent,Present,Moderate,Partially gradable,3.41,OCT
SYN-DM-00531,439.74,287.7,Present,Absent,Absent,Present,Low,Gradable,6.5,OCT
SYN-DM-00532,301.06,344.91,Present,Absent,Present,Present,Moderate,Gradable,3.6,OCT angiography
SYN-DM-00533,442.85,445.61,Present,Absent,Absent,Absent,Low,Gradable,4.44,Fundus camera
SYN-DM-00534,362.73,420.1,Absent,Absent,Present,Present,Moderate,Ungradable,5.49,Fundus camera
SYN-DM-00535,344.13,417.5,Absent,Absent,Present,Absent,None,Partially gradable,8.98,Ultra-widefield
SYN-DM-00536,215.51,286.4,Absent,Absent,Absent,Absent,High,Partially gradable,8.72,Fundus camera
SYN-DM-00537,476.78,494.26,Present,Absent,Absent,Present,High,Partially gradable,4.45,Ultra-widefield
SYN-DM-00538,249.16,217.79,Present,Absent,Present,Absent,Low,Gradable,5.84,Fundus camera
SYN-DM-00539,347.74,319.49,Absent,Absent,Absent,Absent,Moderate,Partially gradable,3.7,Ultra-widefield
SYN-DM-00540,288.06,351.08,Present,Absent,Present,Present,Low,Ungradable,8.49,Fundus camera
SYN-DM-00541,369.89,375.55,Absent,Absent,Absent,Present,Moderate,Ungradable,7.52,Fundus camera
SYN-DM-00542,425.61,430.11,Present,Absent,Present,Absent,Low,Gradable,5.28,OCT angiography
SYN-DM-00543,321.17,327.46,Absent,Absent,Present,Present,High,Partially gradable,6.68,Ultra-widefield
SYN-DM-00544,322.68,300.13,Present,Present,Present,Present,Low,Gradable,3.01,OCT
SYN-DM-00545,370.14,454.57,Present,Present,Present,Absent,None,Ungradable,5.35,Fundus camera
SYN-DM-00546,259.92,469.24,Present,Absent,Present,Present,Moderate,Gradable,4.93,OCT
SYN-DM-00547,248.12,247.4,Present,Absent,Present,Present,High,Ungradable,4.4,Ultra-widefield
SYN-DM-00548,336.86,301.01,Present,Absent,Absent,Absent,Moderate,Partially gradable,5.7,OCT
SYN-DM-00549,404.73,472.1,Present,Present,Absent,Absent,Low,Ungradable,7.77,Ultra-widefield
SYN-DM-00550,235.84,397.06,Absent,Present,Present,Absent,None,Ungradable,5.12,OCT angiography
SYN-DM-00551,343.44,487.69,Present,Absent,Present,Absent,Low,Ungradable,5.56,OCT angiography
SYN-DM-00552,335.81,444.19,Absent,Absent,Absent,Present,None,Partially gradable,4.3,OCT
SYN-DM-00553,238.13,334.24,Present,Present,Present,Present,Moderate,Gradable,7.34,Ultra-widefield
SYN-DM-00554,471.38,320.27,Absent,Absent,Absent,Absent,High,Gradable,4.6,Fundus camera
SYN-DM-00555,253.96,212.42,Absent,Absent,Absent,Present,Low,Partially gradable,4.65,OCT
SYN-DM-00556,316.69,453.48,Present,Absent,Absent,Absent,None,Ungradable,6.16,Ultra-widefield
SYN-DM-00557,372.85,233.78,Absent,Present,Present,Present,Moderate,Gradable,4.88,Fundus camera
SYN-DM-00558,512.73,280.06,Present,Absent,Present,Absent,None,Ungradable,7.03,Ultra-widefield
SYN-DM-00559,471.01,491.49,Present,Absent,Present,Absent,Low,Ungradable,4.0,OCT angiography
SYN-DM-00560,371.07,373.62,Present,Absent,Present,Absent,None,Ungradable,4.88,OCT angiography
SYN-DM-00561,389.42,328.62,Absent,Present,Present,Absent,Moderate,Partially gradable,4.47,OCT angiography
SYN-DM-00562,480.49,492.37,Absent,Present,Absent,Present,Moderate,Partially gradable,5.61,Ultra-widefield
SYN-DM-00563,396.75,399.87,Absent,Present,Present,Present,Low,Gradable,7.42,OCT angiography
SYN-DM-00564,438.48,322.14,Present,Present,Absent,Absent,Moderate,Ungradable,5.32,Fundus camera
SYN-DM-00565,399.84,367.18,Absent,Present,Absent,Present,High,Partially gradable,4.49,OCT
SYN-DM-00566,366.47,386.74,Absent,Absent,Absent,Present,Moderate,Partially gradable,8.67,OCT
SYN-DM-00567,317.85,279.99,Present,Present,Absent,Absent,Low,Ungradable,5.84,OCT angiography
SYN-DM-00568,328.37,482.87,Present,Present,Present,Present,High,Gradable,3.43,OCT
SYN-DM-00569,455.66,304.68,Absent,Present,Absent,Absent,Moderate,Ungradable,6.71,Fundus camera
SYN-DM-00570,239.14,464.76,Present,Present,Absent,Absent,High,Ungradable,3.4,OCT angiography
SYN-DM-00571,279.87,473.49,Absent,Absent,Absent,Present,High,Ungradable,6.52,OCT
SYN-DM-00572,314.77,213.19,Present,Present,Absent,Present,High,Partially gradable,6.94,Ultra-widefield
SYN-DM-00573,336.84,494.71,Absent,Present,Absent,Absent,Low,Gradable,3.5,Fundus camera
SYN-DM-00574,216.37,244.16,Absent,Absent,Present,Present,Moderate,Ungradable,6.72,Ultra-widefield
SYN-DM-00575,421.08,384.39,Present,Present,Absent,Absent,None,Gradable,5.08,Fundus camera
SYN-DM-00576,264.27,350.4,Present,Present,Absent,Absent,None,Partially gradable,3.82,OCT angiography
SYN-DM-00577,332.31,415.83,Present,Absent,Absent,Absent,High,Gradable,4.44,Ultra-widefield
SYN-DM-00578,483.85,317.69,Absent,Present,Absent,Present,None,Ungradable,6.98,OCT
SYN-DM-00579,453.04,248.15,Present,Absent,Present,Present,Moderate,Ungradable,8.94,OCT
SYN-DM-00580,256.64,417.9,Present,Absent,Absent,Absent,High,Ungradable,8.89,Ultra-widefield
SYN-DM-00581,219.48,479.74,Present,Present,Absent,Absent,Low,Partially gradable,5.96,Ultra-widefield
SYN-DM-00582,343.39,333.97,Present,Absent,Present,Present,Low,Ungradable,4.24,Ultra-widefield
SYN-DM-00583,425.09,496.78,Present,Present,Present,Absent,Moderate,Ungradable,6.42,OCT
SYN-DM-00584,496.1,480.41,Present,Present,Absent,Absent,Moderate,Gradable,5.21,OCT angiography
SYN-DM-00585,286.52,413.35,Absent,Absent,Absent,Absent,None,Partially gradable,4.41,Ultra-widefield
SYN-DM-00586,422.94,439.35,Present,Absent,Present,Present,Low,Ungradable,6.84,OCT angiography
SYN-DM-00587,433.54,341.75,Present,Absent,Absent,Absent,High,Gradable,4.68,Fundus camera
SYN-DM-00588,479.8,440.77,Absent,Absent,Present,Present,None,Partially gradable,8.07,OCT
SYN-DM-00589,298.98,312.05,Present,Present,Present,Absent,Moderate,Gradable,3.18,OCT
SYN-DM-00590,326.45,465.42,Absent,Absent,Absent,Absent,Low,Gradable,3.38,Fundus camera
SYN-DM-00591,417.71,463.6,Absent,Absent,Absent,Present,Low,Partially gradable,3.94,Ultra-widefield
SYN-DM-00592,497.33,373.64,Absent,Absent,Present,Absent,None,Gradable,7.82,Fundus camera
SYN-DM-00593,450.87,398.26,Present,Present,Present,Absent,High,Gradable,5.29,OCT angiography
SYN-DM-00594,495.31,371.75,Absent,Absent,Present,Absent,Moderate,Partially gradable,3.39,OCT
SYN-DM-00595,417.04,389.24,Present,Absent,Present,Present,Low,Ungradable,5.61,Fundus camera
SYN-DM-00596,329.82,268.97,Present,Absent,Present,Present,High,Partially gradable,6.67,Ultra-widefield
SYN-DM-00597,494.31,471.82,Present,Absent,Absent,Absent,High,Gradable,8.95,Fundus camera
SYN-DM-00598,479.71,397.79,Absent,Absent,Absent,Present,High,Gradable,7.7,Fundus camera
SYN-DM-00599,363.2,346.46,Absent,Present,Present,Absent,None,Ungradable,8.04,Fundus camera
SYN-DM-00600,500.24,414.56,Absent,Absent,Present,Absent,Low,Gradable,4.71,Ultra-widefield
SYN-DM-00601,233.79,284.0,Absent,Present,Absent,Absent,Moderate,Gradable,3.01,OCT
SYN-DM-00602,229.05,412.27,Present,Absent,Absent,Absent,Moderate,Ungradable,3.25,Fundus camera
SYN-DM-00603,389.82,440.08,Absent,Present,Present,Present,High,Gradable,3.18,Fundus camera
SYN-DM-00604,286.15,218.16,Present,Absent,Present,Present,Low,Partially gradable,3.29,OCT angiography
SYN-DM-00605,228.03,258.47,Present,Absent,Absent,Absent,High,Gradable,7.89,Fundus camera
SYN-DM-00606,334.97,422.91,Absent,Present,Present,Absent,High,Ungradable,3.01,Ultra-widefield
SYN-DM-00607,394.01,390.73,Present,Absent,Absent,Absent,Low,Gradable,4.18,OCT
SYN-DM-00608,344.93,315.45,Present,Absent,Absent,Present,Moderate,Gradable,7.52,OCT angiography
SYN-DM-00609,502.17,273.13,Absent,Absent,Present,Absent,Moderate,Partially gradable,7.63,OCT angiography
SYN-DM-00610,417.81,433.69,Present,Present,Absent,Absent,High,Ungradable,7.59,Ultra-widefield
SYN-DM-00611,410.65,395.83,Present,Absent,Absent,Absent,High,Ungradable,6.97,OCT
SYN-DM-00612,436.5,396.7,Present,Absent,Present,Present,High,Ungradable,5.76,Ultra-widefield
SYN-DM-00613,462.99,432.06,Present,Absent,Present,Absent,None,Partially gradable,5.57,Ultra-widefield
SYN-DM-00614,266.68,462.99,Present,Present,Present,Absent,None,Gradable,5.91,Ultra-widefield
SYN-DM-00615,279.36,246.55,Present,Present,Present,Present,None,Gradable,5.01,OCT angiography
SYN-DM-00616,279.46,334.32,Present,Present,Present,Present,Moderate,Partially gradable,5.4,OCT
SYN-DM-00617,312.8,490.1,Present,Present,Present,Present,High,Partially gradable,8.78,OCT
SYN-DM-00618,463.05,427.78,Present,Absent,Present,Absent,None,Partially gradable,3.75,OCT
SYN-DM-00619,465.17,253.32,Present,Present,Absent,Present,Low,Gradable,4.0,Ultra-widefield
SYN-DM-00620,348.87,488.56,Present,Present,Present,Present,High,Partially gradable,3.67,OCT
SYN-DM-00621,491.94,394.68,Present,Absent,Absent,Present,Moderate,Ungradable,3.55,OCT angiography
SYN-DM-00622,356.95,372.53,Absent,Absent,Absent,Absent,High,Partially gradable,6.87,Ultra-widefield
SYN-DM-00623,318.78,429.9,Absent,Present,Present,Absent,Low,Ungradable,4.66,OCT angiography
SYN-DM-00624,396.87,304.81,Present,Absent,Present,Absent,High,Gradable,8.95,Fundus camera
SYN-DM-00625,244.73,231.67,Absent,Present,Absent,Present,Moderate,Gradable,5.0,OCT
SYN-DM-00626,236.16,272.42,Present,Present,Present,Present,Low,Ungradable,4.77,Fundus camera
SYN-DM-00627,469.18,407.13,Absent,Absent,Absent,Present,Moderate,Gradable,3.24,Fundus camera
SYN-DM-00628,461.74,267.33,Absent,Absent,Absent,Present,Low,Ungradable,8.49,OCT angiography
SYN-DM-00629,330.35,407.84,Absent,Absent,Absent,Present,None,Partially gradable,7.18,OCT
SYN-DM-00630,306.67,269.96,Absent,Absent,Absent,Present,None,Partially gradable,6.23,Ultra-widefield
SYN-DM-00631,216.85,257.42,Present,Present,Absent,Present,Low,Gradable,3.44,Ultra-widefield
SYN-DM-00632,496.08,286.75,Present,Present,Present,Absent,High,Gradable,4.67,OCT angiography
SYN-DM-00633,504.7,486.56,Present,Present,Present,Present,Moderate,Partially gradable,3.2,Ultra-widefield
SYN-DM-00634,515.51,209.16,Present,Present,Present,Absent,None,Partially gradable,3.76,Fundus camera
SYN-DM-00635,236.78,345.86,Absent,Absent,Absent,Absent,Low,Gradable,5.2,OCT angiography
SYN-DM-00636,426.44,218.36,Absent,Absent,Present,Present,None,Partially gradable,6.75,Fundus camera
SYN-DM-00637,375.06,424.78,Absent,Absent,Absent,Absent,High,Partially gradable,6.73,OCT
SYN-DM-00638,508.58,501.26,Present,Absent,Absent,Absent,Moderate,Gradable,6.34,OCT
SYN-DM-00639,260.46,447.11,Absent,Absent,Present,Present,Low,Gradable,6.07,Fundus camera
SYN-DM-00640,475.24,337.69,Present,Present,Present,Present,Low,Ungradable,6.7,Fundus camera
SYN-DM-00641,488.71,430.99,Present,Present,Present,Absent,Low,Partially gradable,5.72,Fundus camera
SYN-DM-00642,228.31,336.91,Present,Present,Present,Absent,None,Partially gradable,3.62,Ultra-widefield
SYN-DM-00643,217.98,225.78,Present,Present,Present,Absent,Moderate,Partially gradable,4.27,OCT angiography
SYN-DM-00644,464.78,312.57,Absent,Present,Absent,Present,Low,Partially gradable,8.88,Ultra-widefield
SYN-DM-00645,258.69,231.79,Absent,Absent,Absent,Absent,High,Partially gradable,8.59,OCT angiography
SYN-DM-00646,442.4,363.7,Present,Absent,Present,Present,None,Partially gradable,8.17,Ultra-widefield
SYN-DM-00647,321.6,215.54,Absent,Present,Present,Absent,Low,Ungradable,6.04,OCT
SYN-DM-00648,391.97,302.91,Absent,Absent,Present,Absent,None,Ungradable,3.04,OCT
SYN-DM-00649,369.94,244.3,Absent,Absent,Absent,Present,Low,Partially gradable,7.17,Fundus camera
SYN-DM-00650,218.77,259.21,Present,Present,Absent,Present,None,Gradable,7.32,Fundus camera
SYN-DM-00651,369.8,480.92,Present,Absent,Absent,Present,Moderate,Ungradable,7.84,Fundus camera
SYN-DM-00652,269.53,244.92,Present,Present,Present,Absent,Moderate,Gradable,5.63,Ultra-widefield
SYN-DM-00653,321.23,465.44,Present,Absent,Present,Absent,High,Gradable,3.95,OCT
SYN-DM-00654,486.43,362.94,Present,Absent,Absent,Present,None,Partially gradable,8.71,Ultra-widefield
SYN-DM-00655,239.03,294.56,Present,Absent,Present,Absent,Low,Gradable,4.23,Ultra-widefield
SYN-DM-00656,253.91,218.92,Absent,Present,Present,Present,High,Gradable,3.95,OCT angiography
SYN-DM-00657,491.77,426.62,Present,Absent,Present,Absent,Low,Partially gradable,3.01,Fundus camera
SYN-DM-00658,412.1,437.93,Present,Absent,Present,Absent,Low,Gradable,6.96,OCT
SYN-DM-00659,515.43,263.17,Absent,Present,Absent,Present,Low,Gradable,8.06,Ultra-widefield
SYN-DM-00660,421.31,466.61,Present,Absent,Absent,Absent,None,Partially gradable,8.7,OCT
SYN-DM-00661,417.02,276.79,Present,Present,Present,Present,Moderate,Partially gradable,8.66,OCT
SYN-DM-00662,249.45,275.91,Present,Absent,Absent,Present,Low,Partially gradable,8.13,Fundus camera
SYN-DM-00663,218.75,279.16,Present,Absent,Absent,Present,None,Ungradable,6.89,Ultra-widefield
SYN-DM-00664,496.68,377.86,Present,Present,Absent,Absent,None,Ungradable,6.32,OCT
SYN-DM-00665,219.36,302.89,Absent,Absent,Present,Present,Moderate,Partially gradable,4.14,OCT
SYN-DM-00666,317.71,320.47,Present,Absent,Present,Absent,None,Gradable,7.53,Ultra-widefield
SYN-DM-00667,235.39,352.83,Present,Present,Absent,Present,Moderate,Ungradable,5.64,Fundus camera
SYN-DM-00668,423.43,430.51,Present,Present,Absent,Absent,None,Gradable,6.96,OCT angiography
SYN-DM-00669,282.93,498.19,Absent,Absent,Absent,Present,None,Gradable,3.84,OCT angiography
SYN-DM-00670,482.98,363.71,Absent,Present,Absent,Present,Low,Ungradable,3.77,OCT angiography
SYN-DM-00671,326.75,215.33,Present,Present,Present,Absent,High,Ungradable,7.33,Ultra-widefield
SYN-DM-00672,435.21,459.52,Present,Absent,Absent,Present,Moderate,Gradable,3.94,OCT angiography
SYN-DM-00673,287.19,293.74,Present,Present,Absent,Present,Moderate,Ungradable,3.27,Fundus camera
SYN-DM-00674,373.44,287.98,Present,Absent,Present,Present,Moderate,Partially gradable,6.85,Ultra-widefield
SYN-DM-00675,465.15,456.63,Present,Present,Present,Present,None,Gradable,5.63,OCT angiography
SYN-DM-00676,337.29,348.29,Absent,Present,Present,Absent,High,Ungradable,4.06,Ultra-widefield
SYN-DM-00677,265.66,249.04,Absent,Present,Present,Present,None,Gradable,7.45,OCT
SYN-DM-00678,368.25,291.66,Absent,Present,Present,Present,Moderate,Ungradable,6.72,OCT
SYN-DM-00679,241.67,440.79,Present,Present,Absent,Absent,Low,Partially gradable,5.59,Ultra-widefield
SYN-DM-00680,277.22,299.44,Present,Present,Absent,Absent,Low,Partially gradable,6.0,Ultra-widefield
SYN-DM-00681,345.18,405.15,Absent,Absent,Present,Absent,None,Ungradable,8.58,OCT angiography
SYN-DM-00682,451.1,398.7,Absent,Absent,Present,Absent,Low,Ungradable,5.74,OCT angiography
SYN-DM-00683,320.59,219.85,Absent,Present,Absent,Present,Low,Gradable,3.91,OCT angiography
SYN-DM-00684,363.39,459.58,Present,Absent,Present,Present,High,Ungradable,7.76,Fundus camera
SYN-DM-00685,294.46,490.79,Absent,Absent,Present,Present,None,Gradable,7.83,OCT angiography
SYN-DM-00686,449.88,391.5,Present,Present,Absent,Absent,None,Partially gradable,4.79,Fundus camera
SYN-DM-00687,246.48,212.75,Present,Absent,Present,Absent,None,Partially gradable,7.83,Ultra-widefield
SYN-DM-00688,391.04,265.83,Present,Absent,Present,Absent,Moderate,Ungradable,3.94,Ultra-widefield
SYN-DM-00689,493.45,282.18,Absent,Present,Present,Absent,Moderate,Partially gradable,6.27,Fundus camera
SYN-DM-00690,364.25,436.26,Absent,Present,Absent,Absent,Moderate,Partially gradable,8.53,Fundus camera
SYN-DM-00691,280.34,228.95,Present,Present,Absent,Absent,Moderate,Gradable,4.81,OCT angiography
SYN-DM-00692,220.15,402.17,Present,Absent,Present,Present,Low,Gradable,7.86,OCT
SYN-DM-00693,268.6,429.94,Absent,Absent,Absent,Present,High,Partially gradable,6.08,OCT
SYN-DM-00694,370.14,494.71,Absent,Present,Present,Present,High,Gradable,4.72,Fundus camera
SYN-DM-00695,475.21,290.8,Present,Absent,Absent,Present,Low,Gradable,8.61,OCT angiography
SYN-DM-00696,372.57,433.1,Absent,Absent,Absent,Absent,Moderate,Gradable,5.83,OCT angiography
SYN-DM-00697,468.55,301.06,Absent,Absent,Present,Present,None,Ungradable,5.41,Fundus camera
SYN-DM-00698,404.51,350.85,Present,Absent,Absent,Present,High,Gradable,8.21,OCT angiography
SYN-DM-00699,312.08,387.3,Present,Absent,Absent,Absent,Low,Gradable,5.89,OCT
SYN-DM-00700,314.54,418.52,Present,Present,Absent,Absent,Low,Partially gradable,8.61,Ultra-widefield
SYN-DM-00701,351.9,445.33,Absent,Absent,Present,Present,High,Ungradable,3.51,Fundus camera
SYN-DM-00702,328.43,334.56,Present,Present,Absent,Absent,Moderate,Ungradable,3.17,OCT angiography
SYN-DM-00703,424.35,302.75,Absent,Absent,Present,Absent,None,Ungradable,3.54,OCT
SYN-DM-00704,297.75,451.01,Present,Present,Absent,Absent,None,Ungradable,5.38,OCT
SYN-DM-00705,385.83,452.59,Present,Absent,Absent,Absent,Low,Ungradable,8.9,OCT
SYN-DM-00706,399.33,244.72,Absent,Present,Absent,Absent,Low,Gradable,4.08,OCT angiography
SYN-DM-00707,461.51,421.25,Absent,Present,Present,Present,Moderate,Partially gradable,6.94,Fundus camera
SYN-DM-00708,475.53,471.5,Present,Present,Absent,Absent,Low,Ungradable,4.64,OCT
SYN-DM-00709,510.4,229.56,Present,Absent,Absent,Absent,High,Ungradable,8.9,Ultra-widefield
SYN-DM-00710,420.35,383.35,Present,Absent,Present,Absent,Moderate,Partially gradable,7.74,Ultra-widefield
SYN-DM-00711,451.01,435.28,Absent,Absent,Absent,Absent,Low,Gradable,5.19,Ultra-widefield
SYN-DM-00712,296.12,383.07,Absent,Absent,Present,Absent,None,Ungradable,6.81,OCT angiography
SYN-DM-00713,253.04,394.99,Present,Absent,Present,Absent,High,Partially gradable,5.39,OCT
SYN-DM-00714,218.09,392.42,Absent,Present,Absent,Present,Low,Ungradable,6.69,Fundus camera
SYN-DM-00715,345.63,304.41,Present,Present,Present,Present,Low,Gradable,7.25,OCT
SYN-DM-00716,307.23,466.45,Present,Absent,Present,Present,High,Ungradable,4.15,Ultra-widefield
SYN-DM-00717,249.4,488.5,Present,Present,Absent,Absent,None,Gradable,8.6,OCT angiography
SYN-DM-00718,488.98,284.37,Present,Present,Absent,Absent,None,Ungradable,5.48,OCT
SYN-DM-00719,321.33,338.63,Absent,Present,Absent,Absent,Moderate,Ungradable,4.26,Ultra-widefield
SYN-DM-00720,329.31,298.74,Present,Present,Present,Present,Low,Ungradable,3.43,OCT
SYN-DM-00721,336.28,285.05,Absent,Present,Absent,Absent,Low,Partially gradable,3.28,Fundus camera
SYN-DM-00722,481.24,341.99,Present,Present,Absent,Absent,Low,Partially gradable,8.94,Fundus camera
SYN-DM-00723,330.23,413.55,Absent,Present,Present,Present,High,Partially gradable,6.75,OCT
SYN-DM-00724,420.33,366.88,Absent,Absent,Absent,Present,High,Partially gradable,3.17,OCT angiography
SYN-DM-00725,260.54,277.29,Present,Absent,Present,Absent,Moderate,Partially gradable,7.24,Fundus camera
SYN-DM-00726,435.53,409.39,Present,Present,Absent,Present,High,Ungradable,8.52,Ultra-widefield
SYN-DM-00727,268.79,251.24,Absent,Present,Absent,Present,None,Ungradable,6.32,OCT angiography
SYN-DM-00728,320.61,412.76,Present,Present,Absent,Present,None,Ungradable,3.98,Fundus camera
SYN-DM-00729,345.93,427.12,Present,Absent,Present,Present,None,Partially gradable,8.26,Fundus camera
SYN-DM-00730,477.23,233.74,Present,Absent,Present,Absent,Low,Partially gradable,7.85,OCT angiography
SYN-DM-00731,426.23,317.09,Present,Present,Present,Absent,Low,Partially gradable,8.32,OCT
SYN-DM-00732,347.96,427.37,Absent,Present,Present,Absent,Low,Partially gradable,5.0,Ultra-widefield
SYN-DM-00733,258.46,309.93,Absent,Absent,Present,Absent,High,Partially gradable,5.4,Fundus camera
SYN-DM-00734,473.89,491.36,Absent,Absent,Present,Absent,Moderate,Ungradable,7.23,Fundus camera
SYN-DM-00735,284.64,300.18,Absent,Absent,Absent,Present,Low,Gradable,6.5,Ultra-widefield
SYN-DM-00736,236.82,464.14,Present,Absent,Absent,Present,None,Partially gradable,5.41,OCT angiography
SYN-DM-00737,329.42,337.05,Present,Present,Absent,Absent,Moderate,Partially gradable,3.91,Ultra-widefield
SYN-DM-00738,507.72,441.95,Absent,Present,Present,Present,Moderate,Gradable,7.46,OCT
SYN-DM-00739,288.99,213.53,Present,Present,Absent,Absent,None,Partially gradable,5.41,Fundus camera
SYN-DM-00740,478.46,450.21,Absent,Absent,Absent,Present,Moderate,Partially gradable,3.62,OCT angiography
SYN-DM-00741,322.32,397.99,Present,Present,Present,Absent,High,Partially gradable,4.51,OCT
SYN-DM-00742,383.56,452.53,Present,Absent,Absent,Present,Moderate,Gradable,6.41,Fundus camera
SYN-DM-00743,315.88,358.74,Absent,Present,Present,Present,Low,Ungradable,6.34,OCT
SYN-DM-00744,496.91,325.76,Present,Present,Present,Absent,Low,Gradable,5.29,Fundus camera
SYN-DM-00745,364.76,353.35,Present,Absent,Present,Present,Low,Partially gradable,5.12,Ultra-widefield
SYN-DM-00746,488.61,365.12,Absent,Absent,Present,Absent,Low,Ungradable,7.79,Ultra-widefield
SYN-DM-00747,314.91,353.6,Present,Absent,Present,Absent,Moderate,Gradable,4.77,OCT
SYN-DM-00748,483.91,450.1,Present,Absent,Present,Absent,None,Gradable,6.68,OCT
SYN-DM-00749,223.86,274.45,Present,Absent,Present,Present,Moderate,Gradable,4.16,OCT angiography
SYN-DM-00750,471.66,211.11,Present,Absent,Absent,Absent,None,Ungradable,7.34,OCT angiography
SYN-DM-00751,420.77,487.53,Absent,Present,Present,Present,Moderate,Ungradable,7.31,OCT angiography
SYN-DM-00752,381.39,482.98,Present,Present,Absent,Present,None,Gradable,7.17,Fundus camera
SYN-DM-00753,344.48,355.76,Present,Present,Absent,Absent,Low,Ungradable,4.65,Fundus camera
SYN-DM-00754,370.09,378.84,Absent,Present,Absent,Absent,Low,Partially gradable,4.0,Fundus camera
SYN-DM-00755,214.39,213.19,Absent,Present,Absent,Present,Low,Gradable,4.79,OCT angiography
SYN-DM-00756,422.88,346.64,Absent,Present,Present,Present,None,Ungradable,5.56,OCT angiography
SYN-DM-00757,379.79,348.73,Present,Absent,Present,Present,High,Partially gradable,8.44,OCT angiography
SYN-DM-00758,257.8,268.11,Present,Present,Present,Absent,None,Gradable,8.16,OCT
SYN-DM-00759,216.36,409.65,Absent,Absent,Present,Present,High,Gradable,7.49,OCT
SYN-DM-00760,426.13,255.2,Absent,Absent,Absent,Absent,None,Gradable,5.15,OCT angiography
SYN-DM-00761,372.46,286.15,Present,Present,Absent,Absent,Moderate,Gradable,8.1,OCT angiography
SYN-DM-00762,423.39,305.47,Absent,Absent,Present,Absent,High,Partially gradable,8.43,Ultra-widefield
SYN-DM-00763,409.99,289.77,Present,Present,Present,Absent,None,Ungradable,3.64,OCT
SYN-DM-00764,332.17,269.79,Present,Absent,Present,Present,Moderate,Partially gradable,3.97,Ultra-widefield
SYN-DM-00765,342.9,296.55,Present,Present,Absent,Present,Moderate,Ungradable,6.68,Ultra-widefield
SYN-DM-00766,458.68,406.81,Absent,Absent,Absent,Absent,Low,Ungradable,8.47,OCT angiography
SYN-DM-00767,278.1,320.63,Absent,Absent,Absent,Present,None,Gradable,8.01,OCT angiography
SYN-DM-00768,274.65,438.67,Present,Present,Present,Absent,None,Gradable,7.25,OCT
SYN-DM-00769,387.52,423.55,Present,Absent,Absent,Absent,Moderate,Partially gradable,7.23,Fundus camera
SYN-DM-00770,235.36,233.01,Absent,Absent,Absent,Present,None,Gradable,3.65,OCT
SYN-DM-00771,390.81,256.91,Absent,Present,Present,Absent,Moderate,Partially gradable,7.48,OCT
SYN-DM-00772,343.01,378.0,Present,Present,Present,Present,Moderate,Gradable,3.89,Fundus camera
SYN-DM-00773,426.25,385.12,Absent,Absent,Absent,Absent,None,Gradable,6.12,OCT angiography
SYN-DM-00774,402.0,439.63,Absent,Absent,Present,Present,None,Gradable,4.21,OCT
SYN-DM-00775,291.57,239.88,Absent,Absent,Absent,Absent,Moderate,Ungradable,4.56,OCT angiography
SYN-DM-00776,487.96,379.98,Absent,Present,Present,Present,High,Partially gradable,7.1,Ultra-widefield
SYN-DM-00777,469.22,440.55,Present,Absent,Present,Absent,None,Ungradable,4.81,OCT angiography
SYN-DM-00778,451.29,418.29,Absent,Present,Present,Present,Low,Partially gradable,8.72,OCT
SYN-DM-00779,422.79,335.53,Present,Present,Absent,Present,High,Ungradable,5.96,OCT
SYN-DM-00780,399.84,379.28,Absent,Absent,Absent,Present,Moderate,Gradable,5.6,OCT angiography
SYN-DM-00781,242.16,369.51,Present,Present,Absent,Present,Low,Gradable,5.38,Fundus camera
SYN-DM-00782,335.0,449.2,Absent,Present,Present,Absent,High,Gradable,8.4,OCT
SYN-DM-00783,344.82,477.95,Present,Present,Absent,Absent,High,Partially gradable,7.71,Ultra-widefield
SYN-DM-00784,509.11,359.59,Absent,Present,Absent,Absent,Moderate,Gradable,3.88,Ultra-widefield
SYN-DM-00785,417.61,303.86,Present,Present,Present,Present,Low,Ungradable,8.01,OCT angiography
SYN-DM-00786,387.08,319.51,Absent,Present,Present,Present,Moderate,Ungradable,4.8,Ultra-widefield
SYN-DM-00787,476.05,412.65,Present,Present,Absent,Present,None,Partially gradable,5.76,OCT
SYN-DM-00788,349.1,329.73,Present,Absent,Absent,Absent,Moderate,Gradable,3.78,OCT
SYN-DM-00789,415.16,452.28,Present,Present,Present,Present,High,Partially gradable,3.9,OCT angiography
SYN-DM-00790,412.72,284.37,Present,Absent,Present,Absent,Low,Partially gradable,8.4,OCT angiography
SYN-DM-00791,435.27,334.43,Present,Present,Absent,Present,Low,Ungradable,5.49,Ultra-widefield
SYN-DM-00792,328.91,425.64,Absent,Absent,Absent,Absent,Moderate,Ungradable,3.13,Fundus camera
SYN-DM-00793,474.96,222.16,Present,Present,Present,Absent,High,Gradable,6.74,OCT
SYN-DM-00794,511.62,475.65,Absent,Absent,Absent,Absent,Moderate,Partially gradable,5.46,Ultra-widefield
SYN-DM-00795,283.62,388.17,Absent,Absent,Present,Present,None,Gradable,6.3,OCT
SYN-DM-00796,465.37,414.14,Absent,Present,Present,Present,Moderate,Ungradable,7.29,Fundus camera
SYN-DM-00797,278.6,441.72,Absent,Present,Present,Absent,Moderate,Partially gradable,6.84,OCT
SYN-DM-00798,436.77,331.18,Present,Present,Absent,Present,Low,Gradable,5.71,OCT angiography
SYN-DM-00799,235.76,465.3,Absent,Absent,Absent,Absent,None,Ungradable,6.0,Ultra-widefield
SYN-DM-00800,301.87,328.63,Absent,Present,Absent,Present,High,Gradable,6.19,Fundus camera
SYN-DM-00801,272.38,429.95,Absent,Absent,Absent,Present,None,Ungradable,4.39,Fundus camera
SYN-DM-00802,331.81,247.48,Absent,Absent,Absent,Absent,Moderate,Ungradable,6.54,OCT angiography
SYN-DM-00803,401.5,419.39,Present,Present,Present,Absent,Low,Partially gradable,6.59,OCT angiography
SYN-DM-00804,377.56,465.56,Absent,Present,Present,Present,Low,Gradable,5.03,Ultra-widefield
SYN-DM-00805,504.27,292.41,Present,Absent,Present,Present,Low,Partially gradable,3.52,OCT angiography
SYN-DM-00806,293.1,310.99,Present,Absent,Present,Present,Low,Partially gradable,8.26,OCT angiography
SYN-DM-00807,266.43,449.02,Absent,Absent,Absent,Absent,Moderate,Partially gradable,4.44,Fundus camera
SYN-DM-00808,434.24,307.05,Present,Absent,Present,Present,Moderate,Ungradable,7.49,Ultra-widefield
SYN-DM-00809,409.77,349.29,Absent,Absent,Absent,Absent,Low,Partially gradable,7.71,OCT
SYN-DM-00810,467.91,370.73,Present,Present,Present,Present,High,Partially gradable,7.82,Ultra-widefield
SYN-DM-00811,305.7,364.28,Present,Present,Present,Present,None,Ungradable,8.91,OCT
SYN-DM-00812,478.3,314.69,Absent,Absent,Absent,Present,None,Gradable,6.44,OCT angiography
SYN-DM-00813,363.09,448.56,Present,Absent,Absent,Absent,None,Gradable,8.15,OCT
SYN-DM-00814,489.87,445.66,Present,Absent,Absent,Present,Moderate,Ungradable,8.65,OCT
SYN-DM-00815,454.04,444.74,Present,Present,Absent,Absent,Low,Partially gradable,7.67,Ultra-widefield
SYN-DM-00816,477.32,486.19,Present,Present,Present,Absent,None,Ungradable,4.79,OCT angiography
SYN-DM-00817,410.39,416.66,Present,Absent,Present,Present,Low,Partially gradable,3.26,OCT angiography
SYN-DM-00818,431.36,427.2,Present,Absent,Absent,Absent,Moderate,Ungradable,7.41,Fundus camera
SYN-DM-00819,340.34,470.48,Absent,Absent,Absent,Present,Low,Gradable,4.22,OCT
SYN-DM-00820,491.86,312.57,Absent,Present,Present,Present,High,Ungradable,5.68,OCT
SYN-DM-00821,504.6,219.81,Present,Absent,Absent,Absent,Moderate,Partially gradable,6.44,Fundus camera
SYN-DM-00822,463.53,256.54,Absent,Present,Absent,Present,Moderate,Partially gradable,6.38,OCT angiography
SYN-DM-00823,509.55,313.75,Present,Absent,Present,Absent,Moderate,Partially gradable,5.84,Ultra-widefield
SYN-DM-00824,500.15,458.25,Absent,Absent,Present,Absent,Low,Partially gradable,7.47,OCT
SYN-DM-00825,429.68,227.74,Absent,Present,Absent,Present,High,Gradable,8.45,Ultra-widefield
SYN-DM-00826,362.08,367.5,Absent,Present,Absent,Present,Low,Ungradable,3.97,OCT angiography
SYN-DM-00827,261.68,230.21,Present,Absent,Absent,Present,None,Partially gradable,5.67,OCT angiography
SYN-DM-00828,401.05,287.24,Present,Absent,Present,Present,Moderate,Partially gradable,4.2,Ultra-widefield
SYN-DM-00829,215.43,447.08,Absent,Present,Absent,Absent,Moderate,Partially gradable,8.35,OCT
SYN-DM-00830,426.85,432.47,Present,Present,Present,Absent,None,Gradable,7.33,OCT
SYN-DM-00831,306.87,368.14,Absent,Absent,Present,Absent,Low,Ungradable,6.44,Fundus camera
SYN-DM-00832,363.52,271.28,Present,Absent,Absent,Absent,Moderate,Ungradable,8.34,OCT angiography
SYN-DM-00833,324.88,309.21,Present,Present,Present,Present,Moderate,Partially gradable,5.88,Ultra-widefield
SYN-DM-00834,262.04,371.97,Present,Absent,Absent,Absent,High,Ungradable,6.7,Fundus camera
SYN-DM-00835,253.46,441.45,Present,Absent,Absent,Absent,Moderate,Partially gradable,4.18,Fundus camera
SYN-DM-00836,398.46,386.24,Present,Present,Absent,Present,Low,Partially gradable,3.72,Ultra-widefield
SYN-DM-00837,481.85,443.99,Present,Present,Absent,Absent,Moderate,Ungradable,3.49,OCT angiography
SYN-DM-00838,509.14,442.95,Present,Absent,Absent,Absent,High,Ungradable,5.53,Fundus camera
SYN-DM-00839,341.02,252.83,Present,Present,Present,Absent,High,Ungradable,4.18,Ultra-widefield
SYN-DM-00840,228.55,340.43,Absent,Absent,Present,Absent,Low,Ungradable,8.37,Fundus camera
SYN-DM-00841,516.44,271.41,Absent,Absent,Present,Absent,Moderate,Ungradable,4.15,Ultra-widefield
SYN-DM-00842,313.93,485.6,Present,Absent,Present,Absent,Low,Partially gradable,3.57,Fundus camera
SYN-DM-00843,348.75,459.51,Absent,Present,Present,Absent,High,Gradable,5.0,Fundus camera
SYN-DM-00844,475.53,479.59,Absent,Present,Present,Absent,High,Partially gradable,7.38,Fundus camera
SYN-DM-00845,258.58,442.01,Absent,Absent,Present,Present,Low,Gradable,6.45,Fundus camera
SYN-DM-00846,319.14,319.73,Absent,Absent,Absent,Absent,Moderate,Partially gradable,7.49,OCT
SYN-DM-00847,309.55,412.0,Absent,Present,Absent,Absent,None,Ungradable,3.2,OCT
SYN-DM-00848,232.83,482.62,Present,Absent,Absent,Present,Low,Ungradable,7.54,Fundus camera
SYN-DM-00849,289.09,462.26,Absent,Absent,Present,Present,High,Partially gradable,3.59,Fundus camera
SYN-DM-00850,479.68,470.58,Absent,Absent,Present,Present,Low,Partially gradable,8.94,Ultra-widefield
SYN-DM-00851,450.6,346.9,Absent,Present,Absent,Absent,None,Partially gradable,6.14,Fundus camera
SYN-DM-00852,474.09,267.51,Absent,Absent,Absent,Present,Moderate,Gradable,5.1,Ultra-widefield
SYN-DM-00853,249.5,312.28,Present,Present,Absent,Present,Low,Gradable,5.36,OCT angiography
SYN-DM-00854,357.43,276.29,Present,Absent,Absent,Absent,Moderate,Partially gradable,7.63,Ultra-widefield
SYN-DM-00855,455.34,232.73,Present,Absent,Present,Absent,Moderate,Partially gradable,4.51,OCT angiography
SYN-DM-00856,505.93,356.46,Present,Absent,Absent,Absent,High,Partially gradable,7.3,OCT angiography
SYN-DM-00857,228.37,405.96,Present,Absent,Present,Absent,Low,Partially gradable,5.77,Fundus camera
SYN-DM-00858,269.92,404.73,Absent,Present,Present,Present,High,Gradable,7.49,Fundus camera
SYN-DM-00859,421.8,284.18,Absent,Absent,Present,Absent,None,Gradable,4.7,Ultra-widefield
SYN-DM-00860,293.56,341.26,Present,Absent,Present,Absent,Low,Gradable,4.26,OCT
SYN-DM-00861,328.81,406.83,Present,Absent,Present,Absent,High,Gradable,7.76,OCT
SYN-DM-00862,250.03,237.05,Present,Present,Absent,Absent,Moderate,Ungradable,5.77,Ultra-widefield
SYN-DM-00863,220.45,461.64,Present,Absent,Absent,Present,Low,Gradable,5.6,Fundus camera
SYN-DM-00864,214.32,423.17,Present,Absent,Present,Present,None,Gradable,8.44,Fundus camera
SYN-DM-00865,477.88,318.31,Present,Absent,Absent,Absent,Moderate,Partially gradable,4.58,Fundus camera
SYN-DM-00866,329.94,434.16,Absent,Present,Present,Absent,Moderate,Ungradable,5.66,Ultra-widefield
SYN-DM-00867,216.77,301.29,Absent,Present,Present,Absent,None,Ungradable,6.39,OCT
SYN-DM-00868,223.39,226.42,Absent,Present,Present,Present,Moderate,Gradable,8.79,Fundus camera
SYN-DM-00869,392.09,220.08,Absent,Present,Present,Absent,Moderate,Gradable,6.14,OCT angiography
SYN-DM-00870,474.85,310.43,Present,Absent,Present,Absent,Moderate,Ungradable,8.34,OCT angiography
SYN-DM-00871,217.25,481.85,Present,Present,Present,Present,None,Partially gradable,8.59,Ultra-widefield
SYN-DM-00872,346.83,209.45,Present,Present,Absent,Absent,High,Ungradable,6.1,OCT
SYN-DM-00873,223.13,336.76,Absent,Present,Present,Absent,High,Partially gradable,5.46,Ultra-widefield
SYN-DM-00874,427.39,296.71,Present,Present,Absent,Absent,High,Ungradable,4.91,OCT angiography
SYN-DM-00875,280.23,284.54,Present,Present,Absent,Present,Moderate,Partially gradable,3.73,Ultra-widefield
SYN-DM-00876,439.06,438.85,Present,Absent,Absent,Present,Low,Partially gradable,8.68,OCT
SYN-DM-00877,463.36,359.63,Absent,Present,Present,Present,High,Gradable,7.16,Fundus camera
SYN-DM-00878,280.72,262.3,Present,Absent,Present,Present,Moderate,Partially gradable,3.95,OCT angiography
SYN-DM-00879,305.42,432.23,Present,Absent,Absent,Absent,Moderate,Gradable,3.92,Fundus camera
SYN-DM-00880,355.95,368.12,Present,Present,Present,Absent,None,Partially gradable,6.87,OCT angiography
SYN-DM-00881,500.62,428.55,Absent,Absent,Present,Absent,Low,Gradable,5.86,OCT
SYN-DM-00882,464.38,417.02,Absent,Present,Absent,Present,None,Partially gradable,7.52,Ultra-widefield
SYN-DM-00883,440.63,368.74,Present,Absent,Present,Present,Moderate,Partially gradable,5.3,Ultra-widefield
SYN-DM-00884,227.83,445.03,Absent,Absent,Present,Present,None,Ungradable,7.08,OCT angiography
SYN-DM-00885,251.38,433.04,Absent,Present,Absent,Present,High,Partially gradable,8.01,Ultra-widefield
SYN-DM-00886,514.48,390.47,Absent,Present,Absent,Absent,None,Gradable,8.58,Fundus camera
SYN-DM-00887,340.63,280.52,Absent,Present,Absent,Absent,None,Gradable,7.16,Fundus camera
SYN-DM-00888,388.05,449.9,Present,Absent,Absent,Present,Low,Gradable,3.05,OCT angiography
SYN-DM-00889,441.25,438.79,Absent,Absent,Present,Present,Moderate,Ungradable,6.81,Ultra-widefield
SYN-DM-00890,285.3,229.84,Absent,Absent,Present,Present,Moderate,Gradable,8.89,OCT angiography
SYN-DM-00891,237.07,426.03,Absent,Present,Absent,Absent,None,Ungradable,3.44,Ultra-widefield
SYN-DM-00892,515.21,479.63,Present,Present,Absent,Present,Low,Partially gradable,3.13,OCT angiography
SYN-DM-00893,274.0,241.05,Absent,Present,Absent,Present,Moderate,Gradable,6.57,OCT angiography
SYN-DM-00894,432.46,419.29,Absent,Present,Absent,Present,High,Ungradable,4.79,OCT angiography
SYN-DM-00895,462.84,335.16,Absent,Present,Absent,Absent,High,Ungradable,4.17,Ultra-widefield
SYN-DM-00896,257.4,339.01,Absent,Absent,Absent,Absent,Low,Ungradable,3.08,Fundus camera
SYN-DM-00897,350.12,408.36,Present,Absent,Present,Present,Low,Gradable,4.37,OCT angiography
SYN-DM-00898,287.22,433.33,Present,Absent,Absent,Absent,High,Gradable,7.29,OCT angiography
SYN-DM-00899,262.44,373.29,Absent,Absent,Absent,Absent,High,Gradable,5.53,OCT angiography
SYN-DM-00900,344.51,256.3,Present,Absent,Absent,Present,High,Gradable,3.77,OCT angiography
SYN-DM-00901,437.15,377.63,Absent,Present,Present,Present,None,Gradable,3.98,Fundus camera
SYN-DM-00902,467.7,478.0,Present,Present,Absent,Present,Moderate,Gradable,8.06,Fundus camera
SYN-DM-00903,252.44,250.33,Absent,Absent,Absent,Absent,Moderate,Ungradable,7.04,OCT angiography
SYN-DM-00904,260.63,349.61,Present,Absent,Absent,Absent,Low,Gradable,3.4,Ultra-widefield
SYN-DM-00905,266.02,389.27,Present,Present,Absent,Absent,High,Ungradable,8.1,OCT
SYN-DM-00906,272.12,400.75,Present,Absent,Present,Present,None,Gradable,8.59,Fundus camera
SYN-DM-00907,470.34,295.95,Absent,Absent,Absent,Present,Moderate,Partially gradable,7.45,OCT
SYN-DM-00908,298.99,360.03,Absent,Present,Present,Present,Low,Gradable,7.61,Ultra-widefield
SYN-DM-00909,310.15,383.87,Absent,Absent,Absent,Present,High,Gradable,4.22,OCT
SYN-DM-00910,433.72,233.49,Present,Present,Absent,Present,Moderate,Ungradable,4.1,OCT angiography
SYN-DM-00911,256.96,407.05,Absent,Absent,Absent,Absent,Low,Gradable,7.4,Fundus camera
SYN-DM-00912,385.96,491.07,Present,Absent,Present,Absent,None,Ungradable,7.47,Ultra-widefield
SYN-DM-00913,378.04,473.6,Absent,Absent,Present,Absent,None,Gradable,6.58,OCT
SYN-DM-00914,295.93,300.82,Absent,Present,Absent,Present,Moderate,Gradable,7.25,Ultra-widefield
SYN-DM-00915,334.04,237.23,Present,Present,Absent,Present,High,Ungradable,5.32,Fundus camera
SYN-DM-00916,345.94,226.03,Present,Present,Present,Present,Low,Ungradable,6.81,Fundus camera
SYN-DM-00917,464.59,341.77,Absent,Absent,Absent,Present,High,Gradable,4.8,Fundus camera
SYN-DM-00918,214.06,372.77,Absent,Absent,Present,Absent,Low,Gradable,6.12,OCT
SYN-DM-00919,416.68,490.67,Absent,Present,Present,Present,Moderate,Ungradable,8.25,OCT
SYN-DM-00920,479.43,255.51,Absent,Absent,Absent,Absent,None,Partially gradable,4.29,OCT angiography
SYN-DM-00921,359.32,290.57,Absent,Absent,Absent,Absent,High,Ungradable,8.85,OCT angiography
SYN-DM-00922,460.26,392.51,Absent,Present,Present,Present,High,Ungradable,8.84,OCT
SYN-DM-00923,348.33,482.57,Present,Present,Present,Absent,None,Partially gradable,8.88,Fundus camera
SYN-DM-00924,497.49,329.19,Present,Present,Present,Absent,Moderate,Ungradable,7.14,OCT
SYN-DM-00925,406.21,323.81,Present,Present,Absent,Present,Moderate,Ungradable,3.53,OCT angiography
SYN-DM-00926,502.85,372.23,Present,Absent,Present,Present,None,Ungradable,3.84,Fundus camera
SYN-DM-00927,285.27,431.66,Present,Absent,Absent,Present,None,Partially gradable,4.4,Fundus camera
SYN-DM-00928,393.54,432.78,Present,Present,Present,Absent,None,Partially gradable,6.12,Ultra-widefield
SYN-DM-00929,345.05,222.78,Present,Present,Absent,Absent,Low,Gradable,5.24,OCT
SYN-DM-00930,445.63,356.49,Present,Absent,Absent,Present,Low,Partially gradable,4.06,OCT
SYN-DM-00931,460.76,273.31,Absent,Present,Present,Present,Low,Ungradable,3.18,OCT
SYN-DM-00932,450.11,350.6,Absent,Present,Absent,Present,Low,Gradable,7.8,OCT
SYN-DM-00933,454.75,307.13,Absent,Absent,Absent,Absent,Moderate,Gradable,7.91,Fundus camera
SYN-DM-00934,355.32,456.57,Present,Present,Present,Absent,High,Partially gradable,7.52,Fundus camera
SYN-DM-00935,500.76,393.66,Present,Present,Absent,Absent,Moderate,Ungradable,7.03,OCT
SYN-DM-00936,257.36,385.86,Absent,Present,Absent,Absent,Low,Ungradable,4.14,Ultra-widefield
SYN-DM-00937,509.24,301.48,Present,Present,Absent,Absent,Low,Gradable,7.3,OCT angiography
SYN-DM-00938,300.83,403.88,Present,Present,Present,Absent,High,Gradable,3.75,OCT angiography
SYN-DM-00939,379.12,405.58,Present,Absent,Present,Absent,None,Partially gradable,7.21,OCT
SYN-DM-00940,387.07,275.68,Absent,Present,Absent,Absent,Moderate,Ungradable,7.86,OCT
SYN-DM-00941,376.39,232.59,Present,Absent,Absent,Absent,None,Gradable,3.39,OCT angiography
SYN-DM-00942,473.5,245.37,Present,Present,Present,Absent,Moderate,Gradable,4.28,OCT
SYN-DM-00943,338.32,407.45,Present,Absent,Present,Absent,Low,Ungradable,7.65,OCT angiography
SYN-DM-00944,429.99,367.24,Absent,Absent,Absent,Absent,None,Partially gradable,8.55,Ultra-widefield
SYN-DM-00945,476.4,299.89,Absent,Present,Present,Present,None,Gradable,8.79,Ultra-widefield
SYN-DM-00946,236.24,482.25,Absent,Absent,Present,Absent,Moderate,Ungradable,8.04,Fundus camera
SYN-DM-00947,358.44,414.46,Present,Absent,Present,Present,Moderate,Ungradable,8.63,Ultra-widefield
SYN-DM-00948,301.34,349.78,Absent,Absent,Absent,Present,None,Ungradable,7.56,OCT angiography
SYN-DM-00949,495.4,417.89,Present,Present,Present,Present,None,Partially gradable,4.83,OCT angiography
SYN-DM-00950,267.39,361.72,Absent,Present,Present,Absent,None,Gradable,6.86,OCT angiography
SYN-DM-00951,399.09,465.75,Absent,Present,Absent,Present,None,Gradable,4.45,Ultra-widefield
SYN-DM-00952,395.54,228.19,Present,Absent,Present,Absent,Low,Ungradable,6.9,Fundus camera
SYN-DM-00953,245.99,492.95,Absent,Present,Absent,Present,None,Ungradable,5.15,OCT angiography
SYN-DM-00954,435.29,328.96,Absent,Absent,Present,Absent,Moderate,Ungradable,4.34,OCT angiography
SYN-DM-00955,377.58,460.87,Present,Present,Present,Absent,None,Partially gradable,7.36,OCT angiography
SYN-DM-00956,345.01,280.21,Absent,Present,Present,Present,None,Gradable,6.8,OCT
SYN-DM-00957,342.18,426.99,Absent,Absent,Present,Present,Moderate,Gradable,3.25,Fundus camera
SYN-DM-00958,486.49,280.81,Present,Absent,Absent,Present,None,Ungradable,3.38,OCT
SYN-DM-00959,222.77,328.46,Present,Present,Absent,Absent,Low,Gradable,7.76,Ultra-widefield
SYN-DM-00960,429.95,395.16,Present,Absent,Present,Absent,Low,Ungradable,7.31,Ultra-widefield
SYN-DM-00961,305.32,387.31,Present,Absent,Absent,Present,Low,Ungradable,3.31,Ultra-widefield
SYN-DM-00962,269.18,210.28,Present,Absent,Absent,Present,Low,Partially gradable,5.29,OCT angiography
SYN-DM-00963,316.44,444.63,Absent,Absent,Absent,Present,High,Ungradable,6.71,OCT
SYN-DM-00964,232.68,216.19,Present,Absent,Absent,Present,Low,Ungradable,3.23,Fundus camera
SYN-DM-00965,447.6,342.63,Absent,Absent,Present,Absent,None,Partially gradable,7.89,OCT
SYN-DM-00966,368.09,415.65,Present,Absent,Present,Absent,Moderate,Gradable,7.4,Fundus camera
SYN-DM-00967,356.68,229.75,Present,Present,Present,Present,None,Gradable,4.46,Fundus camera
SYN-DM-00968,338.19,471.69,Absent,Absent,Present,Present,High,Ungradable,5.5,OCT
SYN-DM-00969,331.41,306.12,Present,Present,Absent,Absent,None,Gradable,5.28,OCT angiography
SYN-DM-00970,354.04,318.05,Present,Present,Present,Absent,Moderate,Gradable,7.89,OCT angiography
SYN-DM-00971,282.19,488.72,Present,Absent,Present,Absent,Moderate,Gradable,6.36,Fundus camera
SYN-DM-00972,246.69,363.84,Present,Absent,Present,Present,Low,Gradable,4.45,Ultra-widefield
SYN-DM-00973,421.93,432.03,Present,Present,Absent,Present,None,Partially gradable,3.08,OCT
SYN-DM-00974,492.37,465.52,Present,Absent,Present,Present,None,Ungradable,8.17,Fundus camera
SYN-DM-00975,486.0,402.28,Absent,Absent,Present,Present,High,Partially gradable,5.59,Fundus camera
SYN-DM-00976,278.05,376.47,Absent,Absent,Present,Present,None,Ungradable,8.84,Ultra-widefield
SYN-DM-00977,471.26,437.44,Absent,Present,Absent,Present,None,Gradable,3.27,Fundus camera
SYN-DM-00978,215.28,365.67,Absent,Present,Absent,Absent,None,Partially gradable,3.92,Fundus camera
SYN-DM-00979,347.01,443.34,Absent,Present,Absent,Present,Moderate,Ungradable,3.24,OCT
SYN-DM-00980,362.31,231.67,Absent,Present,Present,Present,None,Partially gradable,3.61,Fundus camera
SYN-DM-00981,438.01,256.8,Absent,Absent,Present,Absent,Moderate,Partially gradable,8.59,OCT angiography
SYN-DM-00982,394.07,332.95,Present,Absent,Absent,Present,Low,Gradable,8.41,Ultra-widefield
SYN-DM-00983,237.36,226.56,Absent,Present,Present,Absent,High,Partially gradable,5.04,Fundus camera
SYN-DM-00984,321.66,252.58,Absent,Absent,Present,Absent,None,Gradable,5.55,OCT angiography
SYN-DM-00985,374.81,462.31,Absent,Present,Present,Present,Low,Gradable,8.94,Fundus camera
SYN-DM-00986,257.07,288.5,Present,Absent,Present,Present,Moderate,Partially gradable,3.67,Fundus camera
SYN-DM-00987,311.04,411.3,Present,Present,Present,Absent,Low,Partially gradable,4.35,OCT
SYN-DM-00988,367.76,271.76,Absent,Present,Absent,Present,Low,Gradable,5.81,Ultra-widefield
SYN-DM-00989,416.62,353.53,Present,Present,Present,Absent,Moderate,Partially gradable,8.21,Ultra-widefield
SYN-DM-00990,452.18,471.77,Absent,Present,Present,Absent,None,Partially gradable,7.29,OCT angiography
SYN-DM-00991,321.04,470.14,Absent,Absent,Absent,Absent,Low,Partially gradable,5.35,OCT angiography
SYN-DM-00992,326.2,372.17,Absent,Absent,Present,Absent,Low,Partially gradable,7.49,Fundus camera
SYN-DM-00993,266.14,231.36,Present,Present,Absent,Absent,High,Ungradable,3.61,Fundus camera
SYN-DM-00994,370.04,480.71,Present,Present,Absent,Absent,Low,Ungradable,8.63,OCT angiography
SYN-DM-00995,353.06,408.28,Absent,Present,Absent,Present,High,Ungradable,5.11,Fundus camera
SYN-DM-00996,410.73,306.93,Absent,Present,Absent,Absent,Moderate,Gradable,5.02,OCT angiography
SYN-DM-00997,219.69,490.16,Absent,Absent,Absent,Present,Low,Gradable,6.12,Ultra-widefield
SYN-DM-00998,251.57,221.85,Absent,Present,Present,Absent,Low,Ungradable,6.24,OCT angiography
SYN-DM-00999,247.3,214.29,Absent,Absent,Absent,Present,None,Ungradable,8.82,Ultra-widefield
SYN-DM-01000,482.51,276.24,Present,Absent,Present,Present,Moderate,Gradable,7.84,OCT angiography
SYN-DM-01001,393.98,452.34,Absent,Present,Absent,Present,None,Ungradable,8.65,Ultra-widefield
SYN-DM-01002,288.81,491.96,Absent,Absent,Absent,Present,Low,Gradable,6.34,OCT angiography
SYN-DM-01003,301.94,477.05,Present,Absent,Present,Present,High,Partially gradable,6.94,Fundus camera
SYN-DM-01004,348.18,498.74,Present,Absent,Absent,Absent,High,Ungradable,7.34,OCT angiography
SYN-DM-01005,217.49,230.76,Absent,Absent,Present,Present,High,Gradable,3.96,Fundus camera
SYN-DM-01006,381.5,236.56,Present,Absent,Absent,Present,Moderate,Gradable,3.37,Fundus camera
SYN-DM-01007,310.07,498.87,Present,Present,Present,Absent,High,Gradable,5.37,OCT angiography
SYN-DM-01008,244.14,228.33,Absent,Absent,Present,Present,Moderate,Gradable,5.33,OCT angiography
SYN-DM-01009,218.24,394.67,Absent,Absent,Absent,Absent,Low,Gradable,8.81,OCT
SYN-DM-01010,278.77,367.23,Present,Absent,Present,Present,Moderate,Ungradable,8.61,Fundus camera
SYN-DM-01011,477.71,487.39,Present,Present,Present,Absent,High,Gradable,3.08,Ultra-widefield
SYN-DM-01012,511.25,331.5,Absent,Absent,Present,Absent,Moderate,Gradable,3.36,OCT angiography
SYN-DM-01013,492.64,429.09,Present,Present,Present,Absent,High,Ungradable,3.76,Fundus camera
SYN-DM-01014,431.96,341.25,Present,Present,Absent,Absent,Low,Ungradable,3.98,Fundus camera
SYN-DM-01015,314.3,219.66,Present,Absent,Present,Absent,Low,Ungradable,4.45,OCT
SYN-DM-01016,232.01,264.15,Absent,Present,Absent,Present,None,Gradable,7.18,OCT angiography
SYN-DM-01017,315.3,374.17,Present,Present,Present,Absent,None,Ungradable,8.43,OCT
SYN-DM-01018,486.14,361.53,Absent,Present,Absent,Absent,High,Gradable,5.08,Ultra-widefield
SYN-DM-01019,400.47,378.86,Absent,Absent,Present,Present,Moderate,Partially gradable,8.63,Fundus camera
SYN-DM-01020,402.86,496.98,Present,Absent,Present,Present,Low,Gradable,6.82,OCT angiography
SYN-DM-01021,481.03,236.18,Present,Absent,Absent,Present,Low,Ungradable,7.03,OCT
SYN-DM-01022,331.75,244.43,Present,Present,Present,Present,Moderate,Partially gradable,7.78,Ultra-widefield
SYN-DM-01023,498.18,431.4,Present,Absent,Absent,Absent,High,Partially gradable,5.39,OCT
SYN-DM-01024,470.5,321.39,Present,Present,Present,Absent,Moderate,Gradable,7.73,Ultra-widefield
SYN-DM-01025,275.4,337.08,Present,Absent,Absent,Absent,Low,Gradable,3.07,Fundus camera
SYN-DM-01026,389.08,297.07,Absent,Present,Absent,Present,Moderate,Ungradable,3.5,Ultra-widefield
SYN-DM-01027,221.07,431.24,Absent,Absent,Absent,Absent,High,Ungradable,6.95,Ultra-widefield
SYN-DM-01028,272.83,421.12,Present,Present,Present,Absent,High,Gradable,7.24,Fundus camera
SYN-DM-01029,505.4,384.67,Absent,Present,Absent,Absent,Low,Ungradable,7.38,Fundus camera
SYN-DM-01030,389.27,473.68,Present,Present,Present,Present,High,Partially gradable,5.09,Ultra-widefield
SYN-DM-01031,226.41,327.8,Present,Absent,Absent,Present,Moderate,Partially gradable,4.76,Fundus camera
SYN-DM-01032,408.29,455.99,Present,Absent,Present,Absent,Low,Partially gradable,8.65,Fundus camera
SYN-DM-01033,284.52,371.82,Absent,Absent,Present,Absent,Moderate,Partially gradable,3.23,Ultra-widefield
SYN-DM-01034,458.96,235.42,Present,Absent,Absent,Present,None,Gradable,6.73,OCT
SYN-DM-01035,468.89,330.15,Present,Present,Absent,Present,High,Gradable,5.27,Ultra-widefield
SYN-DM-01036,517.85,478.68,Absent,Absent,Absent,Absent,High,Partially gradable,7.7,OCT angiography
SYN-DM-01037,430.82,361.04,Present,Absent,Present,Present,Moderate,Gradable,3.83,OCT angiography
SYN-DM-01038,330.87,379.07,Absent,Absent,Present,Present,High,Ungradable,5.87,Ultra-widefield
SYN-DM-01039,510.52,304.72,Absent,Present,Absent,Absent,Low,Gradable,4.32,Ultra-widefield
SYN-DM-01040,447.77,440.76,Present,Present,Present,Absent,High,Gradable,5.69,Ultra-widefield
SYN-DM-01041,349.27,332.89,Absent,Absent,Present,Absent,Moderate,Ungradable,7.71,Fundus camera
SYN-DM-01042,306.07,218.17,Absent,Absent,Absent,Absent,High,Partially gradable,3.22,OCT
SYN-DM-01043,370.74,224.79,Absent,Absent,Absent,Present,Moderate,Partially gradable,8.63,OCT angiography
SYN-DM-01044,382.55,460.91,Absent,Absent,Absent,Absent,Low,Partially gradable,5.67,Fundus camera
SYN-DM-01045,253.29,352.58,Absent,Present,Absent,Absent,None,Partially gradable,5.25,Ultra-widefield
SYN-DM-01046,316.24,486.81,Present,Absent,Present,Absent,High,Partially gradable,4.78,Ultra-widefield
SYN-DM-01047,231.57,286.18,Absent,Present,Absent,Present,Low,Ungradable,5.29,Fundus camera
SYN-DM-01048,355.59,341.71,Absent,Absent,Present,Present,Low,Ungradable,8.02,Fundus camera
SYN-DM-01049,396.87,434.92,Absent,Present,Absent,Absent,Low,Partially gradable,8.68,OCT
SYN-DM-01050,402.89,223.61,Present,Present,Present,Present,High,Gradable,5.77,OCT
SYN-DM-01051,301.31,216.91,Present,Present,Present,Present,None,Partially gradable,5.91,OCT
SYN-DM-01052,334.07,489.12,Present,Absent,Absent,Present,None,Ungradable,6.12,OCT angiography
SYN-DM-01053,233.58,212.32,Present,Present,Absent,Present,Low,Gradable,4.62,Fundus camera
SYN-DM-01054,383.28,433.04,Absent,Present,Absent,Present,High,Ungradable,7.96,OCT angiography
SYN-DM-01055,407.01,410.4,Absent,Present,Present,Absent,Low,Gradable,7.46,OCT
SYN-DM-01056,510.5,398.94,Absent,Present,Absent,Absent,Low,Partially gradable,7.85,OCT
SYN-DM-01057,219.53,402.84,Present,Present,Absent,Absent,High,Ungradable,6.6,Ultra-widefield
SYN-DM-01058,421.44,362.98,Absent,Absent,Present,Absent,Low,Gradable,4.42,OCT angiography
SYN-DM-01059,318.46,215.04,Present,Present,Absent,Absent,None,Partially gradable,8.67,Ultra-widefield
SYN-DM-01060,422.56,259.19,Present,Present,Present,Present,Moderate,Gradable,5.62,OCT
SYN-DM-01061,324.61,229.68,Present,Absent,Absent,Absent,High,Gradable,7.17,OCT
SYN-DM-01062,237.14,228.4,Absent,Absent,Absent,Present,Low,Partially gradable,3.75,Ultra-widefield
SYN-DM-01063,354.16,228.26,Absent,Absent,Present,Absent,Moderate,Partially gradable,6.17,Ultra-widefield
SYN-DM-01064,481.54,242.97,Present,Present,Present,Present,Low,Partially gradable,3.07,OCT angiography
SYN-DM-01065,388.33,344.23,Present,Absent,Present,Present,High,Partially gradable,4.74,OCT angiography
SYN-DM-01066,491.81,294.11,Absent,Present,Present,Absent,Moderate,Ungradable,3.53,Ultra-widefield
SYN-DM-01067,414.1,377.03,Present,Present,Absent,Absent,Moderate,Partially gradable,8.77,OCT angiography
SYN-DM-01068,402.89,328.01,Absent,Absent,Present,Present,Low,Ungradable,5.0,Fundus camera
SYN-DM-01069,399.55,473.42,Present,Absent,Present,Absent,High,Partially gradable,4.45,Ultra-widefield
SYN-DM-01070,319.36,459.31,Absent,Present,Absent,Present,Low,Partially gradable,4.64,Fundus camera
SYN-DM-01071,301.88,493.2,Absent,Present,Absent,Present,High,Gradable,4.81,Ultra-widefield
SYN-DM-01072,355.41,338.62,Present,Present,Absent,Present,Low,Gradable,6.91,Ultra-widefield
SYN-DM-01073,410.62,443.87,Absent,Present,Present,Absent,Moderate,Ungradable,6.31,OCT
SYN-DM-01074,494.15,401.63,Present,Absent,Absent,Present,Moderate,Gradable,8.36,Ultra-widefield
SYN-DM-01075,320.31,344.41,Present,Absent,Absent,Present,Low,Gradable,8.71,Fundus camera
SYN-DM-01076,379.02,268.78,Present,Absent,Absent,Absent,Moderate,Ungradable,6.59,Ultra-widefield
SYN-DM-01077,471.01,357.06,Present,Absent,Present,Present,High,Gradable,8.03,Fundus camera
SYN-DM-01078,458.23,249.21,Absent,Present,Absent,Absent,Moderate,Partially gradable,4.7,OCT
SYN-DM-01079,481.23,256.89,Absent,Absent,Absent,Absent,High,Gradable,5.75,Fundus camera
SYN-DM-01080,243.91,296.91,Present,Present,Absent,Absent,Low,Gradable,3.71,Fundus camera
SYN-DM-01081,273.82,242.97,Absent,Absent,Absent,Present,Moderate,Ungradable,4.48,Ultra-widefield
SYN-DM-01082,344.2,500.69,Present,Absent,Absent,Present,High,Gradable,3.2,OCT angiography
SYN-DM-01083,459.41,460.74,Absent,Absent,Present,Absent,Moderate,Partially gradable,5.76,OCT angiography
SYN-DM-01084,218.32,448.0,Absent,Present,Absent,Absent,None,Gradable,6.02,Fundus camera
SYN-DM-01085,396.49,404.68,Present,Present,Absent,Absent,None,Gradable,6.17,Fundus camera
SYN-DM-01086,437.74,305.65,Present,Absent,Present,Present,Moderate,Partially gradable,6.99,Fundus camera
SYN-DM-01087,243.61,479.65,Present,Present,Absent,Absent,Low,Ungradable,7.63,Fundus camera
SYN-DM-01088,244.57,325.88,Absent,Absent,Present,Present,Moderate,Partially gradable,8.48,OCT
SYN-DM-01089,507.08,448.86,Absent,Absent,Absent,Present,Low,Partially gradable,5.85,Fundus camera
SYN-DM-01090,482.51,405.74,Absent,Absent,Present,Absent,Moderate,Partially gradable,8.35,Ultra-widefield
SYN-DM-01091,357.26,299.54,Absent,Absent,Absent,Present,Moderate,Partially gradable,7.57,OCT
SYN-DM-01092,280.97,288.02,Absent,Present,Present,Present,High,Partially gradable,5.27,Fundus camera
SYN-DM-01093,442.35,253.96,Present,Absent,Present,Absent,Moderate,Partially gradable,8.51,OCT angiography
SYN-DM-01094,379.17,381.82,Present,Present,Absent,Present,None,Gradable,8.08,Fundus camera
SYN-DM-01095,294.32,256.25,Absent,Absent,Present,Present,High,Gradable,7.3,Ultra-widefield
SYN-DM-01096,257.15,333.13,Absent,Absent,Present,Present,Low,Partially gradable,5.76,OCT
SYN-DM-01097,355.57,382.18,Absent,Absent,Absent,Present,Low,Ungradable,4.47,OCT
SYN-DM-01098,237.93,484.44,Present,Present,Present,Absent,None,Partially gradable,4.36,Ultra-widefield
SYN-DM-01099,236.08,467.24,Present,Absent,Present,Present,None,Gradable,5.21,Ultra-widefield
SYN-DM-01100,362.62,249.16,Present,Absent,Absent,Present,Low,Partially gradable,8.77,Fundus camera
SYN-DM-01101,268.22,501.01,Absent,Present,Absent,Present,Moderate,Partially gradable,3.07,OCT angiography
SYN-DM-01102,479.7,340.62,Absent,Present,Absent,Present,None,Partially gradable,4.2,OCT
SYN-DM-01103,435.4,221.53,Absent,Absent,Present,Absent,High,Ungradable,7.77,Fundus camera
SYN-DM-01104,416.3,336.75,Present,Present,Present,Present,None,Ungradable,7.58,OCT
SYN-DM-01105,369.45,252.61,Present,Present,Present,Absent,Low,Partially gradable,3.52,OCT angiography
SYN-DM-01106,235.5,243.94,Absent,Present,Absent,Present,High,Ungradable,6.6,Ultra-widefield
SYN-DM-01107,253.3,467.07,Present,Absent,Absent,Absent,Low,Ungradable,4.09,OCT
SYN-DM-01108,486.34,255.76,Absent,Present,Absent,Present,Low,Partially gradable,8.63,Ultra-widefield
SYN-DM-01109,253.6,420.38,Present,Present,Absent,Absent,High,Partially gradable,8.29,OCT
SYN-DM-01110,342.94,361.0,Absent,Absent,Present,Absent,None,Gradable,8.99,OCT angiography
SYN-DM-01111,494.65,227.72,Absent,Absent,Present,Absent,High,Gradable,6.13,OCT
SYN-DM-01112,249.99,492.9,Absent,Absent,Present,Absent,None,Gradable,6.35,OCT angiography
SYN-DM-01113,386.21,357.6,Present,Absent,Present,Present,Moderate,Partially gradable,5.49,Ultra-widefield
SYN-DM-01114,404.01,485.25,Present,Present,Present,Present,High,Ungradable,5.36,OCT
SYN-DM-01115,321.17,285.12,Absent,Present,Absent,Present,None,Gradable,5.2,Fundus camera
SYN-DM-01116,393.01,332.73,Present,Absent,Present,Absent,Moderate,Gradable,4.3,OCT
SYN-DM-01117,463.47,380.22,Absent,Present,Absent,Present,Low,Ungradable,7.56,OCT
SYN-DM-01118,241.8,426.06,Present,Present,Absent,Present,Low,Ungradable,6.34,Fundus camera
SYN-DM-01119,470.42,231.18,Present,Absent,Absent,Absent,None,Partially gradable,4.25,OCT angiography
SYN-DM-01120,487.82,297.36,Present,Present,Present,Absent,Moderate,Ungradable,5.13,OCT
SYN-DM-01121,402.38,214.71,Present,Absent,Present,Present,High,Partially gradable,5.9,Ultra-widefield
SYN-DM-01122,279.06,287.51,Absent,Absent,Absent,Present,High,Gradable,5.45,OCT
SYN-DM-01123,325.97,304.47,Absent,Present,Present,Absent,High,Partially gradable,8.39,Ultra-widefield
SYN-DM-01124,457.23,338.28,Present,Present,Present,Present,Moderate,Partially gradable,4.59,OCT
SYN-DM-01125,230.44,397.08,Absent,Present,Absent,Absent,Moderate,Gradable,3.37,Fundus camera
SYN-DM-01126,476.87,363.26,Absent,Present,Absent,Absent,Low,Partially gradable,7.83,Fundus camera
SYN-DM-01127,234.67,492.93,Present,Present,Present,Absent,High,Gradable,6.81,Fundus camera
SYN-DM-01128,356.9,252.85,Present,Present,Absent,Present,Low,Gradable,5.67,OCT
SYN-DM-01129,252.85,444.31,Present,Present,Absent,Present,Moderate,Partially gradable,5.75,OCT angiography
SYN-DM-01130,229.78,351.0,Absent,Absent,Present,Absent,Moderate,Gradable,8.78,Ultra-widefield
SYN-DM-01131,346.61,275.43,Absent,Present,Absent,Absent,High,Partially gradable,8.02,Fundus camera
SYN-DM-01132,368.9,293.48,Absent,Absent,Present,Absent,Low,Partially gradable,6.75,OCT
SYN-DM-01133,423.69,277.85,Absent,Present,Absent,Present,High,Gradable,7.77,Fundus camera
SYN-DM-01134,412.91,238.03,Present,Present,Absent,Absent,Low,Ungradable,3.02,OCT
SYN-DM-01135,480.04,235.05,Absent,Absent,Absent,Present,High,Ungradable,7.43,Ultra-widefield
SYN-DM-01136,289.19,366.55,Absent,Present,Absent,Absent,None,Partially gradable,7.69,Fundus camera
SYN-DM-01137,409.25,295.82,Absent,Present,Absent,Absent,Low,Partially gradable,4.41,Fundus camera
SYN-DM-01138,329.99,432.81,Present,Present,Present,Present,None,Partially gradable,5.2,Fundus camera
SYN-DM-01139,448.29,276.85,Present,Absent,Present,Present,Moderate,Partially gradable,4.25,Fundus camera
SYN-DM-01140,497.78,378.71,Absent,Present,Present,Present,High,Gradable,7.06,OCT
SYN-DM-01141,516.07,429.0,Absent,Absent,Present,Present,None,Ungradable,8.63,OCT angiography
SYN-DM-01142,278.8,251.66,Present,Present,Absent,Absent,High,Gradable,3.03,Ultra-widefield
SYN-DM-01143,360.49,280.93,Absent,Present,Absent,Absent,Moderate,Partially gradable,7.35,Fundus camera
SYN-DM-01144,457.56,307.69,Present,Present,Absent,Present,None,Ungradable,3.1,OCT angiography
SYN-DM-01145,417.15,359.21,Present,Absent,Present,Present,Low,Ungradable,8.36,OCT
SYN-DM-01146,401.56,252.77,Absent,Present,Present,Present,Moderate,Gradable,4.75,OCT angiography
SYN-DM-01147,397.97,470.4,Present,Absent,Absent,Present,Low,Partially gradable,3.82,OCT angiography
SYN-DM-01148,305.23,256.69,Present,Present,Present,Absent,None,Ungradable,6.26,OCT
SYN-DM-01149,261.72,403.86,Absent,Present,Absent,Present,None,Partially gradable,6.95,Fundus camera
SYN-DM-01150,291.4,241.06,Present,Present,Present,Present,High,Partially gradable,4.68,OCT
SYN-DM-01151,365.02,441.7,Absent,Absent,Absent,Absent,Moderate,Gradable,7.29,Fundus camera
SYN-DM-01152,503.7,360.06,Absent,Present,Present,Absent,Low,Partially gradable,6.38,OCT
SYN-DM-01153,423.66,374.85,Present,Present,Present,Present,Low,Ungradable,3.95,OCT
SYN-DM-01154,259.51,398.03,Absent,Absent,Absent,Present,High,Gradable,7.74,OCT angiography
SYN-DM-01155,216.45,316.06,Present,Present,Absent,Absent,None,Gradable,4.77,Ultra-widefield
SYN-DM-01156,496.45,298.72,Present,Absent,Absent,Absent,Low,Gradable,6.84,OCT angiography
SYN-DM-01157,297.73,281.6,Present,Present,Absent,Absent,None,Ungradable,6.43,Ultra-widefield
SYN-DM-01158,312.61,381.44,Absent,Absent,Absent,Present,Moderate,Ungradable,4.65,OCT
SYN-DM-01159,326.22,329.43,Absent,Present,Present,Absent,None,Partially gradable,7.58,Fundus camera
SYN-DM-01160,504.64,383.82,Present,Absent,Present,Present,High,Gradable,8.9,Ultra-widefield
SYN-DM-01161,464.15,275.87,Present,Present,Absent,Absent,None,Gradable,7.13,OCT
SYN-DM-01162,316.12,339.71,Present,Absent,Present,Absent,None,Gradable,3.54,OCT
SYN-DM-01163,298.51,371.41,Present,Present,Present,Present,Moderate,Ungradable,8.44,Fundus camera
SYN-DM-01164,354.74,444.45,Present,Present,Absent,Present,High,Gradable,6.96,Ultra-widefield
SYN-DM-01165,436.24,308.39,Present,Absent,Present,Present,High,Gradable,3.04,OCT
SYN-DM-01166,420.02,283.95,Present,Present,Present,Absent,None,Ungradable,7.85,OCT angiography
SYN-DM-01167,463.83,312.05,Absent,Present,Absent,Absent,High,Partially gradable,5.52,OCT angiography
SYN-DM-01168,462.98,247.56,Absent,Absent,Present,Absent,None,Partially gradable,4.31,OCT
SYN-DM-01169,504.53,404.91,Absent,Present,Absent,Absent,Low,Ungradable,8.27,Fundus camera
SYN-DM-01170,276.0,222.88,Absent,Present,Present,Present,None,Partially gradable,4.08,Ultra-widefield
SYN-DM-01171,497.95,484.38,Present,Absent,Absent,Present,Moderate,Partially gradable,6.08,OCT
SYN-DM-01172,397.97,322.86,Absent,Absent,Present,Absent,Low,Gradable,3.56,Fundus camera
SYN-DM-01173,265.28,499.56,Absent,Absent,Present,Absent,Moderate,Ungradable,6.17,Fundus camera
SYN-DM-01174,491.3,319.03,Present,Present,Absent,Present,None,Ungradable,4.86,Ultra-widefield
SYN-DM-01175,253.22,260.76,Absent,Absent,Present,Absent,High,Gradable,3.9,Ultra-widefield
SYN-DM-01176,424.19,395.66,Present,Absent,Absent,Absent,Low,Ungradable,8.93,Fundus camera
SYN-DM-01177,328.87,269.28,Present,Present,Present,Absent,Moderate,Partially gradable,3.24,Fundus camera
SYN-DM-01178,496.54,331.97,Absent,Absent,Present,Absent,Moderate,Partially gradable,8.44,OCT angiography
SYN-DM-01179,469.57,303.01,Present,Absent,Present,Present,None,Partially gradable,7.1,Fundus camera
SYN-DM-01180,303.44,215.28,Absent,Present,Present,Absent,High,Ungradable,3.1,OCT
SYN-DM-01181,270.38,391.52,Absent,Present,Present,Absent,Moderate,Partially gradable,3.69,OCT
SYN-DM-01182,354.25,249.63,Absent,Absent,Present,Present,Low,Gradable,3.74,OCT angiography
SYN-DM-01183,511.92,318.72,Absent,Absent,Present,Present,None,Ungradable,3.54,OCT angiography
SYN-DM-01184,406.43,245.37,Absent,Absent,Absent,Absent,High,Gradable,4.54,OCT
SYN-DM-01185,511.82,248.15,Present,Present,Present,Absent,Low,Ungradable,8.67,OCT angiography
SYN-DM-01186,509.91,481.27,Present,Present,Absent,Present,Low,Gradable,4.66,OCT angiography
SYN-DM-01187,491.22,419.96,Present,Absent,Absent,Present,Low,Ungradable,5.34,OCT angiography
SYN-DM-01188,300.94,389.42,Present,Present,Present,Absent,High,Ungradable,7.12,OCT
SYN-DM-01189,370.65,363.99,Absent,Present,Absent,Present,None,Partially gradable,7.03,Fundus camera
SYN-DM-01190,443.11,419.81,Absent,Absent,Present,Absent,High,Gradable,4.72,Ultra-widefield
SYN-DM-01191,424.04,333.96,Present,Absent,Present,Present,Low,Gradable,4.59,Fundus camera
SYN-DM-01192,475.23,251.45,Present,Present,Absent,Present,Moderate,Gradable,5.65,Fundus camera
SYN-DM-01193,511.71,330.84,Present,Absent,Absent,Present,Moderate,Gradable,3.81,Fundus camera
SYN-DM-01194,276.69,347.82,Absent,Present,Absent,Present,High,Ungradable,4.07,Ultra-widefield
SYN-DM-01195,250.23,387.43,Absent,Absent,Absent,Present,High,Partially gradable,5.38,Ultra-widefield
SYN-DM-01196,298.74,281.43,Present,Present,Present,Absent,None,Partially gradable,7.48,OCT angiography
SYN-DM-01197,289.29,240.61,Absent,Present,Present,Absent,Low,Gradable,7.98,OCT
SYN-DM-01198,227.9,367.07,Absent,Absent,Present,Absent,Moderate,Ungradable,5.64,OCT
SYN-DM-01199,320.2,423.59,Absent,Present,Present,Present,Moderate,Gradable,4.21,Ultra-widefield
SYN-DM-01200,505.37,368.23,Absent,Absent,Absent,Present,None,Ungradable,8.47,OCT angiography
SYN-DM-01201,352.11,244.95,Absent,Absent,Present,Present,Moderate,Partially gradable,5.81,OCT angiography
SYN-DM-01202,492.78,320.69,Absent,Absent,Absent,Absent,Moderate,Ungradable,3.74,Fundus camera
SYN-DM-01203,419.65,435.59,Absent,Present,Present,Absent,Low,Partially gradable,5.3,Ultra-widefield
SYN-DM-01204,423.23,279.86,Absent,Present,Present,Present,Moderate,Ungradable,5.6,OCT
SYN-DM-01205,446.89,499.94,Present,Present,Absent,Present,High,Partially gradable,4.82,Ultra-widefield
SYN-DM-01206,247.74,235.46,Present,Present,Present,Absent,High,Partially gradable,6.26,OCT
SYN-DM-01207,360.23,400.25,Absent,Present,Absent,Present,High,Partially gradable,5.97,OCT
SYN-DM-01208,371.69,472.0,Absent,Absent,Present,Absent,Low,Gradable,8.0,Fundus camera
SYN-DM-01209,511.83,375.61,Absent,Absent,Present,Absent,Moderate,Ungradable,5.87,Fundus camera
SYN-DM-01210,275.11,352.47,Present,Absent,Present,Absent,Moderate,Ungradable,6.17,OCT angiography
SYN-DM-01211,320.61,329.54,Present,Absent,Present,Absent,Moderate,Gradable,5.07,Ultra-widefield
SYN-DM-01212,513.3,472.96,Absent,Present,Present,Present,Low,Ungradable,8.55,OCT
SYN-DM-01213,263.09,318.87,Present,Absent,Present,Absent,High,Gradable,6.14,Ultra-widefield
SYN-DM-01214,380.89,498.04,Present,Present,Absent,Present,None,Gradable,7.41,Ultra-widefield
SYN-DM-01215,339.62,479.85,Absent,Absent,Present,Absent,Low,Ungradable,6.11,OCT angiography
SYN-DM-01216,406.68,389.0,Present,Present,Present,Absent,Moderate,Gradable,7.64,Ultra-widefield
SYN-DM-01217,296.87,427.17,Present,Present,Present,Present,None,Gradable,7.81,OCT
SYN-DM-01218,463.15,218.8,Absent,Absent,Absent,Absent,High,Gradable,5.23,Ultra-widefield
SYN-DM-01219,311.87,232.35,Absent,Absent,Absent,Absent,High,Gradable,8.17,Fundus camera
SYN-DM-01220,334.88,365.14,Present,Absent,Absent,Present,High,Ungradable,8.87,Ultra-widefield
SYN-DM-01221,249.31,318.4,Absent,Present,Absent,Present,None,Partially gradable,4.98,Fundus camera
SYN-DM-01222,498.94,260.35,Absent,Present,Present,Present,High,Gradable,8.3,OCT
SYN-DM-01223,224.32,284.39,Absent,Present,Present,Present,Moderate,Ungradable,6.1,OCT
SYN-DM-01224,252.95,313.97,Present,Absent,Present,Absent,Low,Partially gradable,8.01,Ultra-widefield
SYN-DM-01225,355.03,309.3,Absent,Absent,Present,Present,High,Ungradable,4.41,OCT angiography
SYN-DM-01226,235.29,343.04,Absent,Present,Absent,Present,None,Partially gradable,3.79,OCT angiography
SYN-DM-01227,460.8,290.17,Present,Present,Present,Absent,Low,Partially gradable,4.57,Ultra-widefield
SYN-DM-01228,372.19,281.56,Present,Absent,Present,Absent,High,Ungradable,5.04,OCT
SYN-DM-01229,476.51,286.81,Absent,Present,Present,Absent,Moderate,Gradable,6.13,Fundus camera
SYN-DM-01230,313.39,299.07,Absent,Present,Absent,Absent,None,Gradable,5.06,Fundus camera
SYN-DM-01231,381.29,408.79,Absent,Present,Absent,Present,Low,Gradable,6.43,OCT angiography
SYN-DM-01232,332.97,418.7,Present,Present,Present,Present,Low,Ungradable,6.47,Ultra-widefield
SYN-DM-01233,230.32,456.08,Present,Absent,Absent,Present,Low,Partially gradable,7.35,Ultra-widefield
SYN-DM-01234,401.46,345.74,Present,Absent,Absent,Absent,Moderate,Gradable,7.97,OCT angiography
SYN-DM-01235,298.67,465.5,Present,Absent,Present,Absent,Low,Partially gradable,5.66,Ultra-widefield
SYN-DM-01236,437.65,293.57,Absent,Absent,Absent,Present,High,Ungradable,6.93,Fundus camera
SYN-DM-01237,345.93,350.64,Present,Present,Absent,Present,High,Gradable,6.49,OCT
SYN-DM-01238,356.58,316.55,Present,Present,Absent,Absent,Low,Partially gradable,5.46,OCT
SYN-DM-01239,391.12,256.28,Absent,Absent,Present,Absent,Low,Ungradable,3.96,Fundus camera
SYN-DM-01240,372.87,469.98,Absent,Present,Absent,Present,High,Partially gradable,5.7,Ultra-widefield
SYN-DM-01241,284.79,246.13,Present,Absent,Present,Absent,Moderate,Ungradable,8.95,OCT
SYN-DM-01242,389.15,282.51,Present,Present,Present,Present,None,Gradable,6.03,Fundus camera
SYN-DM-01243,334.06,270.12,Absent,Absent,Absent,Present,Low,Ungradable,4.1,Ultra-widefield
SYN-DM-01244,441.24,344.08,Present,Absent,Absent,Absent,Low,Partially gradable,6.2,OCT angiography
SYN-DM-01245,226.06,230.82,Absent,Absent,Absent,Present,High,Ungradable,4.44,Ultra-widefield
SYN-DM-01246,466.17,263.16,Absent,Absent,Present,Absent,High,Partially gradable,4.95,Fundus camera
SYN-DM-01247,447.0,209.01,Absent,Present,Present,Absent,High,Gradable,6.07,Ultra-widefield
SYN-DM-01248,510.11,401.89,Present,Absent,Present,Present,Low,Ungradable,7.22,Ultra-widefield
SYN-DM-01249,509.58,432.63,Absent,Present,Absent,Absent,High,Ungradable,4.01,OCT angiography
SYN-DM-01250,313.43,362.67,Absent,Present,Present,Absent,Moderate,Gradable,7.84,OCT angiography
SYN-DM-01251,490.74,384.2,Present,Absent,Present,Absent,High,Partially gradable,3.5,OCT angiography
SYN-DM-01252,407.33,434.31,Present,Absent,Present,Present,Low,Ungradable,8.66,OCT angiography
SYN-DM-01253,379.32,223.13,Absent,Absent,Present,Present,High,Partially gradable,8.43,OCT angiography
SYN-DM-01254,338.77,244.27,Absent,Present,Absent,Absent,Low,Partially gradable,8.07,Fundus camera
SYN-DM-01255,247.43,472.56,Present,Absent,Absent,Present,High,Partially gradable,3.56,Ultra-widefield
SYN-DM-01256,261.58,270.01,Present,Present,Present,Absent,None,Ungradable,8.17,OCT angiography
SYN-DM-01257,253.08,478.71,Present,Present,Absent,Absent,Moderate,Ungradable,7.09,OCT
SYN-DM-01258,269.43,330.55,Present,Present,Absent,Absent,Moderate,Partially gradable,3.04,Fundus camera
SYN-DM-01259,299.9,424.28,Present,Absent,Present,Present,Moderate,Ungradable,7.05,Fundus camera
SYN-DM-01260,227.42,397.71,Present,Present,Present,Present,Moderate,Ungradable,3.76,OCT
SYN-DM-01261,420.39,372.93,Absent,Absent,Absent,Absent,High,Partially gradable,8.82,Fundus camera
SYN-DM-01262,217.55,436.16,Absent,Absent,Present,Present,High,Ungradable,7.33,Ultra-widefield
SYN-DM-01263,333.62,322.57,Present,Absent,Absent,Absent,Low,Gradable,7.99,OCT
SYN-DM-01264,487.01,313.1,Present,Absent,Present,Present,Low,Partially gradable,8.72,Ultra-widefield
SYN-DM-01265,358.57,403.22,Present,Present,Present,Present,Moderate,Gradable,7.05,Fundus camera
SYN-DM-01266,376.17,304.1,Present,Present,Absent,Present,High,Partially gradable,4.99,OCT angiography
SYN-DM-01267,497.68,293.45,Absent,Absent,Absent,Absent,High,Ungradable,8.47,OCT angiography
SYN-DM-01268,400.2,330.8,Absent,Absent,Absent,Absent,High,Partially gradable,7.16,Fundus camera
SYN-DM-01269,291.78,465.58,Absent,Present,Present,Present,Low,Ungradable,7.16,OCT
SYN-DM-01270,497.21,418.56,Absent,Present,Present,Absent,Moderate,Partially gradable,8.42,OCT angiography
SYN-DM-01271,266.93,489.81,Present,Present,Present,Present,Moderate,Partially gradable,4.11,OCT angiography
SYN-DM-01272,335.98,359.68,Absent,Present,Present,Present,None,Partially gradable,3.24,Fundus camera
SYN-DM-01273,235.92,430.43,Present,Absent,Absent,Absent,Moderate,Partially gradable,7.38,OCT
SYN-DM-01274,427.88,276.93,Present,Absent,Absent,Present,Low,Gradable,3.22,Fundus camera
SYN-DM-01275,287.83,341.36,Absent,Present,Present,Absent,Low,Gradable,4.09,OCT
SYN-DM-01276,355.56,230.66,Absent,Present,Present,Absent,Moderate,Partially gradable,6.29,OCT
SYN-DM-01277,462.59,275.69,Present,Present,Present,Present,None,Gradable,5.66,Fundus camera
SYN-DM-01278,240.25,381.05,Present,Absent,Absent,Present,High,Partially gradable,5.26,Fundus camera
SYN-DM-01279,506.67,271.73,Present,Absent,Absent,Absent,Low,Gradable,6.54,Fundus camera
SYN-DM-01280,510.63,346.56,Present,Present,Absent,Absent,Low,Gradable,8.82,Fundus camera
SYN-DM-01281,436.81,413.89,Present,Present,Present,Present,Low,Ungradable,3.05,Ultra-widefield
SYN-DM-01282,343.72,335.77,Present,Absent,Absent,Present,Moderate,Gradable,5.57,OCT
SYN-DM-01283,225.42,223.33,Present,Present,Absent,Absent,None,Ungradable,7.79,Ultra-widefield
SYN-DM-01284,356.56,222.41,Absent,Absent,Absent,Absent,Moderate,Ungradable,5.59,Fundus camera
SYN-DM-01285,318.36,400.85,Absent,Present,Present,Present,Moderate,Partially gradable,8.44,OCT angiography
SYN-DM-01286,299.96,222.01,Absent,Absent,Present,Present,High,Gradable,3.63,Ultra-widefield
SYN-DM-01287,449.05,406.53,Absent,Absent,Absent,Absent,Moderate,Partially gradable,5.62,OCT angiography
SYN-DM-01288,283.2,223.34,Present,Absent,Absent,Present,Low,Partially gradable,3.3,Fundus camera
SYN-DM-01289,392.09,473.27,Absent,Absent,Absent,Present,High,Ungradable,5.25,OCT
SYN-DM-01290,332.63,231.82,Absent,Absent,Absent,Absent,None,Ungradable,5.01,Fundus camera
SYN-DM-01291,311.78,399.54,Absent,Present,Absent,Present,Moderate,Gradable,7.22,OCT angiography
SYN-DM-01292,490.1,316.9,Absent,Absent,Present,Present,Low,Ungradable,3.87,OCT
SYN-DM-01293,471.68,281.28,Present,Absent,Absent,Absent,Low,Gradable,8.15,Fundus camera
SYN-DM-01294,378.14,457.43,Absent,Present,Absent,Absent,High,Partially gradable,5.96,Ultra-widefield
SYN-DM-01295,428.92,276.19,Absent,Present,Present,Absent,Low,Partially gradable,3.88,Fundus camera
SYN-DM-01296,288.47,447.32,Present,Absent,Present,Absent,Moderate,Partially gradable,6.63,OCT
SYN-DM-01297,223.42,480.2,Absent,Present,Present,Present,High,Partially gradable,6.13,Fundus camera
SYN-DM-01298,233.74,226.1,Present,Present,Present,Present,Moderate,Partially gradable,3.18,OCT angiography
SYN-DM-01299,242.32,244.11,Absent,Absent,Present,Present,None,Partially gradable,7.21,OCT angiography
SYN-DM-01300,468.58,314.12,Absent,Present,Present,Present,Low,Partially gradable,8.09,Ultra-widefield
SYN-DM-01301,461.38,232.2,Absent,Present,Present,Absent,High,Ungradable,7.59,Ultra-widefield
SYN-DM-01302,516.2,397.09,Present,Present,Absent,Absent,None,Partially gradable,3.12,Ultra-widefield
SYN-DM-01303,216.55,412.89,Present,Absent,Present,Present,Low,Ungradable,5.75,OCT angiography
SYN-DM-01304,457.67,457.68,Present,Present,Present,Present,None,Partially gradable,7.5,OCT angiography
SYN-DM-01305,286.57,467.66,Absent,Present,Absent,Absent,Moderate,Partially gradable,8.37,Ultra-widefield
SYN-DM-01306,462.7,381.47,Absent,Absent,Absent,Present,Low,Gradable,4.23,OCT
SYN-DM-01307,310.45,474.16,Absent,Present,Absent,Present,None,Partially gradable,8.66,OCT
SYN-DM-01308,233.31,328.99,Absent,Present,Absent,Present,High,Gradable,6.32,OCT
SYN-DM-01309,220.5,395.19,Absent,Absent,Present,Present,Low,Partially gradable,3.49,OCT angiography
SYN-DM-01310,426.01,385.62,Present,Present,Absent,Present,Low,Ungradable,6.85,OCT angiography
SYN-DM-01311,481.64,455.35,Absent,Absent,Present,Present,Moderate,Gradable,3.37,Fundus camera
SYN-DM-01312,255.15,378.79,Present,Absent,Absent,Present,Moderate,Gradable,4.85,OCT angiography
SYN-DM-01313,328.29,308.11,Absent,Present,Absent,Absent,High,Gradable,3.83,Ultra-widefield
SYN-DM-01314,398.34,265.51,Present,Present,Absent,Absent,Moderate,Ungradable,7.77,Ultra-widefield
SYN-DM-01315,312.12,317.31,Present,Absent,Absent,Present,Moderate,Partially gradable,3.9,Ultra-widefield
SYN-DM-01316,258.75,433.21,Absent,Present,Present,Absent,High,Ungradable,7.5,OCT angiography
SYN-DM-01317,349.55,241.43,Present,Present,Present,Absent,None,Partially gradable,4.99,OCT angiography
SYN-DM-01318,465.64,245.04,Present,Present,Absent,Present,Moderate,Gradable,3.63,OCT angiography
SYN-DM-01319,291.2,249.62,Absent,Absent,Absent,Present,Low,Gradable,7.98,OCT
SYN-DM-01320,414.73,283.71,Absent,Present,Absent,Absent,Moderate,Partially gradable,4.23,Fundus camera
SYN-DM-01321,263.91,359.17,Present,Absent,Present,Absent,None,Partially gradable,6.62,OCT
SYN-DM-01322,271.18,251.68,Present,Present,Absent,Present,None,Ungradable,4.29,OCT angiography
SYN-DM-01323,475.41,265.16,Absent,Absent,Present,Absent,Low,Gradable,5.9,OCT
SYN-DM-01324,297.15,298.4,Present,Present,Absent,Present,None,Gradable,7.35,OCT angiography
SYN-DM-01325,242.25,266.28,Absent,Absent,Present,Present,High,Partially gradable,6.96,Fundus camera
SYN-DM-01326,338.85,381.27,Absent,Absent,Absent,Absent,Low,Partially gradable,6.73,Fundus camera
SYN-DM-01327,515.7,451.23,Present,Present,Present,Present,None,Gradable,3.74,OCT angiography
SYN-DM-01328,514.33,350.53,Absent,Absent,Present,Absent,None,Partially gradable,7.75,Fundus camera
SYN-DM-01329,419.46,480.01,Absent,Absent,Absent,Present,Low,Partially gradable,8.42,Fundus camera
SYN-DM-01330,444.18,451.73,Present,Absent,Absent,Present,None,Gradable,3.65,Fundus camera
SYN-DM-01331,426.7,295.01,Present,Present,Absent,Absent,High,Gradable,5.58,Ultra-widefield
SYN-DM-01332,313.79,360.9,Present,Absent,Present,Absent,Moderate,Partially gradable,8.57,Fundus camera
SYN-DM-01333,302.51,251.88,Absent,Absent,Absent,Absent,Low,Gradable,3.0,Fundus camera
SYN-DM-01334,229.07,313.57,Absent,Absent,Present,Present,Low,Ungradable,6.79,Fundus camera
SYN-DM-01335,351.18,382.21,Absent,Present,Present,Absent,None,Partially gradable,3.42,OCT
SYN-DM-01336,324.1,287.71,Present,Absent,Present,Absent,Moderate,Ungradable,3.17,Ultra-widefield
SYN-DM-01337,434.1,343.52,Absent,Absent,Present,Present,Low,Gradable,7.12,Fundus camera
SYN-DM-01338,502.73,453.42,Absent,Absent,Absent,Absent,Moderate,Ungradable,4.53,OCT
SYN-DM-01339,479.79,290.4,Present,Present,Present,Absent,High,Ungradable,6.65,Ultra-widefield
SYN-DM-01340,399.32,274.97,Present,Absent,Absent,Present,Moderate,Ungradable,8.67,Ultra-widefield
SYN-DM-01341,410.93,241.6,Present,Present,Absent,Absent,Low,Gradable,7.49,OCT angiography
SYN-DM-01342,250.84,372.7,Present,Absent,Present,Absent,None,Gradable,5.99,OCT angiography
SYN-DM-01343,420.1,402.92,Absent,Absent,Present,Present,High,Ungradable,8.59,OCT
SYN-DM-01344,421.35,462.3,Present,Absent,Present,Present,None,Ungradable,7.85,Fundus camera
SYN-DM-01345,403.14,349.91,Present,Present,Absent,Absent,None,Partially gradable,6.39,OCT
SYN-DM-01346,408.22,276.57,Present,Present,Absent,Absent,Low,Ungradable,3.57,Ultra-widefield
SYN-DM-01347,509.7,356.74,Present,Absent,Absent,Present,None,Ungradable,3.87,OCT angiography
SYN-DM-01348,492.66,224.13,Present,Absent,Present,Present,Low,Gradable,5.75,Ultra-widefield
SYN-DM-01349,245.39,475.43,Present,Absent,Absent,Absent,Moderate,Ungradable,5.8,OCT angiography
SYN-DM-01350,279.65,367.02,Absent,Absent,Absent,Present,None,Gradable,6.36,OCT
SYN-DM-01351,317.88,495.89,Present,Absent,Present,Present,High,Gradable,3.15,Fundus camera
SYN-DM-01352,484.24,399.27,Absent,Present,Absent,Present,None,Ungradable,7.68,OCT angiography
SYN-DM-01353,315.85,316.23,Absent,Present,Present,Absent,Low,Gradable,8.01,Fundus camera
SYN-DM-01354,278.39,218.56,Present,Absent,Absent,Absent,High,Partially gradable,7.45,OCT
SYN-DM-01355,506.66,255.35,Present,Absent,Present,Present,Low,Partially gradable,7.89,OCT
SYN-DM-01356,405.86,295.61,Present,Present,Absent,Present,None,Partially gradable,4.58,Ultra-widefield
SYN-DM-01357,259.92,405.68,Absent,Absent,Present,Absent,High,Ungradable,5.0,Fundus camera
SYN-DM-01358,485.46,267.11,Present,Present,Present,Absent,Moderate,Partially gradable,3.31,OCT
SYN-DM-01359,507.29,301.99,Absent,Present,Absent,Absent,None,Gradable,3.32,OCT angiography
SYN-DM-01360,319.26,437.37,Present,Absent,Present,Absent,Moderate,Partially gradable,8.92,OCT angiography
SYN-DM-01361,233.42,367.97,Present,Present,Absent,Absent,High,Ungradable,6.52,Ultra-widefield
SYN-DM-01362,443.14,500.97,Absent,Absent,Absent,Present,Moderate,Gradable,3.74,OCT angiography
SYN-DM-01363,380.92,461.55,Present,Absent,Absent,Absent,Low,Gradable,5.6,OCT
SYN-DM-01364,228.37,399.71,Present,Present,Present,Present,Low,Gradable,8.92,Ultra-widefield
SYN-DM-01365,454.56,302.2,Absent,Absent,Absent,Present,Low,Partially gradable,8.92,Fundus camera
SYN-DM-01366,366.79,430.57,Absent,Absent,Absent,Present,High,Gradable,6.47,OCT angiography
SYN-DM-01367,505.11,279.91,Present,Present,Absent,Present,High,Ungradable,8.98,OCT
SYN-DM-01368,422.4,301.0,Absent,Absent,Present,Absent,Moderate,Ungradable,6.93,OCT angiography
SYN-DM-01369,510.36,410.04,Absent,Absent,Present,Present,High,Gradable,7.34,OCT
SYN-DM-01370,369.61,229.69,Absent,Present,Absent,Present,High,Partially gradable,4.82,OCT
SYN-DM-01371,416.16,367.91,Present,Absent,Present,Absent,Low,Gradable,7.56,Ultra-widefield
SYN-DM-01372,355.54,225.19,Absent,Present,Absent,Present,Low,Gradable,3.44,Ultra-widefield
SYN-DM-01373,280.14,377.75,Present,Present,Present,Present,Moderate,Ungradable,5.73,Ultra-widefield
SYN-DM-01374,262.63,344.94,Present,Present,Absent,Absent,High,Gradable,6.39,OCT
SYN-DM-01375,378.19,466.41,Absent,Present,Absent,Present,None,Ungradable,6.81,OCT angiography
SYN-DM-01376,489.27,249.84,Present,Present,Absent,Present,Low,Gradable,4.1,Ultra-widefield
SYN-DM-01377,406.21,277.45,Present,Present,Absent,Absent,High,Ungradable,7.94,OCT
SYN-DM-01378,323.54,402.28,Present,Absent,Absent,Absent,Moderate,Gradable,7.82,Ultra-widefield
SYN-DM-01379,362.78,403.58,Absent,Present,Present,Absent,High,Partially gradable,6.06,Fundus camera
SYN-DM-01380,308.86,315.21,Present,Absent,Present,Present,High,Gradable,4.07,OCT
SYN-DM-01381,452.91,473.42,Present,Present,Present,Present,High,Gradable,5.24,OCT angiography
SYN-DM-01382,491.57,274.65,Present,Present,Present,Absent,Low,Gradable,6.23,Ultra-widefield
SYN-DM-01383,363.56,425.18,Absent,Absent,Absent,Present,Moderate,Partially gradable,6.43,Fundus camera
SYN-DM-01384,496.1,317.85,Present,Absent,Present,Absent,None,Ungradable,4.34,OCT
SYN-DM-01385,506.0,353.89,Present,Absent,Present,Absent,Moderate,Gradable,6.94,Ultra-widefield
SYN-DM-01386,489.75,437.27,Present,Present,Present,Present,None,Partially gradable,3.84,Ultra-widefield
SYN-DM-01387,295.93,455.13,Present,Absent,Absent,Absent,Moderate,Partially gradable,4.96,OCT
SYN-DM-01388,274.86,364.1,Present,Present,Absent,Present,Low,Ungradable,3.5,OCT angiography
SYN-DM-01389,328.96,374.17,Absent,Absent,Absent,Absent,Moderate,Partially gradable,6.19,Fundus camera
SYN-DM-01390,438.39,431.31,Absent,Present,Absent,Present,None,Ungradable,6.07,OCT angiography
SYN-DM-01391,297.42,415.84,Absent,Absent,Absent,Absent,Moderate,Gradable,4.04,Ultra-widefield
SYN-DM-01392,490.83,351.4,Present,Absent,Present,Present,Moderate,Partially gradable,3.06,OCT angiography
SYN-DM-01393,513.93,475.12,Present,Absent,Absent,Present,Moderate,Gradable,7.38,OCT angiography
SYN-DM-01394,391.52,326.31,Absent,Present,Absent,Present,Moderate,Ungradable,5.61,OCT angiography
SYN-DM-01395,366.95,434.77,Present,Present,Present,Present,Low,Gradable,7.04,OCT angiography
SYN-DM-01396,478.77,240.44,Absent,Present,Present,Absent,Low,Gradable,8.76,Fundus camera
SYN-DM-01397,482.09,371.03,Absent,Absent,Absent,Present,High,Partially gradable,3.7,Ultra-widefield
SYN-DM-01398,265.04,273.66,Present,Absent,Absent,Absent,Low,Ungradable,8.76,Fundus camera
SYN-DM-01399,373.57,298.27,Absent,Present,Absent,Present,High,Partially gradable,4.03,OCT angiography
SYN-DM-01400,221.29,415.52,Present,Absent,Present,Absent,High,Ungradable,5.37,OCT angiography
SYN-DM-01401,360.17,284.63,Present,Present,Present,Present,High,Partially gradable,7.45,OCT
SYN-DM-01402,460.78,492.61,Absent,Present,Present,Absent,High,Gradable,3.98,Fundus camera
SYN-DM-01403,466.89,487.02,Present,Absent,Absent,Absent,None,Gradable,7.29,Ultra-widefield
SYN-DM-01404,411.19,343.29,Present,Absent,Present,Present,High,Gradable,3.55,Fundus camera
SYN-DM-01405,441.77,289.87,Present,Present,Absent,Absent,None,Partially gradable,6.1,OCT
SYN-DM-01406,388.68,346.46,Absent,Present,Present,Absent,None,Partially gradable,6.53,Fundus camera
SYN-DM-01407,372.32,354.69,Present,Present,Absent,Absent,High,Gradable,6.86,OCT angiography
SYN-DM-01408,517.43,348.09,Absent,Absent,Present,Present,Moderate,Gradable,6.81,OCT angiography
SYN-DM-01409,414.1,347.18,Present,Absent,Present,Absent,High,Partially gradable,3.78,Fundus camera
SYN-DM-01410,383.66,402.13,Present,Present,Present,Present,High,Partially gradable,8.0,Ultra-widefield
SYN-DM-01411,456.52,333.11,Present,Absent,Absent,Present,High,Partially gradable,3.89,OCT
SYN-DM-01412,229.88,346.99,Absent,Absent,Absent,Absent,Low,Gradable,6.97,Fundus camera
SYN-DM-01413,247.47,421.32,Present,Present,Absent,Absent,Moderate,Ungradable,7.51,OCT angiography
SYN-DM-01414,468.77,407.79,Absent,Absent,Present,Absent,Moderate,Gradable,3.89,OCT
SYN-DM-01415,239.99,294.75,Absent,Absent,Present,Present,None,Gradable,8.98,OCT
SYN-DM-01416,420.13,403.81,Absent,Present,Absent,Present,None,Ungradable,3.93,Ultra-widefield
SYN-DM-01417,245.05,288.15,Absent,Present,Absent,Present,None,Partially gradable,7.36,Fundus camera
SYN-DM-01418,317.42,477.88,Absent,Absent,Absent,Absent,Low,Gradable,3.1,Ultra-widefield
SYN-DM-01419,331.15,244.47,Absent,Absent,Present,Present,High,Gradable,4.12,OCT
SYN-DM-01420,287.54,334.02,Absent,Present,Absent,Absent,None,Ungradable,6.47,OCT angiography
SYN-DM-01421,221.95,396.79,Present,Absent,Absent,Present,None,Ungradable,4.12,OCT
SYN-DM-01422,288.77,343.31,Present,Absent,Present,Present,None,Gradable,7.53,Ultra-widefield
SYN-DM-01423,393.51,390.09,Absent,Absent,Present,Present,None,Partially gradable,4.98,OCT
SYN-DM-01424,310.07,341.92,Absent,Present,Absent,Present,Low,Ungradable,7.52,Ultra-widefield
SYN-DM-01425,500.7,374.86,Present,Present,Absent,Absent,None,Ungradable,8.93,Fundus camera
SYN-DM-01426,374.4,320.29,Absent,Present,Present,Absent,None,Partially gradable,8.78,Fundus camera
SYN-DM-01427,489.11,221.35,Absent,Absent,Absent,Present,Moderate,Gradable,8.89,Fundus camera
SYN-DM-01428,493.42,238.21,Absent,Present,Absent,Absent,Low,Partially gradable,6.55,Fundus camera
SYN-DM-01429,375.1,338.35,Present,Present,Present,Present,Moderate,Ungradable,8.86,OCT angiography
SYN-DM-01430,512.71,416.42,Present,Present,Absent,Present,None,Ungradable,8.64,OCT angiography
SYN-DM-01431,266.54,441.87,Absent,Absent,Present,Absent,Moderate,Gradable,8.14,Fundus camera
SYN-DM-01432,215.77,330.72,Absent,Absent,Absent,Present,Low,Gradable,6.93,OCT angiography
SYN-DM-01433,296.45,300.95,Absent,Absent,Present,Present,High,Ungradable,4.09,OCT
SYN-DM-01434,432.99,235.0,Present,Present,Absent,Present,None,Partially gradable,4.78,OCT angiography
SYN-DM-01435,270.63,386.5,Present,Absent,Absent,Absent,None,Ungradable,5.24,Ultra-widefield
SYN-DM-01436,482.88,305.12,Present,Present,Absent,Present,High,Ungradable,7.29,Ultra-widefield
SYN-DM-01437,329.95,462.28,Absent,Present,Absent,Present,None,Partially gradable,6.04,Ultra-widefield
SYN-DM-01438,238.72,233.21,Absent,Absent,Present,Absent,Moderate,Gradable,4.61,Ultra-widefield
SYN-DM-01439,262.63,330.34,Absent,Absent,Present,Present,Moderate,Gradable,8.35,Ultra-widefield
SYN-DM-01440,264.42,439.47,Absent,Present,Present,Absent,Moderate,Gradable,5.07,Ultra-widefield
SYN-DM-01441,234.77,283.88,Present,Present,Absent,Absent,None,Ungradable,7.01,OCT angiography
SYN-DM-01442,224.93,241.12,Absent,Present,Present,Present,Moderate,Partially gradable,4.21,Fundus camera
SYN-DM-01443,492.64,442.25,Absent,Absent,Present,Absent,High,Partially gradable,5.65,Ultra-widefield
SYN-DM-01444,423.24,421.65,Present,Absent,Present,Absent,High,Partially gradable,8.71,OCT
SYN-DM-01445,437.96,416.21,Present,Absent,Absent,Absent,None,Partially gradable,5.74,Ultra-widefield
SYN-DM-01446,371.18,270.31,Absent,Present,Present,Absent,None,Partially gradable,7.8,OCT
SYN-DM-01447,230.78,406.54,Absent,Absent,Present,Present,None,Gradable,7.59,Ultra-widefield
SYN-DM-01448,453.75,267.05,Present,Absent,Absent,Absent,High,Gradable,7.12,OCT angiography
SYN-DM-01449,385.52,386.7,Present,Absent,Present,Present,Low,Ungradable,4.89,OCT angiography
SYN-DM-01450,231.07,307.33,Absent,Present,Absent,Absent,Low,Partially gradable,3.17,OCT
SYN-DM-01451,408.99,262.02,Absent,Absent,Present,Present,Low,Partially gradable,6.76,OCT angiography
SYN-DM-01452,347.81,494.68,Absent,Present,Present,Present,High,Gradable,5.16,OCT
SYN-DM-01453,243.68,414.07,Absent,Absent,Absent,Absent,Low,Partially gradable,7.61,OCT
SYN-DM-01454,281.0,469.66,Absent,Absent,Absent,Absent,None,Partially gradable,8.55,OCT angiography
SYN-DM-01455,433.64,471.76,Absent,Present,Present,Absent,None,Gradable,7.21,Ultra-widefield
SYN-DM-01456,231.99,408.44,Present,Absent,Present,Absent,Moderate,Partially gradable,6.84,Ultra-widefield
SYN-DM-01457,450.83,257.77,Absent,Absent,Present,Absent,Moderate,Ungradable,8.32,Ultra-widefield
SYN-DM-01458,517.75,438.37,Absent,Present,Absent,Absent,High,Ungradable,8.19,OCT angiography
SYN-DM-01459,253.39,309.76,Absent,Present,Present,Present,Low,Gradable,7.66,Ultra-widefield
SYN-DM-01460,270.9,321.06,Absent,Absent,Absent,Absent,Moderate,Partially gradable,7.41,Ultra-widefield
SYN-DM-01461,241.56,268.57,Present,Absent,Present,Present,None,Ungradable,5.35,Fundus camera
SYN-DM-01462,407.27,249.46,Absent,Present,Present,Present,None,Ungradable,6.74,OCT angiography
SYN-DM-01463,295.29,418.75,Absent,Present,Present,Absent,Moderate,Ungradable,6.93,Fundus camera
SYN-DM-01464,224.17,415.93,Present,Absent,Absent,Absent,High,Partially gradable,8.7,Ultra-widefield
SYN-DM-01465,293.29,431.38,Present,Absent,Absent,Absent,None,Partially gradable,5.67,OCT
SYN-DM-01466,481.85,274.76,Absent,Absent,Absent,Present,None,Ungradable,3.12,Ultra-widefield
SYN-DM-01467,285.99,486.6,Absent,Absent,Absent,Present,None,Ungradable,4.11,OCT
SYN-DM-01468,271.07,274.7,Absent,Absent,Absent,Absent,High,Gradable,5.28,Fundus camera
SYN-DM-01469,253.63,259.7,Present,Present,Present,Present,None,Ungradable,4.21,OCT angiography
SYN-DM-01470,253.7,330.71,Absent,Present,Absent,Absent,None,Partially gradable,3.69,OCT
SYN-DM-01471,461.84,465.32,Absent,Absent,Present,Present,High,Ungradable,8.32,Fundus camera
SYN-DM-01472,467.26,418.94,Present,Absent,Present,Absent,Moderate,Ungradable,5.82,OCT
SYN-DM-01473,443.12,410.54,Absent,Present,Present,Present,Moderate,Gradable,8.63,OCT
SYN-DM-01474,497.88,447.79,Absent,Present,Present,Absent,None,Gradable,3.4,Ultra-widefield
SYN-DM-01475,385.93,378.79,Present,Absent,Present,Present,None,Partially gradable,7.9,OCT angiography
SYN-DM-01476,389.16,237.26,Absent,Present,Absent,Absent,None,Gradable,7.7,Ultra-widefield
SYN-DM-01477,323.44,211.56,Present,Absent,Absent,Absent,Moderate,Gradable,8.77,Fundus camera
SYN-DM-01478,497.98,395.19,Absent,Absent,Present,Present,Moderate,Gradable,4.3,Ultra-widefield
SYN-DM-01479,438.65,258.54,Present,Present,Absent,Absent,None,Ungradable,7.22,Fundus camera
SYN-DM-01480,372.76,414.2,Absent,Absent,Present,Absent,Low,Partially gradable,3.88,Ultra-widefield
SYN-DM-01481,475.6,355.68,Present,Absent,Absent,Absent,Moderate,Gradable,8.59,OCT
SYN-DM-01482,271.5,456.26,Present,Present,Absent,Present,Low,Gradable,8.9,Ultra-widefield
SYN-DM-01483,356.39,251.23,Absent,Present,Absent,Present,High,Gradable,8.87,OCT
SYN-DM-01484,277.32,397.4,Present,Absent,Absent,Present,Low,Gradable,3.87,OCT
SYN-DM-01485,370.3,232.24,Present,Absent,Absent,Present,Moderate,Partially gradable,3.88,OCT angiography
SYN-DM-01486,286.07,308.79,Present,Present,Absent,Absent,Moderate,Ungradable,3.77,OCT angiography
SYN-DM-01487,225.53,260.86,Present,Absent,Present,Absent,High,Ungradable,7.65,OCT
SYN-DM-01488,329.84,362.03,Present,Present,Present,Present,None,Partially gradable,7.98,OCT
SYN-DM-01489,334.39,433.54,Absent,Present,Present,Present,None,Gradable,7.18,Ultra-widefield
SYN-DM-01490,439.82,338.83,Absent,Absent,Absent,Present,None,Ungradable,6.28,OCT
SYN-DM-01491,424.22,448.74,Absent,Present,Absent,Present,High,Ungradable,6.83,Fundus camera
SYN-DM-01492,474.22,430.54,Present,Absent,Present,Absent,None,Ungradable,7.68,OCT angiography
SYN-DM-01493,421.12,249.72,Absent,Absent,Absent,Absent,Low,Partially gradable,4.25,Ultra-widefield
SYN-DM-01494,478.83,212.31,Absent,Present,Absent,Present,Low,Gradable,3.18,Ultra-widefield
SYN-DM-01495,516.25,435.1,Present,Absent,Present,Absent,None,Partially gradable,4.16,Fundus camera
SYN-DM-01496,294.08,350.91,Absent,Present,Present,Absent,High,Ungradable,6.3,Ultra-widefield
SYN-DM-01497,478.16,422.92,Present,Absent,Present,Present,Moderate,Partially gradable,7.19,Fundus camera
SYN-DM-01498,506.96,468.04,Absent,Absent,Absent,Absent,Low,Partially gradable,6.29,OCT angiography
SYN-DM-01499,491.99,360.08,Absent,Absent,Present,Absent,Moderate,Gradable,4.53,OCT angiography
SYN-DM-01500,280.84,266.69,Present,Present,Absent,Absent,High,Partially gradable,8.13,OCT
SYN-DM-01501,238.8,257.72,Absent,Present,Absent,Absent,Low,Gradable,5.65,Ultra-widefield
SYN-DM-01502,388.79,346.49,Absent,Present,Absent,Present,Low,Ungradable,3.61,Fundus camera
SYN-DM-01503,470.9,323.84,Absent,Present,Present,Absent,Moderate,Gradable,5.38,Ultra-widefield
SYN-DM-01504,250.52,481.02,Present,Present,Absent,Absent,Low,Gradable,7.75,Ultra-widefield
SYN-DM-01505,255.4,412.55,Present,Absent,Absent,Absent,None,Partially gradable,6.19,OCT angiography
SYN-DM-01506,374.21,330.53,Absent,Present,Absent,Present,Low,Partially gradable,6.59,OCT
SYN-DM-01507,228.4,317.76,Present,Present,Absent,Present,Moderate,Partially gradable,7.96,OCT angiography
SYN-DM-01508,303.05,280.62,Present,Present,Absent,Present,None,Partially gradable,6.03,OCT
SYN-DM-01509,426.17,225.9,Absent,Present,Present,Absent,Moderate,Ungradable,8.75,Ultra-widefield
SYN-DM-01510,239.56,321.13,Absent,Present,Absent,Present,Low,Partially gradable,8.68,OCT angiography
SYN-DM-01511,465.38,386.56,Absent,Absent,Absent,Present,High,Ungradable,4.26,Fundus camera
SYN-DM-01512,493.41,273.62,Present,Present,Present,Present,Low,Partially gradable,3.96,Fundus camera
SYN-DM-01513,325.7,469.51,Absent,Present,Absent,Absent,Moderate,Ungradable,6.14,Fundus camera
SYN-DM-01514,511.13,468.48,Present,Present,Present,Present,Low,Ungradable,3.69,OCT angiography
SYN-DM-01515,513.54,492.53,Present,Present,Absent,Present,High,Partially gradable,7.08,Fundus camera
SYN-DM-01516,251.09,265.93,Present,Present,Present,Absent,High,Partially gradable,7.22,OCT angiography
SYN-DM-01517,393.81,270.44,Present,Absent,Absent,Absent,Low,Gradable,6.46,Fundus camera
SYN-DM-01518,508.9,291.43,Present,Present,Absent,Present,Moderate,Ungradable,3.2,OCT
SYN-DM-01519,343.82,497.74,Absent,Absent,Present,Present,Moderate,Ungradable,3.23,Ultra-widefield
SYN-DM-01520,229.12,429.79,Present,Absent,Absent,Absent,Low,Gradable,7.33,Ultra-widefield
SYN-DM-01521,223.31,433.85,Absent,Absent,Present,Absent,High,Ungradable,5.33,Fundus camera
SYN-DM-01522,337.54,474.65,Present,Absent,Absent,Present,Moderate,Ungradable,7.84,OCT angiography
SYN-DM-01523,487.13,248.43,Present,Present,Absent,Present,None,Partially gradable,3.57,OCT angiography
SYN-DM-01524,246.7,321.83,Absent,Absent,Present,Absent,High,Gradable,7.38,OCT angiography
SYN-DM-01525,383.92,224.27,Present,Present,Absent,Present,Moderate,Gradable,8.53,Ultra-widefield
SYN-DM-01526,300.57,423.08,Absent,Present,Present,Absent,High,Partially gradable,5.86,Ultra-widefield
SYN-DM-01527,301.29,293.89,Absent,Absent,Absent,Present,None,Partially gradable,4.04,OCT angiography
SYN-DM-01528,415.46,408.7,Present,Absent,Present,Absent,Low,Partially gradable,6.79,OCT
SYN-DM-01529,222.7,298.97,Absent,Absent,Present,Present,High,Gradable,8.82,OCT
SYN-DM-01530,350.72,423.1,Present,Absent,Absent,Present,Low,Partially gradable,7.79,Ultra-widefield
SYN-DM-01531,249.9,476.76,Absent,Present,Absent,Present,None,Gradable,4.45,OCT
SYN-DM-01532,289.84,486.94,Absent,Absent,Absent,Absent,None,Partially gradable,4.43,Ultra-widefield
SYN-DM-01533,369.97,374.48,Absent,Absent,Present,Present,High,Partially gradable,8.71,Ultra-widefield
SYN-DM-01534,466.64,313.0,Absent,Present,Absent,Absent,High,Gradable,7.78,Fundus camera
SYN-DM-01535,363.07,216.45,Present,Present,Absent,Absent,None,Ungradable,3.19,OCT angiography
SYN-DM-01536,408.61,222.29,Absent,Absent,Absent,Absent,High,Partially gradable,4.4,OCT
SYN-DM-01537,427.97,279.9,Present,Present,Absent,Absent,Low,Partially gradable,3.64,OCT angiography
SYN-DM-01538,292.24,488.09,Absent,Absent,Absent,Absent,Low,Gradable,7.65,Ultra-widefield
SYN-DM-01539,271.03,414.19,Absent,Absent,Absent,Absent,None,Gradable,4.01,OCT angiography
SYN-DM-01540,227.42,401.75,Absent,Absent,Absent,Absent,None,Partially gradable,7.3,OCT
SYN-DM-01541,257.85,378.04,Absent,Absent,Absent,Absent,None,Ungradable,5.76,OCT
SYN-DM-01542,438.76,442.99,Present,Absent,Present,Present,None,Gradable,5.72,OCT
SYN-DM-01543,329.81,211.75,Present,Absent,Present,Present,Moderate,Ungradable,7.21,Ultra-widefield
SYN-DM-01544,471.91,234.45,Present,Absent,Absent,Absent,None,Partially gradable,5.22,Ultra-widefield
SYN-DM-01545,477.62,210.49,Absent,Absent,Present,Present,High,Ungradable,4.07,Fundus camera
SYN-DM-01546,276.41,296.36,Present,Absent,Present,Present,Low,Ungradable,7.1,Ultra-widefield
SYN-DM-01547,367.65,494.21,Absent,Absent,Absent,Absent,None,Ungradable,7.28,OCT
SYN-DM-01548,505.3,413.47,Absent,Present,Absent,Absent,None,Gradable,7.9,Fundus camera
SYN-DM-01549,467.13,498.98,Absent,Absent,Present,Absent,Low,Partially gradable,7.42,Ultra-widefield
SYN-DM-01550,316.63,482.02,Present,Absent,Present,Present,Low,Gradable,8.38,Fundus camera
SYN-DM-01551,311.29,383.98,Absent,Absent,Present,Absent,None,Gradable,7.52,OCT angiography
SYN-DM-01552,285.05,350.66,Absent,Absent,Absent,Absent,None,Partially gradable,6.78,Fundus camera
SYN-DM-01553,311.11,487.84,Absent,Absent,Absent,Absent,None,Ungradable,3.28,OCT angiography
SYN-DM-01554,421.06,408.38,Absent,Absent,Present,Absent,None,Gradable,6.87,OCT
SYN-DM-01555,357.49,491.89,Present,Absent,Absent,Present,Low,Gradable,5.8,OCT angiography
SYN-DM-01556,366.17,270.9,Present,Absent,Absent,Present,None,Gradable,8.39,Fundus camera
SYN-DM-01557,381.32,457.01,Absent,Absent,Absent,Present,None,Ungradable,7.45,Fundus camera
SYN-DM-01558,439.5,319.32,Absent,Present,Absent,Absent,None,Ungradable,8.02,OCT angiography
SYN-DM-01559,229.35,386.8,Present,Present,Absent,Absent,Moderate,Ungradable,3.41,OCT angiography
SYN-DM-01560,225.59,431.21,Absent,Present,Absent,Present,High,Ungradable,5.68,OCT angiography
SYN-DM-01561,241.82,495.38,Absent,Present,Absent,Absent,None,Ungradable,5.11,OCT angiography
SYN-DM-01562,324.11,225.01,Present,Absent,Absent,Present,None,Gradable,6.65,OCT
SYN-DM-01563,324.61,371.84,Absent,Present,Absent,Present,Moderate,Gradable,5.38,OCT
SYN-DM-01564,336.13,390.81,Present,Present,Absent,Absent,High,Ungradable,7.68,Fundus camera
SYN-DM-01565,362.21,414.1,Present,Present,Present,Absent,None,Partially gradable,5.44,Fundus camera
SYN-DM-01566,387.27,374.81,Absent,Absent,Present,Present,Moderate,Ungradable,4.98,Ultra-widefield
SYN-DM-01567,293.13,270.34,Absent,Absent,Present,Present,Moderate,Ungradable,8.87,OCT angiography
SYN-DM-01568,418.84,425.51,Present,Present,Absent,Present,Low,Partially gradable,7.37,Ultra-widefield
SYN-DM-01569,477.78,310.61,Absent,Absent,Present,Present,High,Partially gradable,6.02,OCT angiography
SYN-DM-01570,281.94,335.24,Present,Absent,Present,Absent,High,Gradable,8.22,Ultra-widefield
SYN-DM-01571,343.2,234.67,Absent,Absent,Absent,Present,Low,Gradable,6.65,OCT angiography
SYN-DM-01572,514.0,293.29,Present,Present,Present,Absent,None,Gradable,8.88,OCT
SYN-DM-01573,387.45,224.78,Absent,Present,Absent,Present,None,Gradable,8.87,Ultra-widefield
SYN-DM-01574,407.9,307.53,Absent,Present,Present,Present,None,Gradable,3.84,OCT
SYN-DM-01575,384.81,215.06,Absent,Absent,Present,Present,Moderate,Partially gradable,5.74,OCT
SYN-DM-01576,355.76,222.92,Present,Absent,Present,Absent,Low,Partially gradable,3.1,OCT
SYN-DM-01577,240.33,292.13,Absent,Present,Absent,Absent,None,Partially gradable,7.37,OCT
SYN-DM-01578,427.42,295.08,Absent,Present,Present,Absent,Moderate,Partially gradable,6.28,OCT angiography
SYN-DM-01579,381.85,260.86,Absent,Absent,Present,Absent,Low,Partially gradable,6.36,OCT angiography
SYN-DM-01580,360.53,344.11,Absent,Absent,Absent,Present,Low,Partially gradable,8.2,OCT angiography
SYN-DM-01581,256.85,480.95,Absent,Absent,Present,Present,Low,Ungradable,7.24,Ultra-widefield
SYN-DM-01582,475.36,364.59,Absent,Present,Present,Present,Moderate,Gradable,3.64,OCT
SYN-DM-01583,415.89,250.77,Absent,Absent,Present,Present,None,Partially gradable,7.41,Ultra-widefield
SYN-DM-01584,508.01,444.33,Present,Absent,Absent,Absent,None,Partially gradable,8.42,Fundus camera
SYN-DM-01585,291.31,330.29,Absent,Present,Present,Present,Low,Partially gradable,5.77,OCT
SYN-DM-01586,453.1,277.17,Present,Present,Present,Absent,None,Partially gradable,7.08,OCT angiography
SYN-DM-01587,328.61,433.5,Absent,Present,Present,Absent,Moderate,Gradable,4.08,Fundus camera
SYN-DM-01588,433.38,281.05,Present,Present,Present,Present,Moderate,Ungradable,5.72,Fundus camera
SYN-DM-01589,218.27,332.03,Present,Absent,Absent,Present,None,Gradable,5.2,Ultra-widefield
SYN-DM-01590,356.72,374.44,Absent,Present,Absent,Present,Moderate,Ungradable,7.58,Fundus camera
SYN-DM-01591,354.78,417.73,Absent,Present,Present,Present,Low,Ungradable,4.8,Fundus camera
SYN-DM-01592,404.54,336.24,Absent,Present,Absent,Present,Moderate,Gradable,4.05,OCT angiography
SYN-DM-01593,501.13,261.78,Absent,Present,Present,Present,Moderate,Gradable,4.5,OCT
SYN-DM-01594,331.86,409.29,Present,Absent,Absent,Absent,None,Ungradable,5.66,OCT
SYN-DM-01595,394.81,261.89,Present,Present,Present,Present,Moderate,Partially gradable,7.55,OCT angiography
SYN-DM-01596,451.63,312.63,Present,Present,Present,Absent,High,Ungradable,6.76,OCT angiography
SYN-DM-01597,331.8,281.65,Present,Present,Present,Present,Moderate,Partially gradable,4.99,Ultra-widefield
SYN-DM-01598,454.94,287.05,Present,Absent,Present,Present,Moderate,Gradable,5.59,Ultra-widefield
SYN-DM-01599,333.68,489.4,Absent,Present,Absent,Present,None,Partially gradable,7.05,Ultra-widefield
SYN-DM-01600,511.57,440.68,Absent,Present,Present,Present,Moderate,Partially gradable,3.68,OCT
SYN-DM-01601,288.9,350.22,Absent,Present,Present,Present,Low,Partially gradable,8.54,Ultra-widefield
SYN-DM-01602,273.93,455.54,Present,Present,Present,Absent,High,Partially gradable,3.6,OCT
SYN-DM-01603,361.74,462.69,Absent,Absent,Absent,Present,None,Gradable,8.38,Fundus camera
SYN-DM-01604,236.85,457.44,Present,Present,Present,Absent,High,Ungradable,3.2,OCT angiography
SYN-DM-01605,227.24,340.01,Present,Absent,Absent,Absent,High,Gradable,8.06,OCT
SYN-DM-01606,516.34,405.19,Absent,Present,Absent,Absent,None,Ungradable,3.46,Ultra-widefield
SYN-DM-01607,331.43,404.92,Absent,Present,Present,Absent,Moderate,Partially gradable,8.54,Fundus camera
SYN-DM-01608,388.14,321.64,Absent,Absent,Present,Absent,High,Ungradable,7.39,OCT angiography
SYN-DM-01609,486.34,306.93,Absent,Present,Absent,Present,High,Partially gradable,6.34,OCT angiography
SYN-DM-01610,340.99,369.15,Absent,Present,Absent,Present,Moderate,Ungradable,6.28,OCT angiography
SYN-DM-01611,230.06,291.6,Absent,Absent,Present,Present,Moderate,Gradable,4.95,OCT
SYN-DM-01612,424.56,478.83,Absent,Present,Present,Absent,High,Gradable,3.28,Fundus camera
SYN-DM-01613,513.91,389.25,Absent,Present,Present,Absent,None,Gradable,3.24,OCT angiography
SYN-DM-01614,462.97,286.41,Absent,Absent,Absent,Absent,Moderate,Gradable,3.86,Ultra-widefield
SYN-DM-01615,471.31,408.74,Present,Absent,Absent,Present,Low,Gradable,8.22,Ultra-widefield
SYN-DM-01616,389.0,224.99,Present,Absent,Present,Present,None,Partially gradable,7.81,Ultra-widefield
SYN-DM-01617,302.87,488.23,Present,Absent,Present,Present,Low,Ungradable,8.89,OCT angiography
SYN-DM-01618,480.4,259.68,Present,Present,Present,Absent,None,Gradable,8.32,OCT
SYN-DM-01619,452.78,257.75,Present,Present,Present,Absent,None,Ungradable,7.39,Ultra-widefield
SYN-DM-01620,430.19,245.41,Absent,Present,Present,Absent,High,Ungradable,7.97,OCT angiography
SYN-DM-01621,506.24,304.47,Absent,Present,Present,Present,None,Gradable,6.63,Ultra-widefield
SYN-DM-01622,392.03,366.34,Present,Absent,Absent,Present,High,Ungradable,5.16,OCT
SYN-DM-01623,462.25,341.68,Absent,Absent,Present,Absent,Moderate,Ungradable,8.29,Ultra-widefield
SYN-DM-01624,249.68,347.99,Present,Absent,Present,Present,Low,Ungradable,4.56,Ultra-widefield
SYN-DM-01625,497.07,419.33,Present,Present,Present,Present,Low,Partially gradable,6.63,Ultra-widefield
SYN-DM-01626,514.39,356.45,Absent,Present,Present,Present,High,Ungradable,5.05,OCT angiography
SYN-DM-01627,263.72,354.16,Absent,Absent,Absent,Absent,Low,Gradable,3.58,Ultra-widefield
SYN-DM-01628,444.45,326.55,Present,Present,Present,Absent,Moderate,Ungradable,3.08,OCT
SYN-DM-01629,413.66,478.01,Present,Present,Present,Absent,Low,Partially gradable,6.88,Fundus camera
SYN-DM-01630,397.97,468.14,Absent,Absent,Absent,Present,None,Gradable,6.58,OCT angiography
SYN-DM-01631,262.21,337.02,Absent,Present,Present,Present,None,Partially gradable,4.15,Ultra-widefield
SYN-DM-01632,380.6,280.06,Absent,Absent,Present,Absent,None,Ungradable,4.97,OCT angiography
SYN-DM-01633,222.24,218.49,Absent,Absent,Present,Present,High,Ungradable,7.02,OCT
SYN-DM-01634,272.07,395.57,Present,Present,Present,Present,None,Ungradable,3.48,Ultra-widefield
SYN-DM-01635,256.3,393.2,Absent,Absent,Present,Absent,Low,Partially gradable,7.38,OCT
SYN-DM-01636,398.54,357.44,Present,Present,Absent,Absent,Moderate,Partially gradable,6.52,OCT
SYN-DM-01637,297.57,440.47,Present,Absent,Present,Present,Moderate,Ungradable,7.97,Fundus camera
SYN-DM-01638,310.86,280.84,Absent,Absent,Present,Absent,High,Ungradable,3.68,Ultra-widefield
SYN-DM-01639,491.34,497.87,Absent,Present,Present,Present,High,Gradable,8.25,Ultra-widefield
SYN-DM-01640,320.19,438.95,Absent,Absent,Absent,Present,Moderate,Partially gradable,7.11,OCT
SYN-DM-01641,500.73,281.8,Absent,Absent,Absent,Present,None,Gradable,4.68,OCT
SYN-DM-01642,376.71,317.36,Present,Absent,Present,Absent,High,Gradable,7.69,Fundus camera
SYN-DM-01643,512.44,297.98,Absent,Present,Absent,Present,Moderate,Ungradable,4.36,OCT
SYN-DM-01644,368.01,419.65,Absent,Absent,Absent,Present,None,Partially gradable,5.82,Ultra-widefield
SYN-DM-01645,400.57,292.55,Absent,Absent,Absent,Present,Low,Gradable,8.62,OCT angiography
SYN-DM-01646,372.33,339.78,Present,Present,Present,Absent,None,Ungradable,8.77,Ultra-widefield
SYN-DM-01647,286.22,400.56,Absent,Present,Absent,Present,Moderate,Partially gradable,8.31,OCT angiography
SYN-DM-01648,249.3,371.88,Present,Present,Absent,Absent,None,Partially gradable,5.89,OCT angiography
SYN-DM-01649,508.59,422.96,Absent,Absent,Absent,Absent,High,Ungradable,7.96,Ultra-widefield
SYN-DM-01650,345.12,243.2,Absent,Present,Absent,Absent,None,Ungradable,6.68,Fundus camera
SYN-DM-01651,501.14,432.74,Absent,Absent,Present,Present,High,Partially gradable,7.95,Ultra-widefield
SYN-DM-01652,431.73,287.97,Present,Present,Present,Present,High,Ungradable,6.93,Ultra-widefield
SYN-DM-01653,308.06,482.61,Present,Absent,Absent,Present,Low,Gradable,4.22,Ultra-widefield
SYN-DM-01654,512.91,320.0,Absent,Absent,Present,Absent,None,Ungradable,8.18,Fundus camera
SYN-DM-01655,355.86,367.02,Absent,Present,Absent,Present,Low,Ungradable,7.49,OCT angiography
SYN-DM-01656,340.16,403.62,Present,Absent,Present,Absent,Low,Partially gradable,8.41,Fundus camera
SYN-DM-01657,508.37,472.08,Absent,Absent,Present,Absent,None,Partially gradable,6.24,OCT angiography
SYN-DM-01658,470.68,332.57,Absent,Absent,Absent,Absent,None,Ungradable,8.83,OCT
SYN-DM-01659,263.04,255.02,Absent,Present,Present,Absent,Low,Partially gradable,5.14,Ultra-widefield
SYN-DM-01660,278.91,451.26,Present,Present,Present,Absent,Moderate,Partially gradable,8.21,Fundus camera
SYN-DM-01661,369.97,416.85,Present,Absent,Absent,Absent,Moderate,Gradable,3.9,OCT angiography
SYN-DM-01662,261.25,440.8,Present,Present,Absent,Absent,Low,Ungradable,6.7,Fundus camera
SYN-DM-01663,432.42,291.5,Absent,Present,Present,Absent,Moderate,Partially gradable,4.82,OCT
SYN-DM-01664,426.76,209.71,Present,Absent,Absent,Present,None,Partially gradable,8.5,Ultra-widefield
SYN-DM-01665,472.83,455.72,Present,Present,Present,Absent,Low,Gradable,4.68,OCT angiography
SYN-DM-01666,266.62,490.51,Absent,Absent,Present,Absent,Low,Gradable,7.23,OCT angiography
SYN-DM-01667,244.29,380.7,Absent,Present,Absent,Absent,High,Ungradable,7.86,Fundus camera
SYN-DM-01668,416.33,217.99,Absent,Absent,Present,Present,High,Ungradable,8.88,OCT
SYN-DM-01669,257.06,336.46,Present,Absent,Absent,Absent,Moderate,Gradable,4.5,Ultra-widefield
SYN-DM-01670,253.34,501.75,Absent,Absent,Absent,Present,None,Gradable,5.64,OCT
SYN-DM-01671,362.93,326.39,Present,Present,Present,Absent,High,Gradable,4.81,Ultra-widefield
SYN-DM-01672,294.67,366.77,Present,Absent,Absent,Present,Moderate,Gradable,5.58,Ultra-widefield
SYN-DM-01673,450.39,433.18,Present,Absent,Absent,Absent,High,Partially gradable,6.16,Ultra-widefield
SYN-DM-01674,464.56,333.04,Present,Present,Absent,Absent,Moderate,Gradable,8.64,OCT
SYN-DM-01675,418.76,444.08,Absent,Absent,Absent,Present,None,Gradable,5.4,Fundus camera
SYN-DM-01676,377.99,438.39,Absent,Absent,Present,Present,High,Partially gradable,3.17,Fundus camera
SYN-DM-01677,314.83,233.25,Present,Present,Absent,Absent,Moderate,Gradable,4.97,OCT
SYN-DM-01678,335.72,311.27,Absent,Absent,Absent,Present,High,Partially gradable,7.82,OCT angiography
SYN-DM-01679,328.98,480.77,Present,Present,Absent,Absent,High,Gradable,8.52,Ultra-widefield
SYN-DM-01680,268.47,302.79,Absent,Present,Absent,Absent,Low,Partially gradable,5.22,OCT angiography
SYN-DM-01681,357.94,417.13,Present,Absent,Present,Present,Moderate,Gradable,6.05,OCT
SYN-DM-01682,439.61,223.22,Absent,Present,Present,Present,Low,Gradable,8.05,OCT
SYN-DM-01683,234.74,374.37,Absent,Present,Present,Absent,None,Gradable,4.87,OCT
SYN-DM-01684,455.87,404.15,Present,Present,Absent,Present,High,Ungradable,5.59,OCT
SYN-DM-01685,287.88,239.84,Present,Present,Absent,Absent,None,Gradable,3.91,Ultra-widefield
SYN-DM-01686,268.09,331.33,Absent,Present,Absent,Present,Low,Partially gradable,8.52,Ultra-widefield
SYN-DM-01687,218.95,375.55,Absent,Present,Absent,Absent,Moderate,Partially gradable,4.87,OCT angiography
SYN-DM-01688,463.89,431.36,Present,Present,Present,Present,None,Gradable,5.93,Ultra-widefield
SYN-DM-01689,384.75,459.04,Absent,Absent,Present,Present,Low,Ungradable,7.88,Fundus camera
SYN-DM-01690,267.67,286.62,Present,Absent,Present,Present,High,Partially gradable,6.69,OCT
SYN-DM-01691,237.47,285.77,Present,Present,Absent,Absent,Low,Ungradable,7.05,Ultra-widefield
SYN-DM-01692,317.96,421.84,Absent,Absent,Present,Present,Moderate,Ungradable,3.1,OCT angiography
SYN-DM-01693,511.01,238.61,Absent,Present,Present,Present,Moderate,Gradable,7.16,OCT
SYN-DM-01694,372.57,442.59,Absent,Present,Absent,Present,Moderate,Gradable,3.75,Fundus camera
SYN-DM-01695,228.63,433.79,Absent,Present,Absent,Absent,Low,Gradable,4.1,OCT angiography
SYN-DM-01696,429.87,237.02,Present,Absent,Present,Present,High,Partially gradable,4.22,Ultra-widefield
SYN-DM-01697,255.63,291.42,Present,Absent,Absent,Absent,Low,Gradable,4.99,OCT
SYN-DM-01698,437.13,328.11,Absent,Absent,Present,Absent,High,Gradable,6.66,OCT angiography
SYN-DM-01699,398.32,212.02,Present,Absent,Present,Absent,High,Gradable,7.77,OCT
SYN-DM-01700,430.94,267.71,Present,Present,Present,Present,Moderate,Partially gradable,7.96,OCT
SYN-DM-01701,502.92,443.29,Present,Absent,Present,Present,Moderate,Ungradable,5.49,OCT
SYN-DM-01702,504.8,264.32,Present,Present,Absent,Absent,Moderate,Ungradable,4.24,OCT angiography
SYN-DM-01703,326.38,229.6,Absent,Present,Present,Absent,High,Ungradable,5.59,Fundus camera
SYN-DM-01704,236.38,475.36,Absent,Present,Absent,Present,Moderate,Ungradable,7.26,OCT angiography
SYN-DM-01705,356.43,295.92,Absent,Present,Present,Present,None,Partially gradable,7.17,OCT
SYN-DM-01706,437.57,474.57,Absent,Present,Absent,Absent,Moderate,Ungradable,3.37,OCT
SYN-DM-01707,265.07,300.32,Absent,Present,Present,Present,None,Partially gradable,8.38,OCT angiography
SYN-DM-01708,272.96,377.41,Absent,Present,Absent,Absent,Moderate,Partially gradable,3.48,Fundus camera
SYN-DM-01709,346.12,264.95,Present,Absent,Absent,Absent,None,Partially gradable,4.19,OCT angiography
SYN-DM-01710,345.3,337.81,Present,Present,Present,Absent,Moderate,Partially gradable,6.33,Fundus camera
SYN-DM-01711,457.61,321.48,Absent,Present,Absent,Absent,High,Partially gradable,3.14,Ultra-widefield
SYN-DM-01712,302.78,396.68,Absent,Absent,Absent,Absent,Moderate,Gradable,3.03,OCT angiography
SYN-DM-01713,450.41,438.29,Absent,Absent,Absent,Present,High,Ungradable,4.03,OCT angiography
SYN-DM-01714,448.66,347.63,Present,Present,Present,Present,Low,Ungradable,4.07,OCT angiography
SYN-DM-01715,386.97,297.24,Absent,Present,Absent,Absent,None,Gradable,4.53,OCT
SYN-DM-01716,223.82,212.85,Absent,Absent,Present,Present,Moderate,Partially gradable,6.36,OCT angiography
SYN-DM-01717,240.24,338.2,Present,Present,Absent,Present,Moderate,Ungradable,8.83,OCT angiography
SYN-DM-01718,459.97,281.51,Absent,Absent,Absent,Present,Moderate,Partially gradable,4.1,OCT angiography
SYN-DM-01719,347.04,262.24,Present,Present,Present,Absent,High,Ungradable,4.28,Fundus camera
SYN-DM-01720,485.5,272.25,Absent,Present,Absent,Present,Low,Ungradable,7.6,OCT
SYN-DM-01721,495.47,258.87,Absent,Present,Present,Present,High,Partially gradable,5.19,OCT
SYN-DM-01722,454.53,493.34,Present,Present,Absent,Absent,High,Ungradable,8.24,Fundus camera
SYN-DM-01723,336.98,256.33,Absent,Present,Present,Present,None,Gradable,5.3,Fundus camera
SYN-DM-01724,468.19,326.24,Absent,Present,Present,Absent,Low,Gradable,3.72,OCT angiography
SYN-DM-01725,411.02,345.47,Present,Present,Absent,Absent,Low,Ungradable,8.79,OCT angiography
SYN-DM-01726,304.84,221.0,Present,Present,Absent,Present,High,Ungradable,3.72,Fundus camera
SYN-DM-01727,395.42,415.71,Absent,Absent,Present,Absent,Low,Ungradable,3.71,Ultra-widefield
SYN-DM-01728,296.04,369.05,Present,Absent,Absent,Present,Moderate,Ungradable,8.24,Ultra-widefield
SYN-DM-01729,353.04,468.09,Absent,Present,Absent,Present,Moderate,Ungradable,6.46,OCT angiography
SYN-DM-01730,235.38,428.84,Absent,Absent,Absent,Present,Low,Gradable,8.92,Fundus camera
SYN-DM-01731,516.58,237.52,Present,Absent,Absent,Absent,Low,Ungradable,6.84,OCT angiography
SYN-DM-01732,417.33,312.71,Present,Present,Absent,Present,Moderate,Ungradable,7.03,OCT
SYN-DM-01733,321.41,362.42,Absent,Absent,Absent,Present,High,Gradable,7.64,OCT angiography
SYN-DM-01734,232.54,464.14,Present,Present,Absent,Absent,High,Gradable,8.58,Fundus camera
SYN-DM-01735,296.1,459.69,Present,Absent,Absent,Absent,Moderate,Ungradable,7.09,OCT angiography
SYN-DM-01736,429.23,454.7,Present,Present,Present,Absent,High,Partially gradable,6.19,Ultra-widefield
SYN-DM-01737,323.78,333.27,Absent,Present,Present,Absent,Low,Ungradable,4.08,OCT angiography
SYN-DM-01738,499.43,293.76,Absent,Absent,Absent,Absent,Moderate,Partially gradable,3.1,OCT angiography
SYN-DM-01739,435.54,279.45,Present,Absent,Present,Absent,Low,Ungradable,3.49,Ultra-widefield
SYN-DM-01740,359.41,277.45,Absent,Absent,Present,Absent,Low,Ungradable,7.71,Fundus camera
SYN-DM-01741,487.77,315.48,Present,Present,Absent,Present,None,Gradable,5.8,Ultra-widefield
SYN-DM-01742,316.95,391.08,Absent,Present,Absent,Present,Low,Gradable,3.44,OCT
SYN-DM-01743,403.84,436.64,Absent,Present,Absent,Absent,High,Gradable,5.74,OCT angiography
SYN-DM-01744,395.3,265.0,Absent,Present,Present,Present,None,Partially gradable,3.72,OCT
SYN-DM-01745,418.53,445.95,Absent,Present,Present,Absent,Low,Ungradable,6.08,OCT
SYN-DM-01746,379.03,291.73,Present,Present,Absent,Absent,High,Partially gradable,6.1,OCT angiography
SYN-DM-01747,240.5,441.53,Absent,Present,Absent,Absent,High,Partially gradable,6.56,OCT
SYN-DM-01748,401.94,470.14,Absent,Present,Absent,Absent,Moderate,Partially gradable,5.05,Ultra-widefield
SYN-DM-01749,304.07,307.96,Present,Absent,Present,Present,None,Ungradable,4.9,Ultra-widefield
SYN-DM-01750,437.99,433.52,Present,Present,Present,Present,Moderate,Ungradable,6.11,Fundus camera
SYN-DM-01751,265.3,364.81,Absent,Absent,Absent,Present,Low,Ungradable,5.89,OCT angiography
SYN-DM-01752,390.31,378.18,Absent,Present,Present,Present,Low,Partially gradable,4.83,Fundus camera
SYN-DM-01753,214.52,314.71,Present,Absent,Present,Present,None,Partially gradable,4.65,Ultra-widefield
SYN-DM-01754,278.63,390.38,Present,Present,Present,Absent,None,Gradable,7.08,Ultra-widefield
SYN-DM-01755,338.81,455.32,Present,Absent,Present,Absent,Low,Ungradable,4.91,OCT
SYN-DM-01756,351.66,434.18,Absent,Absent,Present,Present,Low,Gradable,5.07,Ultra-widefield
SYN-DM-01757,377.64,315.04,Present,Absent,Present,Absent,Low,Partially gradable,5.37,Fundus camera
SYN-DM-01758,445.85,418.59,Absent,Present,Present,Present,Low,Partially gradable,3.42,OCT
SYN-DM-01759,250.6,231.6,Present,Absent,Absent,Absent,None,Gradable,5.59,Ultra-widefield
SYN-DM-01760,423.38,458.93,Absent,Present,Present,Present,High,Ungradable,5.72,Fundus camera
SYN-DM-01761,404.04,247.77,Present,Absent,Present,Absent,Moderate,Ungradable,6.02,OCT angiography
SYN-DM-01762,515.81,473.34,Present,Present,Present,Present,None,Partially gradable,4.53,OCT
SYN-DM-01763,442.26,265.04,Present,Present,Present,Present,Moderate,Ungradable,3.01,Fundus camera
SYN-DM-01764,218.14,309.46,Absent,Absent,Absent,Absent,Moderate,Ungradable,4.8,Ultra-widefield
SYN-DM-01765,392.25,380.12,Present,Absent,Present,Present,None,Ungradable,6.46,Ultra-widefield
SYN-DM-01766,292.13,339.44,Absent,Present,Absent,Present,None,Partially gradable,4.21,OCT angiography
SYN-DM-01767,288.45,288.06,Present,Present,Absent,Absent,Moderate,Partially gradable,4.78,Fundus camera
SYN-DM-01768,227.18,236.79,Present,Absent,Present,Absent,Moderate,Partially gradable,7.57,Ultra-widefield
SYN-DM-01769,383.41,345.55,Absent,Absent,Present,Absent,Moderate,Gradable,3.27,Ultra-widefield
SYN-DM-01770,357.79,243.23,Present,Absent,Present,Absent,Moderate,Gradable,6.52,OCT
SYN-DM-01771,219.56,435.37,Present,Present,Present,Absent,None,Ungradable,7.89,OCT angiography
SYN-DM-01772,312.11,331.71,Present,Absent,Present,Absent,High,Gradable,6.28,Ultra-widefield
SYN-DM-01773,407.83,486.31,Present,Absent,Absent,Present,High,Gradable,3.6,Ultra-widefield
SYN-DM-01774,451.74,451.21,Absent,Absent,Absent,Absent,High,Partially gradable,8.59,Ultra-widefield
SYN-DM-01775,304.24,479.22,Present,Present,Absent,Present,High,Gradable,5.57,Ultra-widefield
SYN-DM-01776,265.67,366.98,Present,Absent,Present,Present,High,Gradable,6.69,Ultra-widefield
SYN-DM-01777,363.94,271.01,Absent,Absent,Present,Present,Low,Gradable,5.36,OCT angiography
SYN-DM-01778,231.85,242.57,Present,Absent,Absent,Absent,Low,Ungradable,8.91,OCT
SYN-DM-01779,488.47,386.87,Present,Absent,Absent,Absent,Low,Gradable,7.78,OCT
SYN-DM-01780,498.56,209.81,Present,Present,Absent,Absent,None,Gradable,5.42,Ultra-widefield
SYN-DM-01781,218.47,499.1,Present,Absent,Absent,Present,None,Partially gradable,4.76,OCT
SYN-DM-01782,385.63,440.96,Absent,Present,Present,Absent,None,Partially gradable,6.12,OCT angiography
SYN-DM-01783,345.46,385.74,Present,Absent,Absent,Present,High,Partially gradable,8.79,OCT
SYN-DM-01784,368.37,325.25,Present,Present,Present,Absent,Moderate,Ungradable,5.3,OCT angiography
SYN-DM-01785,492.29,301.57,Present,Absent,Absent,Absent,None,Ungradable,4.91,Ultra-widefield
SYN-DM-01786,397.89,496.59,Absent,Present,Absent,Absent,High,Gradable,7.7,Ultra-widefield
SYN-DM-01787,353.83,345.74,Present,Absent,Present,Absent,High,Partially gradable,7.93,Ultra-widefield
SYN-DM-01788,295.59,280.46,Present,Present,Absent,Present,None,Partially gradable,3.71,OCT
SYN-DM-01789,398.55,372.24,Present,Absent,Present,Present,Moderate,Ungradable,7.65,Fundus camera
SYN-DM-01790,355.72,244.03,Absent,Absent,Present,Absent,Moderate,Ungradable,5.38,Fundus camera
SYN-DM-01791,331.82,287.26,Present,Present,Absent,Absent,High,Ungradable,6.59,Fundus camera
SYN-DM-01792,339.54,219.82,Present,Absent,Absent,Absent,Moderate,Gradable,7.01,OCT angiography
SYN-DM-01793,340.36,296.42,Present,Present,Absent,Absent,Low,Partially gradable,7.13,Ultra-widefield
SYN-DM-01794,400.55,436.81,Present,Present,Present,Absent,High,Ungradable,4.09,OCT
SYN-DM-01795,381.69,413.47,Present,Absent,Absent,Absent,Low,Ungradable,5.19,Fundus camera
SYN-DM-01796,489.03,364.38,Absent,Present,Absent,Present,Low,Ungradable,7.56,Fundus camera
SYN-DM-01797,316.74,319.51,Present,Present,Present,Absent,Moderate,Partially gradable,8.54,Ultra-widefield
SYN-DM-01798,362.81,476.15,Present,Absent,Absent,Present,None,Ungradable,7.56,Fundus camera
SYN-DM-01799,504.63,269.85,Absent,Present,Present,Absent,Moderate,Partially gradable,6.27,OCT angiography
SYN-DM-01800,455.03,255.35,Absent,Present,Present,Present,Low,Ungradable,8.81,OCT
SYN-DM-01801,229.85,272.09,Present,Present,Absent,Absent,None,Gradable,3.32,Ultra-widefield
SYN-DM-01802,256.96,223.51,Absent,Absent,Present,Present,None,Ungradable,8.86,OCT angiography
SYN-DM-01803,400.83,279.75,Absent,Present,Present,Present,None,Partially gradable,5.09,OCT
SYN-DM-01804,374.38,455.9,Absent,Absent,Absent,Absent,Moderate,Partially gradable,5.0,OCT
SYN-DM-01805,465.7,402.66,Present,Present,Absent,Present,Moderate,Partially gradable,4.76,OCT
SYN-DM-01806,398.26,476.1,Absent,Absent,Present,Absent,High,Ungradable,3.89,Fundus camera
SYN-DM-01807,271.7,403.63,Absent,Present,Absent,Absent,Low,Gradable,6.7,OCT
SYN-DM-01808,297.79,244.84,Present,Present,Absent,Absent,None,Ungradable,5.34,Ultra-widefield
SYN-DM-01809,312.21,349.29,Present,Absent,Present,Present,Moderate,Gradable,8.31,Ultra-widefield
SYN-DM-01810,250.85,274.27,Present,Absent,Present,Absent,Low,Partially gradable,3.86,Ultra-widefield
SYN-DM-01811,366.29,444.59,Absent,Absent,Absent,Present,High,Partially gradable,7.93,Ultra-widefield
SYN-DM-01812,305.08,214.75,Present,Present,Absent,Absent,None,Partially gradable,5.2,Fundus camera
SYN-DM-01813,433.01,324.99,Present,Absent,Absent,Absent,Low,Ungradable,5.0,OCT angiography
SYN-DM-01814,363.42,301.64,Present,Absent,Absent,Present,High,Ungradable,5.65,OCT angiography
SYN-DM-01815,287.02,292.31,Absent,Present,Absent,Present,Moderate,Partially gradable,7.05,Ultra-widefield
SYN-DM-01816,278.68,300.82,Present,Present,Present,Present,High,Gradable,6.24,OCT
SYN-DM-01817,275.32,244.83,Present,Absent,Present,Present,Moderate,Ungradable,3.1,OCT
SYN-DM-01818,509.32,361.51,Absent,Absent,Present,Present,Moderate,Gradable,8.28,Fundus camera
SYN-DM-01819,412.54,247.02,Present,Present,Present,Present,None,Ungradable,8.99,OCT angiography
SYN-DM-01820,511.04,306.37,Absent,Absent,Absent,Absent,High,Partially gradable,3.51,OCT angiography
SYN-DM-01821,433.4,464.77,Absent,Present,Present,Present,Moderate,Gradable,3.78,OCT
SYN-DM-01822,459.35,365.73,Absent,Present,Present,Present,High,Partially gradable,7.25,OCT
SYN-DM-01823,436.7,474.21,Present,Absent,Present,Absent,Moderate,Partially gradable,3.41,Fundus camera
SYN-DM-01824,231.34,485.94,Present,Present,Absent,Present,Low,Gradable,4.26,Fundus camera
SYN-DM-01825,285.77,378.5,Present,Absent,Present,Absent,Moderate,Gradable,6.5,OCT
SYN-DM-01826,450.8,230.62,Present,Present,Absent,Absent,Low,Ungradable,6.75,OCT angiography
SYN-DM-01827,291.54,294.95,Absent,Present,Present,Present,None,Gradable,7.48,Ultra-widefield
SYN-DM-01828,259.45,212.85,Absent,Absent,Absent,Present,None,Gradable,5.54,OCT
SYN-DM-01829,386.63,301.47,Present,Present,Absent,Present,Low,Gradable,6.44,OCT
SYN-DM-01830,463.42,388.59,Absent,Absent,Absent,Absent,Moderate,Ungradable,7.08,OCT
SYN-DM-01831,374.19,353.92,Present,Present,Absent,Present,Low,Ungradable,5.25,Ultra-widefield
SYN-DM-01832,360.46,334.56,Absent,Absent,Absent,Present,Low,Ungradable,6.0,Fundus camera
SYN-DM-01833,355.26,216.6,Present,Absent,Absent,Absent,Moderate,Ungradable,7.18,Fundus camera
SYN-DM-01834,294.38,443.2,Present,Absent,Present,Absent,Moderate,Partially gradable,6.9,OCT angiography
SYN-DM-01835,226.64,240.85,Present,Absent,Absent,Present,Low,Partially gradable,7.22,Ultra-widefield
SYN-DM-01836,376.36,225.81,Present,Absent,Present,Absent,High,Partially gradable,4.39,Fundus camera
SYN-DM-01837,486.47,368.65,Absent,Absent,Present,Absent,High,Partially gradable,5.45,OCT angiography
SYN-DM-01838,284.73,444.24,Absent,Present,Present,Present,Low,Ungradable,4.72,OCT angiography
SYN-DM-01839,328.06,483.38,Absent,Absent,Absent,Present,Low,Ungradable,5.15,OCT angiography
SYN-DM-01840,494.69,326.31,Absent,Absent,Absent,Absent,Moderate,Gradable,4.32,Ultra-widefield
SYN-DM-01841,399.63,425.09,Absent,Absent,Absent,Absent,High,Ungradable,8.89,OCT angiography
SYN-DM-01842,423.46,287.11,Absent,Absent,Present,Present,High,Gradable,4.31,OCT angiography
SYN-DM-01843,500.85,400.27,Absent,Present,Present,Absent,Low,Partially gradable,3.91,Ultra-widefield
SYN-DM-01844,237.78,236.4,Absent,Present,Present,Present,None,Ungradable,5.62,Fundus camera
SYN-DM-01845,253.41,455.83,Present,Absent,Absent,Absent,Moderate,Partially gradable,5.7,Fundus camera
SYN-DM-01846,414.25,464.19,Present,Present,Present,Absent,None,Gradable,5.6,OCT angiography
SYN-DM-01847,474.01,295.93,Absent,Present,Present,Present,None,Gradable,5.73,Ultra-widefield
SYN-DM-01848,305.92,267.33,Absent,Present,Absent,Present,None,Ungradable,8.07,OCT angiography
SYN-DM-01849,361.51,453.54,Absent,Present,Absent,Present,High,Ungradable,8.3,Fundus camera
SYN-DM-01850,343.68,310.86,Present,Present,Present,Absent,Low,Gradable,6.96,Ultra-widefield
SYN-DM-01851,298.33,221.98,Absent,Absent,Absent,Absent,High,Partially gradable,4.8,Fundus camera
SYN-DM-01852,260.45,241.31,Absent,Present,Present,Absent,Low,Partially gradable,6.52,Ultra-widefield
SYN-DM-01853,429.67,284.47,Absent,Absent,Absent,Absent,Moderate,Partially gradable,4.86,OCT angiography
SYN-DM-01854,392.34,338.26,Present,Present,Present,Present,Moderate,Partially gradable,5.26,OCT
SYN-DM-01855,427.5,286.06,Absent,Present,Present,Present,Moderate,Gradable,6.42,OCT
SYN-DM-01856,425.13,429.92,Present,Present,Present,Present,High,Partially gradable,8.13,Fundus camera
SYN-DM-01857,405.44,463.23,Absent,Absent,Present,Absent,None,Partially gradable,6.44,OCT angiography
SYN-DM-01858,249.67,383.69,Absent,Absent,Present,Present,None,Partially gradable,8.31,OCT angiography
SYN-DM-01859,320.78,338.18,Present,Present,Absent,Absent,High,Gradable,5.65,Ultra-widefield
SYN-DM-01860,407.93,326.45,Present,Absent,Absent,Absent,Moderate,Partially gradable,5.72,OCT
SYN-DM-01861,281.04,412.86,Absent,Present,Absent,Absent,High,Gradable,4.41,Ultra-widefield
SYN-DM-01862,447.81,326.65,Present,Present,Present,Present,High,Partially gradable,7.09,Ultra-widefield
SYN-DM-01863,486.56,454.87,Present,Absent,Absent,Absent,None,Gradable,8.25,Fundus camera
SYN-DM-01864,360.31,227.17,Present,Absent,Absent,Present,High,Partially gradable,8.92,Fundus camera
SYN-DM-01865,426.46,388.66,Present,Present,Present,Absent,Moderate,Ungradable,6.09,Ultra-widefield
SYN-DM-01866,312.72,294.82,Absent,Absent,Absent,Present,Low,Partially gradable,7.72,Fundus camera
SYN-DM-01867,355.48,415.69,Present,Absent,Absent,Absent,Low,Partially gradable,4.65,Ultra-widefield
SYN-DM-01868,313.03,449.9,Absent,Absent,Present,Present,High,Ungradable,4.83,OCT
SYN-DM-01869,452.21,409.09,Present,Present,Absent,Present,Low,Gradable,7.15,Fundus camera
SYN-DM-01870,269.74,438.61,Present,Absent,Absent,Absent,None,Gradable,3.16,OCT
SYN-DM-01871,264.85,454.99,Absent,Absent,Present,Absent,Moderate,Gradable,5.77,OCT
SYN-DM-01872,436.97,410.11,Present,Absent,Present,Present,None,Ungradable,8.13,OCT angiography
SYN-DM-01873,237.75,239.75,Absent,Present,Present,Absent,Moderate,Gradable,7.05,OCT
SYN-DM-01874,360.76,346.79,Absent,Absent,Present,Absent,High,Partially gradable,8.45,Ultra-widefield
SYN-DM-01875,281.59,406.42,Present,Present,Present,Absent,High,Gradable,4.81,OCT
SYN-DM-01876,497.0,453.04,Absent,Absent,Absent,Absent,None,Gradable,6.51,OCT
SYN-DM-01877,259.35,367.85,Present,Absent,Present,Present,None,Gradable,8.01,OCT
SYN-DM-01878,381.77,317.89,Present,Present,Present,Present,High,Ungradable,5.81,Ultra-widefield
SYN-DM-01879,421.02,461.1,Absent,Present,Absent,Present,None,Ungradable,4.3,Fundus camera
SYN-DM-01880,328.35,382.27,Present,Present,Present,Present,High,Ungradable,4.14,Ultra-widefield
SYN-DM-01881,318.18,253.27,Absent,Present,Absent,Present,None,Partially gradable,4.8,OCT
SYN-DM-01882,515.6,267.32,Present,Absent,Absent,Present,None,Gradable,8.19,Ultra-widefield
SYN-DM-01883,314.01,449.88,Present,Present,Absent,Present,None,Gradable,8.18,Ultra-widefield
SYN-DM-01884,375.23,369.96,Absent,Present,Present,Absent,High,Ungradable,5.0,Fundus camera
SYN-DM-01885,243.34,391.06,Absent,Present,Absent,Absent,Low,Gradable,8.4,Fundus camera
SYN-DM-01886,319.57,228.22,Present,Absent,Present,Present,High,Ungradable,3.4,Ultra-widefield
SYN-DM-01887,273.21,329.91,Present,Absent,Absent,Present,High,Gradable,3.8,OCT angiography
SYN-DM-01888,217.93,343.45,Absent,Present,Present,Absent,Low,Ungradable,7.22,OCT angiography
SYN-DM-01889,351.18,238.51,Present,Absent,Present,Present,Moderate,Ungradable,8.65,OCT
SYN-DM-01890,440.82,238.29,Absent,Present,Present,Present,Low,Ungradable,8.2,OCT
SYN-DM-01891,480.11,404.01,Present,Present,Present,Absent,High,Ungradable,8.26,OCT
SYN-DM-01892,394.89,368.96,Present,Present,Present,Absent,Low,Partially gradable,7.41,Ultra-widefield
SYN-DM-01893,445.15,434.04,Present,Present,Present,Present,None,Gradable,8.21,OCT
SYN-DM-01894,276.05,212.85,Present,Present,Absent,Present,High,Gradable,4.94,OCT
SYN-DM-01895,326.56,446.81,Absent,Absent,Absent,Absent,High,Gradable,3.78,Fundus camera
SYN-DM-01896,314.38,327.74,Present,Present,Absent,Present,High,Gradable,5.62,OCT angiography
SYN-DM-01897,334.78,354.12,Absent,Absent,Present,Absent,Moderate,Partially gradable,3.73,OCT angiography
SYN-DM-01898,250.49,270.56,Absent,Present,Absent,Present,High,Ungradable,5.73,OCT
SYN-DM-01899,363.92,437.92,Absent,Present,Absent,Present,High,Partially gradable,6.54,Fundus camera
SYN-DM-01900,239.05,435.51,Present,Present,Absent,Absent,Low,Partially gradable,4.36,OCT angiography
SYN-DM-01901,431.47,344.27,Absent,Present,Absent,Absent,Moderate,Ungradable,5.4,Ultra-widefield
SYN-DM-01902,362.69,493.15,Present,Present,Present,Absent,High,Partially gradable,3.78,Ultra-widefield
SYN-DM-01903,289.86,498.55,Absent,Present,Present,Absent,High,Partially gradable,5.49,Ultra-widefield
SYN-DM-01904,320.92,244.2,Present,Present,Present,Absent,Moderate,Ungradable,4.55,OCT angiography
SYN-DM-01905,412.95,458.89,Present,Present,Present,Absent,Moderate,Gradable,6.67,OCT angiography
SYN-DM-01906,261.7,240.47,Present,Absent,Present,Present,Moderate,Partially gradable,5.74,OCT angiography
SYN-DM-01907,515.26,434.27,Absent,Present,Present,Absent,None,Ungradable,4.8,Ultra-widefield
SYN-DM-01908,449.78,365.12,Present,Present,Present,Present,High,Gradable,8.34,OCT
SYN-DM-01909,239.71,494.16,Present,Present,Present,Present,Moderate,Ungradable,6.51,OCT
SYN-DM-01910,307.11,251.45,Absent,Absent,Present,Absent,Moderate,Ungradable,6.12,Fundus camera
SYN-DM-01911,468.28,469.44,Present,Absent,Present,Absent,High,Ungradable,4.84,OCT angiography
SYN-DM-01912,279.84,305.2,Present,Absent,Absent,Absent,None,Gradable,6.44,OCT
SYN-DM-01913,442.74,307.14,Present,Present,Absent,Present,Low,Partially gradable,3.44,Fundus camera
SYN-DM-01914,316.58,250.4,Absent,Absent,Present,Present,High,Ungradable,4.6,OCT angiography
SYN-DM-01915,478.84,299.48,Absent,Present,Present,Absent,Moderate,Gradable,7.67,OCT angiography
SYN-DM-01916,392.85,315.9,Absent,Present,Absent,Present,High,Ungradable,5.82,Fundus camera
SYN-DM-01917,407.87,331.91,Present,Absent,Absent,Present,High,Gradable,8.95,Fundus camera
SYN-DM-01918,388.18,499.3,Absent,Absent,Absent,Present,Low,Partially gradable,4.13,OCT angiography
SYN-DM-01919,239.69,248.96,Present,Present,Absent,Present,None,Gradable,6.32,OCT angiography
SYN-DM-01920,374.31,383.99,Present,Present,Absent,Absent,None,Partially gradable,3.06,OCT
SYN-DM-01921,357.49,350.87,Present,Present,Absent,Absent,Moderate,Gradable,8.5,OCT
SYN-DM-01922,329.07,264.21,Present,Absent,Absent,Present,Moderate,Gradable,5.94,Ultra-widefield
SYN-DM-01923,456.41,288.49,Absent,Absent,Absent,Absent,High,Ungradable,8.17,OCT
SYN-DM-01924,237.07,386.71,Absent,Present,Absent,Absent,Moderate,Ungradable,6.48,Ultra-widefield
SYN-DM-01925,308.1,343.57,Absent,Absent,Present,Present,Low,Gradable,6.06,OCT
SYN-DM-01926,495.84,372.43,Absent,Present,Present,Absent,Low,Ungradable,5.51,Fundus camera
SYN-DM-01927,232.97,251.76,Absent,Present,Present,Absent,High,Gradable,7.77,OCT
SYN-DM-01928,259.73,436.05,Present,Present,Present,Present,High,Ungradable,6.02,OCT angiography
SYN-DM-01929,440.91,212.24,Present,Absent,Present,Present,None,Partially gradable,8.19,OCT
SYN-DM-01930,448.06,423.71,Present,Absent,Present,Absent,None,Gradable,6.65,Ultra-widefield
SYN-DM-01931,234.91,244.2,Absent,Absent,Absent,Absent,High,Partially gradable,7.88,OCT
SYN-DM-01932,355.52,310.13,Present,Absent,Absent,Absent,Low,Partially gradable,4.57,Fundus camera
SYN-DM-01933,427.78,277.54,Absent,Present,Absent,Present,High,Gradable,5.85,OCT
SYN-DM-01934,497.84,325.98,Absent,Absent,Present,Present,None,Partially gradable,3.91,OCT
SYN-DM-01935,407.84,229.16,Absent,Present,Absent,Absent,High,Gradable,5.91,OCT
SYN-DM-01936,343.6,292.14,Absent,Present,Present,Absent,Low,Ungradable,8.13,Ultra-widefield
SYN-DM-01937,373.06,321.77,Absent,Absent,Present,Absent,Low,Partially gradable,6.76,Ultra-widefield
SYN-DM-01938,510.04,315.47,Present,Present,Present,Absent,Low,Gradable,6.0,Ultra-widefield
SYN-DM-01939,380.54,300.23,Absent,Present,Present,Present,High,Ungradable,5.79,Fundus camera
SYN-DM-01940,327.32,346.36,Absent,Present,Absent,Present,None,Gradable,9.0,OCT
SYN-DM-01941,267.91,340.53,Absent,Present,Absent,Absent,Low,Ungradable,3.88,OCT angiography
SYN-DM-01942,404.19,315.07,Absent,Present,Present,Present,None,Ungradable,7.45,Ultra-widefield
SYN-DM-01943,427.85,313.17,Present,Present,Present,Present,Moderate,Ungradable,4.22,Fundus camera
SYN-DM-01944,263.34,262.85,Present,Absent,Absent,Present,High,Partially gradable,4.28,Ultra-widefield
SYN-DM-01945,385.92,451.88,Absent,Absent,Absent,Absent,Moderate,Ungradable,8.21,Fundus camera
SYN-DM-01946,421.87,220.3,Absent,Present,Present,Absent,Low,Ungradable,4.07,Fundus camera
SYN-DM-01947,242.88,473.59,Absent,Absent,Absent,Absent,None,Partially gradable,3.95,OCT angiography
SYN-DM-01948,233.25,334.14,Absent,Absent,Absent,Absent,None,Gradable,5.38,OCT angiography
SYN-DM-01949,401.63,465.75,Absent,Present,Absent,Absent,Moderate,Ungradable,6.22,Ultra-widefield
SYN-DM-01950,326.16,312.35,Absent,Absent,Present,Absent,Low,Partially gradable,5.3,Fundus camera
SYN-DM-01951,342.58,448.81,Present,Present,Absent,Absent,Moderate,Ungradable,4.25,Ultra-widefield
SYN-DM-01952,325.52,461.59,Present,Present,Absent,Absent,Low,Gradable,5.33,OCT
SYN-DM-01953,350.97,325.45,Present,Present,Absent,Present,High,Partially gradable,3.74,OCT angiography
SYN-DM-01954,398.01,294.99,Present,Absent,Present,Absent,None,Gradable,5.88,OCT angiography
SYN-DM-01955,245.02,338.98,Absent,Absent,Absent,Present,High,Ungradable,8.77,Fundus camera
SYN-DM-01956,319.06,395.68,Absent,Absent,Absent,Present,Low,Gradable,8.31,OCT
SYN-DM-01957,365.23,308.46,Present,Absent,Present,Absent,High,Gradable,6.01,Ultra-widefield
SYN-DM-01958,479.64,342.55,Absent,Absent,Present,Present,None,Gradable,5.72,Ultra-widefield
SYN-DM-01959,458.35,388.72,Present,Present,Absent,Absent,None,Partially gradable,7.38,Fundus camera
SYN-DM-01960,476.19,248.57,Present,Present,Present,Absent,Low,Partially gradable,6.42,OCT
SYN-DM-01961,431.51,443.34,Absent,Absent,Absent,Absent,Moderate,Partially gradable,8.1,OCT angiography
SYN-DM-01962,307.23,243.12,Absent,Present,Present,Present,Low,Partially gradable,4.87,OCT
SYN-DM-01963,384.86,479.02,Absent,Present,Present,Present,High,Ungradable,6.95,OCT
SYN-DM-01964,463.11,468.68,Present,Present,Absent,Absent,High,Ungradable,5.9,Ultra-widefield
SYN-DM-01965,452.76,282.08,Absent,Absent,Absent,Present,High,Partially gradable,5.23,OCT
SYN-DM-01966,409.47,225.63,Absent,Present,Present,Absent,None,Ungradable,4.42,OCT
SYN-DM-01967,387.3,271.51,Present,Present,Present,Present,Low,Partially gradable,3.29,Ultra-widefield
SYN-DM-01968,322.64,425.97,Present,Present,Present,Present,Low,Ungradable,4.79,OCT angiography
SYN-DM-01969,312.94,272.09,Present,Present,Present,Present,High,Ungradable,8.96,Ultra-widefield
SYN-DM-01970,415.04,286.11,Present,Absent,Absent,Present,Low,Gradable,3.63,Ultra-widefield
SYN-DM-01971,298.95,273.25,Present,Present,Absent,Present,High,Gradable,3.2,OCT
SYN-DM-01972,287.2,435.72,Present,Present,Absent,Present,None,Gradable,6.46,OCT angiography
SYN-DM-01973,356.51,351.21,Present,Absent,Present,Absent,Low,Ungradable,5.37,Ultra-widefield
SYN-DM-01974,315.81,299.06,Present,Absent,Absent,Absent,None,Partially gradable,5.24,OCT angiography
SYN-DM-01975,463.55,463.72,Absent,Absent,Absent,Present,Low,Ungradable,6.68,OCT
SYN-DM-01976,312.38,308.44,Absent,Present,Present,Present,None,Partially gradable,4.0,Ultra-widefield
SYN-DM-01977,468.62,451.64,Absent,Present,Absent,Absent,None,Ungradable,8.47,OCT angiography
SYN-DM-01978,332.97,374.75,Absent,Absent,Absent,Absent,Low,Partially gradable,5.36,OCT
SYN-DM-01979,218.86,307.8,Absent,Absent,Present,Present,High,Gradable,5.75,OCT
SYN-DM-01980,468.96,339.77,Present,Present,Present,Absent,High,Gradable,7.84,OCT
SYN-DM-01981,373.61,461.33,Absent,Present,Absent,Absent,Moderate,Gradable,7.5,OCT angiography
SYN-DM-01982,215.63,407.91,Present,Present,Absent,Absent,Low,Partially gradable,7.25,Ultra-widefield
SYN-DM-01983,326.83,419.04,Present,Present,Absent,Absent,None,Partially gradable,6.08,OCT
SYN-DM-01984,468.76,283.39,Absent,Absent,Present,Absent,Low,Gradable,4.38,Ultra-widefield
SYN-DM-01985,372.51,420.45,Absent,Absent,Absent,Absent,Moderate,Ungradable,4.27,OCT
SYN-DM-01986,425.13,214.9,Present,Absent,Absent,Absent,None,Gradable,4.5,OCT angiography
SYN-DM-01987,315.25,420.99,Absent,Present,Present,Present,High,Ungradable,5.29,OCT
SYN-DM-01988,219.54,475.51,Absent,Present,Present,Present,Low,Ungradable,4.7,Fundus camera
SYN-DM-01989,253.1,344.24,Present,Absent,Absent,Present,Low,Partially gradable,3.31,OCT
SYN-DM-01990,283.62,418.91,Absent,Present,Present,Absent,Low,Ungradable,8.26,OCT angiography
SYN-DM-01991,485.91,225.53,Present,Present,Present,Absent,None,Gradable,3.91,OCT
SYN-DM-01992,254.52,409.08,Present,Present,Present,Absent,Moderate,Gradable,7.48,OCT angiography
SYN-DM-01993,260.31,275.79,Present,Absent,Present,Absent,None,Ungradable,8.39,OCT
SYN-DM-01994,347.72,350.97,Absent,Present,Absent,Present,Low,Partially gradable,7.05,Fundus camera
SYN-DM-01995,251.06,328.01,Present,Absent,Present,Absent,Moderate,Gradable,4.26,Fundus camera
SYN-DM-01996,328.68,491.73,Present,Absent,Present,Present,None,Gradable,7.67,OCT angiography
SYN-DM-01997,284.71,310.55,Present,Present,Present,Absent,Low,Partially gradable,3.28,OCT angiography
SYN-DM-01998,444.37,299.24,Absent,Present,Present,Absent,None,Gradable,6.95,Fundus camera
SYN-DM-01999,396.25,465.66,Present,Absent,Absent,Present,None,Gradable,8.22,OCT
SYN-DM-02000,298.59,429.01,Absent,Present,Absent,Absent,Low,Gradable,5.17,OCT
SYN-DM-02001,297.61,223.37,Absent,Absent,Present,Absent,High,Partially gradable,6.42,OCT angiography
SYN-DM-02002,472.77,349.79,Absent,Absent,Absent,Present,Moderate,Partially gradable,7.36,Fundus camera
SYN-DM-02003,422.91,237.02,Present,Absent,Present,Absent,Low,Ungradable,4.66,Ultra-widefield
SYN-DM-02004,321.62,352.29,Absent,Absent,Present,Absent,Moderate,Partially gradable,3.58,Fundus camera
SYN-DM-02005,380.15,307.56,Present,Absent,Present,Absent,None,Partially gradable,6.75,Fundus camera
SYN-DM-02006,448.32,378.1,Absent,Absent,Present,Absent,None,Gradable,3.64,Fundus camera
SYN-DM-02007,338.83,413.67,Absent,Present,Present,Present,Low,Gradable,5.65,OCT angiography
SYN-DM-02008,441.06,372.72,Present,Present,Present,Present,Moderate,Gradable,3.25,OCT angiography
SYN-DM-02009,271.19,433.4,Present,Present,Absent,Absent,Low,Ungradable,8.64,Fundus camera
SYN-DM-02010,242.6,496.83,Present,Absent,Present,Absent,High,Ungradable,4.18,OCT angiography
SYN-DM-02011,328.09,261.22,Present,Present,Absent,Present,Low,Partially gradable,8.3,Fundus camera
SYN-DM-02012,349.77,317.92,Present,Present,Present,Present,Low,Partially gradable,7.62,Fundus camera
SYN-DM-02013,303.41,418.37,Present,Present,Present,Present,High,Partially gradable,6.04,OCT
SYN-DM-02014,312.02,309.01,Absent,Present,Absent,Present,Low,Partially gradable,4.76,OCT
SYN-DM-02015,494.98,321.44,Present,Absent,Absent,Present,None,Partially gradable,7.65,Ultra-widefield
SYN-DM-02016,410.83,257.37,Absent,Absent,Present,Absent,Moderate,Partially gradable,4.37,Ultra-widefield
SYN-DM-02017,272.41,342.48,Present,Absent,Present,Absent,None,Gradable,8.45,Ultra-widefield
SYN-DM-02018,268.07,268.73,Absent,Present,Present,Present,Moderate,Ungradable,8.72,OCT angiography
SYN-DM-02019,469.49,263.46,Present,Present,Absent,Absent,High,Partially gradable,3.05,Fundus camera
SYN-DM-02020,255.65,468.09,Absent,Absent,Present,Present,Moderate,Ungradable,5.89,OCT angiography
SYN-DM-02021,308.53,228.27,Absent,Absent,Absent,Absent,Moderate,Ungradable,7.19,Fundus camera
SYN-DM-02022,280.54,378.61,Present,Present,Absent,Absent,None,Ungradable,6.41,OCT
SYN-DM-02023,327.78,224.71,Absent,Present,Present,Present,High,Ungradable,5.03,OCT angiography
SYN-DM-02024,409.78,255.08,Present,Present,Absent,Present,High,Ungradable,6.44,OCT angiography
SYN-DM-02025,510.98,302.05,Present,Present,Absent,Present,Low,Partially gradable,5.86,OCT angiography
SYN-DM-02026,274.42,451.34,Absent,Absent,Present,Absent,High,Ungradable,6.64,Fundus camera
SYN-DM-02027,331.69,238.49,Present,Absent,Present,Present,Low,Ungradable,6.73,OCT angiography
SYN-DM-02028,505.52,332.41,Absent,Present,Present,Present,Moderate,Partially gradable,8.24,Ultra-widefield
SYN-DM-02029,488.8,278.0,Present,Present,Absent,Present,None,Ungradable,3.76,Fundus camera
SYN-DM-02030,231.56,467.43,Absent,Present,Absent,Present,Moderate,Partially gradable,3.62,Fundus camera
SYN-DM-02031,233.47,262.02,Absent,Present,Absent,Absent,None,Partially gradable,8.25,OCT angiography
SYN-DM-02032,248.2,344.6,Absent,Absent,Absent,Absent,Low,Ungradable,6.58,OCT
SYN-DM-02033,369.81,338.66,Absent,Absent,Present,Present,None,Gradable,4.94,OCT angiography
SYN-DM-02034,240.49,219.14,Present,Absent,Absent,Present,High,Gradable,7.47,OCT
SYN-DM-02035,299.0,284.42,Present,Absent,Absent,Present,None,Ungradable,6.19,Ultra-widefield
SYN-DM-02036,353.32,486.19,Absent,Present,Absent,Absent,High,Gradable,7.75,Fundus camera
SYN-DM-02037,269.64,336.69,Absent,Absent,Present,Present,Low,Ungradable,7.93,Ultra-widefield
SYN-DM-02038,500.27,500.65,Present,Present,Present,Absent,Moderate,Ungradable,3.41,Fundus camera
SYN-DM-02039,309.59,390.98,Present,Present,Present,Absent,None,Ungradable,6.98,OCT angiography
SYN-DM-02040,444.53,310.2,Absent,Present,Present,Absent,Moderate,Ungradable,4.33,OCT
SYN-DM-02041,340.0,439.3,Present,Absent,Present,Present,Moderate,Ungradable,5.66,Ultra-widefield
SYN-DM-02042,350.32,266.92,Present,Present,Absent,Absent,High,Partially gradable,6.1,OCT angiography
SYN-DM-02043,309.81,450.77,Absent,Absent,Present,Present,None,Partially gradable,6.52,Ultra-widefield
SYN-DM-02044,376.29,290.12,Absent,Absent,Present,Absent,None,Partially gradable,8.15,OCT angiography
SYN-DM-02045,228.92,451.23,Present,Absent,Absent,Absent,Low,Gradable,3.61,Ultra-widefield
SYN-DM-02046,445.52,430.95,Present,Present,Present,Absent,None,Gradable,4.5,OCT
SYN-DM-02047,239.37,330.81,Absent,Absent,Absent,Present,Moderate,Gradable,4.69,Ultra-widefield
SYN-DM-02048,386.57,219.06,Present,Absent,Present,Present,Low,Gradable,6.72,OCT angiography
SYN-DM-02049,359.57,307.4,Absent,Present,Absent,Absent,None,Partially gradable,5.5,Fundus camera
SYN-DM-02050,268.33,288.36,Absent,Absent,Present,Present,Low,Gradable,5.09,OCT
SYN-DM-02051,507.32,455.0,Present,Absent,Absent,Absent,None,Ungradable,5.24,OCT angiography
SYN-DM-02052,230.14,441.8,Present,Present,Present,Absent,Low,Gradable,6.54,Fundus camera
SYN-DM-02053,263.88,238.46,Present,Present,Absent,Absent,Moderate,Ungradable,3.12,Ultra-widefield
SYN-DM-02054,456.52,275.45,Absent,Absent,Present,Absent,None,Partially gradable,3.37,OCT angiography
SYN-DM-02055,479.7,303.92,Present,Present,Present,Present,High,Gradable,8.22,Fundus camera
SYN-DM-02056,445.89,327.11,Absent,Absent,Present,Present,Moderate,Gradable,4.54,OCT angiography
SYN-DM-02057,392.07,487.51,Absent,Absent,Present,Present,Low,Ungradable,7.74,Ultra-widefield
SYN-DM-02058,298.24,478.85,Absent,Absent,Absent,Absent,None,Ungradable,8.33,Ultra-widefield
SYN-DM-02059,480.44,306.73,Present,Absent,Absent,Present,High,Partially gradable,6.84,Fundus camera
SYN-DM-02060,259.45,469.37,Absent,Absent,Present,Present,Low,Ungradable,6.61,OCT
SYN-DM-02061,392.38,429.77,Absent,Present,Absent,Absent,Low,Ungradable,8.84,Fundus camera
SYN-DM-02062,484.16,383.77,Present,Present,Absent,Absent,Moderate,Ungradable,3.3,Ultra-widefield
SYN-DM-02063,363.25,252.23,Present,Absent,Absent,Absent,High,Partially gradable,6.21,Ultra-widefield
SYN-DM-02064,487.37,445.58,Absent,Present,Present,Present,High,Gradable,6.3,Fundus camera
SYN-DM-02065,402.38,285.06,Absent,Absent,Absent,Absent,Low,Partially gradable,5.31,OCT
SYN-DM-02066,309.97,367.6,Absent,Absent,Present,Absent,None,Partially gradable,3.52,OCT
SYN-DM-02067,337.64,241.74,Present,Absent,Present,Present,None,Partially gradable,3.92,OCT angiography
SYN-DM-02068,220.81,275.71,Absent,Absent,Present,Present,Low,Ungradable,3.04,Fundus camera
SYN-DM-02069,392.13,316.66,Absent,Present,Present,Present,Low,Gradable,5.8,OCT angiography
SYN-DM-02070,488.99,296.74,Absent,Present,Absent,Absent,Moderate,Gradable,7.37,Fundus camera
SYN-DM-02071,296.39,498.51,Present,Absent,Absent,Present,High,Ungradable,7.31,Ultra-widefield
SYN-DM-02072,428.84,284.25,Absent,Absent,Present,Present,Moderate,Partially gradable,4.19,OCT
SYN-DM-02073,313.71,319.84,Absent,Absent,Absent,Present,Low,Partially gradable,4.86,OCT
SYN-DM-02074,454.01,325.86,Absent,Absent,Absent,Present,Moderate,Ungradable,3.68,OCT
SYN-DM-02075,416.08,497.12,Absent,Absent,Absent,Absent,None,Partially gradable,6.37,OCT
SYN-DM-02076,253.07,253.74,Present,Absent,Present,Present,Moderate,Ungradable,3.37,Ultra-widefield
SYN-DM-02077,277.85,420.7,Absent,Present,Present,Absent,High,Ungradable,3.46,Fundus camera
SYN-DM-02078,278.74,403.65,Present,Present,Absent,Present,High,Gradable,4.27,Ultra-widefield
SYN-DM-02079,286.11,366.53,Absent,Absent,Absent,Absent,Low,Gradable,4.37,Fundus camera
SYN-DM-02080,331.04,399.23,Absent,Present,Absent,Absent,Moderate,Ungradable,7.38,OCT
SYN-DM-02081,254.7,240.51,Absent,Present,Present,Present,High,Partially gradable,3.4,OCT angiography
SYN-DM-02082,354.82,364.95,Absent,Absent,Absent,Absent,None,Gradable,5.48,OCT angiography
SYN-DM-02083,495.55,432.73,Present,Absent,Present,Absent,High,Gradable,8.12,OCT angiography
SYN-DM-02084,267.21,448.5,Present,Absent,Present,Present,None,Partially gradable,6.52,Fundus camera
SYN-DM-02085,517.73,422.56,Absent,Absent,Absent,Absent,Moderate,Partially gradable,7.27,OCT angiography
SYN-DM-02086,380.34,415.38,Present,Present,Absent,Present,High,Ungradable,5.4,Fundus camera
SYN-DM-02087,425.42,417.39,Absent,Absent,Present,Present,Low,Partially gradable,8.31,OCT
SYN-DM-02088,373.38,224.53,Absent,Present,Absent,Present,Low,Gradable,5.86,Fundus camera
SYN-DM-02089,336.28,209.02,Present,Absent,Present,Absent,None,Gradable,7.2,OCT
SYN-DM-02090,262.77,253.6,Absent,Absent,Present,Absent,None,Partially gradable,4.38,Fundus camera
SYN-DM-02091,361.28,209.97,Present,Absent,Present,Present,High,Partially gradable,7.74,Ultra-widefield
SYN-DM-02092,319.91,481.03,Present,Absent,Absent,Absent,None,Gradable,3.21,OCT angiography
SYN-DM-02093,245.88,369.39,Present,Present,Present,Present,Moderate,Partially gradable,3.19,Fundus camera
SYN-DM-02094,266.94,324.55,Present,Present,Absent,Present,None,Ungradable,8.52,OCT angiography
SYN-DM-02095,271.54,428.04,Absent,Absent,Absent,Present,Moderate,Gradable,8.51,OCT angiography
SYN-DM-02096,481.36,497.58,Absent,Present,Present,Absent,High,Partially gradable,7.43,OCT angiography
SYN-DM-02097,316.7,424.38,Present,Absent,Absent,Absent,High,Gradable,4.76,OCT
SYN-DM-02098,489.49,324.36,Present,Present,Absent,Present,High,Ungradable,8.67,Fundus camera
SYN-DM-02099,491.94,448.67,Absent,Present,Present,Absent,Low,Partially gradable,3.66,OCT angiography
SYN-DM-02100,367.49,470.47,Absent,Absent,Present,Present,Low,Ungradable,5.16,OCT angiography
SYN-DM-02101,450.02,266.81,Present,Absent,Present,Absent,None,Ungradable,3.52,Fundus camera
SYN-DM-02102,429.16,224.94,Absent,Absent,Absent,Present,High,Partially gradable,6.82,Ultra-widefield
SYN-DM-02103,267.23,300.65,Absent,Present,Present,Absent,High,Gradable,4.62,Ultra-widefield
SYN-DM-02104,315.92,359.16,Absent,Present,Present,Present,High,Partially gradable,4.22,OCT angiography
SYN-DM-02105,258.95,481.2,Absent,Absent,Present,Absent,Low,Gradable,4.46,OCT
SYN-DM-02106,426.09,384.24,Present,Present,Present,Absent,High,Partially gradable,5.01,OCT
SYN-DM-02107,457.97,482.71,Present,Absent,Present,Absent,High,Partially gradable,7.79,OCT angiography
SYN-DM-02108,506.14,434.62,Absent,Absent,Absent,Present,Moderate,Gradable,7.35,Ultra-widefield
SYN-DM-02109,409.06,431.64,Absent,Present,Absent,Absent,Moderate,Ungradable,3.89,OCT angiography
SYN-DM-02110,384.99,358.95,Present,Present,Absent,Present,Moderate,Gradable,7.61,Fundus camera
SYN-DM-02111,461.59,372.06,Absent,Absent,Present,Absent,None,Ungradable,7.58,Ultra-widefield
SYN-DM-02112,315.73,384.05,Absent,Present,Present,Present,High,Partially gradable,6.19,OCT angiography
SYN-DM-02113,417.98,421.19,Present,Present,Present,Present,Moderate,Ungradable,8.49,Fundus camera
SYN-DM-02114,403.81,450.66,Present,Present,Present,Present,Low,Ungradable,4.52,OCT angiography
SYN-DM-02115,384.53,484.96,Absent,Absent,Absent,Absent,Moderate,Gradable,8.99,OCT angiography
SYN-DM-02116,406.12,374.74,Absent,Absent,Absent,Present,None,Partially gradable,5.89,OCT
SYN-DM-02117,440.46,400.86,Absent,Absent,Absent,Absent,Low,Partially gradable,7.87,Fundus camera
SYN-DM-02118,259.82,254.83,Absent,Absent,Present,Present,None,Partially gradable,8.5,Fundus camera
SYN-DM-02119,406.11,235.55,Absent,Absent,Present,Absent,Moderate,Gradable,4.25,Ultra-widefield
SYN-DM-02120,248.26,217.23,Absent,Present,Present,Absent,Low,Gradable,3.43,Fundus camera
SYN-DM-02121,463.84,414.21,Present,Present,Present,Present,Low,Partially gradable,6.48,Ultra-widefield
SYN-DM-02122,228.5,282.59,Present,Absent,Absent,Present,Low,Ungradable,7.09,OCT angiography
SYN-DM-02123,389.51,338.12,Absent,Present,Present,Absent,Low,Ungradable,5.96,OCT
SYN-DM-02124,471.64,485.78,Present,Absent,Absent,Present,High,Gradable,8.32,Ultra-widefield
SYN-DM-02125,280.14,394.95,Present,Present,Absent,Absent,Moderate,Ungradable,4.76,Fundus camera
SYN-DM-02126,444.31,389.88,Present,Absent,Absent,Present,Moderate,Gradable,8.53,Ultra-widefield
SYN-DM-02127,303.06,422.07,Present,Present,Absent,Present,High,Partially gradable,6.19,OCT
SYN-DM-02128,459.13,383.18,Absent,Absent,Present,Present,None,Partially gradable,6.94,OCT angiography
SYN-DM-02129,267.24,330.34,Present,Present,Present,Absent,None,Ungradable,5.43,Ultra-widefield
SYN-DM-02130,264.25,354.59,Present,Present,Absent,Present,Moderate,Gradable,7.58,Ultra-widefield
SYN-DM-02131,230.38,219.85,Absent,Present,Present,Absent,High,Ungradable,6.06,OCT
SYN-DM-02132,280.46,311.34,Present,Absent,Absent,Present,High,Gradable,3.13,OCT
SYN-DM-02133,224.39,325.85,Present,Present,Absent,Absent,High,Gradable,4.87,OCT
SYN-DM-02134,502.65,209.23,Absent,Absent,Present,Absent,Moderate,Partially gradable,6.17,OCT
SYN-DM-02135,243.46,458.45,Absent,Present,Absent,Absent,Moderate,Partially gradable,7.17,OCT
SYN-DM-02136,384.67,412.9,Present,Absent,Present,Present,High,Gradable,8.25,OCT
SYN-DM-02137,428.56,297.11,Absent,Absent,Absent,Present,None,Partially gradable,3.49,Ultra-widefield
SYN-DM-02138,251.62,359.75,Present,Absent,Present,Absent,Low,Gradable,5.35,Ultra-widefield
SYN-DM-02139,450.46,234.91,Absent,Absent,Present,Absent,Low,Ungradable,3.49,Fundus camera
SYN-DM-02140,403.2,382.34,Present,Present,Present,Present,Moderate,Gradable,5.69,Fundus camera
SYN-DM-02141,367.73,466.62,Absent,Present,Present,Absent,High,Gradable,6.39,Ultra-widefield
SYN-DM-02142,235.58,220.67,Present,Present,Present,Absent,Low,Partially gradable,3.8,OCT angiography
SYN-DM-02143,419.42,398.93,Absent,Present,Present,Present,None,Gradable,8.88,Ultra-widefield
SYN-DM-02144,217.65,268.41,Present,Present,Present,Present,None,Ungradable,8.87,Ultra-widefield
SYN-DM-02145,383.63,364.74,Absent,Present,Absent,Present,Moderate,Partially gradable,3.69,OCT angiography
SYN-DM-02146,299.58,450.36,Absent,Absent,Present,Absent,High,Gradable,3.55,OCT
SYN-DM-02147,497.57,330.48,Absent,Absent,Absent,Absent,Low,Gradable,7.17,Ultra-widefield
SYN-DM-02148,509.6,356.84,Present,Absent,Present,Present,Moderate,Gradable,5.33,OCT angiography
SYN-DM-02149,220.15,332.99,Present,Present,Absent,Absent,High,Partially gradable,6.12,OCT angiography
SYN-DM-02150,234.32,488.08,Absent,Present,Absent,Absent,Moderate,Partially gradable,7.01,Ultra-widefield
SYN-DM-02151,398.69,447.49,Present,Present,Present,Absent,Low,Ungradable,4.5,OCT angiography
SYN-DM-02152,444.46,233.44,Absent,Present,Absent,Absent,Moderate,Partially gradable,6.61,Fundus camera
SYN-DM-02153,216.22,275.69,Absent,Absent,Present,Present,Low,Gradable,6.09,Fundus camera
SYN-DM-02154,295.31,321.98,Absent,Absent,Absent,Present,Moderate,Partially gradable,7.9,Fundus camera
SYN-DM-02155,394.8,325.35,Present,Present,Absent,Present,None,Partially gradable,8.15,Ultra-widefield
SYN-DM-02156,349.3,217.29,Present,Absent,Absent,Present,High,Gradable,8.56,OCT
SYN-DM-02157,242.53,244.39,Present,Present,Absent,Present,High,Ungradable,7.8,OCT angiography
SYN-DM-02158,366.81,420.51,Present,Present,Absent,Present,High,Ungradable,3.45,OCT
SYN-DM-02159,473.76,419.95,Present,Absent,Absent,Present,None,Partially gradable,7.12,OCT angiography
SYN-DM-02160,330.81,289.2,Present,Present,Absent,Present,None,Partially gradable,8.58,OCT angiography
SYN-DM-02161,349.28,500.15,Absent,Absent,Present,Absent,Moderate,Ungradable,3.45,OCT
SYN-DM-02162,231.28,427.0,Present,Absent,Present,Present,Moderate,Partially gradable,3.83,Ultra-widefield
SYN-DM-02163,308.94,426.07,Present,Absent,Present,Present,High,Ungradable,4.29,OCT
SYN-DM-02164,359.66,236.0,Present,Absent,Absent,Present,High,Ungradable,7.11,Fundus camera
SYN-DM-02165,246.88,298.33,Present,Present,Present,Absent,Moderate,Partially gradable,6.21,OCT angiography
SYN-DM-02166,344.96,331.91,Present,Absent,Present,Present,Low,Partially gradable,5.47,OCT angiography
SYN-DM-02167,421.64,311.82,Absent,Absent,Absent,Absent,Low,Partially gradable,4.71,OCT angiography
SYN-DM-02168,419.83,336.66,Absent,Present,Absent,Present,Low,Gradable,5.77,OCT angiography
SYN-DM-02169,398.33,374.89,Absent,Present,Present,Present,High,Partially gradable,6.63,Fundus camera
SYN-DM-02170,431.44,279.19,Present,Absent,Present,Present,None,Ungradable,5.03,OCT angiography
SYN-DM-02171,310.51,227.93,Present,Absent,Absent,Present,None,Ungradable,5.44,OCT
SYN-DM-02172,495.0,415.2,Absent,Absent,Present,Absent,None,Gradable,4.25,Ultra-widefield
SYN-DM-02173,440.33,317.66,Present,Absent,Absent,Present,None,Partially gradable,5.87,OCT angiography
SYN-DM-02174,459.39,445.39,Absent,Present,Absent,Absent,Moderate,Partially gradable,4.01,Fundus camera
SYN-DM-02175,406.86,365.35,Present,Absent,Present,Absent,None,Ungradable,8.31,OCT angiography
SYN-DM-02176,233.81,323.18,Absent,Absent,Absent,Absent,Moderate,Ungradable,5.36,Ultra-widefield
SYN-DM-02177,389.9,418.9,Absent,Absent,Absent,Absent,None,Partially gradable,4.33,Fundus camera
SYN-DM-02178,380.11,437.72,Absent,Absent,Present,Absent,None,Ungradable,8.04,Fundus camera
SYN-DM-02179,297.72,478.63,Present,Absent,Present,Absent,Low,Gradable,3.71,OCT angiography
SYN-DM-02180,376.91,230.21,Absent,Absent,Absent,Present,Moderate,Ungradable,7.05,OCT angiography
SYN-DM-02181,257.96,441.46,Present,Absent,Present,Present,Moderate,Partially gradable,3.64,OCT angiography
SYN-DM-02182,394.49,292.51,Absent,Present,Present,Present,Moderate,Gradable,8.21,OCT angiography
SYN-DM-02183,487.27,466.15,Present,Present,Present,Absent,Moderate,Gradable,4.93,Ultra-widefield
SYN-DM-02184,226.28,469.7,Absent,Present,Absent,Absent,None,Gradable,8.91,OCT
SYN-DM-02185,287.13,218.09,Present,Present,Present,Absent,None,Gradable,4.2,Fundus camera
SYN-DM-02186,483.1,303.01,Present,Present,Present,Absent,None,Ungradable,4.06,OCT angiography
SYN-DM-02187,392.11,439.7,Absent,Absent,Absent,Absent,High,Gradable,3.54,OCT angiography
SYN-DM-02188,506.99,444.14,Present,Present,Present,Present,Moderate,Partially gradable,4.43,Fundus camera
SYN-DM-02189,224.82,251.94,Absent,Absent,Absent,Absent,None,Gradable,8.06,Fundus camera
SYN-DM-02190,244.9,304.85,Absent,Present,Present,Absent,Low,Ungradable,8.74,Ultra-widefield
SYN-DM-02191,255.75,286.28,Present,Absent,Absent,Absent,Low,Gradable,5.51,OCT angiography
SYN-DM-02192,408.99,227.31,Absent,Absent,Present,Absent,Low,Gradable,4.98,OCT angiography
SYN-DM-02193,393.45,323.63,Absent,Absent,Absent,Present,Moderate,Partially gradable,8.15,OCT
SYN-DM-02194,513.39,273.69,Absent,Absent,Present,Absent,None,Ungradable,6.28,Ultra-widefield
SYN-DM-02195,238.82,426.6,Absent,Present,Absent,Present,Moderate,Ungradable,3.11,Ultra-widefield
SYN-DM-02196,217.16,275.96,Absent,Present,Absent,Absent,None,Gradable,3.89,OCT
SYN-DM-02197,349.41,215.66,Absent,Present,Absent,Present,Moderate,Ungradable,5.86,OCT angiography
SYN-DM-02198,469.32,453.26,Present,Present,Present,Absent,None,Partially gradable,8.8,Ultra-widefield
SYN-DM-02199,317.32,328.81,Present,Present,Present,Present,High,Ungradable,7.58,OCT
SYN-DM-02200,368.06,383.93,Present,Present,Present,Absent,Low,Partially gradable,8.83,Fundus camera
SYN-DM-02201,316.21,262.24,Present,Absent,Present,Absent,None,Gradable,3.8,OCT
SYN-DM-02202,397.86,253.95,Present,Present,Absent,Absent,None,Partially gradable,8.04,OCT angiography
SYN-DM-02203,378.8,409.08,Present,Absent,Absent,Absent,Low,Partially gradable,3.71,Fundus camera
SYN-DM-02204,295.97,297.46,Present,Present,Present,Present,Low,Gradable,5.93,OCT
SYN-DM-02205,399.57,295.07,Absent,Present,Present,Present,High,Partially gradable,4.05,Fundus camera
SYN-DM-02206,293.28,234.11,Present,Absent,Present,Absent,None,Gradable,8.91,OCT angiography
SYN-DM-02207,479.12,229.19,Present,Present,Present,Absent,High,Ungradable,5.55,Ultra-widefield
SYN-DM-02208,228.0,252.6,Present,Present,Absent,Absent,Low,Gradable,8.97,Fundus camera
SYN-DM-02209,370.91,248.63,Absent,Present,Present,Present,Moderate,Gradable,7.1,Ultra-widefield
SYN-DM-02210,305.71,388.04,Absent,Present,Present,Present,Moderate,Ungradable,3.67,Fundus camera
SYN-DM-02211,416.14,295.48,Present,Present,Absent,Present,None,Gradable,5.46,OCT
SYN-DM-02212,243.9,340.19,Absent,Present,Present,Present,Moderate,Gradable,4.82,OCT angiography
SYN-DM-02213,467.16,330.43,Absent,Absent,Absent,Absent,High,Ungradable,6.84,OCT angiography
SYN-DM-02214,388.32,292.56,Absent,Absent,Absent,Present,None,Ungradable,3.26,Fundus camera
SYN-DM-02215,287.2,408.98,Present,Present,Present,Absent,High,Partially gradable,8.81,OCT
SYN-DM-02216,228.17,221.29,Absent,Absent,Present,Absent,Moderate,Gradable,7.43,Ultra-widefield
SYN-DM-02217,284.15,487.76,Absent,Absent,Present,Absent,None,Ungradable,5.81,OCT angiography
SYN-DM-02218,358.48,417.73,Absent,Present,Absent,Present,Low,Ungradable,3.69,Ultra-widefield
SYN-DM-02219,484.15,372.33,Absent,Present,Absent,Absent,Low,Partially gradable,5.97,OCT angiography
SYN-DM-02220,257.91,355.38,Absent,Absent,Absent,Absent,None,Gradable,8.55,OCT
SYN-DM-02221,418.37,439.52,Present,Absent,Present,Absent,None,Partially gradable,4.38,OCT angiography
SYN-DM-02222,214.37,357.0,Present,Absent,Absent,Absent,Moderate,Gradable,5.81,Fundus camera
SYN-DM-02223,286.13,466.16,Present,Present,Absent,Absent,None,Gradable,5.36,Fundus camera
SYN-DM-02224,259.01,306.49,Present,Absent,Absent,Absent,High,Gradable,6.56,OCT
SYN-DM-02225,434.63,497.39,Absent,Absent,Absent,Absent,None,Gradable,7.12,OCT angiography
SYN-DM-02226,389.21,270.59,Present,Absent,Absent,Absent,Low,Ungradable,7.61,Fundus camera
SYN-DM-02227,459.35,247.27,Present,Present,Absent,Present,High,Partially gradable,8.69,Fundus camera
SYN-DM-02228,353.8,426.0,Present,Present,Absent,Present,Moderate,Gradable,6.91,Fundus camera
SYN-DM-02229,292.58,259.64,Absent,Absent,Present,Present,High,Partially gradable,5.54,Fundus camera
SYN-DM-02230,367.11,492.55,Absent,Absent,Absent,Absent,High,Gradable,6.65,Fundus camera
SYN-DM-02231,296.6,444.0,Present,Absent,Present,Absent,Low,Partially gradable,4.75,Fundus camera
SYN-DM-02232,257.75,332.01,Absent,Present,Absent,Present,Low,Gradable,8.55,Ultra-widefield
SYN-DM-02233,484.02,387.66,Present,Present,Absent,Present,None,Partially gradable,5.39,Fundus camera
SYN-DM-02234,270.83,290.63,Present,Absent,Present,Absent,Moderate,Gradable,8.31,OCT angiography
SYN-DM-02235,394.42,289.38,Absent,Absent,Absent,Present,Moderate,Partially gradable,7.53,Fundus camera
SYN-DM-02236,258.73,248.3,Present,Absent,Present,Present,Moderate,Ungradable,4.76,OCT
SYN-DM-02237,272.79,408.8,Present,Absent,Present,Present,None,Ungradable,3.65,Ultra-widefield
SYN-DM-02238,475.09,464.96,Absent,Absent,Absent,Absent,High,Ungradable,4.48,OCT angiography
SYN-DM-02239,497.74,232.6,Present,Absent,Present,Present,Low,Gradable,5.09,OCT
SYN-DM-02240,351.11,319.81,Absent,Present,Present,Present,Low,Partially gradable,5.97,OCT
SYN-DM-02241,301.87,435.4,Absent,Absent,Present,Absent,High,Partially gradable,8.39,OCT
SYN-DM-02242,273.78,488.3,Absent,Present,Absent,Present,Low,Partially gradable,8.91,OCT angiography
SYN-DM-02243,385.26,401.15,Present,Present,Absent,Present,None,Partially gradable,5.86,OCT angiography
SYN-DM-02244,401.67,266.12,Present,Present,Absent,Absent,Moderate,Gradable,4.85,Ultra-widefield
SYN-DM-02245,398.81,369.13,Present,Absent,Absent,Present,Moderate,Ungradable,5.34,OCT
SYN-DM-02246,247.36,400.65,Absent,Present,Present,Absent,None,Partially gradable,4.54,OCT
SYN-DM-02247,288.91,354.59,Present,Absent,Absent,Absent,High,Partially gradable,5.4,Fundus camera
SYN-DM-02248,368.28,378.9,Present,Absent,Absent,Absent,High,Ungradable,4.68,OCT angiography
SYN-DM-02249,407.53,454.36,Absent,Present,Present,Present,Low,Gradable,8.56,Ultra-widefield
SYN-DM-02250,425.12,268.44,Absent,Present,Absent,Present,High,Gradable,5.12,Ultra-widefield
SYN-DM-02251,382.01,402.49,Present,Absent,Present,Absent,None,Ungradable,8.11,Ultra-widefield
SYN-DM-02252,504.34,476.36,Absent,Absent,Present,Absent,None,Partially gradable,6.77,Ultra-widefield
SYN-DM-02253,419.1,406.06,Present,Present,Absent,Present,Low,Ungradable,5.24,OCT angiography
SYN-DM-02254,405.17,286.2,Present,Absent,Present,Present,Low,Ungradable,7.95,OCT angiography
SYN-DM-02255,338.36,471.97,Absent,Absent,Absent,Present,High,Gradable,5.44,OCT angiography
SYN-DM-02256,422.1,313.18,Present,Present,Absent,Present,Low,Partially gradable,5.53,OCT angiography
SYN-DM-02257,453.17,479.25,Absent,Absent,Present,Present,Moderate,Gradable,6.03,Fundus camera
SYN-DM-02258,410.25,285.57,Absent,Absent,Present,Present,Moderate,Ungradable,4.39,Ultra-widefield
SYN-DM-02259,514.95,247.74,Absent,Present,Absent,Absent,Low,Partially gradable,3.38,OCT angiography
SYN-DM-02260,262.9,347.6,Absent,Present,Absent,Absent,None,Partially gradable,4.42,Fundus camera
SYN-DM-02261,498.99,499.82,Present,Present,Present,Present,None,Ungradable,7.53,Ultra-widefield
SYN-DM-02262,250.28,264.01,Present,Present,Absent,Absent,High,Ungradable,8.73,Fundus camera
SYN-DM-02263,326.56,390.84,Absent,Present,Present,Present,Moderate,Gradable,3.82,OCT
SYN-DM-02264,484.73,500.53,Absent,Absent,Absent,Absent,Moderate,Partially gradable,7.46,OCT angiography
SYN-DM-02265,274.45,232.29,Absent,Present,Absent,Absent,Moderate,Gradable,7.19,Fundus camera
SYN-DM-02266,320.18,341.04,Absent,Present,Absent,Present,High,Partially gradable,5.09,OCT
SYN-DM-02267,332.71,231.19,Present,Present,Present,Absent,Moderate,Partially gradable,4.48,OCT
SYN-DM-02268,406.99,253.7,Present,Absent,Absent,Absent,None,Gradable,6.0,Ultra-widefield
SYN-DM-02269,479.69,274.59,Absent,Present,Present,Absent,High,Gradable,5.38,Fundus camera
SYN-DM-02270,496.58,219.38,Absent,Present,Present,Absent,High,Partially gradable,3.98,OCT angiography
SYN-DM-02271,261.19,498.02,Absent,Absent,Present,Present,None,Partially gradable,6.83,Ultra-widefield
SYN-DM-02272,387.49,409.79,Present,Present,Present,Absent,Moderate,Gradable,7.95,OCT angiography
SYN-DM-02273,390.94,338.94,Absent,Absent,Absent,Present,None,Ungradable,3.31,Fundus camera
SYN-DM-02274,457.9,303.51,Present,Present,Present,Present,None,Ungradable,5.25,Ultra-widefield
SYN-DM-02275,222.66,501.94,Present,Present,Present,Absent,None,Partially gradable,7.67,OCT angiography
SYN-DM-02276,217.13,246.38,Absent,Absent,Present,Absent,Moderate,Gradable,3.21,Fundus camera
SYN-DM-02277,322.36,386.94,Absent,Present,Absent,Present,None,Ungradable,6.6,OCT angiography
SYN-DM-02278,214.6,401.29,Absent,Absent,Absent,Absent,Moderate,Gradable,7.43,OCT angiography
SYN-DM-02279,443.05,247.35,Absent,Present,Absent,Absent,High,Ungradable,3.51,Ultra-widefield
SYN-DM-02280,254.73,326.05,Absent,Absent,Present,Absent,Moderate,Partially gradable,5.01,OCT angiography
SYN-DM-02281,477.14,427.46,Absent,Present,Present,Present,Low,Partially gradable,3.09,Ultra-widefield
SYN-DM-02282,398.26,220.04,Present,Absent,Present,Absent,High,Gradable,5.9,Ultra-widefield
SYN-DM-02283,237.32,492.66,Absent,Present,Present,Absent,None,Ungradable,6.11,OCT
SYN-DM-02284,239.91,473.17,Present,Absent,Present,Absent,High,Partially gradable,3.69,OCT
SYN-DM-02285,489.02,402.6,Present,Present,Absent,Absent,Moderate,Gradable,7.75,OCT angiography
SYN-DM-02286,322.29,391.02,Present,Present,Absent,Present,High,Partially gradable,4.84,Fundus camera
SYN-DM-02287,382.83,462.5,Present,Present,Absent,Present,High,Ungradable,5.59,Fundus camera
SYN-DM-02288,297.99,463.12,Absent,Absent,Present,Absent,Low,Gradable,3.66,Fundus camera
SYN-DM-02289,373.46,328.13,Absent,Absent,Present,Present,None,Gradable,4.64,OCT
SYN-DM-02290,317.72,286.17,Present,Present,Present,Absent,Moderate,Ungradable,6.96,OCT angiography
SYN-DM-02291,493.29,441.84,Present,Absent,Absent,Present,High,Ungradable,3.49,Fundus camera
SYN-DM-02292,328.48,406.81,Absent,Absent,Present,Absent,High,Ungradable,3.09,Fundus camera
SYN-DM-02293,334.08,231.26,Present,Present,Absent,Absent,None,Gradable,4.22,Fundus camera
SYN-DM-02294,295.38,257.29,Present,Absent,Absent,Present,Moderate,Ungradable,5.89,OCT
SYN-DM-02295,488.87,323.74,Present,Present,Present,Absent,High,Ungradable,6.43,Fundus camera
SYN-DM-02296,502.98,468.84,Present,Absent,Present,Present,None,Partially gradable,6.44,Ultra-widefield
SYN-DM-02297,334.86,408.75,Present,Present,Absent,Present,Low,Ungradable,8.71,Ultra-widefield
SYN-DM-02298,336.18,240.79,Absent,Present,Present,Present,Moderate,Ungradable,8.67,Ultra-widefield
SYN-DM-02299,349.25,295.02,Present,Present,Absent,Present,High,Gradable,8.13,OCT
SYN-DM-02300,220.17,291.31,Present,Present,Absent,Present,High,Ungradable,7.43,Fundus camera
SYN-DM-02301,417.36,464.8,Absent,Absent,Present,Absent,Moderate,Partially gradable,6.47,OCT
SYN-DM-02302,257.2,466.42,Present,Present,Present,Present,High,Partially gradable,5.17,Ultra-widefield
SYN-DM-02303,502.72,411.19,Absent,Present,Present,Absent,High,Gradable,8.42,OCT angiography
SYN-DM-02304,357.4,336.26,Absent,Absent,Absent,Present,Low,Partially gradable,6.55,OCT angiography
SYN-DM-02305,413.18,306.81,Absent,Absent,Present,Absent,Low,Partially gradable,6.75,OCT angiography
SYN-DM-02306,350.59,266.53,Absent,Present,Absent,Present,Low,Gradable,7.57,OCT angiography
SYN-DM-02307,515.21,357.07,Present,Absent,Absent,Absent,Moderate,Partially gradable,8.34,OCT angiography
SYN-DM-02308,276.0,393.56,Present,Present,Present,Present,Moderate,Gradable,3.33,Ultra-widefield
SYN-DM-02309,362.19,319.2,Absent,Present,Absent,Present,Moderate,Gradable,8.29,Fundus camera
SYN-DM-02310,228.27,293.59,Present,Absent,Present,Present,High,Ungradable,5.51,Ultra-widefield
SYN-DM-02311,422.84,215.98,Absent,Present,Absent,Present,High,Gradable,3.68,OCT
SYN-DM-02312,503.61,267.6,Absent,Present,Present,Absent,Low,Gradable,5.62,OCT angiography
SYN-DM-02313,484.89,491.56,Present,Absent,Present,Present,Low,Ungradable,8.85,Fundus camera
SYN-DM-02314,312.5,302.85,Absent,Present,Present,Present,Low,Gradable,5.29,Ultra-widefield
SYN-DM-02315,228.46,419.4,Present,Present,Present,Present,None,Ungradable,7.66,Fundus camera
SYN-DM-02316,498.21,396.2,Absent,Absent,Absent,Present,High,Gradable,8.04,Ultra-widefield
SYN-DM-02317,422.99,433.47,Absent,Present,Absent,Present,None,Partially gradable,5.79,Ultra-widefield
SYN-DM-02318,425.82,404.53,Present,Absent,Present,Present,None,Ungradable,5.82,Ultra-widefield
SYN-DM-02319,220.98,337.07,Absent,Present,Present,Present,None,Ungradable,3.78,Ultra-widefield
SYN-DM-02320,305.31,337.17,Absent,Present,Absent,Present,Low,Ungradable,6.37,OCT
SYN-DM-02321,472.77,432.74,Absent,Absent,Present,Present,Moderate,Partially gradable,6.29,OCT
SYN-DM-02322,484.49,320.13,Present,Absent,Absent,Absent,None,Ungradable,6.3,OCT angiography
SYN-DM-02323,396.03,298.41,Absent,Absent,Present,Present,None,Gradable,5.02,OCT
SYN-DM-02324,490.41,392.88,Present,Absent,Present,Present,None,Ungradable,7.76,Ultra-widefield
SYN-DM-02325,326.13,370.62,Present,Present,Present,Present,High,Ungradable,7.32,OCT angiography
SYN-DM-02326,325.08,398.05,Present,Present,Absent,Absent,None,Gradable,8.55,OCT angiography
SYN-DM-02327,449.29,217.81,Absent,Present,Absent,Present,None,Partially gradable,6.15,OCT
SYN-DM-02328,464.53,427.98,Absent,Present,Present,Absent,High,Ungradable,4.72,Ultra-widefield
SYN-DM-02329,503.51,304.22,Absent,Absent,Present,Absent,Low,Gradable,8.44,OCT
SYN-DM-02330,493.5,391.3,Absent,Present,Present,Present,High,Gradable,8.77,Fundus camera
SYN-DM-02331,214.95,250.81,Absent,Present,Absent,Absent,High,Ungradable,7.71,OCT angiography
SYN-DM-02332,266.67,471.4,Absent,Absent,Present,Present,Low,Ungradable,8.51,OCT
SYN-DM-02333,289.87,379.24,Present,Present,Absent,Present,High,Partially gradable,3.9,Fundus camera
SYN-DM-02334,398.33,215.49,Absent,Absent,Present,Absent,High,Partially gradable,3.78,Fundus camera
SYN-DM-02335,443.59,463.82,Present,Absent,Absent,Present,Low,Ungradable,7.76,Ultra-widefield
SYN-DM-02336,515.44,466.39,Absent,Absent,Present,Absent,None,Gradable,8.6,OCT
SYN-DM-02337,278.65,264.68,Absent,Present,Absent,Present,Moderate,Ungradable,7.66,OCT angiography
SYN-DM-02338,383.0,451.55,Present,Absent,Absent,Present,None,Partially gradable,7.22,Ultra-widefield
SYN-DM-02339,503.18,339.67,Absent,Absent,Present,Absent,Moderate,Ungradable,8.65,Fundus camera
SYN-DM-02340,404.18,249.55,Absent,Absent,Present,Present,High,Gradable,3.03,OCT
SYN-DM-02341,388.46,491.91,Present,Absent,Present,Present,Low,Partially gradable,8.18,OCT
SYN-DM-02342,286.68,320.86,Present,Present,Present,Absent,High,Ungradable,7.47,Fundus camera
SYN-DM-02343,262.52,243.09,Present,Present,Absent,Present,Moderate,Ungradable,8.36,OCT angiography
SYN-DM-02344,498.54,395.24,Absent,Absent,Present,Absent,None,Gradable,4.01,Fundus camera
SYN-DM-02345,219.12,399.83,Present,Present,Present,Present,Low,Gradable,8.96,Fundus camera
SYN-DM-02346,354.35,230.13,Present,Present,Present,Absent,High,Gradable,6.35,Fundus camera
SYN-DM-02347,239.22,395.3,Present,Absent,Absent,Absent,High,Gradable,6.26,Fundus camera
SYN-DM-02348,479.5,287.44,Present,Absent,Present,Present,Low,Gradable,6.55,Ultra-widefield
SYN-DM-02349,386.25,432.33,Present,Present,Absent,Present,Low,Ungradable,5.46,Ultra-widefield
SYN-DM-02350,265.37,227.63,Absent,Absent,Absent,Absent,Low,Partially gradable,3.7,Fundus camera
SYN-DM-02351,280.8,444.62,Present,Absent,Present,Present,Moderate,Partially gradable,3.07,OCT angiography
SYN-DM-02352,472.84,338.88,Present,Absent,Absent,Absent,High,Partially gradable,6.0,Ultra-widefield
SYN-DM-02353,451.18,322.24,Absent,Present,Present,Present,None,Gradable,3.24,OCT
SYN-DM-02354,372.22,396.85,Present,Absent,Present,Present,Low,Gradable,3.86,Ultra-widefield
SYN-DM-02355,344.61,296.31,Present,Absent,Present,Absent,None,Gradable,7.53,OCT angiography
SYN-DM-02356,467.69,384.04,Absent,Absent,Present,Absent,High,Partially gradable,7.59,Fundus camera
SYN-DM-02357,269.35,309.82,Present,Absent,Absent,Present,Low,Ungradable,4.69,Fundus camera
SYN-DM-02358,381.56,281.67,Absent,Absent,Present,Absent,None,Gradable,6.25,OCT
SYN-DM-02359,423.93,253.99,Present,Present,Present,Absent,None,Partially gradable,7.44,OCT angiography
SYN-DM-02360,272.25,272.72,Present,Absent,Present,Absent,High,Gradable,7.88,OCT
SYN-DM-02361,339.0,337.12,Absent,Absent,Absent,Present,Moderate,Ungradable,6.22,OCT
SYN-DM-02362,317.71,218.2,Absent,Absent,Present,Present,Moderate,Partially gradable,6.78,Fundus camera
SYN-DM-02363,370.0,259.69,Absent,Absent,Present,Present,Moderate,Partially gradable,3.41,Fundus camera
SYN-DM-02364,346.27,241.66,Present,Absent,Present,Absent,High,Ungradable,3.45,OCT
SYN-DM-02365,421.92,402.84,Present,Absent,Absent,Absent,Moderate,Gradable,5.99,OCT angiography
SYN-DM-02366,330.3,474.57,Present,Absent,Present,Absent,Moderate,Gradable,5.77,Fundus camera
SYN-DM-02367,459.36,346.75,Present,Absent,Absent,Present,None,Gradable,6.71,OCT angiography
SYN-DM-02368,280.54,390.72,Absent,Present,Absent,Absent,None,Partially gradable,7.71,Fundus camera
SYN-DM-02369,364.52,421.82,Absent,Absent,Present,Absent,High,Gradable,8.56,Fundus camera
SYN-DM-02370,340.2,327.82,Absent,Absent,Absent,Absent,None,Partially gradable,7.29,Fundus camera
SYN-DM-02371,434.53,329.59,Present,Absent,Present,Absent,None,Ungradable,3.57,OCT angiography
SYN-DM-02372,476.72,312.42,Absent,Present,Present,Absent,None,Partially gradable,7.29,Ultra-widefield
SYN-DM-02373,461.8,304.95,Present,Absent,Present,Present,Moderate,Partially gradable,3.53,OCT angiography
SYN-DM-02374,278.96,495.73,Absent,Present,Absent,Present,Moderate,Partially gradable,6.48,Ultra-widefield
SYN-DM-02375,366.42,283.7,Absent,Absent,Absent,Absent,High,Gradable,5.63,Ultra-widefield
SYN-DM-02376,436.14,330.77,Present,Present,Present,Absent,High,Gradable,3.96,OCT angiography
SYN-DM-02377,461.12,217.15,Absent,Present,Present,Present,None,Ungradable,4.6,Fundus camera
SYN-DM-02378,428.18,305.19,Absent,Absent,Present,Present,High,Partially gradable,8.97,OCT
SYN-DM-02379,371.9,360.06,Absent,Present,Present,Present,None,Gradable,7.84,Fundus camera
SYN-DM-02380,333.46,449.3,Present,Present,Present,Absent,Low,Gradable,8.7,OCT angiography
SYN-DM-02381,398.79,246.98,Absent,Present,Present,Absent,Low,Gradable,4.3,OCT
SYN-DM-02382,454.59,316.51,Absent,Present,Absent,Present,Moderate,Gradable,5.1,OCT angiography
SYN-DM-02383,386.55,402.17,Absent,Present,Present,Present,None,Gradable,7.52,OCT
SYN-DM-02384,506.0,241.55,Absent,Absent,Absent,Present,Moderate,Gradable,6.31,Ultra-widefield
SYN-DM-02385,384.34,364.84,Present,Present,Absent,Present,Low,Gradable,6.33,Ultra-widefield
SYN-DM-02386,345.88,316.73,Present,Absent,Present,Absent,Low,Gradable,6.45,OCT angiography
SYN-DM-02387,228.5,249.9,Absent,Absent,Present,Absent,High,Gradable,5.59,Ultra-widefield
SYN-DM-02388,247.19,431.27,Present,Absent,Absent,Absent,Low,Gradable,8.61,Fundus camera
SYN-DM-02389,367.31,411.98,Absent,Present,Present,Absent,Low,Ungradable,4.54,OCT
SYN-DM-02390,244.09,284.9,Absent,Present,Present,Absent,High,Ungradable,8.83,Ultra-widefield
SYN-DM-02391,388.06,276.72,Present,Absent,Absent,Present,None,Ungradable,7.04,OCT angiography
SYN-DM-02392,310.58,348.38,Present,Absent,Present,Present,Low,Partially gradable,6.99,OCT angiography
SYN-DM-02393,301.26,480.14,Present,Absent,Absent,Present,Low,Ungradable,3.66,OCT angiography
SYN-DM-02394,394.27,412.35,Present,Present,Absent,Present,Moderate,Partially gradable,8.56,Fundus camera
SYN-DM-02395,498.24,236.29,Present,Absent,Present,Present,Moderate,Partially gradable,8.59,Fundus camera
SYN-DM-02396,285.99,380.67,Present,Present,Absent,Absent,None,Gradable,5.69,Fundus camera
SYN-DM-02397,442.21,345.86,Absent,Present,Absent,Present,High,Ungradable,3.09,OCT
SYN-DM-02398,421.08,379.79,Present,Absent,Absent,Absent,Moderate,Ungradable,3.65,Fundus camera
SYN-DM-02399,456.03,356.3,Present,Present,Present,Absent,None,Ungradable,3.47,Fundus camera
SYN-DM-02400,358.58,332.95,Absent,Absent,Present,Present,None,Partially gradable,3.65,OCT
SYN-DM-02401,214.42,325.79,Present,Absent,Present,Present,Moderate,Gradable,8.7,Ultra-widefield
SYN-DM-02402,252.86,251.49,Present,Present,Present,Absent,Moderate,Ungradable,3.88,OCT
SYN-DM-02403,496.68,329.57,Present,Absent,Absent,Absent,Low,Partially gradable,5.48,OCT
SYN-DM-02404,465.79,373.67,Present,Absent,Present,Absent,High,Ungradable,6.26,Ultra-widefield
SYN-DM-02405,234.25,278.26,Absent,Present,Present,Absent,None,Ungradable,5.66,OCT
SYN-DM-02406,509.5,342.56,Present,Present,Present,Present,High,Partially gradable,7.58,Fundus camera
SYN-DM-02407,254.79,333.52,Present,Present,Present,Absent,None,Partially gradable,4.77,Fundus camera
SYN-DM-02408,265.11,217.18,Present,Absent,Absent,Absent,None,Ungradable,8.59,Ultra-widefield
SYN-DM-02409,296.08,459.17,Present,Absent,Present,Present,Moderate,Gradable,3.13,Fundus camera
SYN-DM-02410,454.59,416.86,Present,Absent,Present,Absent,Low,Gradable,6.17,OCT angiography
SYN-DM-02411,414.96,457.88,Present,Absent,Absent,Present,Low,Ungradable,7.63,OCT angiography
SYN-DM-02412,452.11,376.04,Present,Absent,Present,Present,High,Gradable,6.73,Ultra-widefield
SYN-DM-02413,379.64,371.9,Present,Absent,Absent,Absent,High,Gradable,7.02,OCT
SYN-DM-02414,396.26,374.52,Present,Present,Absent,Present,High,Ungradable,7.22,OCT
SYN-DM-02415,466.96,414.9,Present,Present,Absent,Absent,Low,Partially gradable,6.34,OCT angiography
SYN-DM-02416,439.8,483.41,Present,Present,Absent,Absent,None,Gradable,5.45,Fundus camera
SYN-DM-02417,292.4,326.42,Absent,Absent,Present,Present,Low,Ungradable,8.56,Fundus camera
SYN-DM-02418,227.28,359.04,Present,Present,Present,Absent,None,Partially gradable,7.73,Ultra-widefield
SYN-DM-02419,274.21,365.3,Absent,Absent,Present,Present,Moderate,Gradable,3.56,Fundus camera
SYN-DM-02420,285.14,222.24,Absent,Present,Present,Present,High,Partially gradable,4.42,OCT angiography
SYN-DM-02421,344.83,323.42,Present,Absent,Absent,Present,None,Ungradable,4.73,Fundus camera
SYN-DM-02422,338.9,447.25,Absent,Absent,Present,Absent,High,Partially gradable,4.2,Fundus camera
SYN-DM-02423,393.8,314.87,Absent,Absent,Absent,Present,High,Ungradable,6.36,OCT angiography
SYN-DM-02424,452.39,356.47,Present,Absent,Present,Absent,Moderate,Ungradable,8.46,Fundus camera
SYN-DM-02425,396.36,474.4,Present,Absent,Absent,Absent,Moderate,Gradable,3.99,Ultra-widefield
SYN-DM-02426,361.59,218.8,Present,Absent,Present,Absent,High,Ungradable,3.18,OCT angiography
SYN-DM-02427,300.74,366.14,Absent,Absent,Absent,Absent,High,Ungradable,8.76,Ultra-widefield
SYN-DM-02428,290.08,329.4,Absent,Absent,Absent,Present,High,Gradable,5.52,OCT
SYN-DM-02429,215.65,409.01,Absent,Absent,Absent,Present,Moderate,Ungradable,8.78,Ultra-widefield
SYN-DM-02430,449.47,408.87,Absent,Absent,Absent,Absent,High,Gradable,8.5,Fundus camera
SYN-DM-02431,231.6,429.57,Absent,Present,Present,Absent,Moderate,Ungradable,7.16,Ultra-widefield
SYN-DM-02432,294.58,493.86,Absent,Absent,Absent,Present,Low,Ungradable,4.72,OCT angiography
SYN-DM-02433,256.54,412.21,Present,Absent,Present,Absent,None,Gradable,8.34,OCT angiography
SYN-DM-02434,290.26,389.27,Present,Present,Present,Present,None,Gradable,5.83,Ultra-widefield
SYN-DM-02435,433.85,304.76,Absent,Absent,Absent,Present,High,Ungradable,8.59,OCT angiography
SYN-DM-02436,312.57,314.7,Absent,Present,Present,Absent,Low,Gradable,8.12,OCT angiography
SYN-DM-02437,439.19,220.39,Present,Absent,Absent,Present,Moderate,Ungradable,6.01,OCT angiography
SYN-DM-02438,506.78,223.6,Present,Present,Absent,Present,Low,Partially gradable,6.4,OCT angiography
SYN-DM-02439,271.78,327.49,Present,Present,Absent,Present,Low,Ungradable,4.13,OCT angiography
SYN-DM-02440,245.34,404.01,Present,Present,Absent,Present,High,Ungradable,8.49,OCT
SYN-DM-02441,483.04,356.08,Absent,Present,Present,Present,Low,Partially gradable,8.68,Ultra-widefield
SYN-DM-02442,416.86,359.34,Absent,Absent,Present,Absent,Moderate,Partially gradable,4.43,Ultra-widefield
SYN-DM-02443,314.59,275.48,Absent,Present,Present,Absent,Moderate,Gradable,8.62,OCT angiography
SYN-DM-02444,387.26,309.53,Absent,Present,Present,Absent,Low,Ungradable,8.88,Fundus camera
SYN-DM-02445,333.4,326.81,Absent,Absent,Present,Absent,Low,Gradable,4.09,Ultra-widefield
SYN-DM-02446,466.56,459.34,Absent,Absent,Absent,Absent,Low,Gradable,5.63,Ultra-widefield
SYN-DM-02447,318.82,315.15,Present,Absent,Absent,Present,Moderate,Ungradable,4.79,OCT angiography
SYN-DM-02448,387.72,447.97,Absent,Absent,Present,Present,None,Gradable,6.09,Fundus camera
SYN-DM-02449,342.14,351.95,Present,Absent,Absent,Present,None,Partially gradable,8.12,OCT
SYN-DM-02450,501.11,414.78,Absent,Present,Present,Absent,Moderate,Gradable,7.45,OCT angiography
SYN-DM-02451,507.42,370.02,Absent,Present,Present,Present,Moderate,Ungradable,6.08,OCT
SYN-DM-02452,319.9,217.08,Absent,Present,Absent,Present,Moderate,Partially gradable,5.04,OCT angiography
SYN-DM-02453,417.11,458.73,Absent,Present,Present,Present,None,Ungradable,8.35,OCT
SYN-DM-02454,356.37,439.04,Absent,Present,Present,Absent,High,Gradable,3.08,Fundus camera
SYN-DM-02455,270.76,435.53,Present,Absent,Present,Absent,High,Ungradable,8.9,Fundus camera
SYN-DM-02456,241.05,284.46,Present,Present,Absent,Present,Low,Ungradable,8.56,Ultra-widefield
SYN-DM-02457,255.98,419.65,Absent,Absent,Absent,Present,None,Partially gradable,8.54,Ultra-widefield
SYN-DM-02458,372.69,361.41,Present,Present,Present,Absent,Low,Ungradable,7.12,OCT
SYN-DM-02459,244.78,494.13,Absent,Absent,Present,Present,Low,Partially gradable,5.32,OCT
SYN-DM-02460,487.16,492.8,Absent,Absent,Present,Present,None,Partially gradable,5.13,OCT
SYN-DM-02461,280.9,327.76,Absent,Absent,Present,Absent,None,Gradable,6.14,Ultra-widefield
SYN-DM-02462,462.81,390.82,Absent,Present,Present,Present,None,Gradable,7.7,Ultra-widefield
SYN-DM-02463,402.43,478.78,Absent,Absent,Present,Absent,None,Ungradable,8.68,Ultra-widefield
SYN-DM-02464,369.84,247.7,Present,Present,Absent,Absent,None,Ungradable,4.12,OCT
SYN-DM-02465,466.66,283.48,Present,Present,Present,Present,None,Ungradable,7.73,OCT angiography
SYN-DM-02466,357.64,398.59,Absent,Present,Absent,Present,Low,Ungradable,4.5,OCT angiography
SYN-DM-02467,268.43,401.02,Present,Absent,Present,Present,Low,Ungradable,7.36,OCT
SYN-DM-02468,447.4,362.0,Absent,Absent,Present,Present,None,Ungradable,5.12,Fundus camera
SYN-DM-02469,510.26,452.16,Present,Absent,Present,Absent,Low,Gradable,5.23,Fundus camera
SYN-DM-02470,469.05,466.4,Absent,Absent,Present,Absent,High,Partially gradable,6.79,Fundus camera
SYN-DM-02471,320.64,315.41,Absent,Absent,Absent,Absent,None,Partially gradable,5.69,Ultra-widefield
SYN-DM-02472,475.07,353.68,Present,Absent,Absent,Present,High,Ungradable,6.7,OCT
SYN-DM-02473,279.25,424.58,Present,Present,Present,Absent,Low,Gradable,7.75,Fundus camera
SYN-DM-02474,305.12,218.28,Present,Present,Present,Absent,Low,Partially gradable,6.55,Ultra-widefield
SYN-DM-02475,274.31,482.68,Absent,Absent,Present,Absent,Moderate,Partially gradable,6.66,Fundus camera
SYN-DM-02476,435.13,458.18,Present,Absent,Absent,Present,High,Partially gradable,4.22,Fundus camera
SYN-DM-02477,432.1,461.16,Present,Present,Absent,Present,Moderate,Ungradable,8.1,OCT angiography
SYN-DM-02478,463.38,322.67,Absent,Present,Absent,Present,Low,Ungradable,5.62,Fundus camera
SYN-DM-02479,506.79,337.58,Present,Present,Absent,Absent,Low,Ungradable,7.88,Fundus camera
SYN-DM-02480,439.69,308.21,Present,Absent,Present,Present,None,Gradable,4.37,Ultra-widefield
SYN-DM-02481,270.54,300.28,Absent,Present,Absent,Present,Low,Ungradable,8.76,OCT
SYN-DM-02482,487.1,260.58,Present,Present,Absent,Absent,Moderate,Partially gradable,5.5,Ultra-widefield
SYN-DM-02483,427.4,307.17,Absent,Present,Present,Absent,Low,Ungradable,5.01,Fundus camera
SYN-DM-02484,375.21,317.1,Present,Absent,Absent,Present,None,Ungradable,8.14,Fundus camera
SYN-DM-02485,257.16,337.22,Present,Absent,Present,Present,High,Ungradable,8.87,Fundus camera
SYN-DM-02486,463.7,442.34,Absent,Absent,Absent,Present,None,Ungradable,3.36,Ultra-widefield
SYN-DM-02487,456.42,289.46,Present,Absent,Absent,Present,High,Ungradable,4.05,Fundus camera
SYN-DM-02488,487.02,226.83,Absent,Present,Absent,Absent,None,Gradable,5.77,OCT angiography
SYN-DM-02489,331.15,478.45,Absent,Present,Absent,Absent,None,Partially gradable,5.47,Ultra-widefield
SYN-DM-02490,474.55,473.84,Absent,Present,Present,Absent,None,Ungradable,3.32,OCT angiography
SYN-DM-02491,364.68,477.46,Present,Absent,Absent,Present,High,Partially gradable,4.87,OCT angiography
SYN-DM-02492,507.26,319.79,Present,Absent,Absent,Present,None,Ungradable,4.06,Ultra-widefield
SYN-DM-02493,465.36,231.43,Absent,Absent,Present,Present,Moderate,Gradable,8.55,OCT angiography
SYN-DM-02494,386.87,335.23,Present,Present,Absent,Present,High,Partially gradable,5.91,Fundus camera
SYN-DM-02495,476.0,240.23,Absent,Present,Absent,Absent,None,Ungradable,6.07,OCT angiography
SYN-DM-02496,489.64,410.97,Present,Absent,Absent,Present,Low,Ungradable,8.98,Fundus camera
SYN-DM-02497,489.15,220.26,Absent,Absent,Absent,Absent,Low,Gradable,7.11,Fundus camera
SYN-DM-02498,365.94,485.27,Absent,Absent,Present,Absent,High,Ungradable,3.83,Ultra-widefield
SYN-DM-02499,285.28,338.84,Present,Absent,Absent,Absent,Low,Ungradable,4.29,OCT angiography
SYN-DM-02500,507.58,227.1,Present,Absent,Present,Present,Moderate,Ungradable,7.92,OCT
SYN-DM-02501,415.78,310.86,Present,Absent,Present,Absent,Low,Ungradable,8.39,OCT
SYN-DM-02502,257.53,335.12,Present,Present,Present,Present,Low,Ungradable,6.46,Ultra-widefield
SYN-DM-02503,449.98,341.81,Present,Absent,Absent,Present,High,Ungradable,7.6,OCT
SYN-DM-02504,474.29,359.16,Present,Present,Absent,Present,Moderate,Ungradable,8.59,OCT
SYN-DM-02505,407.49,342.07,Absent,Present,Absent,Absent,None,Partially gradable,3.51,Fundus camera
SYN-DM-02506,410.65,376.75,Present,Present,Present,Present,None,Ungradable,4.8,Ultra-widefield
SYN-DM-02507,218.56,250.09,Present,Present,Present,Absent,None,Gradable,5.14,Fundus camera
SYN-DM-02508,431.71,476.44,Present,Absent,Absent,Present,Moderate,Gradable,4.25,Ultra-widefield
SYN-DM-02509,259.04,250.24,Present,Absent,Present,Present,Moderate,Partially gradable,5.78,Fundus camera
SYN-DM-02510,510.89,442.08,Present,Present,Present,Absent,None,Ungradable,5.64,OCT angiography
SYN-DM-02511,480.14,221.53,Present,Present,Present,Present,Moderate,Gradable,6.56,Ultra-widefield
SYN-DM-02512,366.2,460.63,Present,Present,Absent,Absent,Low,Partially gradable,4.22,Fundus camera
SYN-DM-02513,403.6,229.72,Present,Present,Absent,Absent,None,Partially gradable,3.94,OCT angiography
SYN-DM-02514,376.03,479.73,Present,Present,Present,Absent,Low,Ungradable,6.1,Ultra-widefield
SYN-DM-02515,330.94,323.84,Absent,Present,Absent,Absent,None,Gradable,6.56,OCT angiography
SYN-DM-02516,228.45,350.51,Present,Absent,Absent,Absent,Moderate,Ungradable,4.85,Ultra-widefield
SYN-DM-02517,284.81,246.32,Absent,Present,Present,Absent,None,Gradable,7.13,Ultra-widefield
SYN-DM-02518,436.53,355.86,Present,Present,Absent,Present,Low,Ungradable,5.93,OCT
SYN-DM-02519,413.18,246.63,Absent,Present,Present,Present,None,Gradable,7.32,OCT angiography
SYN-DM-02520,322.14,290.09,Present,Present,Absent,Present,Moderate,Gradable,8.37,OCT angiography
SYN-DM-02521,296.03,374.74,Present,Present,Present,Present,Moderate,Partially gradable,4.16,OCT angiography
SYN-DM-02522,487.79,290.27,Absent,Absent,Present,Present,High,Ungradable,8.64,Fundus camera
SYN-DM-02523,282.94,292.18,Absent,Absent,Absent,Present,None,Gradable,6.61,OCT
SYN-DM-02524,349.74,421.49,Present,Present,Absent,Absent,Moderate,Gradable,3.05,Ultra-widefield
SYN-DM-02525,276.14,327.9,Present,Absent,Absent,Present,High,Gradable,8.61,Fundus camera
SYN-DM-02526,317.58,374.9,Absent,Present,Present,Absent,None,Ungradable,5.83,Ultra-widefield
SYN-DM-02527,468.22,221.92,Absent,Absent,Present,Present,None,Partially gradable,3.5,OCT
SYN-DM-02528,445.56,372.42,Absent,Present,Present,Present,Low,Gradable,8.85,Ultra-widefield
SYN-DM-02529,292.24,383.94,Absent,Absent,Present,Absent,Moderate,Partially gradable,3.91,Ultra-widefield
SYN-DM-02530,214.87,380.01,Present,Present,Present,Present,None,Gradable,3.72,OCT angiography
SYN-DM-02531,439.13,495.8,Present,Present,Absent,Absent,Low,Gradable,6.06,OCT
SYN-DM-02532,233.55,448.77,Present,Present,Absent,Absent,None,Ungradable,8.91,Fundus camera
SYN-DM-02533,431.07,464.28,Absent,Absent,Present,Absent,None,Gradable,3.51,OCT
SYN-DM-02534,301.45,309.07,Absent,Present,Present,Absent,Moderate,Ungradable,5.62,Fundus camera
SYN-DM-02535,271.61,347.78,Absent,Absent,Absent,Present,High,Ungradable,6.02,Fundus camera
SYN-DM-02536,301.87,385.87,Absent,Present,Absent,Present,High,Gradable,8.52,OCT
SYN-DM-02537,450.27,220.29,Present,Present,Present,Present,None,Partially gradable,7.66,Ultra-widefield
SYN-DM-02538,343.1,270.44,Present,Present,Absent,Absent,Moderate,Ungradable,8.0,OCT angiography
SYN-DM-02539,461.21,217.22,Absent,Absent,Absent,Present,Moderate,Gradable,5.43,OCT
SYN-DM-02540,457.02,269.85,Present,Absent,Present,Present,None,Partially gradable,5.73,OCT angiography
SYN-DM-02541,419.02,305.84,Present,Present,Present,Present,None,Gradable,6.89,Ultra-widefield
SYN-DM-02542,265.31,256.27,Present,Present,Present,Present,Moderate,Partially gradable,5.04,Ultra-widefield
SYN-DM-02543,241.69,382.54,Present,Present,Present,Present,None,Partially gradable,3.98,Fundus camera
SYN-DM-02544,252.56,393.85,Present,Absent,Absent,Present,Low,Partially gradable,6.99,Fundus camera
SYN-DM-02545,451.13,494.68,Present,Absent,Present,Absent,Moderate,Ungradable,5.43,OCT angiography
SYN-DM-02546,335.33,380.76,Present,Present,Present,Present,Low,Gradable,7.24,Fundus camera
SYN-DM-02547,416.85,343.15,Present,Absent,Present,Absent,Moderate,Partially gradable,5.7,OCT angiography
SYN-DM-02548,355.73,319.0,Present,Absent,Absent,Absent,Moderate,Partially gradable,7.42,OCT
SYN-DM-02549,434.41,232.37,Absent,Present,Absent,Absent,High,Gradable,5.83,OCT angiography
SYN-DM-02550,423.84,347.43,Absent,Present,Absent,Absent,High,Partially gradable,8.8,Fundus camera
SYN-DM-02551,509.38,413.02,Present,Present,Absent,Present,Low,Partially gradable,7.09,Ultra-widefield
SYN-DM-02552,330.86,267.04,Absent,Absent,Present,Absent,Low,Gradable,7.69,OCT angiography
SYN-DM-02553,284.95,425.06,Present,Present,Absent,Present,Moderate,Gradable,6.2,Ultra-widefield
SYN-DM-02554,242.07,359.54,Present,Present,Present,Present,Low,Gradable,7.59,Ultra-widefield
SYN-DM-02555,346.45,302.9,Absent,Absent,Present,Present,High,Gradable,8.31,Ultra-widefield
SYN-DM-02556,304.96,380.55,Absent,Absent,Present,Present,High,Partially gradable,6.93,Fundus camera
SYN-DM-02557,469.52,432.83,Present,Present,Present,Absent,None,Partially gradable,5.07,OCT angiography
SYN-DM-02558,422.11,342.56,Present,Present,Absent,Present,Moderate,Ungradable,8.4,OCT angiography
SYN-DM-02559,491.56,367.26,Present,Absent,Present,Absent,High,Partially gradable,7.82,OCT angiography
SYN-DM-02560,371.48,337.14,Absent,Present,Absent,Present,Moderate,Gradable,8.31,OCT angiography
SYN-DM-02561,510.17,394.57,Absent,Absent,Absent,Absent,Moderate,Ungradable,3.6,OCT
SYN-DM-02562,352.3,406.17,Absent,Present,Absent,Present,None,Partially gradable,8.45,OCT angiography
SYN-DM-02563,429.14,478.14,Present,Present,Present,Absent,None,Gradable,5.51,Fundus camera
SYN-DM-02564,386.03,453.59,Present,Absent,Present,Present,High,Ungradable,6.32,OCT angiography
SYN-DM-02565,220.6,315.33,Absent,Present,Present,Absent,None,Gradable,5.89,OCT
SYN-DM-02566,454.85,334.1,Absent,Present,Present,Absent,High,Gradable,3.15,OCT angiography
SYN-DM-02567,366.3,352.69,Absent,Absent,Absent,Absent,Low,Partially gradable,7.87,OCT angiography
SYN-DM-02568,309.18,320.52,Absent,Present,Present,Present,None,Gradable,7.7,Ultra-widefield
SYN-DM-02569,416.64,222.76,Present,Absent,Present,Present,Moderate,Gradable,5.42,Fundus camera
SYN-DM-02570,440.84,237.93,Absent,Present,Present,Present,Low,Gradable,3.81,Ultra-widefield
SYN-DM-02571,465.85,422.51,Absent,Present,Absent,Absent,None,Partially gradable,7.3,OCT
SYN-DM-02572,393.21,369.27,Absent,Absent,Absent,Absent,Low,Ungradable,6.25,OCT angiography
SYN-DM-02573,327.01,240.65,Absent,Present,Present,Present,Low,Gradable,3.57,OCT
SYN-DM-02574,453.95,411.32,Present,Absent,Absent,Absent,Low,Ungradable,6.43,OCT
SYN-DM-02575,220.42,217.0,Present,Present,Present,Absent,Low,Partially gradable,6.45,OCT
SYN-DM-02576,267.53,485.2,Absent,Present,Present,Present,Moderate,Gradable,8.97,Fundus camera
SYN-DM-02577,494.55,378.16,Present,Present,Absent,Present,Low,Gradable,6.06,OCT angiography
SYN-DM-02578,410.51,362.98,Present,Present,Present,Present,High,Gradable,4.81,Ultra-widefield
SYN-DM-02579,273.28,361.53,Absent,Absent,Absent,Absent,Moderate,Gradable,4.85,OCT angiography
SYN-DM-02580,309.47,441.84,Present,Present,Present,Absent,Low,Ungradable,3.25,Ultra-widefield
SYN-DM-02581,492.66,294.92,Absent,Present,Present,Absent,None,Partially gradable,7.73,OCT angiography
SYN-DM-02582,383.23,383.44,Absent,Absent,Absent,Present,High,Ungradable,3.73,Ultra-widefield
SYN-DM-02583,367.3,229.18,Absent,Present,Present,Present,Low,Partially gradable,7.15,Ultra-widefield
SYN-DM-02584,290.55,338.41,Present,Present,Absent,Present,Low,Partially gradable,5.25,Ultra-widefield
SYN-DM-02585,318.09,419.78,Present,Absent,Absent,Present,High,Gradable,8.96,Fundus camera
SYN-DM-02586,400.11,455.25,Absent,Absent,Present,Present,Low,Ungradable,5.67,OCT angiography
SYN-DM-02587,359.42,411.25,Absent,Present,Present,Absent,Low,Partially gradable,3.85,OCT angiography
SYN-DM-02588,224.69,381.6,Absent,Present,Present,Present,None,Ungradable,6.73,OCT angiography
SYN-DM-02589,420.93,387.14,Present,Present,Present,Absent,None,Gradable,8.84,OCT
SYN-DM-02590,490.49,411.03,Present,Absent,Present,Absent,None,Gradable,4.61,OCT
SYN-DM-02591,286.38,216.13,Absent,Present,Present,Present,High,Partially gradable,4.53,OCT
SYN-DM-02592,342.13,364.1,Absent,Absent,Absent,Present,Low,Ungradable,8.44,OCT
SYN-DM-02593,306.17,347.42,Absent,Absent,Present,Present,None,Ungradable,7.05,Fundus camera
SYN-DM-02594,219.2,255.12,Present,Absent,Present,Present,Low,Ungradable,3.19,Ultra-widefield
SYN-DM-02595,245.85,427.69,Present,Present,Present,Present,Low,Partially gradable,5.93,Ultra-widefield
SYN-DM-02596,347.96,297.29,Present,Present,Present,Absent,High,Partially gradable,7.05,Ultra-widefield
SYN-DM-02597,334.88,462.54,Present,Present,Absent,Present,Low,Gradable,6.4,OCT angiography
SYN-DM-02598,447.38,210.0,Present,Present,Absent,Present,High,Partially gradable,7.14,Ultra-widefield
SYN-DM-02599,391.45,387.51,Absent,Present,Present,Present,None,Gradable,7.29,OCT angiography
SYN-DM-02600,223.73,451.82,Absent,Absent,Present,Absent,High,Ungradable,4.48,OCT angiography
SYN-DM-02601,490.37,387.15,Present,Present,Present,Present,Low,Gradable,5.26,OCT angiography
SYN-DM-02602,407.92,342.03,Absent,Present,Absent,Absent,Moderate,Partially gradable,6.76,Fundus camera
SYN-DM-02603,230.8,484.6,Absent,Absent,Present,Absent,High,Ungradable,5.3,Fundus camera
SYN-DM-02604,354.05,408.83,Absent,Absent,Present,Absent,High,Ungradable,4.36,Fundus camera
SYN-DM-02605,235.26,450.12,Present,Present,Absent,Present,None,Gradable,6.24,Fundus camera
SYN-DM-02606,245.63,479.83,Present,Absent,Present,Absent,High,Gradable,4.04,OCT angiography
SYN-DM-02607,387.77,236.35,Present,Present,Present,Present,Moderate,Gradable,7.97,Ultra-widefield
SYN-DM-02608,468.86,446.94,Absent,Present,Absent,Present,None,Ungradable,8.64,OCT angiography
SYN-DM-02609,232.75,301.03,Absent,Absent,Present,Present,Moderate,Partially gradable,3.84,Fundus camera
SYN-DM-02610,257.43,373.23,Absent,Present,Present,Absent,Moderate,Partially gradable,8.04,OCT
SYN-DM-02611,372.74,385.91,Absent,Present,Present,Present,Moderate,Ungradable,3.79,OCT angiography
SYN-DM-02612,402.79,292.68,Absent,Present,Absent,Present,Low,Partially gradable,6.47,Ultra-widefield
SYN-DM-02613,366.28,462.61,Absent,Present,Present,Absent,Low,Ungradable,8.57,Ultra-widefield
SYN-DM-02614,348.56,386.86,Absent,Present,Present,Absent,Low,Partially gradable,4.21,Ultra-widefield
SYN-DM-02615,269.11,235.38,Absent,Present,Absent,Absent,Low,Ungradable,8.64,OCT angiography
SYN-DM-02616,342.47,400.83,Present,Absent,Absent,Present,Moderate,Gradable,5.41,OCT
SYN-DM-02617,293.44,222.99,Present,Absent,Absent,Present,Low,Partially gradable,5.65,OCT angiography
SYN-DM-02618,244.6,216.16,Absent,Present,Present,Absent,Low,Gradable,8.87,Fundus camera
SYN-DM-02619,461.97,456.5,Absent,Absent,Absent,Present,None,Partially gradable,4.87,OCT
SYN-DM-02620,296.28,459.27,Absent,Present,Present,Present,None,Partially gradable,5.89,Fundus camera
SYN-DM-02621,269.92,287.57,Present,Present,Present,Absent,Moderate,Gradable,6.22,OCT angiography
SYN-DM-02622,340.1,462.54,Absent,Present,Absent,Absent,None,Partially gradable,7.88,Fundus camera
SYN-DM-02623,323.12,368.36,Absent,Absent,Absent,Present,Moderate,Gradable,6.13,OCT angiography
SYN-DM-02624,247.92,409.8,Absent,Present,Present,Absent,Low,Partially gradable,7.24,OCT angiography
SYN-DM-02625,508.73,343.12,Absent,Absent,Absent,Present,None,Partially gradable,7.4,OCT angiography
SYN-DM-02626,417.06,452.25,Absent,Present,Present,Absent,Low,Ungradable,8.47,OCT
SYN-DM-02627,426.74,286.29,Present,Absent,Absent,Present,None,Ungradable,6.93,OCT angiography
SYN-DM-02628,223.44,338.37,Present,Present,Present,Present,None,Partially gradable,4.13,OCT angiography
SYN-DM-02629,288.21,370.86,Absent,Absent,Absent,Present,Moderate,Ungradable,4.91,Fundus camera
SYN-DM-02630,269.7,310.71,Absent,Present,Present,Present,Low,Gradable,3.03,Ultra-widefield
SYN-DM-02631,496.69,413.41,Present,Present,Present,Present,Moderate,Partially gradable,4.11,OCT
SYN-DM-02632,368.81,242.53,Absent,Absent,Absent,Present,Moderate,Gradable,8.11,OCT
SYN-DM-02633,491.56,338.75,Present,Absent,Absent,Absent,None,Partially gradable,6.31,Ultra-widefield
SYN-DM-02634,399.2,385.58,Absent,Absent,Present,Present,Low,Partially gradable,6.66,Fundus camera
SYN-DM-02635,304.21,409.28,Absent,Present,Absent,Absent,High,Ungradable,4.38,OCT
SYN-DM-02636,391.76,301.41,Present,Absent,Absent,Absent,High,Gradable,6.27,Ultra-widefield
SYN-DM-02637,238.63,247.43,Present,Absent,Present,Present,High,Ungradable,6.01,Fundus camera
SYN-DM-02638,287.48,406.04,Absent,Present,Present,Present,High,Ungradable,3.47,Ultra-widefield
SYN-DM-02639,416.9,419.93,Absent,Absent,Present,Absent,Moderate,Ungradable,6.61,Ultra-widefield
SYN-DM-02640,398.05,248.37,Present,Absent,Absent,Absent,None,Gradable,3.11,Fundus camera
SYN-DM-02641,421.93,494.06,Present,Absent,Absent,Present,None,Gradable,6.43,Fundus camera
SYN-DM-02642,345.47,490.88,Absent,Present,Present,Absent,High,Partially gradable,6.96,Fundus camera
SYN-DM-02643,491.62,369.76,Absent,Absent,Absent,Absent,Moderate,Partially gradable,5.62,Fundus camera
SYN-DM-02644,504.4,300.05,Present,Present,Absent,Absent,Low,Partially gradable,3.13,Ultra-widefield
SYN-DM-02645,293.91,242.18,Present,Present,Absent,Absent,High,Gradable,3.2,OCT angiography
SYN-DM-02646,227.64,344.95,Absent,Present,Absent,Present,Low,Gradable,3.9,OCT angiography
SYN-DM-02647,440.42,405.71,Absent,Absent,Absent,Present,Low,Ungradable,7.95,Ultra-widefield
SYN-DM-02648,314.03,363.37,Absent,Absent,Absent,Present,Moderate,Gradable,7.43,Ultra-widefield
SYN-DM-02649,472.6,468.83,Absent,Present,Absent,Present,None,Partially gradable,4.2,Ultra-widefield
SYN-DM-02650,272.04,454.5,Present,Absent,Absent,Absent,Low,Ungradable,6.79,Fundus camera
SYN-DM-02651,232.79,416.75,Absent,Absent,Absent,Absent,Moderate,Partially gradable,6.07,Ultra-widefield
SYN-DM-02652,243.18,296.8,Present,Absent,Present,Absent,Low,Partially gradable,6.53,OCT angiography
SYN-DM-02653,215.5,372.05,Absent,Present,Present,Present,None,Ungradable,4.16,Fundus camera
SYN-DM-02654,226.06,376.89,Present,Absent,Absent,Absent,High,Ungradable,6.24,OCT angiography
SYN-DM-02655,401.89,291.07,Absent,Present,Absent,Absent,High,Gradable,5.83,Ultra-widefield
SYN-DM-02656,443.5,398.52,Present,Absent,Present,Absent,None,Partially gradable,7.29,OCT
SYN-DM-02657,384.28,382.59,Absent,Absent,Absent,Present,Low,Gradable,4.64,OCT
SYN-DM-02658,454.22,468.32,Present,Present,Present,Absent,None,Gradable,6.48,OCT
SYN-DM-02659,344.65,421.68,Absent,Absent,Present,Present,Low,Ungradable,3.69,OCT angiography
SYN-DM-02660,419.54,238.1,Absent,Absent,Present,Absent,Low,Ungradable,8.48,OCT
SYN-DM-02661,443.1,258.58,Absent,Absent,Absent,Present,Moderate,Partially gradable,6.54,OCT
SYN-DM-02662,266.21,467.53,Absent,Absent,Absent,Absent,None,Gradable,8.23,OCT angiography
SYN-DM-02663,236.48,431.28,Absent,Present,Absent,Absent,None,Gradable,4.99,Ultra-widefield
SYN-DM-02664,452.52,482.82,Absent,Absent,Absent,Present,Moderate,Gradable,6.87,Fundus camera
SYN-DM-02665,432.3,296.73,Absent,Absent,Absent,Absent,High,Ungradable,3.15,Ultra-widefield
SYN-DM-02666,453.15,260.88,Present,Present,Absent,Present,Low,Gradable,7.51,OCT angiography
SYN-DM-02667,332.28,454.74,Present,Absent,Absent,Present,Moderate,Gradable,5.66,OCT angiography
SYN-DM-02668,283.62,374.77,Absent,Present,Present,Present,None,Gradable,8.37,OCT angiography
SYN-DM-02669,451.47,453.18,Present,Present,Absent,Absent,Moderate,Ungradable,3.71,Ultra-widefield
SYN-DM-02670,351.2,319.3,Present,Present,Absent,Absent,Low,Gradable,4.57,OCT angiography
SYN-DM-02671,264.25,258.69,Present,Present,Present,Absent,Moderate,Partially gradable,5.85,OCT angiography
SYN-DM-02672,262.81,256.62,Absent,Absent,Absent,Present,Low,Partially gradable,3.28,Ultra-widefield
SYN-DM-02673,223.89,350.43,Absent,Present,Absent,Absent,None,Ungradable,8.56,Fundus camera
SYN-DM-02674,274.28,370.3,Absent,Present,Absent,Absent,High,Partially gradable,4.23,Fundus camera
SYN-DM-02675,279.62,367.42,Present,Present,Present,Absent,High,Partially gradable,5.87,OCT
SYN-DM-02676,515.22,418.73,Absent,Present,Present,Absent,None,Gradable,3.07,Fundus camera
SYN-DM-02677,509.09,238.21,Absent,Absent,Absent,Present,None,Gradable,7.1,Fundus camera
SYN-DM-02678,315.67,326.13,Present,Absent,Present,Present,High,Ungradable,7.99,Ultra-widefield
SYN-DM-02679,420.32,484.19,Present,Absent,Present,Present,High,Partially gradable,6.53,OCT angiography
SYN-DM-02680,409.95,428.07,Present,Absent,Present,Absent,Low,Gradable,4.5,Ultra-widefield
SYN-DM-02681,275.4,488.59,Present,Present,Present,Present,High,Gradable,5.01,OCT
SYN-DM-02682,239.78,321.82,Present,Present,Absent,Absent,Low,Gradable,7.66,OCT
SYN-DM-02683,339.81,268.81,Present,Absent,Present,Present,Moderate,Partially gradable,5.25,OCT
SYN-DM-02684,491.13,428.99,Absent,Absent,Absent,Absent,Moderate,Ungradable,4.36,OCT angiography
SYN-DM-02685,287.39,484.68,Absent,Absent,Present,Absent,None,Partially gradable,4.74,Ultra-widefield
SYN-DM-02686,480.15,476.98,Absent,Present,Present,Present,None,Ungradable,3.19,Fundus camera
SYN-DM-02687,439.13,288.45,Present,Present,Absent,Present,Low,Partially gradable,6.98,OCT
SYN-DM-02688,335.54,472.56,Present,Present,Absent,Present,None,Ungradable,5.4,Fundus camera
SYN-DM-02689,494.46,384.61,Present,Present,Present,Absent,High,Ungradable,3.81,OCT
SYN-DM-02690,515.79,244.26,Present,Present,Absent,Absent,Moderate,Gradable,8.47,Ultra-widefield
SYN-DM-02691,273.96,302.38,Absent,Present,Absent,Present,Moderate,Partially gradable,3.96,Fundus camera
SYN-DM-02692,270.39,257.32,Present,Absent,Present,Absent,Moderate,Gradable,6.35,OCT
SYN-DM-02693,302.75,498.85,Present,Absent,Present,Absent,High,Partially gradable,8.04,Ultra-widefield
SYN-DM-02694,446.81,346.69,Absent,Present,Absent,Present,Moderate,Ungradable,3.79,Ultra-widefield
SYN-DM-02695,424.42,342.65,Present,Present,Absent,Present,Low,Partially gradable,5.5,Ultra-widefield
SYN-DM-02696,268.31,463.68,Absent,Present,Absent,Absent,High,Ungradable,7.0,OCT
SYN-DM-02697,220.08,350.17,Present,Present,Present,Present,None,Gradable,6.66,OCT
SYN-DM-02698,255.98,214.58,Absent,Present,Absent,Present,Moderate,Gradable,3.23,Ultra-widefield
SYN-DM-02699,225.85,394.5,Present,Present,Present,Absent,High,Ungradable,4.34,Fundus camera
SYN-DM-02700,237.05,494.57,Absent,Absent,Absent,Absent,Low,Ungradable,3.26,Fundus camera
SYN-DM-02701,438.78,391.2,Present,Absent,Present,Absent,Moderate,Gradable,4.59,Fundus camera
SYN-DM-02702,287.73,313.1,Present,Present,Absent,Present,None,Partially gradable,7.39,Ultra-widefield
SYN-DM-02703,232.77,320.55,Present,Absent,Absent,Absent,None,Gradable,7.53,Fundus camera
SYN-DM-02704,423.26,433.23,Absent,Absent,Present,Absent,None,Ungradable,3.97,Ultra-widefield
SYN-DM-02705,357.61,396.16,Present,Present,Absent,Present,None,Partially gradable,3.77,Fundus camera
SYN-DM-02706,318.12,288.56,Absent,Present,Absent,Present,Low,Ungradable,4.61,OCT angiography
SYN-DM-02707,321.07,421.25,Present,Present,Present,Present,Moderate,Gradable,4.87,OCT angiography
SYN-DM-02708,414.13,470.67,Present,Present,Present,Absent,Low,Gradable,3.79,OCT angiography
SYN-DM-02709,446.26,459.64,Present,Present,Present,Present,Low,Partially gradable,8.46,Ultra-widefield
SYN-DM-02710,381.58,376.52,Absent,Absent,Absent,Absent,High,Ungradable,8.72,Fundus camera
SYN-DM-02711,397.78,404.83,Present,Absent,Absent,Absent,None,Partially gradable,4.85,OCT angiography
SYN-DM-02712,474.49,216.85,Present,Present,Absent,Present,High,Gradable,5.65,OCT
SYN-DM-02713,327.64,365.44,Absent,Present,Absent,Present,Moderate,Gradable,4.36,OCT
SYN-DM-02714,259.48,275.97,Absent,Absent,Absent,Absent,None,Gradable,7.44,Fundus camera
SYN-DM-02715,396.36,302.25,Absent,Present,Absent,Present,Low,Gradable,8.36,Fundus camera
SYN-DM-02716,364.71,247.85,Present,Absent,Absent,Absent,Moderate,Ungradable,3.2,OCT
SYN-DM-02717,339.11,305.13,Present,Absent,Absent,Absent,High,Ungradable,5.21,Ultra-widefield
SYN-DM-02718,350.43,418.94,Present,Absent,Present,Absent,High,Ungradable,6.52,OCT
SYN-DM-02719,343.5,251.1,Present,Present,Present,Present,Low,Gradable,7.41,OCT angiography
SYN-DM-02720,220.77,299.34,Absent,Absent,Absent,Absent,High,Partially gradable,6.75,Fundus camera
SYN-DM-02721,289.32,395.16,Absent,Present,Present,Absent,High,Gradable,3.63,OCT
SYN-DM-02722,261.86,323.29,Present,Present,Present,Present,Moderate,Partially gradable,4.75,Fundus camera
SYN-DM-02723,388.23,222.47,Absent,Absent,Absent,Absent,None,Gradable,5.78,Ultra-widefield
SYN-DM-02724,351.17,296.41,Present,Present,Absent,Absent,None,Partially gradable,3.22,Fundus camera
SYN-DM-02725,422.11,463.21,Absent,Present,Present,Present,High,Partially gradable,5.85,Fundus camera
SYN-DM-02726,398.37,338.29,Absent,Absent,Absent,Absent,None,Partially gradable,8.03,OCT
SYN-DM-02727,397.11,419.12,Absent,Absent,Absent,Present,Low,Partially gradable,5.54,OCT angiography
SYN-DM-02728,373.78,421.28,Present,Absent,Present,Present,None,Gradable,5.36,OCT
SYN-DM-02729,254.97,262.1,Absent,Present,Absent,Absent,None,Ungradable,6.92,OCT
SYN-DM-02730,216.83,470.72,Present,Absent,Present,Present,Low,Gradable,6.7,Ultra-widefield
SYN-DM-02731,463.47,341.83,Present,Present,Present,Present,None,Partially gradable,4.48,OCT angiography
SYN-DM-02732,386.63,302.67,Present,Absent,Absent,Present,High,Gradable,3.09,Fundus camera
SYN-DM-02733,440.47,393.54,Absent,Absent,Present,Absent,None,Ungradable,4.13,OCT
SYN-DM-02734,360.61,223.47,Present,Present,Present,Present,High,Gradable,4.77,OCT angiography
SYN-DM-02735,357.6,468.84,Absent,Present,Present,Absent,High,Partially gradable,8.39,OCT
SYN-DM-02736,292.75,333.05,Absent,Present,Absent,Absent,High,Partially gradable,5.06,Fundus camera
SYN-DM-02737,277.54,487.16,Present,Present,Absent,Absent,Low,Partially gradable,3.78,OCT angiography
SYN-DM-02738,257.23,411.67,Absent,Absent,Present,Present,Moderate,Ungradable,6.37,OCT
SYN-DM-02739,483.98,354.34,Present,Absent,Absent,Absent,None,Ungradable,8.44,Ultra-widefield
SYN-DM-02740,299.5,474.9,Absent,Absent,Absent,Present,None,Partially gradable,5.85,OCT angiography
SYN-DM-02741,484.89,243.79,Absent,Absent,Present,Present,Moderate,Partially gradable,5.73,OCT angiography
SYN-DM-02742,233.97,263.32,Absent,Absent,Present,Present,High,Ungradable,3.23,Fundus camera
SYN-DM-02743,308.08,413.62,Absent,Present,Present,Absent,High,Ungradable,5.45,OCT
SYN-DM-02744,468.28,377.87,Present,Absent,Present,Absent,Low,Gradable,4.86,OCT angiography
SYN-DM-02745,398.43,352.69,Present,Absent,Absent,Absent,Moderate,Gradable,3.88,Fundus camera
SYN-DM-02746,253.13,248.27,Absent,Present,Present,Absent,Moderate,Ungradable,8.3,OCT
SYN-DM-02747,361.64,298.22,Absent,Present,Present,Present,Low,Gradable,4.68,Fundus camera
SYN-DM-02748,405.95,212.81,Absent,Present,Absent,Absent,Low,Gradable,6.09,Fundus camera
SYN-DM-02749,370.48,248.69,Present,Absent,Absent,Absent,None,Partially gradable,8.11,Ultra-widefield
SYN-DM-02750,336.32,460.7,Absent,Present,Absent,Absent,High,Partially gradable,8.57,OCT
SYN-DM-02751,344.91,294.39,Absent,Present,Present,Present,None,Ungradable,7.81,OCT
SYN-DM-02752,370.42,241.08,Absent,Absent,Present,Absent,Low,Gradable,7.54,OCT
SYN-DM-02753,234.73,303.47,Present,Present,Present,Present,Low,Gradable,7.84,Ultra-widefield
SYN-DM-02754,458.43,341.08,Absent,Present,Absent,Present,Moderate,Partially gradable,6.3,OCT angiography
SYN-DM-02755,217.8,337.85,Absent,Absent,Absent,Present,High,Ungradable,3.19,OCT
SYN-DM-02756,454.67,434.0,Absent,Present,Absent,Absent,Low,Ungradable,3.51,Fundus camera
SYN-DM-02757,268.84,330.64,Absent,Absent,Absent,Absent,None,Ungradable,4.28,OCT
SYN-DM-02758,391.03,452.67,Absent,Present,Present,Present,Moderate,Partially gradable,5.88,Ultra-widefield
SYN-DM-02759,367.36,340.73,Present,Present,Present,Present,High,Gradable,4.7,OCT
SYN-DM-02760,228.9,430.07,Absent,Absent,Present,Present,Low,Ungradable,5.2,OCT
SYN-DM-02761,452.26,214.29,Absent,Present,Absent,Absent,High,Gradable,6.18,Ultra-widefield
SYN-DM-02762,311.06,304.77,Present,Present,Absent,Present,None,Gradable,4.75,OCT angiography
SYN-DM-02763,443.44,428.7,Present,Present,Absent,Absent,High,Ungradable,5.15,OCT angiography
SYN-DM-02764,510.92,340.99,Absent,Present,Present,Present,Low,Partially gradable,8.97,OCT
SYN-DM-02765,390.65,295.14,Present,Present,Absent,Present,Moderate,Partially gradable,3.02,Ultra-widefield
SYN-DM-02766,245.77,482.93,Absent,Absent,Absent,Absent,Moderate,Ungradable,8.22,Ultra-widefield
SYN-DM-02767,421.17,389.83,Present,Absent,Absent,Absent,None,Ungradable,3.04,OCT angiography
SYN-DM-02768,280.63,271.78,Absent,Absent,Present,Present,High,Partially gradable,4.86,Fundus camera
SYN-DM-02769,411.08,400.64,Present,Absent,Absent,Present,Low,Gradable,5.05,Fundus camera
SYN-DM-02770,405.31,266.1,Present,Present,Absent,Absent,None,Gradable,7.43,OCT angiography
SYN-DM-02771,351.21,294.08,Present,Absent,Absent,Absent,High,Ungradable,4.86,Ultra-widefield
SYN-DM-02772,319.12,384.92,Absent,Absent,Absent,Present,None,Ungradable,8.59,OCT
SYN-DM-02773,470.73,386.59,Absent,Absent,Absent,Absent,Moderate,Ungradable,4.89,Fundus camera
SYN-DM-02774,372.89,473.43,Absent,Present,Absent,Absent,Low,Partially gradable,4.01,OCT
SYN-DM-02775,346.88,342.53,Absent,Present,Absent,Present,None,Ungradable,5.24,Ultra-widefield
SYN-DM-02776,365.8,475.52,Present,Present,Present,Present,None,Partially gradable,7.1,Ultra-widefield
SYN-DM-02777,425.7,301.78,Absent,Absent,Present,Present,None,Partially gradable,3.15,OCT angiography
SYN-DM-02778,326.15,441.8,Present,Present,Absent,Absent,High,Ungradable,4.55,Ultra-widefield
SYN-DM-02779,232.68,367.28,Present,Absent,Absent,Absent,Moderate,Partially gradable,7.23,Ultra-widefield
SYN-DM-02780,484.58,272.73,Present,Absent,Present,Absent,None,Ungradable,8.5,Fundus camera
SYN-DM-02781,217.53,395.27,Present,Absent,Present,Absent,Low,Ungradable,6.66,Ultra-widefield
SYN-DM-02782,463.52,414.01,Present,Absent,Present,Present,Moderate,Partially gradable,7.64,Fundus camera
SYN-DM-02783,214.99,282.91,Present,Absent,Absent,Absent,High,Ungradable,5.9,Fundus camera
SYN-DM-02784,257.15,493.69,Absent,Absent,Present,Present,High,Partially gradable,5.97,Ultra-widefield
SYN-DM-02785,342.25,455.75,Absent,Present,Absent,Present,High,Ungradable,7.84,OCT angiography
SYN-DM-02786,334.61,290.18,Present,Present,Absent,Absent,Low,Partially gradable,8.92,OCT angiography
SYN-DM-02787,384.74,472.5,Absent,Absent,Present,Present,High,Partially gradable,5.21,OCT angiography
SYN-DM-02788,289.55,373.58,Present,Absent,Present,Absent,Low,Gradable,6.21,OCT angiography
SYN-DM-02789,311.67,485.39,Absent,Present,Present,Present,Low,Gradable,7.54,OCT angiography
SYN-DM-02790,286.44,432.16,Present,Present,Absent,Present,High,Gradable,8.25,OCT angiography
SYN-DM-02791,439.4,269.8,Absent,Absent,Absent,Absent,Low,Gradable,8.63,Ultra-widefield
SYN-DM-02792,333.85,229.98,Absent,Present,Present,Absent,Low,Ungradable,6.11,OCT angiography
SYN-DM-02793,247.17,434.57,Present,Present,Absent,Present,None,Ungradable,8.36,OCT angiography
SYN-DM-02794,398.44,495.63,Present,Present,Present,Present,Low,Partially gradable,4.99,Fundus camera
SYN-DM-02795,442.94,276.1,Present,Absent,Present,Absent,Low,Gradable,5.18,Ultra-widefield
SYN-DM-02796,259.47,334.66,Present,Present,Present,Absent,None,Ungradable,8.19,OCT angiography
SYN-DM-02797,385.65,431.22,Absent,Absent,Present,Present,Low,Ungradable,5.73,OCT
SYN-DM-02798,404.83,293.97,Present,Absent,Present,Present,High,Gradable,3.35,OCT angiography
SYN-DM-02799,237.99,382.47,Absent,Absent,Present,Absent,Low,Partially gradable,7.59,OCT angiography
SYN-DM-02800,374.34,406.01,Absent,Present,Absent,Absent,Moderate,Gradable,5.67,OCT angiography
SYN-DM-02801,216.47,323.36,Absent,Present,Present,Present,Low,Partially gradable,5.17,Fundus camera
SYN-DM-02802,287.66,397.76,Absent,Absent,Present,Present,High,Partially gradable,8.07,Fundus camera
SYN-DM-02803,291.32,399.13,Absent,Present,Present,Present,Low,Ungradable,8.12,OCT angiography
SYN-DM-02804,462.66,356.34,Absent,Absent,Absent,Present,High,Gradable,8.63,OCT
SYN-DM-02805,246.46,336.22,Present,Present,Absent,Present,Low,Partially gradable,5.45,OCT
SYN-DM-02806,416.85,298.17,Absent,Absent,Present,Absent,Moderate,Partially gradable,8.81,Fundus camera
SYN-DM-02807,433.31,377.6,Present,Absent,Present,Absent,High,Partially gradable,5.78,OCT
SYN-DM-02808,397.96,278.84,Absent,Absent,Absent,Absent,Moderate,Gradable,5.18,OCT angiography
SYN-DM-02809,477.41,257.56,Absent,Present,Absent,Present,Low,Gradable,6.39,Fundus camera
SYN-DM-02810,436.17,235.02,Present,Absent,Absent,Present,None,Partially gradable,5.29,Fundus camera
SYN-DM-02811,268.65,395.53,Present,Absent,Absent,Present,High,Gradable,5.13,OCT
SYN-DM-02812,291.98,500.21,Absent,Present,Present,Present,None,Partially gradable,3.71,OCT
SYN-DM-02813,441.34,260.92,Absent,Absent,Absent,Present,None,Ungradable,8.56,OCT angiography
SYN-DM-02814,272.04,436.47,Absent,Absent,Absent,Absent,Low,Ungradable,6.62,OCT
SYN-DM-02815,215.25,332.26,Present,Present,Absent,Present,None,Ungradable,7.6,Fundus camera
SYN-DM-02816,376.17,472.85,Present,Absent,Absent,Absent,Moderate,Partially gradable,4.29,OCT angiography
SYN-DM-02817,457.18,242.64,Present,Present,Absent,Present,None,Ungradable,7.31,Ultra-widefield
SYN-DM-02818,350.3,316.5,Absent,Absent,Absent,Present,None,Partially gradable,5.97,Fundus camera
SYN-DM-02819,429.02,248.14,Present,Present,Absent,Absent,None,Gradable,6.21,OCT angiography
SYN-DM-02820,421.51,324.05,Absent,Absent,Absent,Absent,Low,Partially gradable,8.85,OCT angiography
SYN-DM-02821,364.26,349.18,Present,Absent,Present,Present,Moderate,Ungradable,4.74,Fundus camera
SYN-DM-02822,416.17,444.05,Present,Absent,Absent,Present,High,Partially gradable,3.71,OCT angiography
SYN-DM-02823,247.16,304.47,Present,Absent,Present,Absent,None,Partially gradable,5.64,OCT angiography
SYN-DM-02824,229.01,436.88,Present,Present,Present,Present,High,Ungradable,3.88,OCT angiography
SYN-DM-02825,327.49,425.04,Absent,Absent,Present,Absent,Low,Ungradable,6.28,OCT angiography
SYN-DM-02826,257.74,238.0,Absent,Absent,Present,Present,High,Partially gradable,7.57,Ultra-widefield
SYN-DM-02827,259.31,223.43,Absent,Absent,Present,Absent,None,Partially gradable,6.22,Ultra-widefield
SYN-DM-02828,392.46,389.26,Absent,Present,Present,Absent,High,Ungradable,7.99,OCT angiography
SYN-DM-02829,339.79,416.43,Absent,Present,Absent,Present,Low,Partially gradable,3.85,OCT angiography
SYN-DM-02830,487.33,419.61,Present,Absent,Absent,Present,Moderate,Ungradable,6.8,Fundus camera
SYN-DM-02831,442.44,338.43,Present,Absent,Absent,Present,None,Gradable,6.54,Ultra-widefield
SYN-DM-02832,299.6,288.02,Absent,Present,Present,Absent,Low,Gradable,6.39,Ultra-widefield
SYN-DM-02833,411.59,360.44,Absent,Absent,Absent,Absent,High,Ungradable,4.21,Ultra-widefield
SYN-DM-02834,256.35,383.44,Present,Present,Absent,Absent,Moderate,Gradable,7.58,OCT angiography
SYN-DM-02835,339.01,327.22,Present,Present,Absent,Absent,Moderate,Gradable,4.03,OCT angiography
SYN-DM-02836,458.26,430.09,Absent,Present,Present,Absent,Low,Gradable,5.99,OCT angiography
SYN-DM-02837,430.06,268.84,Absent,Present,Absent,Present,High,Partially gradable,3.93,Fundus camera
SYN-DM-02838,307.9,478.75,Present,Present,Present,Absent,None,Gradable,6.95,Ultra-widefield
SYN-DM-02839,328.25,210.41,Present,Absent,Present,Present,None,Gradable,4.35,Fundus camera
SYN-DM-02840,517.72,276.46,Present,Present,Present,Present,Moderate,Ungradable,4.65,Fundus camera
SYN-DM-02841,425.75,351.43,Absent,Absent,Absent,Absent,Moderate,Partially gradable,3.35,OCT
SYN-DM-02842,274.72,458.07,Present,Absent,Absent,Absent,Moderate,Ungradable,7.75,OCT
SYN-DM-02843,286.46,413.7,Absent,Absent,Present,Absent,Moderate,Ungradable,5.81,Fundus camera
SYN-DM-02844,320.0,277.4,Absent,Absent,Absent,Present,Low,Ungradable,3.02,OCT angiography
SYN-DM-02845,456.1,269.1,Absent,Present,Present,Absent,None,Gradable,5.9,Fundus camera
SYN-DM-02846,299.08,313.48,Present,Present,Present,Present,Low,Partially gradable,5.14,Fundus camera
SYN-DM-02847,342.08,316.81,Present,Present,Present,Present,Low,Gradable,7.33,OCT
SYN-DM-02848,344.76,472.58,Absent,Absent,Present,Absent,None,Ungradable,5.56,OCT angiography
SYN-DM-02849,396.57,494.82,Absent,Absent,Absent,Absent,Moderate,Partially gradable,7.27,Fundus camera
SYN-DM-02850,312.99,284.45,Absent,Present,Absent,Absent,None,Partially gradable,5.35,OCT angiography
SYN-DM-02851,506.29,342.83,Present,Absent,Present,Absent,Moderate,Gradable,5.95,OCT
SYN-DM-02852,224.28,464.96,Present,Present,Present,Present,High,Ungradable,3.44,Fundus camera
SYN-DM-02853,301.96,225.1,Present,Absent,Present,Absent,Low,Partially gradable,6.38,OCT
SYN-DM-02854,345.26,354.15,Present,Absent,Present,Absent,Moderate,Ungradable,6.96,OCT
SYN-DM-02855,319.17,357.58,Present,Present,Absent,Absent,High,Partially gradable,6.79,OCT angiography
SYN-DM-02856,278.6,458.65,Absent,Absent,Present,Absent,None,Partially gradable,5.67,Fundus camera
SYN-DM-02857,313.19,404.11,Absent,Present,Absent,Present,None,Partially gradable,5.51,Ultra-widefield
SYN-DM-02858,448.75,478.07,Absent,Present,Absent,Absent,Low,Partially gradable,4.79,OCT
SYN-DM-02859,463.11,492.29,Absent,Present,Present,Present,None,Partially gradable,4.62,OCT
SYN-DM-02860,464.44,322.57,Present,Absent,Present,Present,High,Partially gradable,5.03,OCT
SYN-DM-02861,272.71,285.98,Absent,Absent,Absent,Present,None,Ungradable,8.05,Fundus camera
SYN-DM-02862,386.82,342.61,Present,Absent,Present,Absent,High,Ungradable,7.92,Fundus camera
SYN-DM-02863,467.68,338.09,Present,Absent,Absent,Present,Moderate,Ungradable,6.16,Fundus camera
SYN-DM-02864,257.02,350.2,Absent,Absent,Absent,Present,High,Gradable,3.53,Ultra-widefield
SYN-DM-02865,353.31,438.9,Absent,Present,Present,Present,Moderate,Ungradable,6.89,Fundus camera
SYN-DM-02866,417.25,436.5,Present,Present,Absent,Absent,Moderate,Ungradable,4.29,OCT
SYN-DM-02867,402.47,385.42,Present,Absent,Absent,Absent,High,Partially gradable,7.0,OCT angiography
SYN-DM-02868,289.95,293.53,Absent,Present,Absent,Absent,Low,Partially gradable,3.42,OCT angiography
SYN-DM-02869,296.25,388.2,Absent,Absent,Present,Absent,Moderate,Ungradable,7.04,OCT
SYN-DM-02870,439.83,455.92,Present,Present,Present,Absent,Moderate,Partially gradable,3.85,Fundus camera
SYN-DM-02871,511.73,422.83,Present,Absent,Present,Absent,Moderate,Partially gradable,5.21,OCT angiography
SYN-DM-02872,502.32,458.78,Absent,Absent,Absent,Absent,High,Gradable,8.61,Fundus camera
SYN-DM-02873,390.1,443.59,Present,Absent,Present,Present,High,Ungradable,5.79,Fundus camera
SYN-DM-02874,494.2,463.07,Present,Absent,Present,Absent,High,Partially gradable,7.31,OCT
SYN-DM-02875,401.63,365.68,Absent,Absent,Absent,Absent,Moderate,Partially gradable,5.0,OCT
SYN-DM-02876,343.59,463.63,Present,Absent,Absent,Absent,Low,Gradable,8.21,Fundus camera
SYN-DM-02877,315.94,343.69,Present,Present,Absent,Absent,Moderate,Gradable,5.24,Ultra-widefield
SYN-DM-02878,514.0,350.94,Absent,Present,Absent,Present,High,Gradable,3.16,Ultra-widefield
SYN-DM-02879,433.41,259.79,Absent,Absent,Present,Absent,High,Ungradable,8.77,OCT
SYN-DM-02880,239.41,452.07,Absent,Present,Present,Present,High,Partially gradable,5.6,OCT
SYN-DM-02881,273.67,243.66,Absent,Absent,Absent,Absent,Low,Partially gradable,4.85,OCT angiography
SYN-DM-02882,225.46,477.98,Present,Absent,Absent,Absent,High,Gradable,7.59,Ultra-widefield
SYN-DM-02883,346.18,460.87,Present,Absent,Absent,Absent,None,Ungradable,7.4,OCT
SYN-DM-02884,510.24,455.72,Absent,Present,Absent,Present,None,Partially gradable,8.02,Fundus camera
SYN-DM-02885,240.51,393.93,Absent,Absent,Absent,Absent,Low,Partially gradable,8.83,OCT
SYN-DM-02886,218.66,433.96,Present,Absent,Present,Absent,None,Ungradable,7.02,Ultra-widefield
SYN-DM-02887,459.64,448.83,Present,Absent,Absent,Absent,None,Gradable,8.04,Fundus camera
SYN-DM-02888,448.85,317.98,Present,Absent,Absent,Absent,None,Ungradable,8.04,Fundus camera
SYN-DM-02889,335.97,393.06,Absent,Absent,Absent,Absent,High,Gradable,5.62,Ultra-widefield
SYN-DM-02890,228.2,234.39,Present,Present,Present,Present,Moderate,Ungradable,8.93,Fundus camera
SYN-DM-02891,459.49,352.0,Absent,Present,Absent,Absent,None,Ungradable,6.84,OCT
SYN-DM-02892,273.36,413.85,Absent,Absent,Absent,Present,None,Ungradable,3.06,OCT angiography
SYN-DM-02893,412.18,293.72,Present,Absent,Absent,Absent,None,Gradable,3.61,Ultra-widefield
SYN-DM-02894,469.25,446.45,Present,Absent,Absent,Absent,None,Ungradable,6.48,Ultra-widefield
SYN-DM-02895,325.09,308.03,Present,Present,Present,Present,Moderate,Partially gradable,3.3,Fundus camera
SYN-DM-02896,326.93,256.51,Absent,Absent,Present,Absent,High,Ungradable,7.49,OCT
SYN-DM-02897,411.51,487.72,Present,Absent,Absent,Present,Low,Partially gradable,3.67,Ultra-widefield
SYN-DM-02898,252.83,460.25,Present,Present,Present,Present,Low,Partially gradable,6.01,Fundus camera
SYN-DM-02899,461.48,218.33,Present,Absent,Absent,Absent,Low,Gradable,7.7,Ultra-widefield
SYN-DM-02900,262.57,324.31,Absent,Present,Absent,Present,High,Partially gradable,6.73,Ultra-widefield
SYN-DM-02901,440.28,375.75,Absent,Present,Present,Absent,None,Partially gradable,7.09,OCT angiography
SYN-DM-02902,284.65,307.88,Present,Absent,Present,Present,Moderate,Partially gradable,5.89,Fundus camera
SYN-DM-02903,240.6,317.71,Present,Absent,Absent,Present,None,Ungradable,6.47,OCT angiography
SYN-DM-02904,220.83,493.15,Absent,Present,Absent,Absent,None,Gradable,5.6,Ultra-widefield
SYN-DM-02905,341.96,351.71,Present,Absent,Present,Present,None,Partially gradable,6.13,Fundus camera
SYN-DM-02906,399.45,496.68,Present,Present,Present,Present,Low,Partially gradable,3.49,Fundus camera
SYN-DM-02907,432.43,485.92,Absent,Absent,Present,Present,High,Ungradable,3.46,OCT
SYN-DM-02908,321.02,252.72,Absent,Present,Absent,Absent,Low,Gradable,4.02,OCT angiography
SYN-DM-02909,370.39,255.26,Present,Absent,Absent,Absent,High,Ungradable,8.21,Fundus camera
SYN-DM-02910,325.26,308.94,Present,Present,Absent,Absent,High,Gradable,7.65,OCT angiography
SYN-DM-02911,243.16,447.02,Absent,Absent,Absent,Absent,Moderate,Gradable,6.4,OCT
SYN-DM-02912,486.46,495.9,Present,Absent,Present,Present,High,Ungradable,3.5,OCT angiography
SYN-DM-02913,459.9,360.87,Present,Present,Absent,Absent,Moderate,Gradable,3.69,OCT
SYN-DM-02914,334.58,470.89,Present,Present,Present,Absent,None,Ungradable,5.38,Ultra-widefield
SYN-DM-02915,218.29,365.57,Present,Present,Present,Present,None,Gradable,4.13,Fundus camera
SYN-DM-02916,259.83,474.48,Present,Present,Present,Present,Moderate,Partially gradable,5.28,OCT angiography
SYN-DM-02917,399.74,466.69,Present,Absent,Present,Absent,Moderate,Ungradable,6.52,OCT
SYN-DM-02918,259.03,212.63,Absent,Present,Absent,Absent,Moderate,Partially gradable,7.43,Fundus camera
SYN-DM-02919,235.27,411.64,Absent,Present,Present,Present,High,Gradable,5.69,OCT
SYN-DM-02920,216.02,496.04,Present,Absent,Absent,Absent,High,Gradable,6.73,OCT
SYN-DM-02921,359.49,466.95,Present,Absent,Absent,Present,Moderate,Gradable,7.73,Fundus camera
SYN-DM-02922,377.76,384.24,Absent,Present,Present,Present,Moderate,Ungradable,4.69,OCT angiography
SYN-DM-02923,253.67,427.53,Absent,Absent,Present,Present,High,Partially gradable,7.64,OCT angiography
SYN-DM-02924,415.69,298.5,Absent,Present,Present,Present,Moderate,Partially gradable,7.51,OCT
SYN-DM-02925,400.48,266.23,Present,Absent,Present,Present,None,Partially gradable,3.45,OCT
SYN-DM-02926,362.22,397.08,Absent,Absent,Absent,Absent,Low,Ungradable,8.5,OCT angiography
SYN-DM-02927,246.75,430.67,Present,Present,Present,Absent,High,Gradable,6.95,OCT
SYN-DM-02928,416.41,279.21,Present,Present,Present,Present,Low,Gradable,6.03,Ultra-widefield
SYN-DM-02929,378.07,274.67,Present,Present,Absent,Present,Moderate,Partially gradable,6.18,OCT
SYN-DM-02930,428.12,257.83,Absent,Absent,Absent,Absent,Moderate,Partially gradable,8.02,OCT angiography
SYN-DM-02931,513.85,220.61,Absent,Present,Absent,Absent,None,Gradable,4.84,OCT angiography
SYN-DM-02932,507.97,365.25,Present,Present,Absent,Absent,Moderate,Partially gradable,8.89,OCT
SYN-DM-02933,282.53,277.58,Absent,Absent,Present,Present,None,Ungradable,5.8,Fundus camera
SYN-DM-02934,329.42,501.13,Absent,Present,Present,Absent,High,Ungradable,5.07,OCT angiography
SYN-DM-02935,443.31,296.78,Absent,Absent,Present,Present,Moderate,Gradable,8.28,Ultra-widefield
SYN-DM-02936,422.77,252.93,Present,Absent,Present,Absent,None,Gradable,3.37,Ultra-widefield
SYN-DM-02937,322.11,463.1,Present,Present,Absent,Absent,Moderate,Gradable,4.8,OCT angiography
SYN-DM-02938,419.68,316.33,Present,Present,Present,Present,High,Gradable,5.28,OCT
SYN-DM-02939,443.34,319.88,Absent,Absent,Absent,Absent,None,Ungradable,3.47,OCT
SYN-DM-02940,348.11,441.91,Absent,Present,Present,Absent,High,Gradable,3.98,Ultra-widefield
SYN-DM-02941,507.64,365.96,Absent,Present,Present,Present,Low,Gradable,4.08,OCT
SYN-DM-02942,447.97,232.05,Absent,Absent,Absent,Present,None,Ungradable,3.5,Ultra-widefield
SYN-DM-02943,302.86,250.87,Absent,Absent,Absent,Present,Low,Ungradable,5.1,Ultra-widefield
SYN-DM-02944,361.37,224.89,Absent,Absent,Present,Absent,None,Gradable,7.4,OCT
SYN-DM-02945,406.25,383.09,Present,Present,Absent,Absent,Low,Gradable,8.36,Fundus camera
SYN-DM-02946,389.58,476.98,Present,Absent,Present,Present,High,Gradable,7.62,OCT
SYN-DM-02947,516.97,366.03,Absent,Present,Present,Absent,High,Gradable,5.45,Ultra-widefield
SYN-DM-02948,407.89,345.97,Present,Absent,Present,Present,None,Ungradable,5.88,Fundus camera
SYN-DM-02949,220.98,407.98,Absent,Absent,Absent,Absent,None,Ungradable,7.32,Fundus camera
SYN-DM-02950,402.46,338.27,Absent,Present,Absent,Absent,None,Partially gradable,5.44,Fundus camera
SYN-DM-02951,461.06,258.58,Absent,Absent,Present,Present,High,Ungradable,4.4,Ultra-widefield
SYN-DM-02952,252.26,368.67,Absent,Present,Absent,Absent,High,Partially gradable,8.47,Fundus camera
SYN-DM-02953,380.6,436.06,Absent,Absent,Present,Present,Low,Gradable,5.47,OCT
SYN-DM-02954,409.43,450.18,Present,Absent,Present,Absent,Moderate,Partially gradable,7.87,Fundus camera
SYN-DM-02955,328.36,245.68,Absent,Present,Absent,Absent,None,Gradable,7.24,Ultra-widefield
SYN-DM-02956,469.22,333.21,Present,Present,Present,Present,Low,Gradable,6.35,OCT
SYN-DM-02957,377.52,432.73,Absent,Present,Absent,Absent,None,Gradable,4.33,OCT
SYN-DM-02958,218.55,371.54,Present,Absent,Present,Present,None,Partially gradable,7.6,OCT angiography
SYN-DM-02959,296.78,339.79,Absent,Absent,Absent,Absent,None,Gradable,5.52,OCT angiography
SYN-DM-02960,237.25,432.75,Absent,Absent,Absent,Present,Moderate,Partially gradable,6.43,Fundus camera
SYN-DM-02961,504.88,469.56,Absent,Absent,Present,Absent,None,Partially gradable,8.46,Fundus camera
SYN-DM-02962,263.5,471.74,Present,Absent,Present,Present,None,Ungradable,3.95,Ultra-widefield
SYN-DM-02963,413.47,382.98,Present,Absent,Absent,Present,None,Partially gradable,3.6,Ultra-widefield
SYN-DM-02964,508.53,433.95,Absent,Absent,Absent,Present,High,Partially gradable,4.73,OCT angiography
SYN-DM-02965,214.62,496.73,Absent,Absent,Present,Present,Moderate,Partially gradable,7.99,Fundus camera
SYN-DM-02966,458.04,350.0,Present,Present,Present,Present,Moderate,Partially gradable,7.52,Fundus camera
SYN-DM-02967,397.99,311.04,Present,Present,Absent,Absent,High,Gradable,3.52,OCT angiography
SYN-DM-02968,325.24,251.38,Present,Present,Absent,Absent,High,Ungradable,5.62,Fundus camera
SYN-DM-02969,238.91,255.79,Absent,Present,Present,Present,None,Gradable,3.28,OCT angiography
SYN-DM-02970,246.64,402.89,Present,Absent,Present,Absent,None,Partially gradable,7.47,OCT angiography
SYN-DM-02971,253.18,278.19,Present,Absent,Present,Absent,Moderate,Gradable,7.49,Ultra-widefield
SYN-DM-02972,335.93,485.08,Absent,Present,Present,Present,None,Partially gradable,6.0,Ultra-widefield
SYN-DM-02973,290.28,271.28,Present,Present,Present,Absent,High,Partially gradable,7.29,OCT angiography
SYN-DM-02974,392.11,234.28,Absent,Absent,Present,Absent,Moderate,Ungradable,5.85,OCT
SYN-DM-02975,508.27,325.83,Absent,Present,Absent,Present,None,Partially gradable,5.57,OCT angiography
SYN-DM-02976,274.46,251.6,Present,Absent,Present,Absent,Low,Ungradable,3.01,Fundus camera
SYN-DM-02977,324.1,480.85,Present,Absent,Absent,Present,Moderate,Partially gradable,4.26,OCT angiography
SYN-DM-02978,408.36,362.53,Absent,Absent,Absent,Present,None,Partially gradable,3.99,Fundus camera
SYN-DM-02979,284.81,499.53,Absent,Absent,Present,Present,High,Ungradable,7.18,Fundus camera
SYN-DM-02980,465.81,473.03,Present,Absent,Absent,Present,None,Ungradable,4.43,OCT
SYN-DM-02981,513.23,341.16,Present,Absent,Absent,Absent,Low,Ungradable,5.76,Fundus camera
SYN-DM-02982,510.28,468.91,Absent,Present,Present,Absent,None,Ungradable,7.19,Fundus camera
SYN-DM-02983,334.62,321.87,Absent,Present,Present,Present,High,Gradable,6.88,Fundus camera
SYN-DM-02984,501.96,213.53,Present,Absent,Absent,Present,Low,Gradable,7.97,Fundus camera
SYN-DM-02985,384.0,299.57,Absent,Present,Present,Present,High,Gradable,5.79,Fundus camera
SYN-DM-02986,363.7,311.97,Absent,Present,Present,Absent,Moderate,Partially gradable,4.77,OCT
SYN-DM-02987,372.78,452.76,Absent,Present,Absent,Present,Moderate,Ungradable,8.53,Fundus camera
SYN-DM-02988,251.15,500.92,Absent,Present,Absent,Present,Moderate,Gradable,7.88,Fundus camera
SYN-DM-02989,414.01,227.16,Absent,Absent,Absent,Absent,High,Partially gradable,4.94,OCT angiography
SYN-DM-02990,508.62,466.51,Absent,Absent,Present,Absent,Moderate,Gradable,5.3,Fundus camera
SYN-DM-02991,480.82,371.04,Absent,Present,Absent,Present,Low,Gradable,4.26,Ultra-widefield
SYN-DM-02992,277.5,433.28,Absent,Absent,Absent,Present,Moderate,Ungradable,3.54,OCT
SYN-DM-02993,323.94,290.96,Present,Absent,Present,Present,None,Ungradable,5.1,Fundus camera
SYN-DM-02994,230.24,282.06,Absent,Present,Absent,Present,Moderate,Ungradable,5.0,Ultra-widefield
SYN-DM-02995,345.8,474.03,Present,Present,Absent,Absent,Low,Gradable,5.64,OCT
SYN-DM-02996,410.48,312.48,Absent,Absent,Present,Absent,Moderate,Ungradable,8.5,Ultra-widefield
SYN-DM-02997,279.58,413.65,Present,Present,Present,Absent,None,Partially gradable,6.42,Fundus camera
SYN-DM-02998,334.17,378.07,Absent,Absent,Present,Present,None,Partially gradable,5.64,Ultra-widefield
SYN-DM-02999,500.09,224.61,Absent,Present,Present,Present,None,Partially gradable,6.82,Fundus camera
SYN-DM-03000,311.85,284.58,Present,Present,Absent,Absent,High,Partially gradable,7.06,Ultra-widefield
SYN-DM-03001,226.03,279.67,Present,Absent,Absent,Absent,Moderate,Partially gradable,5.46,OCT angiography
SYN-DM-03002,282.03,396.86,Present,Present,Present,Present,High,Gradable,3.03,Ultra-widefield
SYN-DM-03003,462.68,369.87,Absent,Absent,Present,Present,Moderate,Partially gradable,8.02,OCT angiography
SYN-DM-03004,332.21,221.59,Present,Absent,Present,Present,High,Gradable,4.44,OCT angiography
SYN-DM-03005,409.29,413.47,Absent,Present,Present,Absent,None,Ungradable,5.39,Ultra-widefield
SYN-DM-03006,302.68,359.47,Present,Absent,Present,Absent,Moderate,Ungradable,3.55,OCT angiography
SYN-DM-03007,342.76,234.05,Present,Absent,Absent,Absent,High,Ungradable,3.44,OCT angiography
SYN-DM-03008,505.12,260.84,Present,Present,Present,Absent,Low,Gradable,5.12,Ultra-widefield
SYN-DM-03009,484.04,453.35,Absent,Present,Present,Absent,Moderate,Ungradable,7.05,Fundus camera
SYN-DM-03010,376.01,253.01,Absent,Absent,Present,Absent,None,Ungradable,8.11,Fundus camera
SYN-DM-03011,281.38,493.74,Present,Absent,Absent,Absent,Moderate,Ungradable,8.65,Ultra-widefield
SYN-DM-03012,413.08,352.72,Present,Present,Present,Present,Low,Gradable,5.44,OCT
SYN-DM-03013,338.8,478.3,Absent,Present,Present,Absent,Moderate,Gradable,7.86,Ultra-widefield
SYN-DM-03014,488.74,391.33,Present,Absent,Present,Present,None,Partially gradable,8.5,Fundus camera
SYN-DM-03015,337.93,237.91,Present,Absent,Present,Absent,Moderate,Ungradable,3.53,Fundus camera
SYN-DM-03016,431.03,246.5,Absent,Present,Present,Present,High,Gradable,8.73,Fundus camera
SYN-DM-03017,284.41,229.28,Present,Absent,Absent,Absent,Moderate,Partially gradable,7.13,Fundus camera
SYN-DM-03018,259.85,444.55,Present,Absent,Absent,Absent,High,Gradable,5.23,OCT
SYN-DM-03019,327.23,451.83,Absent,Absent,Present,Absent,Low,Partially gradable,4.64,Fundus camera
SYN-DM-03020,337.72,456.41,Present,Present,Present,Absent,Moderate,Ungradable,7.68,Ultra-widefield
SYN-DM-03021,515.97,420.55,Absent,Present,Present,Absent,None,Partially gradable,4.95,OCT angiography
SYN-DM-03022,426.3,479.88,Present,Absent,Absent,Present,High,Partially gradable,8.97,OCT
SYN-DM-03023,389.77,377.63,Present,Absent,Present,Absent,None,Ungradable,5.64,Ultra-widefield
SYN-DM-03024,285.31,214.06,Present,Absent,Absent,Absent,Moderate,Partially gradable,3.99,OCT
SYN-DM-03025,340.41,261.19,Absent,Present,Present,Absent,None,Gradable,8.9,OCT angiography
SYN-DM-03026,276.02,399.23,Absent,Absent,Present,Absent,Low,Gradable,7.4,Ultra-widefield
SYN-DM-03027,236.45,438.96,Absent,Present,Present,Present,High,Gradable,8.97,Ultra-widefield
SYN-DM-03028,433.98,268.33,Present,Absent,Absent,Present,Low,Ungradable,8.81,OCT angiography
SYN-DM-03029,256.3,440.34,Present,Present,Present,Absent,Low,Partially gradable,6.72,Ultra-widefield
SYN-DM-03030,304.56,412.34,Present,Present,Present,Present,None,Partially gradable,3.23,Ultra-widefield
SYN-DM-03031,445.8,270.57,Present,Present,Present,Absent,High,Partially gradable,4.93,Fundus camera
SYN-DM-03032,249.03,501.89,Present,Present,Present,Present,High,Partially gradable,5.28,OCT
SYN-DM-03033,481.68,383.44,Present,Absent,Present,Absent,Moderate,Gradable,5.39,OCT angiography
SYN-DM-03034,277.17,481.25,Absent,Absent,Present,Absent,Low,Partially gradable,3.82,OCT
SYN-DM-03035,307.55,289.69,Present,Present,Present,Present,Moderate,Partially gradable,8.54,Ultra-widefield
SYN-DM-03036,444.37,243.17,Absent,Present,Present,Present,Low,Ungradable,8.1,Ultra-widefield
SYN-DM-03037,437.38,359.2,Absent,Absent,Present,Absent,Low,Partially gradable,3.47,Fundus camera
SYN-DM-03038,382.24,468.05,Present,Absent,Present,Absent,High,Partially gradable,3.2,OCT
SYN-DM-03039,464.06,382.23,Absent,Absent,Present,Absent,Moderate,Partially gradable,4.48,OCT
SYN-DM-03040,498.03,500.03,Absent,Absent,Absent,Absent,Low,Partially gradable,8.03,OCT angiography
SYN-DM-03041,450.83,233.05,Absent,Present,Present,Absent,None,Gradable,7.62,OCT
SYN-DM-03042,241.35,472.37,Present,Absent,Present,Absent,Moderate,Ungradable,7.02,Fundus camera
SYN-DM-03043,512.51,482.17,Present,Present,Present,Present,Moderate,Gradable,3.83,Fundus camera
SYN-DM-03044,466.07,391.26,Absent,Absent,Absent,Absent,None,Ungradable,6.44,Fundus camera
SYN-DM-03045,479.61,233.22,Absent,Absent,Absent,Absent,Moderate,Partially gradable,3.45,OCT
SYN-DM-03046,507.74,224.08,Absent,Absent,Present,Absent,Moderate,Gradable,5.44,Ultra-widefield
SYN-DM-03047,351.74,297.62,Present,Present,Present,Present,None,Gradable,6.82,Ultra-widefield
SYN-DM-03048,308.07,278.71,Absent,Absent,Present,Absent,High,Partially gradable,6.62,Ultra-widefield
SYN-DM-03049,494.48,501.77,Present,Present,Absent,Absent,None,Partially gradable,3.95,OCT angiography
SYN-DM-03050,226.16,315.12,Present,Absent,Present,Absent,Low,Ungradable,4.29,OCT angiography
SYN-DM-03051,371.64,337.71,Absent,Absent,Absent,Absent,Moderate,Ungradable,5.35,OCT
SYN-DM-03052,362.68,254.36,Present,Absent,Absent,Present,Moderate,Ungradable,5.78,Ultra-widefield
SYN-DM-03053,336.78,291.13,Absent,Absent,Absent,Present,High,Ungradable,3.86,OCT angiography
SYN-DM-03054,452.98,448.67,Present,Absent,Absent,Absent,None,Partially gradable,4.36,OCT angiography
SYN-DM-03055,242.75,458.28,Present,Present,Absent,Present,Moderate,Gradable,7.6,OCT angiography
SYN-DM-03056,231.84,340.18,Absent,Present,Absent,Absent,High,Gradable,3.08,Fundus camera
SYN-DM-03057,229.0,242.37,Absent,Absent,Absent,Present,Moderate,Ungradable,3.72,OCT
SYN-DM-03058,392.9,356.57,Absent,Absent,Present,Present,Moderate,Gradable,7.27,Ultra-widefield
SYN-DM-03059,387.91,284.67,Absent,Absent,Present,Absent,High,Ungradable,5.3,OCT
SYN-DM-03060,344.64,462.73,Absent,Present,Present,Absent,High,Partially gradable,3.01,Fundus camera
SYN-DM-03061,397.36,301.61,Absent,Present,Present,Absent,Moderate,Ungradable,6.68,OCT angiography
SYN-DM-03062,488.62,378.24,Present,Present,Absent,Present,High,Ungradable,4.24,OCT
SYN-DM-03063,500.48,271.64,Present,Absent,Absent,Absent,Moderate,Gradable,3.88,Ultra-widefield
SYN-DM-03064,259.39,232.08,Absent,Present,Present,Present,None,Gradable,8.97,Ultra-widefield
SYN-DM-03065,293.89,468.49,Absent,Present,Present,Present,None,Partially gradable,3.02,Ultra-widefield
SYN-DM-03066,426.57,242.45,Present,Present,Present,Absent,High,Gradable,7.4,Ultra-widefield
SYN-DM-03067,429.6,378.45,Present,Absent,Present,Absent,None,Ungradable,5.77,OCT angiography
SYN-DM-03068,286.04,307.68,Absent,Present,Present,Absent,High,Ungradable,7.32,Ultra-widefield
SYN-DM-03069,230.32,455.65,Absent,Absent,Present,Present,Moderate,Ungradable,6.29,Ultra-widefield
SYN-DM-03070,450.55,335.73,Present,Absent,Absent,Absent,None,Ungradable,5.12,OCT
SYN-DM-03071,483.6,236.01,Present,Absent,Present,Absent,High,Ungradable,7.4,OCT angiography
SYN-DM-03072,217.05,267.04,Absent,Present,Absent,Absent,None,Partially gradable,4.32,Ultra-widefield
SYN-DM-03073,504.47,436.25,Absent,Present,Absent,Absent,None,Ungradable,5.09,Fundus camera
SYN-DM-03074,460.31,228.22,Present,Present,Absent,Absent,Low,Gradable,3.08,Fundus camera
SYN-DM-03075,248.0,352.11,Absent,Present,Absent,Present,Moderate,Partially gradable,6.12,OCT
SYN-DM-03076,487.74,253.25,Absent,Present,Present,Present,Low,Gradable,6.94,OCT
SYN-DM-03077,429.94,443.42,Absent,Present,Present,Present,High,Partially gradable,5.22,Ultra-widefield
SYN-DM-03078,338.83,464.69,Present,Present,Absent,Absent,Low,Ungradable,5.53,Fundus camera
SYN-DM-03079,372.51,397.23,Present,Present,Absent,Absent,Moderate,Partially gradable,6.2,OCT
SYN-DM-03080,380.99,336.08,Absent,Present,Absent,Present,High,Ungradable,5.17,Fundus camera
SYN-DM-03081,338.14,270.74,Absent,Present,Present,Present,High,Partially gradable,3.68,OCT angiography
SYN-DM-03082,278.75,300.42,Present,Present,Absent,Present,High,Ungradable,7.55,OCT
SYN-DM-03083,268.05,257.87,Present,Absent,Absent,Absent,Moderate,Partially gradable,3.77,Fundus camera
SYN-DM-03084,274.4,301.44,Absent,Absent,Present,Present,Low,Ungradable,7.48,OCT angiography
SYN-DM-03085,218.44,231.94,Present,Absent,Present,Present,None,Gradable,7.44,Fundus camera
SYN-DM-03086,393.78,459.81,Present,Present,Absent,Absent,None,Ungradable,6.39,OCT angiography
SYN-DM-03087,361.02,424.7,Present,Present,Present,Present,Moderate,Partially gradable,8.84,Ultra-widefield
SYN-DM-03088,343.4,495.09,Absent,Absent,Absent,Absent,Low,Ungradable,4.0,Fundus camera
SYN-DM-03089,446.9,324.43,Present,Present,Present,Present,Low,Gradable,5.82,OCT
SYN-DM-03090,238.74,501.47,Present,Present,Absent,Present,None,Partially gradable,5.51,Ultra-widefield
SYN-DM-03091,240.58,324.08,Absent,Absent,Present,Absent,Moderate,Ungradable,4.68,OCT angiography
SYN-DM-03092,306.23,365.2,Absent,Absent,Absent,Absent,None,Ungradable,8.48,OCT
SYN-DM-03093,479.03,474.68,Present,Present,Present,Present,High,Ungradable,4.22,OCT angiography
SYN-DM-03094,241.97,308.69,Absent,Absent,Absent,Absent,High,Gradable,6.9,Fundus camera
SYN-DM-03095,431.15,473.74,Present,Absent,Present,Present,Moderate,Partially gradable,7.1,OCT angiography
SYN-DM-03096,465.01,262.73,Absent,Present,Absent,Present,None,Partially gradable,6.74,OCT angiography
SYN-DM-03097,223.91,318.37,Absent,Absent,Present,Absent,Low,Ungradable,4.87,Ultra-widefield
SYN-DM-03098,342.82,355.79,Present,Absent,Absent,Present,None,Partially gradable,6.05,Ultra-widefield
SYN-DM-03099,350.34,286.17,Present,Absent,Present,Absent,Moderate,Gradable,8.94,Ultra-widefield
SYN-DM-03100,360.7,416.85,Absent,Absent,Absent,Absent,None,Ungradable,3.67,OCT angiography
SYN-DM-03101,421.14,336.03,Absent,Absent,Absent,Absent,None,Partially gradable,5.88,Ultra-widefield
SYN-DM-03102,452.42,225.33,Present,Present,Present,Absent,None,Partially gradable,7.69,Fundus camera
SYN-DM-03103,302.41,501.29,Absent,Present,Absent,Present,High,Partially gradable,3.8,Fundus camera
SYN-DM-03104,456.4,285.77,Absent,Absent,Absent,Present,None,Partially gradable,6.81,Ultra-widefield
SYN-DM-03105,506.6,404.32,Absent,Present,Absent,Present,Low,Partially gradable,8.47,Ultra-widefield
SYN-DM-03106,261.12,392.11,Present,Present,Absent,Absent,Moderate,Partially gradable,3.08,Ultra-widefield
SYN-DM-03107,502.07,354.18,Present,Absent,Absent,Present,High,Partially gradable,4.47,OCT angiography
SYN-DM-03108,254.95,368.07,Present,Present,Absent,Present,Moderate,Ungradable,6.02,Fundus camera
SYN-DM-03109,250.76,391.23,Absent,Absent,Absent,Absent,Moderate,Ungradable,7.72,Fundus camera
SYN-DM-03110,257.88,409.78,Absent,Absent,Absent,Present,None,Partially gradable,7.57,OCT
SYN-DM-03111,415.65,498.05,Present,Absent,Present,Present,Moderate,Gradable,5.33,Ultra-widefield
SYN-DM-03112,316.11,327.96,Absent,Present,Present,Absent,None,Ungradable,8.94,Fundus camera
SYN-DM-03113,257.58,467.31,Absent,Absent,Absent,Absent,Low,Ungradable,5.26,Ultra-widefield
SYN-DM-03114,301.6,438.7,Absent,Absent,Present,Present,Moderate,Partially gradable,8.25,Fundus camera
SYN-DM-03115,215.83,269.34,Present,Present,Present,Absent,High,Gradable,7.28,OCT
SYN-DM-03116,405.27,257.49,Absent,Present,Absent,Present,Low,Ungradable,3.4,Ultra-widefield
SYN-DM-03117,407.77,455.81,Absent,Absent,Present,Present,None,Partially gradable,7.69,Fundus camera
SYN-DM-03118,432.32,274.77,Absent,Absent,Present,Absent,High,Ungradable,4.78,Ultra-widefield
SYN-DM-03119,369.96,270.08,Absent,Absent,Present,Present,Moderate,Partially gradable,6.55,OCT
SYN-DM-03120,404.13,409.46,Present,Present,Present,Absent,Low,Gradable,5.79,OCT
SYN-DM-03121,304.37,466.17,Absent,Absent,Absent,Present,High,Partially gradable,6.2,OCT
SYN-DM-03122,292.92,317.06,Present,Present,Present,Absent,None,Partially gradable,5.36,Ultra-widefield
SYN-DM-03123,411.36,501.4,Absent,Absent,Present,Absent,Moderate,Gradable,3.82,OCT
SYN-DM-03124,271.01,264.83,Present,Present,Absent,Present,High,Partially gradable,4.07,Fundus camera
SYN-DM-03125,349.73,461.19,Absent,Absent,Present,Absent,Moderate,Ungradable,6.86,OCT angiography
SYN-DM-03126,461.86,314.56,Present,Present,Absent,Present,High,Gradable,5.05,Fundus camera
SYN-DM-03127,437.96,324.49,Present,Absent,Present,Present,None,Partially gradable,5.8,OCT
SYN-DM-03128,475.34,411.1,Present,Absent,Absent,Present,Moderate,Gradable,7.24,OCT angiography
SYN-DM-03129,237.73,243.59,Present,Absent,Present,Absent,None,Partially gradable,5.97,OCT angiography
SYN-DM-03130,301.28,357.92,Absent,Present,Present,Absent,Moderate,Gradable,6.1,Fundus camera
SYN-DM-03131,435.11,436.62,Present,Absent,Absent,Absent,None,Partially gradable,5.11,Fundus camera
SYN-DM-03132,224.18,388.19,Present,Absent,Present,Absent,None,Partially gradable,5.49,Ultra-widefield
SYN-DM-03133,336.62,483.91,Absent,Absent,Absent,Absent,Moderate,Gradable,4.67,OCT angiography
SYN-DM-03134,376.55,436.01,Absent,Absent,Present,Absent,None,Partially gradable,4.76,Ultra-widefield
SYN-DM-03135,423.31,380.65,Absent,Absent,Absent,Absent,High,Gradable,8.29,Ultra-widefield
SYN-DM-03136,408.03,383.66,Present,Present,Present,Present,Moderate,Gradable,4.37,Ultra-widefield
SYN-DM-03137,418.17,341.29,Absent,Present,Present,Absent,None,Ungradable,3.16,OCT
SYN-DM-03138,296.9,319.39,Present,Present,Present,Present,Moderate,Ungradable,4.19,Fundus camera
SYN-DM-03139,388.42,297.44,Absent,Present,Absent,Absent,Moderate,Partially gradable,4.53,OCT
SYN-DM-03140,311.03,354.23,Present,Absent,Absent,Present,None,Ungradable,4.29,Ultra-widefield
SYN-DM-03141,453.94,219.18,Absent,Absent,Absent,Present,Low,Partially gradable,4.04,OCT
SYN-DM-03142,429.49,369.22,Present,Absent,Present,Present,High,Ungradable,8.51,Ultra-widefield
SYN-DM-03143,453.94,216.9,Absent,Present,Present,Absent,Low,Gradable,6.96,Ultra-widefield
SYN-DM-03144,269.04,410.84,Present,Absent,Absent,Absent,Low,Gradable,6.32,OCT angiography
SYN-DM-03145,268.13,391.5,Absent,Absent,Present,Absent,High,Gradable,8.59,Fundus camera
SYN-DM-03146,488.46,473.17,Present,Present,Present,Present,Moderate,Partially gradable,4.33,OCT
SYN-DM-03147,395.53,240.72,Present,Absent,Absent,Absent,None,Gradable,3.73,Fundus camera
SYN-DM-03148,339.76,333.67,Present,Absent,Present,Present,None,Gradable,6.51,OCT angiography
SYN-DM-03149,434.17,339.72,Present,Absent,Present,Absent,High,Ungradable,4.39,Ultra-widefield
SYN-DM-03150,469.46,383.41,Absent,Present,Absent,Present,None,Gradable,7.72,OCT angiography
SYN-DM-03151,313.35,433.77,Present,Absent,Present,Present,High,Partially gradable,7.59,OCT angiography
SYN-DM-03152,502.79,214.43,Absent,Absent,Present,Absent,Low,Gradable,5.76,Ultra-widefield
SYN-DM-03153,394.61,254.92,Absent,Present,Absent,Present,None,Gradable,3.41,OCT
SYN-DM-03154,341.0,401.97,Present,Present,Present,Present,Low,Partially gradable,6.3,Ultra-widefield
SYN-DM-03155,396.54,252.91,Present,Absent,Present,Absent,None,Partially gradable,8.29,OCT
SYN-DM-03156,482.66,297.72,Absent,Absent,Absent,Present,None,Gradable,3.4,Ultra-widefield
SYN-DM-03157,504.55,317.2,Present,Present,Absent,Present,Moderate,Ungradable,8.0,Ultra-widefield
SYN-DM-03158,328.35,497.09,Absent,Absent,Absent,Present,Moderate,Gradable,6.35,Fundus camera
SYN-DM-03159,282.31,400.11,Present,Absent,Absent,Present,Moderate,Gradable,5.42,OCT angiography
SYN-DM-03160,275.85,269.4,Present,Absent,Absent,Present,Moderate,Ungradable,8.16,OCT angiography
SYN-DM-03161,288.41,365.12,Present,Present,Absent,Absent,Low,Gradable,8.76,Fundus camera
SYN-DM-03162,463.51,480.51,Present,Absent,Absent,Present,High,Partially gradable,6.56,OCT angiography
SYN-DM-03163,225.95,441.81,Present,Absent,Present,Absent,Moderate,Ungradable,4.25,Ultra-widefield
SYN-DM-03164,451.63,432.13,Absent,Present,Present,Present,Low,Gradable,3.24,OCT
SYN-DM-03165,468.88,237.82,Absent,Present,Absent,Absent,Moderate,Gradable,5.73,OCT
SYN-DM-03166,272.73,480.88,Present,Absent,Present,Absent,Moderate,Ungradable,4.57,Fundus camera
SYN-DM-03167,415.89,306.52,Present,Absent,Absent,Present,None,Gradable,4.16,Fundus camera
SYN-DM-03168,240.15,491.93,Absent,Absent,Absent,Present,None,Gradable,3.3,OCT angiography
SYN-DM-03169,462.53,353.42,Present,Present,Present,Present,Low,Gradable,5.04,OCT
SYN-DM-03170,446.31,224.94,Present,Absent,Present,Absent,Low,Partially gradable,8.3,OCT
SYN-DM-03171,317.16,364.02,Present,Absent,Present,Present,Low,Partially gradable,7.63,OCT angiography
SYN-DM-03172,423.64,230.56,Absent,Absent,Present,Present,Moderate,Gradable,5.64,OCT
SYN-DM-03173,352.71,398.06,Absent,Absent,Present,Present,High,Ungradable,3.49,Fundus camera
SYN-DM-03174,417.22,304.11,Present,Present,Absent,Present,None,Ungradable,6.05,OCT angiography
SYN-DM-03175,465.91,493.0,Present,Present,Absent,Present,Moderate,Ungradable,3.33,Fundus camera
SYN-DM-03176,392.61,363.04,Absent,Present,Absent,Absent,Low,Ungradable,8.3,Fundus camera
SYN-DM-03177,393.26,284.72,Absent,Present,Present,Absent,Low,Partially gradable,4.78,OCT
SYN-DM-03178,512.26,305.85,Present,Absent,Present,Absent,Moderate,Ungradable,8.12,Ultra-widefield
SYN-DM-03179,468.49,214.7,Absent,Present,Absent,Present,Moderate,Ungradable,4.4,OCT angiography
SYN-DM-03180,280.24,470.88,Absent,Present,Absent,Present,Moderate,Gradable,5.29,Ultra-widefield
SYN-DM-03181,511.07,489.9,Absent,Absent,Present,Present,High,Partially gradable,6.71,OCT angiography
SYN-DM-03182,499.26,472.39,Absent,Present,Absent,Absent,Low,Partially gradable,5.09,Ultra-widefield
SYN-DM-03183,336.92,465.03,Present,Present,Present,Present,Moderate,Ungradable,4.59,Fundus camera
SYN-DM-03184,299.48,314.2,Absent,Absent,Absent,Present,None,Gradable,7.73,OCT angiography
SYN-DM-03185,313.86,340.7,Absent,Present,Absent,Present,High,Gradable,7.88,OCT
SYN-DM-03186,492.44,425.65,Absent,Present,Present,Absent,Low,Partially gradable,8.62,OCT
SYN-DM-03187,507.13,300.32,Present,Present,Present,Present,None,Gradable,3.33,OCT
SYN-DM-03188,483.45,331.86,Present,Absent,Absent,Present,High,Gradable,5.49,OCT
SYN-DM-03189,414.39,402.55,Present,Present,Absent,Present,Low,Gradable,8.73,Fundus camera
SYN-DM-03190,391.85,432.97,Absent,Absent,Absent,Absent,None,Ungradable,7.91,Fundus camera
SYN-DM-03191,363.73,444.71,Present,Present,Absent,Present,High,Ungradable,5.86,Ultra-widefield
SYN-DM-03192,245.36,488.07,Present,Present,Present,Absent,None,Gradable,6.97,OCT
SYN-DM-03193,278.08,487.98,Absent,Present,Present,Present,Moderate,Ungradable,4.63,Fundus camera
SYN-DM-03194,285.01,253.34,Present,Absent,Absent,Absent,High,Gradable,3.66,OCT
SYN-DM-03195,312.77,261.55,Present,Present,Present,Present,Moderate,Ungradable,7.8,Fundus camera
SYN-DM-03196,454.87,478.38,Present,Present,Present,Present,None,Ungradable,5.83,Fundus camera
SYN-DM-03197,402.16,250.68,Absent,Absent,Present,Absent,Moderate,Ungradable,5.34,Ultra-widefield
SYN-DM-03198,281.16,470.73,Present,Absent,Present,Present,High,Gradable,5.44,OCT
SYN-DM-03199,353.5,402.4,Present,Absent,Present,Absent,None,Partially gradable,8.26,Ultra-widefield
SYN-DM-03200,486.6,219.44,Absent,Absent,Absent,Present,Low,Partially gradable,6.49,OCT
SYN-DM-03201,476.05,322.33,Absent,Present,Present,Present,None,Gradable,6.31,Fundus camera
SYN-DM-03202,486.6,293.47,Present,Absent,Present,Absent,Moderate,Partially gradable,8.85,Ultra-widefield
SYN-DM-03203,271.73,347.45,Absent,Present,Absent,Absent,None,Gradable,3.91,OCT angiography
SYN-DM-03204,266.21,274.93,Present,Present,Present,Absent,Moderate,Partially gradable,4.06,Fundus camera
SYN-DM-03205,398.21,234.54,Present,Absent,Absent,Absent,None,Gradable,3.42,OCT
SYN-DM-03206,409.46,464.31,Absent,Absent,Present,Present,Low,Partially gradable,7.55,Ultra-widefield
SYN-DM-03207,363.67,242.0,Absent,Present,Absent,Present,None,Gradable,8.52,Ultra-widefield
SYN-DM-03208,375.27,342.91,Absent,Absent,Absent,Absent,None,Partially gradable,6.19,Fundus camera
SYN-DM-03209,402.94,468.12,Present,Absent,Present,Present,Moderate,Partially gradable,7.08,Ultra-widefield
SYN-DM-03210,248.29,436.68,Absent,Absent,Present,Absent,Moderate,Gradable,6.59,OCT angiography
SYN-DM-03211,361.83,352.94,Absent,Present,Present,Present,High,Gradable,3.36,Ultra-widefield
SYN-DM-03212,432.19,391.87,Absent,Present,Absent,Absent,Moderate,Gradable,5.72,OCT angiography
SYN-DM-03213,470.24,500.39,Present,Present,Present,Absent,High,Partially gradable,4.37,OCT
SYN-DM-03214,417.9,479.87,Absent,Absent,Present,Present,High,Partially gradable,8.31,Ultra-widefield
SYN-DM-03215,385.0,413.11,Absent,Absent,Present,Present,High,Gradable,6.38,OCT
SYN-DM-03216,252.22,310.77,Absent,Present,Absent,Present,None,Ungradable,5.52,OCT angiography
SYN-DM-03217,271.98,306.19,Present,Absent,Absent,Present,None,Partially gradable,5.68,OCT angiography
SYN-DM-03218,359.36,395.13,Absent,Present,Present,Present,Low,Partially gradable,7.43,OCT
SYN-DM-03219,326.57,220.61,Absent,Absent,Present,Present,Low,Gradable,5.55,OCT angiography
SYN-DM-03220,357.11,238.02,Present,Absent,Present,Absent,None,Ungradable,4.14,OCT angiography
SYN-DM-03221,320.42,370.45,Absent,Absent,Absent,Absent,Low,Partially gradable,6.72,OCT angiography
SYN-DM-03222,452.77,299.27,Present,Present,Present,Present,High,Ungradable,4.75,Fundus camera
SYN-DM-03223,386.5,269.13,Present,Absent,Present,Absent,Low,Gradable,7.95,Fundus camera
SYN-DM-03224,239.86,362.68,Absent,Present,Absent,Absent,High,Ungradable,8.4,Fundus camera
SYN-DM-03225,313.38,402.36,Absent,Present,Present,Absent,High,Partially gradable,3.11,Fundus camera
SYN-DM-03226,254.56,454.69,Present,Present,Absent,Present,None,Gradable,6.52,OCT angiography
SYN-DM-03227,261.24,447.76,Present,Absent,Absent,Absent,None,Ungradable,8.76,Fundus camera
SYN-DM-03228,381.81,448.44,Present,Present,Absent,Present,None,Partially gradable,3.66,Ultra-widefield
SYN-DM-03229,499.18,372.53,Present,Absent,Present,Present,Low,Partially gradable,7.34,Fundus camera
SYN-DM-03230,263.85,251.39,Present,Present,Present,Present,None,Gradable,4.92,Fundus camera
SYN-DM-03231,283.08,305.6,Present,Present,Present,Absent,Moderate,Gradable,4.01,Fundus camera
SYN-DM-03232,341.53,477.92,Present,Absent,Present,Absent,Low,Gradable,4.91,Fundus camera
SYN-DM-03233,433.26,237.42,Present,Present,Absent,Present,Low,Partially gradable,7.92,Fundus camera
SYN-DM-03234,424.69,463.17,Present,Absent,Absent,Present,Moderate,Ungradable,4.34,OCT angiography
SYN-DM-03235,474.62,298.83,Absent,Absent,Absent,Present,High,Partially gradable,3.6,OCT angiography
SYN-DM-03236,298.77,225.13,Present,Absent,Present,Present,High,Gradable,7.35,Fundus camera
SYN-DM-03237,452.74,235.99,Absent,Absent,Absent,Absent,None,Gradable,7.18,OCT angiography
SYN-DM-03238,272.18,237.5,Absent,Present,Absent,Present,High,Partially gradable,6.06,OCT
SYN-DM-03239,508.42,387.06,Present,Absent,Present,Present,None,Gradable,7.75,OCT angiography
SYN-DM-03240,346.56,285.44,Absent,Present,Present,Present,Moderate,Partially gradable,6.25,Fundus camera
SYN-DM-03241,330.02,459.3,Absent,Absent,Present,Present,Low,Partially gradable,5.3,Fundus camera
SYN-DM-03242,236.33,278.65,Absent,Absent,Present,Present,High,Gradable,3.63,Ultra-widefield
SYN-DM-03243,214.55,357.23,Present,Absent,Absent,Present,Moderate,Gradable,5.82,OCT
SYN-DM-03244,260.91,370.63,Present,Absent,Absent,Absent,Moderate,Ungradable,6.91,Ultra-widefield
SYN-DM-03245,231.28,498.83,Absent,Present,Present,Present,None,Gradable,6.39,OCT angiography
SYN-DM-03246,425.51,296.25,Present,Present,Present,Absent,High,Partially gradable,6.51,OCT
SYN-DM-03247,326.22,435.55,Present,Present,Absent,Present,High,Ungradable,4.24,OCT
SYN-DM-03248,478.25,410.77,Present,Absent,Absent,Absent,Low,Gradable,7.12,Ultra-widefield
SYN-DM-03249,446.41,308.04,Absent,Absent,Absent,Present,High,Gradable,3.92,OCT angiography
SYN-DM-03250,392.9,283.16,Absent,Absent,Present,Present,Low,Ungradable,8.52,Ultra-widefield
SYN-DM-03251,350.55,350.3,Absent,Absent,Present,Present,High,Gradable,5.23,Ultra-widefield
SYN-DM-03252,244.35,458.57,Present,Present,Absent,Absent,Low,Gradable,7.46,Ultra-widefield
SYN-DM-03253,449.14,370.08,Absent,Present,Present,Present,None,Gradable,3.03,OCT
SYN-DM-03254,396.85,308.54,Present,Present,Absent,Absent,High,Gradable,8.6,Fundus camera
SYN-DM-03255,458.54,282.77,Absent,Absent,Absent,Present,Low,Ungradable,3.49,OCT angiography
SYN-DM-03256,482.04,284.62,Absent,Present,Present,Absent,Moderate,Partially gradable,6.71,Fundus camera
SYN-DM-03257,411.52,469.11,Absent,Absent,Present,Absent,None,Gradable,8.0,OCT
SYN-DM-03258,324.04,446.17,Absent,Absent,Present,Absent,None,Gradable,5.4,OCT angiography
SYN-DM-03259,476.58,444.26,Absent,Absent,Absent,Present,Low,Partially gradable,7.38,Fundus camera
SYN-DM-03260,276.37,239.78,Present,Present,Present,Absent,High,Partially gradable,6.5,Ultra-widefield
SYN-DM-03261,437.9,474.72,Present,Absent,Absent,Present,Low,Ungradable,6.15,OCT angiography
SYN-DM-03262,233.68,322.19,Absent,Present,Absent,Present,None,Ungradable,7.2,OCT
SYN-DM-03263,351.19,353.16,Present,Present,Present,Present,Low,Gradable,9.0,Fundus camera
SYN-DM-03264,442.92,462.62,Absent,Present,Absent,Present,Low,Partially gradable,5.61,Ultra-widefield
SYN-DM-03265,426.87,479.89,Absent,Present,Present,Present,None,Gradable,6.78,Ultra-widefield
SYN-DM-03266,311.99,218.9,Absent,Present,Present,Absent,High,Gradable,8.61,Fundus camera
SYN-DM-03267,253.47,457.82,Present,Present,Present,Present,Moderate,Ungradable,4.93,Ultra-widefield
SYN-DM-03268,405.8,415.48,Present,Present,Absent,Present,Low,Ungradable,6.76,OCT angiography
SYN-DM-03269,457.39,381.97,Present,Absent,Present,Present,High,Partially gradable,4.56,OCT angiography
SYN-DM-03270,504.71,263.25,Absent,Absent,Absent,Present,Moderate,Gradable,7.58,Fundus camera
SYN-DM-03271,413.36,485.17,Absent,Present,Absent,Present,Moderate,Gradable,5.06,OCT
SYN-DM-03272,431.34,378.54,Absent,Present,Present,Present,None,Gradable,3.41,Ultra-widefield
SYN-DM-03273,320.53,459.77,Absent,Present,Present,Absent,None,Gradable,5.94,OCT
SYN-DM-03274,305.03,274.07,Absent,Present,Absent,Absent,Moderate,Gradable,7.88,OCT
SYN-DM-03275,405.88,414.68,Present,Present,Present,Present,None,Ungradable,4.93,OCT angiography
SYN-DM-03276,338.25,492.68,Present,Absent,Present,Absent,Moderate,Ungradable,8.17,OCT angiography
SYN-DM-03277,438.99,245.04,Absent,Present,Absent,Absent,Low,Partially gradable,6.94,Fundus camera
SYN-DM-03278,478.31,368.09,Present,Present,Present,Present,Moderate,Ungradable,7.52,Fundus camera
SYN-DM-03279,437.98,395.21,Present,Absent,Absent,Absent,None,Ungradable,6.96,OCT
SYN-DM-03280,302.93,245.15,Present,Absent,Present,Present,None,Partially gradable,7.11,OCT
SYN-DM-03281,377.84,381.93,Present,Absent,Absent,Present,Low,Partially gradable,3.49,OCT
SYN-DM-03282,500.91,229.32,Present,Absent,Absent,Present,None,Ungradable,6.04,Fundus camera
SYN-DM-03283,495.19,300.63,Present,Absent,Present,Present,High,Partially gradable,4.65,Ultra-widefield
SYN-DM-03284,337.19,256.69,Absent,Absent,Present,Present,High,Partially gradable,5.03,Ultra-widefield
SYN-DM-03285,311.4,413.86,Absent,Absent,Absent,Present,None,Ungradable,7.35,OCT angiography
SYN-DM-03286,467.3,334.39,Absent,Absent,Absent,Absent,None,Gradable,4.69,OCT
SYN-DM-03287,364.0,304.49,Present,Absent,Present,Absent,None,Partially gradable,8.39,Fundus camera
SYN-DM-03288,463.66,442.84,Present,Absent,Present,Present,High,Partially gradable,7.65,Fundus camera
SYN-DM-03289,343.07,266.91,Present,Absent,Present,Present,Low,Partially gradable,4.36,OCT angiography
SYN-DM-03290,217.31,393.61,Present,Present,Present,Absent,Moderate,Partially gradable,7.62,Fundus camera
SYN-DM-03291,364.03,239.0,Present,Present,Present,Present,None,Ungradable,4.78,Fundus camera
SYN-DM-03292,373.33,242.49,Present,Absent,Absent,Absent,Low,Ungradable,6.93,OCT angiography
SYN-DM-03293,497.23,368.74,Present,Absent,Present,Present,None,Ungradable,6.51,OCT
SYN-DM-03294,442.72,225.93,Absent,Present,Present,Absent,Moderate,Ungradable,3.6,Ultra-widefield
SYN-DM-03295,478.6,343.68,Absent,Present,Present,Absent,High,Gradable,8.9,Ultra-widefield
SYN-DM-03296,386.38,454.82,Absent,Present,Present,Present,None,Gradable,7.26,Fundus camera
SYN-DM-03297,423.24,433.81,Absent,Present,Absent,Absent,None,Partially gradable,8.25,OCT
SYN-DM-03298,355.29,483.2,Absent,Absent,Present,Present,None,Ungradable,5.2,Fundus camera
SYN-DM-03299,218.71,473.27,Absent,Absent,Present,Present,None,Gradable,7.83,Fundus camera
SYN-DM-03300,223.63,314.44,Present,Absent,Present,Present,Low,Gradable,3.76,OCT angiography
SYN-DM-03301,304.75,454.09,Present,Present,Present,Absent,Low,Gradable,4.66,Ultra-widefield
SYN-DM-03302,476.0,353.06,Absent,Present,Present,Absent,Moderate,Ungradable,6.09,OCT angiography
SYN-DM-03303,481.22,214.6,Absent,Absent,Absent,Present,High,Partially gradable,7.88,Fundus camera
SYN-DM-03304,272.61,283.46,Present,Present,Present,Present,High,Partially gradable,5.04,Ultra-widefield
SYN-DM-03305,457.57,392.52,Present,Present,Absent,Present,Moderate,Ungradable,8.57,OCT
SYN-DM-03306,474.01,435.67,Absent,Absent,Present,Present,High,Partially gradable,7.19,OCT angiography
SYN-DM-03307,510.95,412.72,Present,Present,Absent,Absent,Low,Ungradable,3.88,OCT
SYN-DM-03308,386.7,449.7,Present,Present,Present,Present,High,Partially gradable,6.89,OCT angiography
SYN-DM-03309,514.66,433.49,Present,Present,Absent,Absent,High,Ungradable,7.92,Ultra-widefield
SYN-DM-03310,258.99,433.7,Absent,Present,Present,Present,Moderate,Partially gradable,5.55,Ultra-widefield
SYN-DM-03311,490.44,450.75,Absent,Absent,Present,Absent,High,Gradable,3.2,OCT angiography
SYN-DM-03312,238.27,393.66,Present,Present,Absent,Absent,Low,Gradable,3.96,OCT angiography
SYN-DM-03313,496.8,329.57,Present,Present,Present,Absent,Moderate,Gradable,6.89,OCT angiography
SYN-DM-03314,516.18,212.09,Present,Absent,Present,Absent,Low,Ungradable,5.0,Fundus camera
SYN-DM-03315,343.65,398.36,Present,Present,Present,Present,Low,Gradable,4.72,Ultra-widefield
SYN-DM-03316,431.86,348.57,Present,Present,Present,Present,Moderate,Ungradable,7.78,OCT angiography
SYN-DM-03317,216.71,388.41,Present,Absent,Present,Present,Low,Gradable,3.62,Ultra-widefield
SYN-DM-03318,296.56,428.03,Absent,Present,Absent,Absent,Moderate,Gradable,3.73,Fundus camera
SYN-DM-03319,250.17,339.64,Present,Present,Absent,Absent,High,Ungradable,3.55,Fundus camera
SYN-DM-03320,509.67,392.8,Absent,Absent,Present,Present,Low,Partially gradable,3.41,OCT
SYN-DM-03321,498.97,368.46,Absent,Present,Present,Present,Moderate,Ungradable,8.83,OCT
SYN-DM-03322,236.86,309.53,Absent,Absent,Present,Absent,None,Partially gradable,8.91,OCT angiography
SYN-DM-03323,503.39,336.19,Absent,Present,Absent,Present,None,Partially gradable,8.76,Ultra-widefield
SYN-DM-03324,243.68,306.09,Absent,Present,Absent,Present,Low,Gradable,4.06,OCT angiography
SYN-DM-03325,408.98,485.36,Present,Present,Present,Absent,None,Gradable,3.33,OCT
SYN-DM-03326,516.56,483.99,Present,Present,Present,Present,Moderate,Gradable,8.09,Ultra-widefield
SYN-DM-03327,403.7,338.53,Present,Present,Absent,Present,None,Partially gradable,4.99,OCT
SYN-DM-03328,399.05,248.23,Absent,Present,Present,Absent,Moderate,Gradable,8.78,Ultra-widefield
SYN-DM-03329,357.87,284.3,Present,Absent,Present,Absent,Moderate,Partially gradable,4.93,Fundus camera
SYN-DM-03330,498.42,266.23,Present,Present,Present,Absent,None,Partially gradable,5.32,Fundus camera
SYN-DM-03331,249.71,269.44,Present,Absent,Absent,Present,Moderate,Partially gradable,3.51,Fundus camera
SYN-DM-03332,424.7,384.06,Absent,Present,Absent,Present,Moderate,Gradable,5.38,OCT
SYN-DM-03333,366.1,402.58,Absent,Absent,Present,Absent,Low,Gradable,8.24,Ultra-widefield
SYN-DM-03334,317.69,470.81,Absent,Present,Present,Absent,High,Ungradable,5.15,Ultra-widefield
SYN-DM-03335,329.8,378.62,Absent,Absent,Present,Absent,Low,Ungradable,7.1,Ultra-widefield
SYN-DM-03336,268.77,493.19,Absent,Absent,Absent,Absent,Moderate,Gradable,6.32,OCT
SYN-DM-03337,337.04,476.63,Absent,Absent,Absent,Present,Moderate,Partially gradable,6.83,OCT angiography
SYN-DM-03338,449.31,342.4,Absent,Present,Present,Present,Low,Ungradable,6.89,OCT angiography
SYN-DM-03339,313.35,437.59,Absent,Present,Present,Absent,Moderate,Gradable,8.98,Ultra-widefield
SYN-DM-03340,426.52,497.25,Present,Present,Present,Absent,Low,Gradable,4.95,OCT angiography
SYN-DM-03341,515.84,357.56,Present,Present,Absent,Absent,Low,Ungradable,3.59,Fundus camera
SYN-DM-03342,471.16,496.93,Present,Absent,Absent,Absent,Low,Ungradable,3.44,OCT
SYN-DM-03343,313.77,468.15,Present,Absent,Absent,Absent,None,Ungradable,6.44,OCT
SYN-DM-03344,402.67,310.67,Absent,Absent,Present,Present,Low,Gradable,6.86,OCT
SYN-DM-03345,454.53,322.43,Present,Present,Absent,Absent,Moderate,Ungradable,7.58,OCT angiography
SYN-DM-03346,320.56,468.66,Absent,Present,Present,Present,None,Gradable,8.11,Ultra-widefield
SYN-DM-03347,463.97,441.16,Present,Present,Present,Present,Low,Gradable,4.75,Ultra-widefield
SYN-DM-03348,250.74,360.4,Absent,Present,Absent,Absent,Moderate,Partially gradable,4.82,OCT
SYN-DM-03349,279.33,286.86,Absent,Absent,Absent,Present,Moderate,Gradable,7.39,OCT
SYN-DM-03350,223.59,380.58,Present,Absent,Absent,Absent,None,Partially gradable,4.78,OCT
SYN-DM-03351,314.57,232.36,Present,Present,Absent,Absent,Low,Gradable,3.95,Ultra-widefield
SYN-DM-03352,509.14,249.0,Present,Present,Absent,Absent,Low,Gradable,6.29,Fundus camera
SYN-DM-03353,435.41,375.2,Absent,Absent,Present,Absent,Moderate,Ungradable,3.12,Ultra-widefield
SYN-DM-03354,242.49,221.84,Present,Absent,Absent,Absent,Low,Ungradable,7.21,Ultra-widefield
SYN-DM-03355,502.87,465.04,Present,Absent,Absent,Present,Moderate,Ungradable,5.88,OCT
SYN-DM-03356,246.17,354.34,Absent,Present,Absent,Present,None,Ungradable,7.14,OCT
SYN-DM-03357,514.7,321.48,Present,Absent,Present,Present,Moderate,Partially gradable,3.61,OCT angiography
SYN-DM-03358,221.75,446.39,Absent,Absent,Present,Absent,None,Partially gradable,5.57,Ultra-widefield
SYN-DM-03359,226.51,454.49,Present,Absent,Present,Present,Moderate,Partially gradable,5.91,Ultra-widefield
SYN-DM-03360,281.76,390.25,Absent,Absent,Present,Absent,High,Ungradable,8.43,Fundus camera
SYN-DM-03361,385.79,226.23,Present,Present,Absent,Present,None,Gradable,3.07,Fundus camera
SYN-DM-03362,225.49,410.51,Present,Present,Present,Present,Low,Ungradable,8.99,Fundus camera
SYN-DM-03363,319.41,361.44,Absent,Absent,Absent,Present,Moderate,Ungradable,8.6,OCT
SYN-DM-03364,475.67,243.88,Present,Absent,Present,Present,None,Gradable,4.72,Ultra-widefield
SYN-DM-03365,264.57,354.7,Absent,Present,Absent,Present,Low,Gradable,3.5,Ultra-widefield
SYN-DM-03366,292.2,475.86,Absent,Absent,Present,Present,Low,Partially gradable,4.27,OCT
SYN-DM-03367,400.85,417.35,Absent,Present,Absent,Present,High,Ungradable,7.59,OCT angiography
SYN-DM-03368,257.18,407.43,Present,Present,Present,Absent,None,Ungradable,6.1,Fundus camera
SYN-DM-03369,311.05,283.35,Present,Present,Present,Present,Low,Partially gradable,4.25,Fundus camera
SYN-DM-03370,262.64,462.52,Present,Present,Absent,Absent,Low,Partially gradable,6.39,OCT
SYN-DM-03371,492.02,370.13,Absent,Present,Absent,Present,High,Ungradable,5.94,OCT
SYN-DM-03372,494.64,216.42,Present,Absent,Absent,Present,Low,Gradable,6.75,Ultra-widefield
SYN-DM-03373,407.94,357.41,Present,Absent,Absent,Present,Moderate,Partially gradable,5.76,Fundus camera
SYN-DM-03374,408.3,401.64,Present,Absent,Present,Present,High,Partially gradable,7.71,OCT angiography
SYN-DM-03375,392.84,495.02,Absent,Absent,Absent,Present,Moderate,Partially gradable,5.89,Fundus camera
SYN-DM-03376,419.17,295.09,Absent,Present,Absent,Absent,Moderate,Gradable,5.49,Ultra-widefield
SYN-DM-03377,247.51,494.02,Absent,Absent,Absent,Present,Moderate,Partially gradable,5.64,Ultra-widefield
SYN-DM-03378,284.43,495.36,Present,Absent,Present,Present,None,Gradable,3.73,Ultra-widefield
SYN-DM-03379,254.52,378.55,Absent,Absent,Absent,Present,Moderate,Ungradable,3.39,OCT angiography
SYN-DM-03380,216.02,482.93,Present,Absent,Present,Absent,None,Gradable,3.37,OCT
SYN-DM-03381,380.97,441.51,Absent,Absent,Present,Absent,Moderate,Partially gradable,5.15,Ultra-widefield
SYN-DM-03382,309.09,443.25,Absent,Present,Present,Absent,Low,Ungradable,8.42,OCT angiography
SYN-DM-03383,315.15,209.96,Absent,Absent,Present,Absent,Low,Ungradable,6.13,Ultra-widefield
SYN-DM-03384,417.28,292.73,Absent,Absent,Absent,Absent,High,Partially gradable,7.67,Ultra-widefield
SYN-DM-03385,357.66,396.1,Absent,Present,Present,Absent,None,Ungradable,6.86,Fundus camera
SYN-DM-03386,277.95,486.76,Present,Present,Present,Present,Moderate,Gradable,8.3,Fundus camera
SYN-DM-03387,333.12,352.22,Absent,Absent,Present,Absent,High,Partially gradable,6.83,Ultra-widefield
SYN-DM-03388,246.36,235.48,Present,Absent,Present,Absent,Moderate,Gradable,8.26,Ultra-widefield
SYN-DM-03389,262.57,305.09,Absent,Absent,Present,Present,Moderate,Partially gradable,6.28,OCT angiography
SYN-DM-03390,393.21,476.51,Present,Present,Absent,Absent,High,Ungradable,6.69,Fundus camera
SYN-DM-03391,332.68,257.1,Present,Present,Absent,Present,Low,Ungradable,3.42,Fundus camera
SYN-DM-03392,359.23,225.17,Present,Absent,Absent,Absent,High,Gradable,5.58,Ultra-widefield
SYN-DM-03393,349.12,381.1,Absent,Present,Absent,Present,High,Ungradable,6.16,OCT angiography
SYN-DM-03394,244.48,235.58,Absent,Present,Present,Present,Moderate,Partially gradable,6.02,Ultra-widefield
SYN-DM-03395,338.84,310.05,Absent,Present,Absent,Present,Low,Partially gradable,3.97,Fundus camera
SYN-DM-03396,288.66,425.78,Absent,Present,Absent,Present,Moderate,Ungradable,6.38,OCT
SYN-DM-03397,349.19,235.67,Absent,Absent,Absent,Absent,None,Partially gradable,5.53,Fundus camera
SYN-DM-03398,341.31,441.63,Present,Absent,Absent,Present,None,Gradable,3.8,Fundus camera
SYN-DM-03399,351.14,284.29,Present,Present,Absent,Present,Low,Partially gradable,5.79,Fundus camera
SYN-DM-03400,412.54,428.6,Absent,Absent,Present,Present,Moderate,Partially gradable,3.52,OCT
SYN-DM-03401,469.08,380.75,Present,Present,Absent,Absent,None,Gradable,4.93,OCT angiography
SYN-DM-03402,287.08,250.87,Absent,Absent,Absent,Absent,Low,Partially gradable,7.05,Ultra-widefield
SYN-DM-03403,471.5,368.64,Present,Present,Present,Present,High,Gradable,7.27,Ultra-widefield
SYN-DM-03404,482.83,393.07,Absent,Present,Present,Absent,Moderate,Ungradable,5.06,Ultra-widefield
SYN-DM-03405,356.67,319.17,Absent,Absent,Present,Absent,Low,Gradable,4.47,OCT angiography
SYN-DM-03406,389.2,424.33,Present,Present,Present,Absent,None,Gradable,5.84,OCT
SYN-DM-03407,341.14,431.82,Absent,Present,Present,Absent,High,Ungradable,6.84,Ultra-widefield
SYN-DM-03408,513.95,435.72,Present,Absent,Absent,Present,Low,Ungradable,7.73,OCT angiography
SYN-DM-03409,243.76,466.72,Present,Present,Absent,Present,High,Ungradable,5.58,Ultra-widefield
SYN-DM-03410,264.64,325.02,Absent,Absent,Absent,Absent,None,Ungradable,8.66,OCT
SYN-DM-03411,328.38,316.42,Absent,Absent,Present,Absent,Moderate,Gradable,4.32,OCT
SYN-DM-03412,390.57,354.48,Present,Absent,Present,Absent,None,Ungradable,4.24,Ultra-widefield
SYN-DM-03413,483.61,436.58,Absent,Absent,Present,Absent,None,Partially gradable,6.73,Ultra-widefield
SYN-DM-03414,506.97,436.89,Absent,Present,Present,Absent,Moderate,Partially gradable,6.96,OCT angiography
SYN-DM-03415,470.73,260.7,Present,Present,Absent,Present,Moderate,Gradable,3.82,Fundus camera
SYN-DM-03416,300.83,418.45,Present,Present,Present,Absent,Moderate,Ungradable,8.8,OCT angiography
SYN-DM-03417,415.12,434.92,Present,Absent,Present,Absent,Low,Gradable,3.0,Ultra-widefield
SYN-DM-03418,440.93,332.35,Absent,Present,Absent,Present,Low,Ungradable,6.67,Ultra-widefield
SYN-DM-03419,321.9,271.93,Present,Present,Absent,Present,Moderate,Ungradable,6.63,Ultra-widefield
SYN-DM-03420,222.81,388.44,Absent,Absent,Present,Present,Low,Ungradable,7.0,Fundus camera
SYN-DM-03421,260.28,330.27,Present,Present,Present,Present,Moderate,Ungradable,8.03,OCT
SYN-DM-03422,381.74,280.29,Absent,Present,Present,Present,None,Partially gradable,4.56,OCT
SYN-DM-03423,480.33,252.19,Absent,Present,Present,Present,High,Ungradable,8.92,Fundus camera
SYN-DM-03424,507.39,408.26,Absent,Absent,Present,Absent,None,Ungradable,8.92,OCT
SYN-DM-03425,428.92,317.71,Absent,Present,Absent,Present,Low,Partially gradable,3.82,OCT
SYN-DM-03426,345.3,405.66,Present,Absent,Present,Present,Moderate,Partially gradable,9.0,OCT angiography
SYN-DM-03427,268.01,501.19,Present,Absent,Present,Present,None,Partially gradable,3.85,OCT
SYN-DM-03428,252.01,452.21,Present,Absent,Absent,Absent,High,Gradable,4.07,OCT
SYN-DM-03429,417.54,378.67,Present,Absent,Absent,Absent,Low,Partially gradable,5.61,OCT angiography
SYN-DM-03430,447.74,464.11,Present,Present,Present,Present,Moderate,Partially gradable,8.23,Ultra-widefield
SYN-DM-03431,329.0,450.29,Present,Present,Present,Present,Moderate,Gradable,7.1,OCT
SYN-DM-03432,417.74,257.69,Absent,Present,Present,Present,Low,Ungradable,7.62,OCT angiography
SYN-DM-03433,264.13,495.29,Absent,Present,Present,Absent,Low,Gradable,8.5,OCT
SYN-DM-03434,392.44,249.34,Present,Present,Absent,Present,Low,Gradable,7.51,Ultra-widefield
SYN-DM-03435,306.31,260.05,Present,Present,Absent,Absent,Moderate,Ungradable,4.06,OCT
SYN-DM-03436,318.08,484.37,Absent,Present,Present,Present,Low,Partially gradable,5.1,Fundus camera
SYN-DM-03437,309.99,213.6,Present,Absent,Absent,Absent,None,Gradable,4.94,Ultra-widefield
SYN-DM-03438,448.48,359.43,Absent,Present,Present,Present,Low,Ungradable,4.29,OCT
SYN-DM-03439,217.89,217.18,Absent,Present,Absent,Absent,Low,Partially gradable,4.81,Ultra-widefield
SYN-DM-03440,421.4,383.08,Present,Present,Absent,Present,Low,Ungradable,5.94,OCT angiography
SYN-DM-03441,486.01,350.4,Absent,Present,Absent,Present,Low,Gradable,3.9,OCT angiography
SYN-DM-03442,382.05,440.08,Present,Present,Absent,Absent,None,Ungradable,5.2,Fundus camera
SYN-DM-03443,418.22,287.94,Present,Present,Present,Present,Low,Ungradable,8.2,Fundus camera
SYN-DM-03444,509.3,299.92,Present,Absent,Absent,Present,Low,Gradable,5.65,Fundus camera
SYN-DM-03445,468.17,466.92,Absent,Absent,Present,Absent,Moderate,Gradable,5.21,Ultra-widefield
SYN-DM-03446,380.85,390.3,Absent,Present,Absent,Present,None,Ungradable,4.78,Ultra-widefield
SYN-DM-03447,489.29,444.01,Present,Present,Present,Absent,Moderate,Partially gradable,5.77,OCT
SYN-DM-03448,398.76,258.03,Absent,Absent,Present,Absent,Low,Gradable,5.64,OCT
SYN-DM-03449,433.96,262.64,Present,Present,Absent,Present,Moderate,Ungradable,5.69,Fundus camera
SYN-DM-03450,485.41,374.06,Absent,Present,Present,Absent,None,Partially gradable,5.69,OCT
SYN-DM-03451,215.95,411.04,Absent,Present,Present,Present,Low,Gradable,4.43,OCT
SYN-DM-03452,441.77,261.99,Present,Absent,Absent,Present,High,Gradable,6.36,OCT
SYN-DM-03453,313.71,417.27,Absent,Absent,Present,Present,None,Partially gradable,8.4,Fundus camera
SYN-DM-03454,380.43,269.47,Absent,Present,Absent,Present,Moderate,Ungradable,7.32,OCT
SYN-DM-03455,422.89,401.36,Present,Absent,Present,Absent,Moderate,Gradable,4.95,Fundus camera
SYN-DM-03456,267.68,228.66,Absent,Absent,Absent,Present,None,Partially gradable,5.75,Fundus camera
SYN-DM-03457,310.79,400.79,Absent,Absent,Present,Absent,Low,Ungradable,6.33,Ultra-widefield
SYN-DM-03458,461.95,443.83,Present,Absent,Absent,Present,Moderate,Ungradable,4.21,Fundus camera
SYN-DM-03459,423.91,400.19,Absent,Present,Present,Absent,Moderate,Ungradable,3.45,Ultra-widefield
SYN-DM-03460,384.29,460.08,Absent,Present,Absent,Present,High,Ungradable,3.44,OCT angiography
SYN-DM-03461,293.53,265.73,Absent,Absent,Absent,Present,High,Gradable,4.92,OCT angiography
SYN-DM-03462,355.17,471.29,Absent,Absent,Present,Present,Low,Partially gradable,4.19,Ultra-widefield
SYN-DM-03463,470.72,252.19,Present,Absent,Absent,Present,High,Partially gradable,7.18,OCT
SYN-DM-03464,230.76,466.07,Absent,Present,Present,Absent,None,Partially gradable,4.47,OCT angiography
SYN-DM-03465,357.05,387.97,Absent,Present,Present,Absent,Low,Partially gradable,3.9,Ultra-widefield
SYN-DM-03466,381.14,301.35,Absent,Present,Present,Absent,High,Partially gradable,6.43,OCT angiography
SYN-DM-03467,248.38,425.18,Present,Present,Present,Present,High,Partially gradable,5.45,OCT angiography
SYN-DM-03468,481.59,479.24,Present,Absent,Present,Absent,Moderate,Ungradable,6.59,OCT angiography
SYN-DM-03469,380.05,270.29,Present,Absent,Absent,Absent,None,Gradable,6.88,Fundus camera
SYN-DM-03470,402.37,335.58,Absent,Absent,Absent,Present,Moderate,Partially gradable,4.59,OCT angiography
SYN-DM-03471,476.89,492.8,Present,Absent,Absent,Present,Low,Partially gradable,6.44,OCT angiography
SYN-DM-03472,414.23,251.21,Absent,Absent,Absent,Absent,Low,Ungradable,3.94,Fundus camera
SYN-DM-03473,302.69,283.23,Present,Present,Absent,Present,Moderate,Ungradable,8.7,OCT
SYN-DM-03474,328.26,346.89,Absent,Present,Absent,Absent,Low,Partially gradable,6.06,Fundus camera
SYN-DM-03475,506.93,225.09,Absent,Absent,Present,Absent,Low,Partially gradable,3.02,OCT angiography
SYN-DM-03476,296.23,499.72,Present,Absent,Present,Absent,Low,Ungradable,8.39,Fundus camera
SYN-DM-03477,351.79,265.74,Present,Present,Absent,Present,Low,Ungradable,8.3,OCT
SYN-DM-03478,238.68,431.43,Present,Present,Present,Absent,Moderate,Gradable,6.76,Fundus camera
SYN-DM-03479,406.39,314.38,Absent,Present,Present,Absent,Low,Ungradable,7.24,Fundus camera
SYN-DM-03480,272.08,358.76,Present,Present,Present,Absent,None,Gradable,5.28,Fundus camera
SYN-DM-03481,403.32,283.45,Present,Absent,Absent,Absent,High,Ungradable,3.21,OCT
SYN-DM-03482,271.0,209.91,Absent,Absent,Absent,Present,Low,Partially gradable,8.52,OCT angiography
SYN-DM-03483,302.05,345.01,Present,Present,Present,Absent,Moderate,Ungradable,7.11,OCT
SYN-DM-03484,242.21,467.55,Absent,Absent,Absent,Absent,None,Gradable,8.45,Fundus camera
SYN-DM-03485,271.2,402.44,Present,Present,Absent,Absent,Low,Partially gradable,4.71,Ultra-widefield
SYN-DM-03486,241.37,349.3,Present,Present,Present,Present,None,Ungradable,5.73,OCT
SYN-DM-03487,432.35,399.74,Present,Present,Present,Absent,None,Ungradable,4.78,Ultra-widefield
SYN-DM-03488,247.55,394.85,Present,Present,Absent,Present,None,Partially gradable,4.57,Fundus camera
SYN-DM-03489,403.66,495.94,Absent,Present,Present,Absent,Low,Gradable,8.72,OCT angiography
SYN-DM-03490,513.99,388.29,Absent,Absent,Present,Present,High,Ungradable,7.38,OCT angiography
SYN-DM-03491,360.13,295.92,Absent,Absent,Absent,Present,None,Partially gradable,7.27,Fundus camera
SYN-DM-03492,427.13,266.41,Absent,Absent,Absent,Absent,None,Ungradable,3.9,Ultra-widefield
SYN-DM-03493,233.67,497.12,Absent,Absent,Present,Present,Moderate,Ungradable,8.63,OCT angiography
SYN-DM-03494,350.87,338.64,Present,Present,Present,Absent,Low,Ungradable,5.04,Fundus camera
SYN-DM-03495,478.98,351.03,Absent,Absent,Present,Present,Low,Ungradable,6.08,OCT
SYN-DM-03496,417.82,405.72,Present,Absent,Present,Present,None,Gradable,8.39,Fundus camera
SYN-DM-03497,269.12,496.48,Absent,Absent,Present,Present,Moderate,Gradable,8.96,OCT angiography
SYN-DM-03498,409.71,272.63,Absent,Present,Present,Absent,None,Ungradable,5.44,OCT
SYN-DM-03499,228.71,435.98,Absent,Absent,Absent,Present,None,Ungradable,7.04,OCT
SYN-DM-03500,387.83,324.64,Absent,Absent,Present,Absent,High,Partially gradable,8.32,OCT angiography
SYN-DM-03501,485.13,254.04,Absent,Present,Absent,Present,Moderate,Ungradable,4.1,Ultra-widefield
SYN-DM-03502,329.66,354.82,Absent,Absent,Present,Present,Low,Partially gradable,6.43,Ultra-widefield
SYN-DM-03503,456.07,492.32,Absent,Absent,Present,Absent,None,Gradable,7.35,OCT angiography
SYN-DM-03504,265.73,490.7,Present,Absent,Present,Absent,None,Gradable,7.28,Fundus camera
SYN-DM-03505,424.2,409.24,Present,Present,Absent,Present,None,Ungradable,3.99,Ultra-widefield
SYN-DM-03506,360.3,324.47,Present,Absent,Absent,Present,Moderate,Ungradable,4.72,OCT
SYN-DM-03507,309.9,445.42,Absent,Present,Present,Present,Low,Partially gradable,6.29,Fundus camera
SYN-DM-03508,510.63,472.53,Present,Present,Absent,Absent,Moderate,Partially gradable,8.78,Fundus camera
SYN-DM-03509,388.17,291.84,Absent,Present,Present,Absent,Moderate,Gradable,4.37,Fundus camera
SYN-DM-03510,501.64,327.65,Absent,Present,Absent,Present,Low,Gradable,7.81,OCT angiography
SYN-DM-03511,318.22,266.74,Absent,Absent,Absent,Absent,High,Ungradable,7.96,OCT angiography
SYN-DM-03512,443.34,292.79,Absent,Absent,Present,Present,None,Partially gradable,8.21,OCT angiography
SYN-DM-03513,322.3,290.95,Present,Absent,Absent,Absent,High,Gradable,5.74,OCT angiography
SYN-DM-03514,221.42,299.9,Absent,Absent,Absent,Absent,High,Gradable,8.42,Fundus camera
SYN-DM-03515,320.99,490.63,Absent,Present,Present,Absent,Low,Ungradable,5.43,Fundus camera
SYN-DM-03516,336.59,423.85,Absent,Present,Absent,Absent,Moderate,Ungradable,8.19,Fundus camera
SYN-DM-03517,424.36,304.66,Absent,Absent,Present,Present,Low,Ungradable,6.97,Ultra-widefield
SYN-DM-03518,226.55,271.46,Absent,Present,Absent,Present,None,Gradable,5.03,Ultra-widefield
SYN-DM-03519,304.3,352.53,Absent,Present,Present,Present,None,Ungradable,4.75,Ultra-widefield
SYN-DM-03520,309.85,462.8,Present,Present,Present,Absent,None,Gradable,6.95,OCT
SYN-DM-03521,510.5,254.16,Absent,Present,Absent,Absent,High,Ungradable,5.33,Ultra-widefield
SYN-DM-03522,404.88,256.79,Absent,Absent,Absent,Present,None,Partially gradable,6.34,OCT angiography
SYN-DM-03523,447.56,356.34,Absent,Absent,Absent,Present,Moderate,Ungradable,6.47,Fundus camera
SYN-DM-03524,368.41,293.33,Present,Absent,Absent,Absent,None,Partially gradable,4.92,OCT
SYN-DM-03525,383.09,245.41,Absent,Absent,Absent,Absent,High,Partially gradable,6.57,Fundus camera
SYN-DM-03526,445.84,344.19,Present,Present,Absent,Absent,None,Ungradable,6.95,OCT
SYN-DM-03527,332.74,424.9,Absent,Absent,Present,Present,Moderate,Ungradable,5.74,Ultra-widefield
SYN-DM-03528,508.94,304.08,Present,Present,Present,Present,Low,Ungradable,3.82,Ultra-widefield
SYN-DM-03529,323.86,267.6,Present,Absent,Present,Present,Low,Gradable,8.39,Fundus camera
SYN-DM-03530,500.87,456.25,Present,Present,Absent,Present,High,Ungradable,3.37,Ultra-widefield
SYN-DM-03531,233.33,457.22,Absent,Present,Present,Absent,Moderate,Gradable,8.11,Fundus camera
SYN-DM-03532,355.17,468.43,Absent,Absent,Present,Present,Low,Partially gradable,4.08,OCT
SYN-DM-03533,453.71,227.91,Absent,Present,Absent,Present,None,Ungradable,3.01,Ultra-widefield
SYN-DM-03534,238.91,429.74,Present,Absent,Absent,Present,High,Ungradable,8.35,Fundus camera
SYN-DM-03535,270.75,271.36,Present,Present,Present,Absent,None,Partially gradable,4.95,OCT
SYN-DM-03536,434.49,273.6,Present,Present,Present,Absent,Moderate,Gradable,5.07,Fundus camera
SYN-DM-03537,456.65,451.98,Present,Present,Present,Absent,Low,Partially gradable,4.48,OCT angiography
SYN-DM-03538,239.78,415.45,Present,Present,Absent,Absent,Low,Ungradable,8.99,OCT
SYN-DM-03539,393.51,380.58,Absent,Present,Absent,Present,High,Ungradable,8.99,OCT
SYN-DM-03540,241.9,260.08,Present,Absent,Present,Absent,High,Partially gradable,3.03,OCT
SYN-DM-03541,399.58,256.62,Present,Absent,Absent,Absent,High,Partially gradable,7.35,OCT angiography
SYN-DM-03542,360.87,218.35,Absent,Absent,Absent,Absent,None,Ungradable,3.21,OCT
SYN-DM-03543,391.78,496.47,Absent,Absent,Present,Absent,Moderate,Partially gradable,4.23,Fundus camera
SYN-DM-03544,450.68,430.03,Absent,Present,Present,Present,High,Partially gradable,3.21,Ultra-widefield
SYN-DM-03545,239.39,313.77,Absent,Absent,Absent,Absent,High,Ungradable,5.55,Ultra-widefield
SYN-DM-03546,368.03,449.49,Present,Absent,Absent,Absent,None,Gradable,6.84,Fundus camera
SYN-DM-03547,427.48,340.79,Absent,Absent,Absent,Absent,None,Gradable,7.72,Fundus camera
SYN-DM-03548,514.55,315.71,Present,Present,Absent,Present,Low,Gradable,4.76,Ultra-widefield
SYN-DM-03549,370.22,300.34,Absent,Absent,Absent,Absent,Low,Gradable,6.97,OCT
SYN-DM-03550,271.9,276.63,Present,Absent,Absent,Present,None,Gradable,3.43,OCT
SYN-DM-03551,400.56,462.46,Absent,Present,Absent,Absent,Low,Ungradable,7.26,OCT angiography
SYN-DM-03552,301.48,320.29,Present,Absent,Absent,Absent,Moderate,Partially gradable,5.22,OCT
SYN-DM-03553,317.72,291.56,Absent,Absent,Absent,Absent,None,Partially gradable,6.56,Ultra-widefield
SYN-DM-03554,338.89,381.41,Present,Absent,Present,Absent,Low,Ungradable,7.45,Fundus camera
SYN-DM-03555,365.15,477.66,Present,Absent,Absent,Absent,Moderate,Ungradable,6.44,OCT angiography
SYN-DM-03556,366.52,335.57,Present,Absent,Absent,Present,High,Ungradable,7.48,OCT angiography
SYN-DM-03557,358.42,375.26,Absent,Present,Present,Present,Low,Partially gradable,7.05,Ultra-widefield
SYN-DM-03558,397.34,309.03,Absent,Present,Absent,Present,None,Partially gradable,4.17,Ultra-widefield
SYN-DM-03559,506.29,354.29,Present,Absent,Absent,Absent,Moderate,Gradable,5.42,Ultra-widefield
SYN-DM-03560,257.77,306.78,Absent,Present,Absent,Absent,High,Gradable,3.98,Ultra-widefield
SYN-DM-03561,347.18,479.67,Present,Present,Present,Present,Moderate,Partially gradable,6.54,OCT
SYN-DM-03562,466.55,216.97,Absent,Present,Present,Present,Moderate,Gradable,4.37,Fundus camera
SYN-DM-03563,260.83,213.71,Present,Present,Present,Present,Low,Partially gradable,5.93,Fundus camera
SYN-DM-03564,337.02,263.17,Absent,Absent,Present,Present,High,Partially gradable,7.36,Fundus camera
SYN-DM-03565,260.1,398.15,Absent,Absent,Absent,Absent,Low,Partially gradable,8.6,Fundus camera
SYN-DM-03566,471.97,499.16,Present,Present,Present,Absent,None,Ungradable,6.48,OCT angiography
SYN-DM-03567,450.27,320.38,Absent,Present,Absent,Absent,Moderate,Partially gradable,7.85,Fundus camera
SYN-DM-03568,385.44,258.59,Absent,Absent,Absent,Present,High,Partially gradable,4.46,OCT
SYN-DM-03569,429.39,486.49,Absent,Present,Present,Present,Low,Partially gradable,7.54,OCT angiography
SYN-DM-03570,270.15,372.85,Present,Present,Present,Absent,High,Ungradable,5.13,OCT
SYN-DM-03571,291.58,225.85,Absent,Present,Absent,Absent,Low,Ungradable,7.82,OCT
SYN-DM-03572,254.25,364.36,Absent,Present,Present,Present,Moderate,Gradable,4.66,Ultra-widefield
SYN-DM-03573,329.27,309.87,Present,Absent,Absent,Present,Moderate,Partially gradable,8.76,OCT
SYN-DM-03574,481.15,362.8,Absent,Present,Absent,Present,None,Ungradable,5.4,Ultra-widefield
SYN-DM-03575,416.85,275.31,Present,Present,Present,Present,High,Partially gradable,6.52,Ultra-widefield
SYN-DM-03576,361.54,458.6,Present,Absent,Present,Absent,High,Partially gradable,6.26,OCT angiography
SYN-DM-03577,479.55,408.86,Present,Absent,Absent,Absent,None,Gradable,4.47,OCT
SYN-DM-03578,248.92,345.67,Absent,Absent,Absent,Absent,Moderate,Partially gradable,7.83,Ultra-widefield
SYN-DM-03579,256.86,290.04,Absent,Present,Present,Absent,None,Gradable,5.31,OCT
SYN-DM-03580,269.75,271.38,Absent,Present,Absent,Present,None,Ungradable,7.31,OCT angiography
SYN-DM-03581,351.84,279.72,Absent,Absent,Absent,Absent,High,Ungradable,5.12,Ultra-widefield
SYN-DM-03582,267.35,265.51,Present,Absent,Present,Present,None,Partially gradable,4.85,OCT
SYN-DM-03583,244.08,470.51,Absent,Absent,Present,Absent,Moderate,Ungradable,6.47,OCT
SYN-DM-03584,352.47,386.15,Absent,Present,Absent,Absent,Low,Ungradable,8.2,OCT
SYN-DM-03585,418.76,301.0,Absent,Absent,Present,Absent,High,Partially gradable,8.86,OCT angiography
SYN-DM-03586,375.19,394.62,Present,Absent,Absent,Present,None,Ungradable,7.31,Ultra-widefield
SYN-DM-03587,267.31,257.17,Absent,Present,Absent,Present,None,Partially gradable,7.06,Ultra-widefield
SYN-DM-03588,496.15,259.27,Present,Present,Present,Present,Low,Gradable,8.61,Fundus camera
SYN-DM-03589,354.56,453.24,Absent,Present,Absent,Absent,Low,Partially gradable,3.1,OCT
SYN-DM-03590,476.88,255.88,Absent,Absent,Present,Absent,High,Partially gradable,8.78,Ultra-widefield
SYN-DM-03591,333.1,391.32,Absent,Absent,Absent,Present,None,Gradable,7.78,OCT
SYN-DM-03592,333.02,318.38,Present,Absent,Absent,Absent,Low,Gradable,5.65,OCT
SYN-DM-03593,399.49,498.55,Absent,Present,Present,Absent,None,Partially gradable,7.81,Fundus camera
SYN-DM-03594,277.18,485.6,Absent,Present,Absent,Absent,High,Gradable,4.43,OCT angiography
SYN-DM-03595,410.97,438.15,Present,Absent,Absent,Present,High,Partially gradable,4.29,Ultra-widefield
SYN-DM-03596,434.34,386.13,Present,Absent,Present,Absent,Low,Partially gradable,5.99,OCT
SYN-DM-03597,509.33,367.43,Absent,Present,Absent,Present,Moderate,Ungradable,6.65,Ultra-widefield
SYN-DM-03598,490.09,326.27,Absent,Present,Present,Present,Low,Partially gradable,7.06,OCT angiography
SYN-DM-03599,401.73,274.97,Present,Present,Absent,Present,None,Gradable,7.95,OCT angiography
SYN-DM-03600,489.03,367.2,Absent,Present,Absent,Absent,High,Ungradable,8.38,OCT angiography
SYN-DM-03601,400.36,307.13,Absent,Absent,Present,Present,High,Ungradable,6.67,OCT
SYN-DM-03602,410.13,406.37,Present,Absent,Absent,Present,None,Gradable,3.26,Ultra-widefield
SYN-DM-03603,363.35,296.94,Present,Absent,Present,Present,High,Partially gradable,8.39,Fundus camera
SYN-DM-03604,214.8,452.99,Absent,Present,Present,Present,None,Partially gradable,5.24,OCT angiography
SYN-DM-03605,303.42,247.07,Present,Absent,Present,Present,High,Ungradable,3.67,Ultra-widefield
SYN-DM-03606,486.43,259.49,Present,Absent,Absent,Present,None,Partially gradable,5.14,Fundus camera
SYN-DM-03607,402.46,385.3,Present,Present,Absent,Absent,Moderate,Partially gradable,3.85,OCT angiography
SYN-DM-03608,364.88,240.76,Present,Absent,Absent,Absent,Moderate,Ungradable,6.9,Fundus camera
SYN-DM-03609,230.67,430.49,Present,Present,Present,Absent,None,Ungradable,3.02,OCT
SYN-DM-03610,515.03,322.1,Present,Absent,Absent,Absent,Moderate,Gradable,6.24,OCT
SYN-DM-03611,328.81,500.53,Absent,Present,Absent,Present,Moderate,Gradable,8.22,OCT
SYN-DM-03612,330.75,396.99,Present,Absent,Present,Absent,None,Ungradable,5.69,Ultra-widefield
SYN-DM-03613,442.0,459.55,Absent,Present,Absent,Absent,None,Gradable,6.35,OCT
SYN-DM-03614,445.95,253.37,Present,Present,Present,Absent,High,Ungradable,3.52,OCT
SYN-DM-03615,507.6,216.12,Present,Absent,Present,Absent,High,Ungradable,3.78,OCT
SYN-DM-03616,333.45,293.24,Present,Absent,Present,Present,High,Gradable,5.22,OCT angiography
SYN-DM-03617,335.81,299.66,Present,Present,Absent,Absent,Low,Ungradable,7.01,OCT angiography
SYN-DM-03618,456.28,442.74,Absent,Absent,Absent,Present,None,Ungradable,8.96,Ultra-widefield
SYN-DM-03619,426.84,486.55,Absent,Present,Present,Present,None,Partially gradable,8.04,Fundus camera
SYN-DM-03620,348.82,385.59,Absent,Present,Absent,Present,Low,Ungradable,4.24,OCT angiography
SYN-DM-03621,450.43,352.24,Absent,Present,Absent,Absent,None,Ungradable,6.08,Ultra-widefield
SYN-DM-03622,239.87,284.83,Present,Absent,Present,Present,High,Ungradable,3.73,Ultra-widefield
SYN-DM-03623,419.78,314.75,Present,Absent,Present,Present,None,Partially gradable,5.12,Fundus camera
SYN-DM-03624,244.87,367.09,Present,Present,Absent,Present,None,Partially gradable,6.23,Ultra-widefield
SYN-DM-03625,482.6,353.46,Present,Present,Present,Present,Low,Gradable,7.89,OCT angiography
SYN-DM-03626,499.02,457.97,Absent,Present,Absent,Absent,Low,Ungradable,4.32,Ultra-widefield
SYN-DM-03627,504.18,412.57,Absent,Absent,Absent,Present,High,Ungradable,3.4,OCT angiography
SYN-DM-03628,418.0,401.48,Present,Absent,Absent,Present,High,Gradable,7.82,OCT angiography
SYN-DM-03629,368.04,425.15,Present,Present,Absent,Present,Low,Gradable,3.68,Ultra-widefield
SYN-DM-03630,393.89,463.07,Present,Absent,Absent,Present,None,Partially gradable,7.64,OCT
SYN-DM-03631,329.25,445.4,Present,Absent,Absent,Absent,Moderate,Partially gradable,6.66,Ultra-widefield
SYN-DM-03632,281.72,381.52,Present,Absent,Present,Present,High,Ungradable,3.9,Ultra-widefield
SYN-DM-03633,257.86,372.92,Present,Present,Absent,Present,High,Gradable,3.2,OCT
SYN-DM-03634,432.76,457.3,Absent,Absent,Present,Absent,Moderate,Partially gradable,8.38,Fundus camera
SYN-DM-03635,269.78,278.78,Absent,Present,Absent,Present,Low,Partially gradable,3.12,Ultra-widefield
SYN-DM-03636,378.41,326.01,Absent,Absent,Absent,Absent,None,Ungradable,8.81,Fundus camera
SYN-DM-03637,311.06,437.72,Present,Absent,Absent,Present,None,Ungradable,3.3,Ultra-widefield
SYN-DM-03638,260.67,233.47,Absent,Present,Absent,Present,High,Gradable,6.44,OCT
SYN-DM-03639,505.31,305.41,Absent,Absent,Absent,Present,Low,Ungradable,4.63,OCT
SYN-DM-03640,480.91,467.36,Present,Absent,Absent,Absent,High,Gradable,5.49,Ultra-widefield
SYN-DM-03641,436.75,379.61,Present,Present,Present,Absent,None,Ungradable,5.32,OCT angiography
SYN-DM-03642,429.47,254.4,Present,Present,Absent,Absent,Moderate,Gradable,3.39,Fundus camera
SYN-DM-03643,434.76,490.11,Absent,Present,Absent,Present,None,Ungradable,5.97,Fundus camera
SYN-DM-03644,216.97,328.32,Absent,Absent,Absent,Present,Moderate,Partially gradable,6.33,Ultra-widefield
SYN-DM-03645,291.35,398.5,Present,Present,Absent,Present,Moderate,Ungradable,4.62,Ultra-widefield
SYN-DM-03646,508.87,235.86,Present,Absent,Present,Absent,Low,Partially gradable,4.61,Ultra-widefield
SYN-DM-03647,513.57,242.23,Present,Present,Absent,Absent,None,Ungradable,6.38,Fundus camera
SYN-DM-03648,485.15,320.37,Present,Absent,Absent,Present,None,Ungradable,8.43,OCT angiography
SYN-DM-03649,397.26,412.39,Present,Absent,Present,Absent,None,Gradable,6.84,Ultra-widefield
SYN-DM-03650,470.11,246.34,Absent,Present,Present,Absent,None,Ungradable,4.7,Fundus camera
SYN-DM-03651,512.06,297.98,Absent,Present,Present,Absent,None,Gradable,8.07,Fundus camera
SYN-DM-03652,407.05,456.17,Absent,Present,Absent,Present,Low,Ungradable,8.25,OCT angiography
SYN-DM-03653,453.75,431.68,Absent,Present,Present,Present,High,Partially gradable,8.09,Fundus camera
SYN-DM-03654,499.28,380.59,Absent,Present,Present,Absent,High,Partially gradable,7.78,Fundus camera
SYN-DM-03655,334.14,349.27,Present,Present,Present,Present,Low,Ungradable,3.34,OCT
SYN-DM-03656,356.74,501.22,Absent,Absent,Absent,Present,Low,Partially gradable,5.36,OCT angiography
SYN-DM-03657,255.64,347.67,Present,Absent,Present,Present,None,Partially gradable,5.44,Ultra-widefield
SYN-DM-03658,253.52,238.9,Present,Present,Present,Absent,None,Ungradable,8.22,Fundus camera
SYN-DM-03659,235.83,219.73,Present,Absent,Absent,Present,High,Ungradable,8.96,Ultra-widefield
SYN-DM-03660,463.52,482.93,Absent,Present,Present,Absent,Low,Ungradable,3.2,Ultra-widefield
SYN-DM-03661,258.52,211.84,Absent,Present,Absent,Present,High,Ungradable,5.59,OCT
SYN-DM-03662,446.95,417.83,Absent,Present,Present,Present,High,Ungradable,5.39,OCT
SYN-DM-03663,229.98,229.12,Present,Present,Absent,Absent,None,Gradable,7.93,Fundus camera
SYN-DM-03664,276.39,270.52,Absent,Absent,Absent,Present,Moderate,Partially gradable,7.98,OCT angiography
SYN-DM-03665,237.68,473.08,Absent,Present,Present,Present,None,Gradable,6.4,OCT angiography
SYN-DM-03666,238.06,265.75,Present,Absent,Present,Absent,Low,Gradable,3.39,Fundus camera
SYN-DM-03667,435.1,337.96,Present,Absent,Present,Absent,None,Ungradable,4.37,Fundus camera
SYN-DM-03668,428.36,463.88,Absent,Present,Absent,Present,None,Partially gradable,3.95,Ultra-widefield
SYN-DM-03669,485.94,313.98,Present,Present,Present,Absent,None,Ungradable,4.49,Fundus camera
SYN-DM-03670,410.43,411.09,Present,Absent,Present,Absent,None,Ungradable,7.76,OCT angiography
SYN-DM-03671,333.29,464.69,Present,Absent,Absent,Absent,Low,Gradable,4.13,Fundus camera
SYN-DM-03672,336.67,355.21,Absent,Present,Present,Present,High,Ungradable,4.21,Fundus camera
SYN-DM-03673,366.86,297.79,Present,Absent,Present,Present,Moderate,Gradable,5.52,Ultra-widefield
SYN-DM-03674,302.66,397.4,Present,Present,Present,Present,Moderate,Partially gradable,3.13,Fundus camera
SYN-DM-03675,466.75,384.86,Absent,Present,Present,Absent,Low,Ungradable,7.71,OCT angiography
SYN-DM-03676,433.63,491.75,Present,Absent,Present,Present,High,Ungradable,5.75,Fundus camera
SYN-DM-03677,500.1,284.78,Present,Absent,Absent,Present,High,Gradable,4.79,OCT
SYN-DM-03678,430.91,266.35,Present,Absent,Present,Present,Low,Ungradable,7.28,Fundus camera
SYN-DM-03679,284.53,390.07,Absent,Present,Present,Present,None,Gradable,7.16,OCT
SYN-DM-03680,401.07,408.3,Absent,Absent,Absent,Absent,Low,Gradable,4.92,OCT
SYN-DM-03681,440.96,234.28,Present,Absent,Present,Absent,High,Partially gradable,3.21,OCT
SYN-DM-03682,290.81,360.31,Absent,Absent,Present,Present,Moderate,Partially gradable,7.59,OCT angiography
SYN-DM-03683,227.99,274.28,Present,Absent,Absent,Present,Low,Partially gradable,6.12,OCT
SYN-DM-03684,273.18,232.17,Present,Present,Present,Present,High,Ungradable,8.96,OCT angiography
SYN-DM-03685,238.08,249.06,Present,Present,Present,Absent,High,Gradable,5.87,Fundus camera
SYN-DM-03686,510.08,355.17,Absent,Absent,Present,Absent,None,Ungradable,5.12,OCT angiography
SYN-DM-03687,261.23,482.78,Present,Present,Absent,Absent,Moderate,Gradable,7.91,OCT angiography
SYN-DM-03688,335.67,351.54,Absent,Present,Present,Present,Low,Partially gradable,7.73,OCT
SYN-DM-03689,475.76,339.59,Present,Present,Present,Absent,Low,Gradable,4.94,Ultra-widefield
SYN-DM-03690,271.61,473.12,Present,Absent,Present,Present,High,Gradable,5.68,OCT
SYN-DM-03691,446.21,226.77,Absent,Absent,Absent,Present,Moderate,Ungradable,3.2,Ultra-widefield
SYN-DM-03692,273.88,255.25,Present,Absent,Present,Absent,Moderate,Gradable,6.12,Ultra-widefield
SYN-DM-03693,483.21,288.16,Absent,Absent,Present,Absent,Low,Gradable,5.7,OCT angiography
SYN-DM-03694,248.1,470.97,Absent,Present,Absent,Absent,High,Ungradable,5.24,Ultra-widefield
SYN-DM-03695,432.19,275.76,Present,Absent,Absent,Present,High,Ungradable,8.0,Ultra-widefield
SYN-DM-03696,399.82,243.69,Absent,Present,Present,Present,None,Ungradable,5.52,Fundus camera
SYN-DM-03697,347.25,415.32,Absent,Present,Present,Absent,None,Gradable,4.09,OCT
SYN-DM-03698,323.89,482.23,Present,Absent,Absent,Present,Moderate,Partially gradable,4.43,OCT angiography
SYN-DM-03699,251.12,304.0,Present,Present,Present,Present,High,Gradable,8.52,OCT
SYN-DM-03700,495.67,428.52,Present,Present,Present,Present,High,Ungradable,3.82,Ultra-widefield
SYN-DM-03701,268.1,334.12,Absent,Absent,Absent,Absent,High,Partially gradable,8.57,Fundus camera
SYN-DM-03702,283.53,412.7,Present,Absent,Present,Absent,None,Ungradable,6.87,OCT
SYN-DM-03703,374.22,460.06,Absent,Absent,Absent,Present,None,Ungradable,8.97,Fundus camera
SYN-DM-03704,373.75,370.85,Present,Present,Absent,Absent,Moderate,Partially gradable,5.19,Ultra-widefield
SYN-DM-03705,423.03,340.24,Absent,Absent,Absent,Absent,Moderate,Gradable,8.27,Ultra-widefield
SYN-DM-03706,517.06,275.72,Absent,Absent,Absent,Present,None,Partially gradable,3.05,Ultra-widefield
SYN-DM-03707,422.74,410.23,Absent,Present,Absent,Absent,High,Partially gradable,7.2,OCT
SYN-DM-03708,400.3,480.86,Present,Present,Absent,Absent,Low,Gradable,4.39,Ultra-widefield
SYN-DM-03709,232.2,470.97,Absent,Present,Present,Absent,High,Ungradable,7.83,Fundus camera
SYN-DM-03710,222.05,427.31,Absent,Present,Absent,Absent,Low,Ungradable,7.91,OCT angiography
SYN-DM-03711,426.44,297.93,Absent,Absent,Absent,Present,Low,Partially gradable,6.62,OCT
SYN-DM-03712,424.01,308.49,Absent,Absent,Present,Absent,Moderate,Gradable,7.71,Fundus camera
SYN-DM-03713,409.14,257.09,Absent,Present,Absent,Present,None,Gradable,4.81,OCT
SYN-DM-03714,320.09,284.66,Present,Absent,Present,Absent,Moderate,Gradable,3.2,Ultra-widefield
SYN-DM-03715,231.89,386.01,Present,Absent,Present,Absent,Low,Gradable,5.44,OCT
SYN-DM-03716,458.81,276.92,Absent,Present,Present,Absent,Low,Ungradable,4.6,OCT angiography
SYN-DM-03717,298.52,420.24,Present,Absent,Absent,Present,Moderate,Ungradable,8.33,OCT angiography
SYN-DM-03718,455.74,452.35,Present,Absent,Present,Present,Low,Partially gradable,3.65,Ultra-widefield
SYN-DM-03719,445.77,390.46,Present,Present,Absent,Absent,None,Gradable,8.45,OCT
SYN-DM-03720,345.17,404.59,Absent,Absent,Present,Absent,High,Partially gradable,8.42,Ultra-widefield
SYN-DM-03721,400.7,431.31,Present,Present,Absent,Absent,High,Partially gradable,5.99,Ultra-widefield
SYN-DM-03722,321.36,439.42,Absent,Absent,Absent,Present,Low,Partially gradable,5.23,Ultra-widefield
SYN-DM-03723,302.52,302.47,Present,Absent,Absent,Present,Low,Gradable,4.1,Fundus camera
SYN-DM-03724,277.13,237.22,Present,Present,Absent,Present,Moderate,Gradable,7.63,Fundus camera
SYN-DM-03725,239.1,404.59,Present,Absent,Absent,Present,Low,Gradable,7.78,Ultra-widefield
SYN-DM-03726,486.87,324.74,Absent,Present,Absent,Absent,Moderate,Partially gradable,3.12,Fundus camera
SYN-DM-03727,455.12,290.11,Present,Present,Present,Absent,High,Gradable,3.64,OCT angiography
SYN-DM-03728,439.23,337.96,Present,Absent,Absent,Present,Moderate,Partially gradable,4.95,OCT angiography
SYN-DM-03729,306.48,297.51,Absent,Absent,Present,Absent,Low,Ungradable,8.99,Ultra-widefield
SYN-DM-03730,487.25,386.04,Absent,Present,Absent,Present,None,Gradable,6.86,Ultra-widefield
SYN-DM-03731,419.29,472.88,Present,Present,Absent,Absent,None,Ungradable,7.2,Fundus camera
SYN-DM-03732,385.38,447.1,Present,Absent,Absent,Present,Moderate,Gradable,7.72,OCT
SYN-DM-03733,364.64,330.34,Present,Present,Present,Present,Low,Ungradable,3.92,Fundus camera
SYN-DM-03734,349.79,344.85,Absent,Absent,Present,Absent,None,Partially gradable,3.99,OCT angiography
SYN-DM-03735,246.46,394.55,Present,Absent,Absent,Absent,Moderate,Gradable,3.11,OCT angiography
SYN-DM-03736,457.61,493.42,Absent,Present,Present,Present,High,Partially gradable,7.46,OCT
SYN-DM-03737,234.15,440.55,Absent,Absent,Present,Absent,None,Gradable,5.31,OCT
SYN-DM-03738,322.03,484.94,Present,Present,Absent,Present,Moderate,Ungradable,8.83,Fundus camera
SYN-DM-03739,367.43,399.15,Absent,Present,Present,Present,High,Ungradable,4.78,Ultra-widefield
SYN-DM-03740,379.81,423.95,Absent,Absent,Present,Absent,Low,Partially gradable,8.06,OCT
SYN-DM-03741,417.07,309.91,Absent,Present,Present,Present,None,Ungradable,3.78,OCT
SYN-DM-03742,258.43,324.4,Present,Present,Present,Absent,Moderate,Partially gradable,4.65,OCT angiography
SYN-DM-03743,261.43,271.2,Absent,Absent,Absent,Absent,None,Ungradable,5.63,OCT
SYN-DM-03744,391.82,490.79,Present,Absent,Present,Absent,None,Partially gradable,3.59,Fundus camera
SYN-DM-03745,361.79,374.82,Present,Absent,Absent,Absent,None,Ungradable,7.29,OCT angiography
SYN-DM-03746,388.53,255.52,Present,Absent,Present,Present,Moderate,Gradable,3.79,Fundus camera
SYN-DM-03747,394.65,452.4,Present,Absent,Present,Absent,Moderate,Ungradable,4.62,OCT angiography
SYN-DM-03748,394.59,322.87,Present,Absent,Absent,Present,High,Gradable,6.49,Ultra-widefield
SYN-DM-03749,471.31,443.15,Present,Absent,Present,Present,Moderate,Ungradable,7.75,OCT
SYN-DM-03750,425.97,402.31,Absent,Present,Absent,Present,Moderate,Partially gradable,4.7,Ultra-widefield
SYN-DM-03751,376.96,355.28,Present,Present,Absent,Absent,Low,Gradable,6.49,Ultra-widefield
SYN-DM-03752,253.54,272.43,Present,Absent,Present,Absent,Low,Partially gradable,6.34,OCT
SYN-DM-03753,315.96,366.34,Present,Present,Absent,Absent,Low,Ungradable,5.27,OCT angiography
SYN-DM-03754,305.67,296.01,Present,Absent,Absent,Absent,None,Partially gradable,3.93,OCT angiography
SYN-DM-03755,461.72,368.02,Absent,Absent,Absent,Present,Moderate,Gradable,7.89,Fundus camera
SYN-DM-03756,273.86,314.47,Absent,Absent,Present,Present,Moderate,Ungradable,3.88,Ultra-widefield
SYN-DM-03757,420.07,439.95,Present,Present,Present,Present,High,Ungradable,4.52,Ultra-widefield
SYN-DM-03758,480.49,362.43,Present,Present,Absent,Absent,Moderate,Partially gradable,5.99,OCT
SYN-DM-03759,265.13,274.97,Present,Absent,Absent,Present,Low,Ungradable,3.61,OCT angiography
SYN-DM-03760,436.24,392.63,Present,Absent,Present,Absent,High,Ungradable,6.84,Ultra-widefield
SYN-DM-03761,263.76,349.15,Present,Absent,Absent,Absent,Moderate,Ungradable,6.64,OCT
SYN-DM-03762,470.13,270.91,Absent,Absent,Absent,Present,None,Gradable,5.43,Ultra-widefield
SYN-DM-03763,437.37,347.75,Present,Absent,Absent,Present,None,Partially gradable,8.6,OCT
SYN-DM-03764,377.88,463.64,Absent,Absent,Absent,Absent,Low,Partially gradable,3.25,OCT angiography
SYN-DM-03765,256.09,325.14,Absent,Present,Absent,Absent,Low,Ungradable,7.6,OCT angiography
SYN-DM-03766,420.44,446.98,Absent,Present,Absent,Absent,Low,Gradable,4.87,OCT angiography
SYN-DM-03767,504.27,455.69,Absent,Present,Present,Absent,Moderate,Ungradable,6.19,Fundus camera
SYN-DM-03768,410.62,385.8,Present,Present,Present,Present,Low,Gradable,8.65,Fundus camera
SYN-DM-03769,285.13,414.46,Present,Present,Absent,Absent,Moderate,Gradable,3.07,Ultra-widefield
SYN-DM-03770,402.65,430.6,Present,Absent,Absent,Present,High,Partially gradable,4.4,OCT
SYN-DM-03771,340.92,403.29,Absent,Absent,Absent,Absent,None,Partially gradable,8.85,OCT angiography
SYN-DM-03772,511.91,347.98,Absent,Present,Present,Present,Moderate,Ungradable,8.03,OCT
SYN-DM-03773,384.39,285.42,Absent,Present,Absent,Present,Moderate,Ungradable,9.0,OCT angiography
SYN-DM-03774,264.65,498.67,Absent,Absent,Present,Present,Low,Ungradable,4.94,Fundus camera
SYN-DM-03775,310.04,378.33,Present,Present,Absent,Present,Moderate,Ungradable,3.45,OCT angiography
SYN-DM-03776,319.23,267.14,Absent,Present,Absent,Absent,High,Ungradable,6.21,OCT angiography
SYN-DM-03777,289.2,279.66,Absent,Present,Absent,Absent,None,Partially gradable,4.86,Fundus camera
SYN-DM-03778,499.11,318.29,Present,Absent,Present,Absent,High,Gradable,4.85,Ultra-widefield
SYN-DM-03779,348.1,212.16,Absent,Absent,Present,Present,High,Partially gradable,6.71,Ultra-widefield
SYN-DM-03780,509.35,445.79,Absent,Absent,Present,Present,Moderate,Partially gradable,6.63,Ultra-widefield
SYN-DM-03781,424.24,482.49,Absent,Present,Present,Absent,Moderate,Ungradable,5.38,Fundus camera
SYN-DM-03782,227.57,404.86,Present,Present,Absent,Present,High,Partially gradable,6.14,OCT
SYN-DM-03783,475.4,349.23,Absent,Absent,Absent,Absent,Moderate,Partially gradable,6.87,OCT
SYN-DM-03784,461.54,470.46,Absent,Present,Absent,Absent,Moderate,Gradable,4.39,OCT
SYN-DM-03785,451.71,293.65,Absent,Absent,Present,Absent,Moderate,Ungradable,7.94,Ultra-widefield
SYN-DM-03786,415.16,389.25,Present,Present,Present,Absent,Low,Ungradable,4.39,Ultra-widefield
SYN-DM-03787,304.0,448.61,Present,Present,Absent,Present,High,Partially gradable,4.1,Ultra-widefield
SYN-DM-03788,337.47,432.55,Present,Present,Present,Absent,Moderate,Ungradable,4.53,Fundus camera
SYN-DM-03789,472.76,497.99,Absent,Present,Absent,Absent,None,Partially gradable,8.88,Fundus camera
SYN-DM-03790,318.86,331.4,Absent,Absent,Absent,Present,Moderate,Ungradable,5.83,Ultra-widefield
SYN-DM-03791,293.03,409.11,Present,Absent,Absent,Present,None,Ungradable,5.44,Ultra-widefield
SYN-DM-03792,400.29,476.42,Present,Absent,Absent,Present,None,Ungradable,4.41,OCT
SYN-DM-03793,232.07,391.43,Absent,Present,Absent,Present,Low,Partially gradable,4.9,Ultra-widefield
SYN-DM-03794,296.61,454.45,Absent,Absent,Present,Absent,None,Gradable,4.0,OCT
SYN-DM-03795,391.87,473.52,Absent,Absent,Present,Absent,Low,Partially gradable,5.77,Fundus camera
SYN-DM-03796,379.0,256.15,Absent,Absent,Present,Present,Moderate,Ungradable,5.89,OCT angiography
SYN-DM-03797,246.65,244.5,Absent,Present,Absent,Absent,Moderate,Gradable,7.0,OCT angiography
SYN-DM-03798,512.09,346.46,Absent,Present,Present,Absent,None,Ungradable,3.23,Ultra-widefield
SYN-DM-03799,219.31,409.71,Present,Absent,Absent,Present,High,Gradable,7.01,OCT
SYN-DM-03800,400.63,341.52,Absent,Present,Absent,Present,Moderate,Ungradable,6.06,OCT angiography
SYN-DM-03801,261.62,497.36,Present,Absent,Absent,Present,High,Gradable,5.77,Fundus camera
SYN-DM-03802,378.81,479.24,Absent,Absent,Absent,Present,Moderate,Partially gradable,5.73,Ultra-widefield
SYN-DM-03803,298.1,481.68,Absent,Absent,Present,Present,Low,Partially gradable,8.76,OCT
SYN-DM-03804,252.03,427.86,Present,Present,Present,Present,Moderate,Ungradable,7.68,Fundus camera
SYN-DM-03805,218.41,236.63,Absent,Absent,Absent,Absent,High,Gradable,8.3,Ultra-widefield
SYN-DM-03806,307.44,437.25,Absent,Absent,Absent,Absent,None,Ungradable,5.58,OCT angiography
SYN-DM-03807,476.19,348.87,Absent,Absent,Present,Absent,High,Gradable,4.63,Fundus camera
SYN-DM-03808,245.18,328.07,Present,Absent,Present,Present,High,Partially gradable,7.98,Fundus camera
SYN-DM-03809,298.32,421.71,Absent,Absent,Absent,Absent,High,Partially gradable,6.73,OCT
SYN-DM-03810,502.2,324.93,Present,Absent,Present,Absent,Moderate,Partially gradable,4.78,Fundus camera
SYN-DM-03811,504.46,210.01,Absent,Present,Absent,Present,None,Gradable,6.13,OCT
SYN-DM-03812,452.15,426.67,Absent,Present,Absent,Present,Low,Ungradable,4.73,OCT
SYN-DM-03813,247.85,423.33,Present,Present,Present,Present,None,Gradable,8.34,OCT
SYN-DM-03814,279.01,462.85,Present,Absent,Absent,Absent,Low,Gradable,8.64,OCT angiography
SYN-DM-03815,281.37,258.27,Present,Present,Present,Present,High,Gradable,7.33,Ultra-widefield
SYN-DM-03816,317.84,454.05,Absent,Present,Present,Present,Low,Partially gradable,4.75,OCT angiography
SYN-DM-03817,380.08,287.42,Absent,Absent,Absent,Absent,High,Ungradable,4.97,Ultra-widefield
SYN-DM-03818,229.97,247.28,Absent,Absent,Absent,Absent,Moderate,Gradable,8.37,OCT angiography
SYN-DM-03819,306.17,358.93,Absent,Absent,Absent,Present,Low,Partially gradable,8.3,Ultra-widefield
SYN-DM-03820,257.61,325.74,Absent,Absent,Present,Present,High,Partially gradable,6.56,Ultra-widefield
SYN-DM-03821,417.08,209.18,Absent,Present,Present,Absent,None,Ungradable,4.12,Fundus camera
SYN-DM-03822,486.63,299.16,Absent,Absent,Present,Present,Moderate,Gradable,4.77,Fundus camera
SYN-DM-03823,437.78,210.19,Present,Present,Absent,Present,Low,Partially gradable,6.41,Ultra-widefield
SYN-DM-03824,299.65,275.23,Present,Present,Absent,Absent,High,Partially gradable,3.27,OCT angiography
SYN-DM-03825,325.99,359.82,Present,Absent,Absent,Absent,None,Ungradable,3.49,Ultra-widefield
SYN-DM-03826,328.03,245.82,Absent,Absent,Present,Absent,None,Ungradable,3.95,Ultra-widefield
SYN-DM-03827,355.14,447.03,Absent,Present,Absent,Absent,Low,Gradable,5.69,Fundus camera
SYN-DM-03828,450.41,314.32,Absent,Absent,Present,Present,Low,Ungradable,8.61,OCT angiography
SYN-DM-03829,251.47,322.96,Present,Present,Present,Absent,High,Partially gradable,4.62,OCT angiography
SYN-DM-03830,280.02,256.23,Present,Present,Absent,Absent,None,Ungradable,3.28,Ultra-widefield
SYN-DM-03831,310.78,463.44,Absent,Present,Present,Absent,None,Partially gradable,3.52,OCT angiography
SYN-DM-03832,322.03,352.62,Present,Present,Absent,Present,Low,Gradable,4.9,OCT
SYN-DM-03833,505.44,360.95,Present,Present,Present,Absent,None,Ungradable,3.29,Ultra-widefield
SYN-DM-03834,360.86,275.16,Present,Present,Absent,Absent,Low,Ungradable,4.85,Fundus camera
SYN-DM-03835,324.95,246.7,Absent,Present,Present,Absent,None,Gradable,8.41,OCT
SYN-DM-03836,294.53,289.39,Present,Absent,Present,Absent,Low,Partially gradable,3.68,OCT angiography
SYN-DM-03837,439.85,279.26,Absent,Absent,Absent,Absent,Moderate,Partially gradable,6.65,OCT
SYN-DM-03838,428.19,458.79,Present,Present,Present,Present,Moderate,Partially gradable,8.7,Fundus camera
SYN-DM-03839,371.77,261.66,Present,Present,Present,Absent,Low,Ungradable,7.83,OCT angiography
SYN-DM-03840,358.56,485.98,Present,Absent,Present,Present,Moderate,Ungradable,3.19,Ultra-widefield
SYN-DM-03841,447.3,491.57,Present,Absent,Absent,Absent,Moderate,Ungradable,3.9,Ultra-widefield
SYN-DM-03842,272.35,454.24,Present,Present,Absent,Absent,None,Partially gradable,4.13,Fundus camera
SYN-DM-03843,232.74,218.12,Absent,Absent,Absent,Present,High,Ungradable,4.3,OCT
SYN-DM-03844,376.46,283.75,Present,Absent,Present,Absent,High,Ungradable,5.59,OCT angiography
SYN-DM-03845,259.9,232.17,Absent,Present,Absent,Present,Moderate,Ungradable,7.44,OCT angiography
SYN-DM-03846,366.9,437.3,Present,Absent,Absent,Present,High,Ungradable,4.95,Ultra-widefield
SYN-DM-03847,348.34,335.6,Present,Present,Present,Absent,High,Partially gradable,8.22,Fundus camera
SYN-DM-03848,364.79,284.81,Present,Absent,Absent,Present,None,Partially gradable,3.01,OCT
SYN-DM-03849,430.34,365.49,Present,Present,Present,Present,None,Partially gradable,3.28,Ultra-widefield
SYN-DM-03850,487.44,448.48,Absent,Absent,Absent,Absent,None,Ungradable,6.66,Ultra-widefield
SYN-DM-03851,276.48,354.91,Absent,Present,Absent,Present,High,Ungradable,3.64,Fundus camera
SYN-DM-03852,423.19,222.99,Present,Present,Present,Absent,Moderate,Partially gradable,3.24,Ultra-widefield
SYN-DM-03853,342.05,315.33,Present,Present,Absent,Absent,None,Ungradable,5.02,Fundus camera
SYN-DM-03854,298.96,387.13,Absent,Present,Present,Absent,None,Partially gradable,6.81,OCT angiography
SYN-DM-03855,339.35,489.01,Present,Absent,Present,Present,None,Gradable,4.98,OCT
SYN-DM-03856,378.91,395.32,Present,Absent,Present,Present,None,Gradable,4.1,Ultra-widefield
SYN-DM-03857,249.12,451.67,Present,Absent,Absent,Present,Low,Partially gradable,8.77,Fundus camera
SYN-DM-03858,504.15,485.86,Absent,Absent,Present,Absent,None,Ungradable,8.73,Fundus camera
SYN-DM-03859,457.31,368.16,Present,Present,Present,Present,High,Gradable,6.03,OCT angiography
SYN-DM-03860,348.67,258.88,Present,Absent,Present,Present,Moderate,Ungradable,4.13,Ultra-widefield
SYN-DM-03861,364.99,219.59,Present,Absent,Absent,Present,None,Ungradable,7.42,OCT
SYN-DM-03862,342.12,437.76,Absent,Absent,Absent,Absent,Low,Partially gradable,7.34,OCT angiography
SYN-DM-03863,502.8,336.59,Present,Present,Present,Absent,High,Gradable,4.31,Ultra-widefield
SYN-DM-03864,344.68,377.72,Absent,Present,Present,Absent,Low,Partially gradable,6.87,Ultra-widefield
SYN-DM-03865,515.06,464.75,Present,Present,Present,Present,High,Ungradable,3.99,OCT
SYN-DM-03866,320.98,283.75,Absent,Absent,Absent,Present,Low,Ungradable,3.94,OCT
SYN-DM-03867,467.71,344.58,Present,Present,Absent,Present,Moderate,Partially gradable,7.71,OCT
SYN-DM-03868,250.67,287.93,Present,Absent,Present,Present,Low,Ungradable,8.57,Fundus camera
SYN-DM-03869,446.02,334.8,Absent,Absent,Present,Absent,High,Gradable,4.18,Ultra-widefield
SYN-DM-03870,295.84,461.47,Present,Absent,Absent,Absent,Low,Partially gradable,3.85,OCT angiography
SYN-DM-03871,286.91,308.99,Present,Present,Present,Present,Moderate,Ungradable,6.54,Fundus camera
SYN-DM-03872,229.34,426.19,Present,Absent,Absent,Present,Low,Partially gradable,5.71,OCT
SYN-DM-03873,251.02,281.52,Present,Present,Present,Present,High,Ungradable,5.37,Ultra-widefield
SYN-DM-03874,297.41,397.71,Absent,Present,Present,Present,Low,Partially gradable,6.97,OCT
SYN-DM-03875,279.01,481.65,Present,Present,Present,Absent,Low,Gradable,5.54,OCT
SYN-DM-03876,459.83,342.45,Absent,Absent,Absent,Absent,High,Ungradable,8.65,Fundus camera
SYN-DM-03877,467.44,453.5,Present,Absent,Present,Present,High,Ungradable,8.47,Fundus camera
SYN-DM-03878,344.46,421.83,Present,Absent,Present,Absent,Moderate,Gradable,6.95,Ultra-widefield
SYN-DM-03879,343.16,326.69,Absent,Absent,Absent,Present,High,Gradable,4.05,OCT
SYN-DM-03880,347.9,237.58,Present,Present,Absent,Absent,Moderate,Partially gradable,8.2,OCT angiography
SYN-DM-03881,364.79,461.53,Present,Present,Present,Absent,High,Gradable,6.12,OCT angiography
SYN-DM-03882,228.83,416.47,Absent,Present,Absent,Present,None,Gradable,5.28,Fundus camera
SYN-DM-03883,361.41,313.51,Present,Absent,Present,Absent,Moderate,Ungradable,4.68,Ultra-widefield
SYN-DM-03884,278.41,335.26,Present,Present,Absent,Absent,Moderate,Gradable,3.61,Fundus camera
SYN-DM-03885,474.51,257.37,Absent,Absent,Absent,Absent,High,Gradable,5.95,OCT angiography
SYN-DM-03886,461.53,329.23,Absent,Present,Absent,Present,High,Gradable,5.31,OCT
SYN-DM-03887,250.94,327.16,Present,Absent,Present,Absent,High,Partially gradable,3.42,Fundus camera
SYN-DM-03888,409.07,301.11,Absent,Present,Absent,Absent,Low,Partially gradable,3.01,OCT angiography
SYN-DM-03889,277.81,290.26,Absent,Absent,Present,Present,Moderate,Partially gradable,8.27,Fundus camera
SYN-DM-03890,510.55,472.94,Present,Absent,Present,Present,Moderate,Ungradable,6.18,Fundus camera
SYN-DM-03891,365.8,298.26,Present,Absent,Present,Present,High,Partially gradable,5.2,Fundus camera
SYN-DM-03892,440.79,406.52,Absent,Present,Present,Present,High,Gradable,3.21,Ultra-widefield
SYN-DM-03893,268.16,493.29,Present,Absent,Absent,Absent,Low,Gradable,5.02,Ultra-widefield
SYN-DM-03894,462.24,332.88,Present,Absent,Present,Absent,Moderate,Partially gradable,3.09,OCT
SYN-DM-03895,406.4,242.08,Present,Present,Absent,Absent,None,Partially gradable,6.61,OCT angiography
SYN-DM-03896,246.77,424.21,Present,Absent,Present,Absent,None,Ungradable,7.32,Ultra-widefield
SYN-DM-03897,449.84,230.72,Present,Absent,Present,Absent,None,Partially gradable,4.85,OCT
SYN-DM-03898,260.7,261.28,Absent,Absent,Absent,Present,Low,Partially gradable,4.97,OCT
SYN-DM-03899,413.03,410.15,Absent,Absent,Absent,Absent,Moderate,Partially gradable,6.23,OCT
SYN-DM-03900,357.82,345.82,Present,Present,Present,Absent,None,Partially gradable,3.09,OCT
SYN-DM-03901,365.31,343.04,Present,Absent,Absent,Absent,None,Ungradable,5.01,Fundus camera
SYN-DM-03902,478.54,325.69,Absent,Present,Absent,Present,Moderate,Gradable,7.03,Ultra-widefield
SYN-DM-03903,374.84,264.36,Absent,Absent,Absent,Absent,Moderate,Partially gradable,6.57,Fundus camera
SYN-DM-03904,476.31,379.77,Absent,Present,Present,Absent,Low,Ungradable,3.09,Fundus camera
SYN-DM-03905,308.54,382.71,Absent,Absent,Absent,Absent,None,Ungradable,6.9,Ultra-widefield
SYN-DM-03906,296.75,353.56,Present,Present,Absent,Present,High,Partially gradable,8.82,Ultra-widefield
SYN-DM-03907,504.28,369.05,Absent,Present,Present,Absent,None,Partially gradable,3.53,Ultra-widefield
SYN-DM-03908,398.9,488.75,Present,Absent,Absent,Present,None,Partially gradable,8.67,OCT angiography
SYN-DM-03909,407.88,473.9,Present,Present,Present,Present,Low,Ungradable,8.22,OCT angiography
SYN-DM-03910,506.03,379.04,Present,Absent,Absent,Absent,High,Partially gradable,5.86,Fundus camera
SYN-DM-03911,504.09,287.21,Absent,Absent,Present,Present,None,Partially gradable,6.56,OCT
SYN-DM-03912,257.66,478.71,Present,Absent,Absent,Present,High,Gradable,3.22,OCT angiography
SYN-DM-03913,398.27,211.37,Absent,Absent,Absent,Absent,None,Ungradable,4.04,OCT
SYN-DM-03914,328.26,283.69,Present,Present,Absent,Present,None,Ungradable,4.55,Ultra-widefield
SYN-DM-03915,239.42,414.98,Absent,Absent,Absent,Absent,Low,Partially gradable,7.71,Fundus camera
SYN-DM-03916,473.93,411.77,Present,Absent,Absent,Present,Low,Ungradable,3.77,OCT angiography
SYN-DM-03917,452.25,486.83,Present,Present,Absent,Absent,None,Partially gradable,4.06,OCT angiography
SYN-DM-03918,238.18,388.85,Present,Absent,Absent,Present,High,Gradable,6.96,OCT
SYN-DM-03919,436.39,375.6,Absent,Present,Present,Present,High,Ungradable,6.47,OCT
SYN-DM-03920,353.3,377.9,Present,Absent,Absent,Present,None,Partially gradable,3.69,Fundus camera
SYN-DM-03921,434.04,368.0,Absent,Absent,Absent,Present,Moderate,Partially gradable,7.58,OCT
SYN-DM-03922,340.44,301.98,Present,Absent,Present,Present,None,Gradable,5.43,Ultra-widefield
SYN-DM-03923,401.84,287.48,Present,Absent,Present,Absent,None,Ungradable,4.61,Ultra-widefield
SYN-DM-03924,264.31,334.57,Present,Absent,Present,Absent,None,Partially gradable,6.0,OCT
SYN-DM-03925,293.37,387.15,Absent,Absent,Absent,Present,Low,Gradable,5.29,Ultra-widefield
SYN-DM-03926,376.68,266.19,Present,Present,Present,Absent,Moderate,Partially gradable,4.28,OCT angiography
SYN-DM-03927,243.24,498.65,Present,Absent,Present,Absent,None,Ungradable,5.96,OCT
SYN-DM-03928,354.21,217.63,Present,Absent,Absent,Absent,None,Gradable,4.94,Ultra-widefield
SYN-DM-03929,430.37,420.19,Present,Present,Absent,Absent,None,Ungradable,4.69,Fundus camera
SYN-DM-03930,305.3,350.84,Present,Absent,Present,Present,High,Ungradable,7.95,Ultra-widefield
SYN-DM-03931,321.04,353.22,Present,Absent,Absent,Absent,None,Partially gradable,7.38,OCT
SYN-DM-03932,434.32,233.44,Present,Absent,Present,Present,None,Ungradable,8.01,Fundus camera
SYN-DM-03933,491.49,476.09,Absent,Present,Present,Absent,Low,Gradable,4.49,OCT angiography
SYN-DM-03934,434.76,226.24,Absent,Present,Absent,Absent,Moderate,Partially gradable,8.97,Ultra-widefield
SYN-DM-03935,438.01,467.37,Present,Absent,Present,Present,High,Gradable,7.62,Fundus camera
SYN-DM-03936,421.98,255.25,Absent,Present,Present,Present,Moderate,Partially gradable,6.3,OCT
SYN-DM-03937,268.48,257.03,Absent,Absent,Present,Absent,High,Ungradable,7.02,OCT
SYN-DM-03938,321.2,442.67,Absent,Present,Absent,Present,Low,Ungradable,3.72,OCT angiography
SYN-DM-03939,333.26,352.78,Present,Absent,Present,Present,None,Gradable,5.01,Ultra-widefield
SYN-DM-03940,500.55,441.38,Present,Absent,Absent,Absent,High,Gradable,5.65,Fundus camera
SYN-DM-03941,217.68,255.76,Present,Absent,Present,Absent,High,Ungradable,4.86,OCT angiography
SYN-DM-03942,478.52,250.43,Absent,Present,Present,Absent,High,Gradable,5.19,OCT
SYN-DM-03943,242.34,377.84,Present,Present,Present,Absent,None,Partially gradable,5.12,Ultra-widefield
SYN-DM-03944,313.43,473.6,Absent,Absent,Present,Absent,High,Ungradable,8.21,OCT
SYN-DM-03945,264.34,492.33,Absent,Absent,Absent,Absent,Low,Ungradable,4.69,Fundus camera
SYN-DM-03946,262.82,310.76,Present,Absent,Present,Present,Moderate,Gradable,4.74,Ultra-widefield
SYN-DM-03947,313.23,490.94,Present,Absent,Absent,Present,None,Partially gradable,5.09,Fundus camera
SYN-DM-03948,437.58,481.42,Present,Present,Absent,Present,High,Ungradable,7.39,OCT angiography
SYN-DM-03949,278.28,323.17,Present,Present,Present,Present,Low,Ungradable,7.72,OCT
SYN-DM-03950,225.86,461.2,Present,Absent,Absent,Present,High,Gradable,8.29,Ultra-widefield
SYN-DM-03951,325.23,324.26,Absent,Present,Present,Present,None,Ungradable,8.76,Ultra-widefield
SYN-DM-03952,375.31,377.37,Present,Absent,Present,Absent,High,Partially gradable,7.26,Ultra-widefield
SYN-DM-03953,379.16,468.02,Absent,Absent,Absent,Present,None,Partially gradable,3.68,Fundus camera
SYN-DM-03954,342.65,480.39,Absent,Present,Absent,Absent,Low,Gradable,5.55,OCT angiography
SYN-DM-03955,287.48,338.95,Present,Absent,Absent,Absent,High,Gradable,4.61,OCT angiography
SYN-DM-03956,415.77,255.54,Absent,Present,Absent,Present,Moderate,Partially gradable,3.25,OCT
SYN-DM-03957,439.64,274.49,Absent,Present,Absent,Present,High,Gradable,7.07,OCT angiography
SYN-DM-03958,351.57,462.07,Present,Present,Present,Absent,Low,Ungradable,3.32,OCT angiography
SYN-DM-03959,440.42,296.93,Absent,Absent,Present,Absent,None,Gradable,6.05,OCT angiography
SYN-DM-03960,313.95,260.91,Absent,Present,Present,Present,High,Ungradable,5.23,OCT
SYN-DM-03961,394.42,340.45,Present,Absent,Present,Present,None,Gradable,7.2,OCT
SYN-DM-03962,425.84,273.46,Present,Present,Absent,Absent,Moderate,Partially gradable,5.69,OCT
SYN-DM-03963,368.44,348.87,Present,Present,Present,Present,Low,Ungradable,7.38,OCT
SYN-DM-03964,364.84,358.11,Absent,Present,Absent,Absent,Moderate,Partially gradable,7.46,Fundus camera
SYN-DM-03965,469.13,291.97,Present,Absent,Absent,Absent,None,Gradable,5.48,Ultra-widefield
SYN-DM-03966,331.09,367.6,Present,Absent,Absent,Absent,Moderate,Partially gradable,7.7,Fundus camera
SYN-DM-03967,316.64,271.37,Present,Absent,Present,Present,Moderate,Gradable,4.62,Fundus camera
SYN-DM-03968,464.91,338.36,Present,Absent,Present,Absent,Low,Ungradable,5.94,OCT
SYN-DM-03969,381.59,446.38,Absent,Present,Present,Absent,Moderate,Ungradable,6.06,Fundus camera
SYN-DM-03970,437.19,253.65,Absent,Absent,Absent,Present,Low,Gradable,7.62,OCT
SYN-DM-03971,275.2,395.89,Absent,Absent,Absent,Present,Low,Partially gradable,6.46,Ultra-widefield
SYN-DM-03972,316.88,487.67,Absent,Present,Present,Absent,None,Partially gradable,7.85,OCT
SYN-DM-03973,438.56,280.28,Absent,Absent,Absent,Present,Moderate,Ungradable,5.43,Ultra-widefield
SYN-DM-03974,496.69,304.04,Absent,Present,Absent,Absent,Low,Gradable,3.65,Fundus camera
SYN-DM-03975,336.83,353.56,Present,Present,Present,Present,None,Partially gradable,7.01,OCT angiography
SYN-DM-03976,316.45,501.91,Present,Absent,Present,Present,Moderate,Gradable,5.52,OCT angiography
SYN-DM-03977,504.7,333.65,Present,Present,Present,Present,High,Gradable,6.79,OCT angiography
SYN-DM-03978,324.29,349.46,Present,Absent,Absent,Absent,Low,Ungradable,5.56,Fundus camera
SYN-DM-03979,430.46,330.68,Present,Present,Present,Present,Moderate,Ungradable,8.28,Fundus camera
SYN-DM-03980,516.05,299.77,Absent,Present,Absent,Absent,Moderate,Gradable,5.77,Ultra-widefield
SYN-DM-03981,266.61,265.96,Present,Present,Absent,Present,High,Gradable,5.59,OCT
SYN-DM-03982,448.41,377.71,Absent,Present,Present,Present,Low,Gradable,6.61,OCT
SYN-DM-03983,377.14,267.92,Absent,Absent,Present,Present,Moderate,Gradable,5.93,OCT
SYN-DM-03984,517.47,351.9,Present,Absent,Present,Present,None,Ungradable,7.01,Fundus camera
SYN-DM-03985,227.26,209.45,Absent,Present,Present,Absent,Moderate,Ungradable,6.28,OCT angiography
SYN-DM-03986,355.31,246.1,Absent,Present,Absent,Present,None,Partially gradable,8.13,Ultra-widefield
SYN-DM-03987,219.71,424.54,Absent,Absent,Absent,Absent,Low,Ungradable,7.82,Ultra-widefield
SYN-DM-03988,476.42,261.42,Absent,Present,Present,Absent,High,Ungradable,8.18,OCT
SYN-DM-03989,467.59,340.72,Absent,Absent,Present,Present,Moderate,Ungradable,7.38,Ultra-widefield
SYN-DM-03990,419.38,296.77,Absent,Present,Present,Absent,None,Ungradable,5.98,OCT
SYN-DM-03991,512.36,324.15,Present,Present,Present,Present,Low,Ungradable,3.5,OCT
SYN-DM-03992,363.57,373.01,Present,Absent,Present,Absent,Moderate,Ungradable,6.12,Ultra-widefield
SYN-DM-03993,302.29,453.32,Absent,Absent,Present,Present,Low,Gradable,3.93,OCT
SYN-DM-03994,503.89,417.89,Absent,Present,Present,Absent,High,Partially gradable,6.46,Fundus camera
SYN-DM-03995,509.21,312.38,Present,Present,Absent,Present,Low,Gradable,5.45,Ultra-widefield
SYN-DM-03996,238.1,299.74,Absent,Absent,Present,Absent,Moderate,Ungradable,3.37,OCT
SYN-DM-03997,384.68,386.38,Absent,Absent,Absent,Present,Moderate,Gradable,7.17,Fundus camera
SYN-DM-03998,237.29,215.89,Absent,Present,Absent,Present,None,Gradable,7.86,OCT
SYN-DM-03999,455.41,340.64,Present,Absent,Present,Absent,High,Ungradable,4.81,Fundus camera
SYN-DM-04000,507.76,491.41,Present,Present,Present,Present,Moderate,Partially gradable,8.97,Ultra-widefield
SYN-DM-04001,282.38,257.7,Absent,Present,Absent,Present,Moderate,Gradable,5.28,Fundus camera
SYN-DM-04002,404.3,354.91,Present,Present,Present,Present,High,Ungradable,7.18,OCT
SYN-DM-04003,238.74,230.12,Absent,Present,Present,Present,High,Gradable,6.62,OCT angiography
SYN-DM-04004,288.79,449.48,Absent,Present,Absent,Present,High,Ungradable,6.44,Fundus camera
SYN-DM-04005,373.48,458.99,Present,Present,Present,Absent,High,Gradable,3.53,OCT
SYN-DM-04006,411.17,408.45,Absent,Absent,Absent,Absent,Moderate,Partially gradable,7.24,Ultra-widefield
SYN-DM-04007,397.55,406.21,Absent,Present,Present,Absent,Low,Gradable,7.74,Ultra-widefield
SYN-DM-04008,263.93,485.31,Present,Absent,Present,Absent,Moderate,Gradable,3.14,Ultra-widefield
SYN-DM-04009,317.79,368.2,Present,Present,Present,Present,High,Partially gradable,5.53,Ultra-widefield
SYN-DM-04010,300.11,251.53,Present,Absent,Present,Present,Moderate,Partially gradable,8.78,Fundus camera
SYN-DM-04011,402.03,491.2,Present,Absent,Present,Absent,None,Gradable,3.55,OCT
SYN-DM-04012,429.11,442.4,Absent,Absent,Absent,Absent,High,Partially gradable,6.7,OCT angiography
SYN-DM-04013,442.63,482.77,Absent,Present,Absent,Absent,Moderate,Gradable,6.09,OCT angiography
SYN-DM-04014,350.72,434.32,Present,Present,Absent,Absent,High,Partially gradable,7.96,OCT angiography
SYN-DM-04015,389.97,330.88,Absent,Absent,Present,Absent,High,Gradable,8.66,Fundus camera
SYN-DM-04016,501.83,296.08,Present,Absent,Present,Absent,High,Partially gradable,4.71,Ultra-widefield
SYN-DM-04017,417.66,210.87,Absent,Present,Present,Present,Low,Partially gradable,3.35,OCT
SYN-DM-04018,253.64,478.27,Absent,Present,Present,Present,Moderate,Ungradable,4.97,Ultra-widefield
SYN-DM-04019,344.26,233.55,Absent,Present,Absent,Absent,None,Partially gradable,5.82,Fundus camera
SYN-DM-04020,502.69,350.75,Present,Absent,Absent,Absent,High,Ungradable,8.77,OCT angiography
SYN-DM-04021,490.76,304.32,Absent,Present,Absent,Absent,None,Gradable,7.25,Fundus camera
SYN-DM-04022,424.83,297.45,Absent,Absent,Absent,Present,High,Gradable,4.23,OCT angiography
SYN-DM-04023,509.26,437.14,Absent,Absent,Absent,Absent,None,Partially gradable,8.37,OCT angiography
SYN-DM-04024,233.82,334.66,Absent,Absent,Absent,Absent,Moderate,Partially gradable,3.24,OCT angiography
SYN-DM-04025,242.13,400.74,Absent,Absent,Present,Absent,Moderate,Gradable,3.48,Ultra-widefield
SYN-DM-04026,421.18,356.33,Absent,Present,Present,Absent,High,Partially gradable,5.22,OCT
SYN-DM-04027,420.61,255.78,Present,Present,Present,Present,High,Partially gradable,7.72,Fundus camera
SYN-DM-04028,221.25,445.18,Absent,Absent,Absent,Absent,Moderate,Ungradable,6.06,OCT angiography
SYN-DM-04029,285.07,362.95,Absent,Absent,Present,Present,Moderate,Partially gradable,7.97,Fundus camera
SYN-DM-04030,353.42,456.44,Present,Absent,Absent,Absent,High,Partially gradable,8.21,OCT angiography
SYN-DM-04031,456.31,434.34,Present,Present,Present,Present,Moderate,Partially gradable,7.47,Fundus camera
SYN-DM-04032,302.13,220.93,Absent,Present,Absent,Absent,Moderate,Gradable,5.14,OCT
SYN-DM-04033,306.13,340.4,Present,Absent,Present,Present,High,Ungradable,3.8,Ultra-widefield
SYN-DM-04034,257.5,388.75,Present,Present,Present,Present,Moderate,Partially gradable,7.45,Ultra-widefield
SYN-DM-04035,320.03,308.66,Present,Absent,Absent,Present,Moderate,Gradable,8.62,OCT angiography
SYN-DM-04036,492.87,421.37,Present,Absent,Present,Present,Low,Partially gradable,5.58,Ultra-widefield
SYN-DM-04037,320.99,256.67,Absent,Absent,Absent,Present,Moderate,Partially gradable,4.17,Fundus camera
SYN-DM-04038,400.36,370.57,Present,Absent,Absent,Absent,Moderate,Gradable,4.46,OCT angiography
SYN-DM-04039,445.93,422.6,Present,Present,Present,Absent,Low,Partially gradable,4.34,Ultra-widefield
SYN-DM-04040,397.56,417.67,Absent,Absent,Absent,Absent,Moderate,Partially gradable,6.5,Ultra-widefield
SYN-DM-04041,339.51,448.8,Present,Absent,Present,Present,Low,Gradable,7.0,Ultra-widefield
SYN-DM-04042,454.18,330.2,Present,Present,Present,Present,Low,Ungradable,6.07,Ultra-widefield
SYN-DM-04043,346.22,292.74,Present,Absent,Absent,Absent,Moderate,Partially gradable,7.92,OCT angiography
SYN-DM-04044,435.44,404.94,Absent,Absent,Absent,Present,High,Ungradable,6.58,OCT angiography
SYN-DM-04045,454.06,375.64,Absent,Absent,Present,Present,Low,Ungradable,8.11,OCT
SYN-DM-04046,471.9,466.19,Absent,Absent,Absent,Present,Moderate,Partially gradable,8.28,OCT
SYN-DM-04047,492.86,474.08,Present,Absent,Present,Present,Moderate,Gradable,5.67,Ultra-widefield
SYN-DM-04048,451.29,218.27,Absent,Absent,Present,Present,High,Gradable,8.11,Ultra-widefield
SYN-DM-04049,331.85,435.88,Present,Present,Present,Present,Moderate,Partially gradable,7.62,Ultra-widefield
SYN-DM-04050,380.78,351.65,Present,Absent,Absent,Present,None,Partially gradable,5.07,Ultra-widefield
SYN-DM-04051,422.14,374.51,Absent,Absent,Absent,Present,None,Ungradable,3.29,Ultra-widefield
SYN-DM-04052,251.23,460.81,Present,Present,Present,Present,High,Gradable,7.7,Ultra-widefield
SYN-DM-04053,404.0,364.14,Absent,Present,Present,Absent,High,Ungradable,3.46,OCT
SYN-DM-04054,450.33,228.02,Present,Present,Absent,Absent,None,Gradable,8.52,OCT angiography
SYN-DM-04055,278.96,276.18,Present,Present,Present,Present,None,Ungradable,8.28,Fundus camera
SYN-DM-04056,241.86,358.74,Present,Present,Absent,Absent,None,Ungradable,4.56,Fundus camera
SYN-DM-04057,274.14,347.43,Absent,Present,Present,Present,High,Gradable,6.41,OCT angiography
SYN-DM-04058,377.27,352.4,Present,Absent,Absent,Present,High,Ungradable,3.88,OCT angiography
SYN-DM-04059,443.67,254.21,Present,Present,Absent,Absent,Low,Partially gradable,4.14,OCT
SYN-DM-04060,274.06,333.79,Present,Present,Present,Present,Low,Ungradable,6.88,OCT
SYN-DM-04061,454.57,484.28,Absent,Absent,Absent,Present,Moderate,Ungradable,8.72,OCT
SYN-DM-04062,334.65,461.69,Present,Present,Present,Present,Low,Partially gradable,7.15,Fundus camera
SYN-DM-04063,325.45,323.85,Present,Absent,Present,Absent,High,Partially gradable,3.73,Fundus camera
SYN-DM-04064,249.21,290.53,Absent,Present,Present,Present,High,Partially gradable,3.86,Ultra-widefield
SYN-DM-04065,507.1,418.08,Present,Present,Absent,Absent,High,Partially gradable,8.59,OCT angiography
SYN-DM-04066,216.8,452.03,Absent,Absent,Present,Present,Moderate,Partially gradable,6.5,OCT
SYN-DM-04067,377.17,451.82,Present,Absent,Absent,Present,High,Partially gradable,7.27,Fundus camera
SYN-DM-04068,473.6,326.97,Absent,Present,Present,Absent,Moderate,Partially gradable,7.58,Ultra-widefield
SYN-DM-04069,283.03,323.66,Present,Absent,Present,Present,Low,Gradable,3.89,OCT angiography
SYN-DM-04070,218.4,322.45,Present,Present,Absent,Present,Low,Partially gradable,6.73,OCT angiography
SYN-DM-04071,224.75,494.4,Present,Present,Present,Absent,None,Ungradable,7.21,OCT
SYN-DM-04072,359.68,469.04,Present,Absent,Present,Present,Low,Ungradable,8.37,Ultra-widefield
SYN-DM-04073,379.26,322.22,Present,Present,Absent,Absent,High,Ungradable,4.83,OCT
SYN-DM-04074,264.67,420.2,Absent,Absent,Absent,Present,Moderate,Gradable,4.18,OCT
SYN-DM-04075,441.66,358.38,Absent,Present,Absent,Absent,None,Ungradable,5.54,Fundus camera
SYN-DM-04076,320.83,285.43,Absent,Absent,Present,Absent,None,Partially gradable,7.66,Ultra-widefield
SYN-DM-04077,313.98,263.7,Present,Absent,Absent,Present,None,Ungradable,5.67,OCT angiography
SYN-DM-04078,321.36,313.51,Absent,Absent,Absent,Present,Low,Gradable,5.99,Ultra-widefield
SYN-DM-04079,222.25,384.5,Present,Present,Present,Absent,Low,Gradable,5.88,OCT
SYN-DM-04080,327.1,477.7,Present,Absent,Present,Absent,Low,Partially gradable,7.3,Ultra-widefield
SYN-DM-04081,396.66,468.72,Present,Absent,Absent,Absent,High,Gradable,7.9,Ultra-widefield
SYN-DM-04082,466.07,402.49,Absent,Absent,Absent,Present,Low,Ungradable,3.16,OCT
SYN-DM-04083,483.8,223.84,Present,Present,Absent,Absent,Low,Gradable,5.27,OCT angiography
SYN-DM-04084,486.96,355.2,Absent,Absent,Present,Present,Moderate,Ungradable,7.34,OCT
SYN-DM-04085,314.42,261.46,Present,Present,Present,Absent,High,Partially gradable,4.55,OCT angiography
SYN-DM-04086,429.52,303.08,Present,Absent,Present,Present,None,Ungradable,5.83,OCT angiography
SYN-DM-04087,282.04,251.66,Present,Absent,Absent,Present,Low,Gradable,8.34,Fundus camera
SYN-DM-04088,236.09,333.65,Present,Absent,Absent,Present,None,Partially gradable,5.54,OCT
SYN-DM-04089,256.83,373.45,Present,Present,Present,Absent,Low,Partially gradable,8.02,OCT
SYN-DM-04090,374.72,290.78,Absent,Present,Present,Absent,High,Ungradable,5.94,Fundus camera
SYN-DM-04091,451.85,266.21,Present,Absent,Present,Present,None,Partially gradable,3.98,Ultra-widefield
SYN-DM-04092,503.41,261.42,Present,Present,Absent,Present,None,Gradable,5.26,OCT
SYN-DM-04093,504.16,337.01,Present,Absent,Absent,Absent,None,Partially gradable,3.45,OCT angiography
SYN-DM-04094,243.03,399.5,Absent,Present,Absent,Absent,Moderate,Gradable,7.04,Ultra-widefield
SYN-DM-04095,250.8,225.32,Absent,Absent,Present,Absent,None,Partially gradable,6.17,Ultra-widefield
SYN-DM-04096,350.07,462.96,Absent,Absent,Absent,Absent,Moderate,Gradable,8.49,OCT
SYN-DM-04097,315.89,429.34,Present,Absent,Present,Present,None,Gradable,5.92,Ultra-widefield
SYN-DM-04098,323.02,305.08,Present,Absent,Absent,Present,None,Ungradable,8.08,OCT
SYN-DM-04099,351.56,398.73,Absent,Present,Absent,Absent,Low,Ungradable,7.02,OCT
SYN-DM-04100,483.45,293.09,Present,Absent,Present,Absent,None,Partially gradable,6.72,Ultra-widefield
SYN-DM-04101,246.36,329.69,Absent,Present,Present,Absent,Moderate,Partially gradable,8.9,OCT
SYN-DM-04102,363.87,477.83,Absent,Present,Present,Present,Moderate,Ungradable,8.81,Ultra-widefield
SYN-DM-04103,502.42,249.84,Absent,Absent,Present,Present,High,Gradable,8.46,OCT angiography
SYN-DM-04104,512.94,249.88,Present,Present,Present,Present,None,Ungradable,3.46,OCT
SYN-DM-04105,313.16,336.23,Present,Absent,Present,Present,High,Ungradable,7.11,Ultra-widefield
SYN-DM-04106,471.35,401.61,Present,Present,Absent,Present,Low,Partially gradable,5.63,OCT
SYN-DM-04107,217.92,471.78,Absent,Present,Absent,Present,High,Ungradable,3.56,OCT
SYN-DM-04108,352.05,366.83,Present,Present,Present,Absent,Low,Ungradable,3.7,Fundus camera
SYN-DM-04109,515.79,333.51,Absent,Absent,Present,Absent,Moderate,Ungradable,6.28,Fundus camera
SYN-DM-04110,494.45,485.91,Absent,Absent,Present,Absent,Moderate,Gradable,3.83,Ultra-widefield
SYN-DM-04111,314.47,492.03,Present,Present,Absent,Present,High,Ungradable,4.04,OCT
SYN-DM-04112,419.83,260.78,Absent,Present,Absent,Present,Moderate,Partially gradable,4.83,Fundus camera
SYN-DM-04113,288.77,345.23,Present,Absent,Present,Absent,Low,Gradable,4.32,Fundus camera
SYN-DM-04114,398.55,388.59,Absent,Absent,Present,Absent,None,Gradable,4.98,Fundus camera
SYN-DM-04115,361.68,380.22,Absent,Present,Present,Present,Moderate,Partially gradable,7.45,Fundus camera
SYN-DM-04116,457.19,355.08,Absent,Absent,Absent,Absent,Moderate,Partially gradable,4.62,OCT angiography
SYN-DM-04117,357.42,305.45,Absent,Absent,Present,Present,Low,Partially gradable,6.93,Fundus camera
SYN-DM-04118,347.11,317.38,Present,Absent,Present,Present,None,Ungradable,6.5,OCT angiography
SYN-DM-04119,443.89,304.3,Absent,Absent,Absent,Present,Moderate,Gradable,3.92,Fundus camera
SYN-DM-04120,381.51,487.87,Absent,Present,Absent,Present,Low,Partially gradable,4.73,Fundus camera
SYN-DM-04121,508.07,366.38,Absent,Absent,Absent,Absent,Low,Ungradable,6.05,Fundus camera
SYN-DM-04122,304.87,341.25,Present,Present,Absent,Absent,None,Ungradable,3.99,Fundus camera
SYN-DM-04123,342.63,380.24,Absent,Present,Absent,Present,None,Partially gradable,3.71,Ultra-widefield
SYN-DM-04124,402.09,412.76,Present,Present,Absent,Present,None,Partially gradable,7.4,Ultra-widefield
SYN-DM-04125,392.31,301.07,Present,Present,Present,Present,Moderate,Ungradable,5.09,Fundus camera
SYN-DM-04126,509.12,327.18,Absent,Absent,Present,Present,Moderate,Ungradable,3.06,OCT
SYN-DM-04127,495.41,263.14,Present,Present,Absent,Absent,None,Partially gradable,4.48,Ultra-widefield
SYN-DM-04128,334.15,217.79,Present,Absent,Absent,Absent,Moderate,Gradable,6.54,Ultra-widefield
SYN-DM-04129,481.88,447.56,Absent,Present,Absent,Present,High,Gradable,8.97,Ultra-widefield
SYN-DM-04130,366.2,406.58,Absent,Absent,Absent,Present,Moderate,Partially gradable,7.51,Fundus camera
SYN-DM-04131,477.12,379.94,Absent,Present,Absent,Absent,Low,Gradable,5.26,Fundus camera
SYN-DM-04132,270.13,251.56,Absent,Absent,Present,Present,None,Gradable,4.63,OCT angiography
SYN-DM-04133,495.73,342.22,Absent,Present,Absent,Present,High,Gradable,6.51,Fundus camera
SYN-DM-04134,257.25,449.48,Present,Absent,Present,Absent,Moderate,Partially gradable,4.18,Fundus camera
SYN-DM-04135,507.59,351.79,Absent,Present,Absent,Present,High,Ungradable,5.56,Ultra-widefield
SYN-DM-04136,510.64,233.89,Absent,Absent,Present,Absent,Moderate,Partially gradable,4.72,OCT
SYN-DM-04137,225.05,377.78,Absent,Present,Present,Present,Low,Gradable,6.87,OCT angiography
SYN-DM-04138,270.55,491.07,Absent,Present,Absent,Present,Moderate,Ungradable,7.42,OCT angiography
SYN-DM-04139,248.18,476.21,Present,Present,Absent,Absent,None,Gradable,8.15,Fundus camera
SYN-DM-04140,243.5,429.25,Present,Present,Absent,Absent,None,Gradable,5.93,OCT angiography
SYN-DM-04141,328.76,473.63,Present,Present,Present,Absent,Moderate,Gradable,5.97,Fundus camera
SYN-DM-04142,280.79,412.61,Present,Absent,Absent,Absent,None,Partially gradable,7.41,Fundus camera
SYN-DM-04143,222.39,321.15,Absent,Absent,Present,Present,High,Ungradable,3.68,OCT
SYN-DM-04144,283.73,427.01,Present,Present,Absent,Present,Moderate,Ungradable,8.63,Fundus camera
SYN-DM-04145,482.29,413.46,Present,Absent,Present,Absent,Moderate,Partially gradable,5.92,OCT angiography
SYN-DM-04146,431.03,363.73,Present,Absent,Present,Absent,None,Partially gradable,4.06,Ultra-widefield
SYN-DM-04147,460.72,360.81,Absent,Present,Present,Present,Moderate,Ungradable,3.99,OCT
SYN-DM-04148,508.31,359.62,Present,Present,Absent,Absent,None,Ungradable,4.89,OCT angiography
SYN-DM-04149,278.08,291.96,Present,Present,Absent,Present,None,Ungradable,6.87,Ultra-widefield
SYN-DM-04150,280.7,466.42,Present,Absent,Absent,Present,Moderate,Ungradable,4.93,Ultra-widefield
SYN-DM-04151,476.66,319.91,Absent,Present,Absent,Absent,High,Ungradable,6.3,Ultra-widefield
SYN-DM-04152,227.54,260.88,Absent,Present,Present,Absent,High,Partially gradable,5.15,OCT
SYN-DM-04153,311.8,291.5,Present,Absent,Absent,Absent,Moderate,Partially gradable,7.77,Ultra-widefield
SYN-DM-04154,324.02,309.15,Present,Present,Present,Absent,High,Partially gradable,6.49,Fundus camera
SYN-DM-04155,500.95,236.38,Absent,Present,Present,Absent,Low,Gradable,8.35,OCT angiography
SYN-DM-04156,356.62,385.62,Present,Absent,Absent,Present,None,Ungradable,8.57,Ultra-widefield
SYN-DM-04157,412.25,333.39,Present,Absent,Absent,Absent,High,Partially gradable,6.46,Ultra-widefield
SYN-DM-04158,299.82,480.24,Absent,Present,Absent,Absent,Moderate,Ungradable,6.62,OCT
SYN-DM-04159,440.02,381.28,Present,Present,Absent,Present,Moderate,Gradable,6.04,OCT angiography
SYN-DM-04160,256.35,353.33,Absent,Present,Present,Absent,Low,Ungradable,7.13,Fundus camera
SYN-DM-04161,335.8,452.85,Absent,Absent,Absent,Present,Moderate,Partially gradable,7.01,OCT
SYN-DM-04162,253.77,475.48,Absent,Absent,Absent,Present,Moderate,Gradable,8.23,Ultra-widefield
SYN-DM-04163,512.44,444.0,Absent,Absent,Absent,Present,High,Gradable,6.56,OCT
SYN-DM-04164,231.04,244.31,Present,Present,Absent,Present,Low,Ungradable,4.85,OCT angiography
SYN-DM-04165,434.9,401.56,Present,Absent,Present,Absent,Moderate,Partially gradable,5.21,OCT angiography
SYN-DM-04166,348.48,344.94,Present,Present,Present,Present,High,Gradable,3.25,Fundus camera
SYN-DM-04167,249.64,429.21,Present,Present,Absent,Present,None,Gradable,7.3,Ultra-widefield
SYN-DM-04168,365.74,302.21,Absent,Present,Absent,Absent,Low,Ungradable,7.75,Fundus camera
SYN-DM-04169,234.62,339.56,Present,Absent,Present,Absent,Moderate,Partially gradable,5.18,OCT angiography
SYN-DM-04170,442.06,463.34,Present,Absent,Present,Absent,High,Ungradable,4.46,Ultra-widefield
SYN-DM-04171,471.83,348.59,Present,Present,Present,Present,None,Ungradable,8.04,OCT angiography
SYN-DM-04172,450.82,262.61,Present,Absent,Absent,Absent,Low,Gradable,5.99,Ultra-widefield
SYN-DM-04173,286.76,280.98,Absent,Present,Present,Absent,Moderate,Ungradable,3.58,Ultra-widefield
SYN-DM-04174,502.34,332.04,Absent,Absent,Absent,Present,Low,Gradable,7.05,Ultra-widefield
SYN-DM-04175,252.05,261.29,Absent,Present,Absent,Present,None,Partially gradable,5.37,OCT
SYN-DM-04176,368.87,390.07,Absent,Present,Present,Present,High,Ungradable,3.42,OCT angiography
SYN-DM-04177,246.36,311.1,Absent,Present,Absent,Present,Moderate,Gradable,8.05,OCT angiography
SYN-DM-04178,432.41,414.66,Present,Present,Absent,Present,None,Gradable,5.14,Ultra-widefield
SYN-DM-04179,301.32,344.49,Absent,Absent,Present,Absent,Moderate,Gradable,4.06,OCT
SYN-DM-04180,361.89,321.24,Absent,Absent,Present,Present,None,Partially gradable,9.0,Fundus camera
SYN-DM-04181,371.45,242.54,Absent,Absent,Present,Absent,None,Ungradable,8.15,OCT
SYN-DM-04182,492.41,460.32,Absent,Present,Absent,Absent,None,Gradable,3.43,Ultra-widefield
SYN-DM-04183,310.86,451.96,Present,Absent,Present,Absent,Moderate,Partially gradable,4.15,OCT
SYN-DM-04184,386.03,433.83,Present,Absent,Absent,Absent,Low,Gradable,7.4,Ultra-widefield
SYN-DM-04185,316.21,491.48,Absent,Absent,Present,Absent,High,Partially gradable,7.04,Fundus camera
SYN-DM-04186,453.57,211.83,Present,Absent,Present,Absent,Low,Gradable,7.44,Ultra-widefield
SYN-DM-04187,434.34,444.95,Present,Present,Present,Present,None,Gradable,5.13,OCT
SYN-DM-04188,454.98,211.23,Present,Absent,Absent,Absent,Moderate,Ungradable,5.88,OCT
SYN-DM-04189,426.94,477.46,Present,Present,Present,Present,None,Partially gradable,3.94,OCT angiography
SYN-DM-04190,343.98,345.49,Present,Absent,Present,Present,High,Ungradable,8.83,Ultra-widefield
SYN-DM-04191,312.46,498.17,Absent,Present,Present,Absent,None,Ungradable,3.37,Fundus camera
SYN-DM-04192,414.3,389.03,Present,Absent,Absent,Present,Moderate,Partially gradable,5.02,OCT
SYN-DM-04193,383.26,301.85,Present,Present,Absent,Present,Moderate,Partially gradable,6.04,OCT angiography
SYN-DM-04194,217.55,485.72,Present,Present,Absent,Absent,Moderate,Ungradable,5.3,OCT angiography
SYN-DM-04195,221.52,329.77,Present,Absent,Absent,Present,Moderate,Partially gradable,4.12,OCT angiography
SYN-DM-04196,492.72,404.3,Absent,Present,Present,Present,None,Gradable,6.8,OCT
SYN-DM-04197,499.54,321.55,Present,Present,Present,Absent,Low,Ungradable,3.83,Fundus camera
SYN-DM-04198,239.09,386.33,Present,Present,Present,Present,Moderate,Gradable,6.26,OCT angiography
SYN-DM-04199,292.17,226.26,Absent,Present,Present,Present,None,Ungradable,3.17,Ultra-widefield
SYN-DM-04200,356.32,336.07,Present,Absent,Absent,Present,High,Partially gradable,7.72,Ultra-widefield
SYN-DM-04201,235.34,263.14,Absent,Absent,Present,Absent,Moderate,Gradable,5.9,Ultra-widefield
SYN-DM-04202,335.56,219.35,Absent,Present,Absent,Present,Moderate,Partially gradable,7.41,Ultra-widefield
SYN-DM-04203,266.58,386.98,Absent,Absent,Present,Absent,None,Partially gradable,7.54,OCT
SYN-DM-04204,268.89,431.39,Absent,Absent,Absent,Present,Low,Partially gradable,7.18,Fundus camera
SYN-DM-04205,405.43,425.39,Present,Absent,Absent,Absent,None,Ungradable,8.53,OCT angiography
SYN-DM-04206,450.95,393.92,Present,Absent,Absent,Present,High,Partially gradable,8.78,Fundus camera
SYN-DM-04207,403.17,458.87,Present,Present,Absent,Present,Low,Ungradable,5.65,Fundus camera
SYN-DM-04208,415.82,453.28,Present,Absent,Present,Absent,None,Gradable,5.18,OCT
SYN-DM-04209,319.11,386.86,Absent,Absent,Absent,Absent,Moderate,Gradable,7.3,Ultra-widefield
SYN-DM-04210,433.67,411.89,Absent,Absent,Absent,Present,High,Ungradable,5.09,OCT
SYN-DM-04211,391.63,458.64,Absent,Absent,Absent,Absent,High,Ungradable,3.78,OCT angiography
SYN-DM-04212,298.51,212.58,Absent,Absent,Absent,Absent,None,Gradable,8.7,OCT
SYN-DM-04213,347.99,227.42,Present,Absent,Present,Present,High,Partially gradable,4.11,OCT
SYN-DM-04214,282.97,250.33,Present,Present,Absent,Present,None,Ungradable,5.31,OCT
SYN-DM-04215,234.83,274.57,Absent,Present,Absent,Absent,Moderate,Ungradable,8.4,OCT
SYN-DM-04216,474.14,310.64,Absent,Present,Absent,Absent,None,Ungradable,5.77,OCT
SYN-DM-04217,461.98,334.57,Absent,Absent,Present,Present,None,Partially gradable,7.35,OCT
SYN-DM-04218,234.04,337.81,Absent,Present,Present,Absent,Low,Ungradable,5.3,Ultra-widefield
SYN-DM-04219,385.69,351.54,Present,Present,Absent,Absent,Low,Gradable,7.16,OCT angiography
SYN-DM-04220,229.7,234.69,Present,Absent,Absent,Absent,None,Partially gradable,8.31,OCT
SYN-DM-04221,400.33,418.62,Present,Present,Present,Absent,Low,Gradable,6.19,OCT
SYN-DM-04222,215.03,340.17,Absent,Absent,Absent,Present,None,Gradable,5.61,OCT
SYN-DM-04223,515.17,373.84,Absent,Present,Present,Absent,High,Gradable,6.74,OCT angiography
SYN-DM-04224,257.29,483.12,Present,Present,Absent,Absent,High,Ungradable,7.33,Fundus camera
SYN-DM-04225,341.31,277.59,Present,Present,Absent,Present,Moderate,Partially gradable,3.39,Ultra-widefield
SYN-DM-04226,414.68,371.24,Present,Present,Absent,Present,High,Gradable,6.58,OCT
SYN-DM-04227,403.68,247.73,Present,Absent,Absent,Present,None,Gradable,3.24,OCT angiography
SYN-DM-04228,223.42,358.98,Absent,Absent,Present,Absent,Low,Ungradable,4.23,OCT angiography
SYN-DM-04229,420.08,256.06,Absent,Absent,Absent,Present,Low,Partially gradable,7.77,Fundus camera
SYN-DM-04230,236.67,243.23,Present,Absent,Absent,Present,Low,Partially gradable,8.77,Ultra-widefield
SYN-DM-04231,331.82,278.12,Absent,Present,Present,Absent,Low,Gradable,4.84,OCT
SYN-DM-04232,458.67,307.04,Present,Absent,Present,Absent,None,Gradable,8.93,Fundus camera
SYN-DM-04233,461.31,304.05,Present,Present,Present,Present,None,Gradable,8.2,Fundus camera
SYN-DM-04234,451.98,223.91,Present,Absent,Absent,Present,None,Ungradable,5.07,OCT
SYN-DM-04235,501.32,431.61,Present,Absent,Present,Absent,High,Ungradable,3.11,Fundus camera
SYN-DM-04236,393.42,388.07,Absent,Present,Present,Absent,Low,Ungradable,5.8,OCT
SYN-DM-04237,336.25,274.75,Absent,Absent,Present,Present,High,Gradable,4.3,OCT angiography
SYN-DM-04238,441.3,366.16,Present,Absent,Absent,Present,Low,Partially gradable,6.29,Fundus camera
SYN-DM-04239,235.17,398.09,Absent,Present,Absent,Absent,Low,Partially gradable,7.39,Fundus camera
SYN-DM-04240,458.78,285.76,Absent,Absent,Absent,Absent,Low,Partially gradable,8.86,OCT
SYN-DM-04241,371.17,310.66,Absent,Absent,Absent,Present,Low,Ungradable,5.16,OCT angiography
SYN-DM-04242,249.06,221.97,Present,Absent,Absent,Absent,High,Partially gradable,7.84,OCT angiography
SYN-DM-04243,332.16,336.42,Present,Absent,Present,Present,Low,Partially gradable,6.16,Fundus camera
SYN-DM-04244,339.3,363.44,Present,Absent,Present,Present,High,Ungradable,8.47,OCT angiography
SYN-DM-04245,462.12,457.57,Absent,Present,Absent,Absent,Moderate,Ungradable,4.17,Ultra-widefield
SYN-DM-04246,337.0,234.57,Absent,Absent,Present,Absent,Moderate,Partially gradable,4.17,Fundus camera
SYN-DM-04247,286.41,276.72,Present,Absent,Absent,Absent,Moderate,Gradable,7.64,OCT angiography
SYN-DM-04248,220.36,220.62,Absent,Present,Absent,Present,Moderate,Ungradable,8.95,Fundus camera
SYN-DM-04249,231.98,355.61,Absent,Present,Present,Present,Moderate,Partially gradable,8.6,Ultra-widefield
SYN-DM-04250,445.62,332.74,Absent,Present,Absent,Absent,High,Partially gradable,5.2,Fundus camera
SYN-DM-04251,342.32,284.19,Present,Absent,Absent,Absent,Moderate,Gradable,8.52,OCT
SYN-DM-04252,303.72,257.33,Present,Absent,Absent,Absent,Low,Partially gradable,4.95,Ultra-widefield
SYN-DM-04253,401.1,478.72,Present,Present,Absent,Absent,Low,Partially gradable,8.93,OCT
SYN-DM-04254,508.56,382.17,Absent,Present,Present,Absent,Moderate,Partially gradable,3.5,OCT angiography
SYN-DM-04255,274.5,442.61,Absent,Absent,Present,Absent,Moderate,Gradable,5.57,Ultra-widefield
SYN-DM-04256,470.64,462.94,Absent,Absent,Absent,Present,Moderate,Partially gradable,7.99,Ultra-widefield
SYN-DM-04257,380.87,415.17,Absent,Absent,Present,Absent,Low,Ungradable,6.26,Fundus camera
SYN-DM-04258,474.01,448.75,Present,Present,Present,Present,High,Partially gradable,3.72,OCT angiography
SYN-DM-04259,341.42,460.33,Absent,Present,Present,Present,Moderate,Partially gradable,7.03,Fundus camera
SYN-DM-04260,502.2,275.17,Present,Present,Absent,Absent,Low,Ungradable,6.11,OCT
SYN-DM-04261,367.21,394.09,Absent,Present,Absent,Absent,Low,Partially gradable,3.21,OCT
SYN-DM-04262,382.57,370.96,Present,Absent,Absent,Present,Low,Ungradable,8.41,OCT angiography
SYN-DM-04263,432.77,423.61,Present,Absent,Present,Present,Low,Partially gradable,3.22,Ultra-widefield
SYN-DM-04264,344.66,450.17,Absent,Absent,Absent,Present,High,Gradable,6.99,OCT angiography
SYN-DM-04265,225.09,501.28,Present,Absent,Absent,Absent,None,Ungradable,6.3,Fundus camera
SYN-DM-04266,460.74,395.54,Absent,Absent,Absent,Present,None,Partially gradable,6.76,Fundus camera
SYN-DM-04267,270.91,496.04,Absent,Absent,Absent,Absent,High,Gradable,8.17,Ultra-widefield
SYN-DM-04268,401.89,451.33,Present,Absent,Absent,Absent,Moderate,Ungradable,3.18,OCT
SYN-DM-04269,257.26,404.69,Absent,Present,Present,Absent,Low,Ungradable,8.68,OCT angiography
SYN-DM-04270,349.27,227.29,Present,Absent,Absent,Present,High,Gradable,4.79,OCT
SYN-DM-04271,214.38,302.46,Absent,Absent,Absent,Absent,High,Partially gradable,3.89,Fundus camera
SYN-DM-04272,443.24,318.99,Present,Absent,Absent,Present,Moderate,Gradable,7.96,Ultra-widefield
SYN-DM-04273,336.35,267.76,Present,Present,Present,Present,High,Partially gradable,6.03,OCT angiography
SYN-DM-04274,375.72,346.54,Present,Absent,Absent,Absent,Moderate,Gradable,7.81,OCT
SYN-DM-04275,468.38,498.59,Present,Present,Present,Present,Moderate,Gradable,7.54,OCT
SYN-DM-04276,424.2,291.14,Absent,Absent,Present,Absent,None,Ungradable,3.88,Ultra-widefield
SYN-DM-04277,265.37,225.62,Present,Present,Absent,Absent,High,Gradable,3.86,Ultra-widefield
SYN-DM-04278,418.14,445.04,Absent,Absent,Absent,Absent,Moderate,Gradable,6.46,OCT
SYN-DM-04279,350.65,446.97,Present,Absent,Absent,Present,Low,Gradable,4.52,Ultra-widefield
SYN-DM-04280,309.4,359.54,Absent,Present,Absent,Present,High,Ungradable,4.76,OCT angiography
SYN-DM-04281,479.13,484.33,Absent,Absent,Absent,Absent,Moderate,Ungradable,8.52,OCT
SYN-DM-04282,466.45,406.11,Absent,Present,Present,Absent,Low,Gradable,7.88,OCT angiography
SYN-DM-04283,325.84,238.28,Absent,Present,Present,Present,Low,Partially gradable,4.66,Ultra-widefield
SYN-DM-04284,420.81,473.09,Present,Present,Present,Present,None,Gradable,4.95,OCT
SYN-DM-04285,476.4,264.14,Absent,Absent,Present,Present,High,Partially gradable,3.74,OCT
SYN-DM-04286,347.09,260.07,Present,Present,Present,Absent,Moderate,Gradable,3.48,OCT angiography
SYN-DM-04287,501.07,308.6,Present,Absent,Absent,Absent,Low,Partially gradable,7.43,OCT angiography
SYN-DM-04288,249.58,284.23,Absent,Present,Absent,Present,Low,Gradable,4.04,OCT
SYN-DM-04289,269.61,410.54,Present,Absent,Present,Present,None,Partially gradable,6.05,Ultra-widefield
SYN-DM-04290,425.58,247.41,Present,Absent,Absent,Present,High,Partially gradable,5.12,OCT angiography
SYN-DM-04291,506.33,355.56,Present,Present,Absent,Present,None,Gradable,5.32,OCT angiography
SYN-DM-04292,318.43,301.24,Absent,Absent,Absent,Present,Low,Gradable,5.93,Fundus camera
SYN-DM-04293,266.7,264.17,Present,Absent,Absent,Absent,Moderate,Partially gradable,7.56,Fundus camera
SYN-DM-04294,319.01,387.23,Present,Absent,Absent,Present,None,Partially gradable,6.16,OCT
SYN-DM-04295,290.8,278.43,Absent,Present,Present,Present,High,Partially gradable,7.63,OCT
SYN-DM-04296,407.36,378.46,Present,Present,Present,Absent,None,Gradable,3.68,Fundus camera
SYN-DM-04297,453.4,389.23,Present,Absent,Absent,Absent,High,Gradable,5.33,Fundus camera
SYN-DM-04298,411.2,232.09,Present,Absent,Present,Absent,High,Gradable,6.06,Ultra-widefield
SYN-DM-04299,250.52,315.74,Present,Absent,Present,Absent,Moderate,Gradable,4.59,Fundus camera
SYN-DM-04300,514.88,377.12,Absent,Present,Absent,Absent,High,Gradable,4.18,OCT angiography
SYN-DM-04301,478.67,320.2,Absent,Absent,Absent,Absent,None,Partially gradable,5.8,OCT angiography
SYN-DM-04302,219.39,451.66,Absent,Present,Present,Absent,None,Partially gradable,6.0,Fundus camera
SYN-DM-04303,489.02,226.73,Present,Absent,Present,Absent,Low,Partially gradable,6.67,Fundus camera
SYN-DM-04304,312.55,339.84,Present,Present,Absent,Absent,High,Partially gradable,5.48,OCT
SYN-DM-04305,383.07,359.51,Present,Absent,Absent,Absent,Moderate,Partially gradable,7.64,Ultra-widefield
SYN-DM-04306,330.76,357.6,Absent,Absent,Absent,Present,Moderate,Gradable,3.54,OCT angiography
SYN-DM-04307,332.51,359.31,Absent,Absent,Present,Present,None,Gradable,3.36,Ultra-widefield
SYN-DM-04308,346.59,340.6,Absent,Absent,Absent,Present,Low,Partially gradable,5.95,Fundus camera
SYN-DM-04309,262.24,268.7,Present,Present,Absent,Absent,Low,Ungradable,5.58,Fundus camera
SYN-DM-04310,302.31,483.97,Present,Absent,Present,Present,None,Ungradable,4.73,Ultra-widefield
SYN-DM-04311,389.99,411.15,Present,Present,Present,Absent,High,Ungradable,6.92,Ultra-widefield
SYN-DM-04312,272.37,371.06,Absent,Present,Absent,Absent,Moderate,Partially gradable,6.46,Fundus camera
SYN-DM-04313,374.37,495.36,Absent,Absent,Present,Present,Low,Gradable,6.61,Ultra-widefield
SYN-DM-04314,447.83,492.3,Absent,Present,Present,Absent,Moderate,Partially gradable,3.6,OCT angiography
SYN-DM-04315,295.09,222.88,Absent,Present,Present,Present,Low,Ungradable,7.17,OCT
SYN-DM-04316,491.8,260.61,Absent,Absent,Present,Present,High,Ungradable,8.75,Ultra-widefield
SYN-DM-04317,325.64,295.59,Absent,Present,Absent,Absent,None,Partially gradable,4.16,Fundus camera
SYN-DM-04318,249.67,494.12,Absent,Present,Absent,Absent,High,Ungradable,8.52,OCT
SYN-DM-04319,319.28,497.75,Absent,Present,Present,Absent,High,Ungradable,4.64,OCT
SYN-DM-04320,512.4,449.63,Absent,Present,Present,Absent,Moderate,Ungradable,8.29,Ultra-widefield
SYN-DM-04321,342.03,320.71,Present,Absent,Absent,Absent,Low,Ungradable,7.96,OCT
SYN-DM-04322,464.64,245.52,Present,Present,Present,Absent,High,Partially gradable,5.15,Fundus camera
SYN-DM-04323,425.3,432.68,Absent,Present,Present,Present,High,Ungradable,3.96,Ultra-widefield
SYN-DM-04324,306.61,211.95,Absent,Absent,Present,Present,High,Partially gradable,3.84,Fundus camera
SYN-DM-04325,253.25,452.18,Present,Absent,Present,Present,Moderate,Gradable,8.54,OCT
SYN-DM-04326,243.58,371.92,Present,Present,Absent,Present,None,Ungradable,4.6,Ultra-widefield
SYN-DM-04327,376.14,412.88,Absent,Absent,Present,Absent,None,Partially gradable,8.84,Ultra-widefield
SYN-DM-04328,475.89,453.15,Present,Absent,Present,Present,None,Ungradable,8.4,Fundus camera
SYN-DM-04329,511.44,227.31,Present,Absent,Present,Absent,Moderate,Ungradable,4.58,Ultra-widefield
SYN-DM-04330,251.01,236.42,Present,Absent,Absent,Present,High,Ungradable,4.63,Fundus camera
SYN-DM-04331,490.53,344.59,Present,Present,Absent,Present,Low,Ungradable,8.89,Fundus camera
SYN-DM-04332,268.92,437.55,Absent,Absent,Present,Absent,Low,Gradable,4.0,Ultra-widefield
SYN-DM-04333,441.48,452.11,Present,Absent,Absent,Present,Moderate,Partially gradable,6.92,OCT angiography
SYN-DM-04334,276.38,436.33,Present,Absent,Present,Absent,High,Gradable,5.45,Ultra-widefield
SYN-DM-04335,367.51,253.14,Absent,Absent,Absent,Present,Moderate,Ungradable,4.52,OCT angiography
SYN-DM-04336,342.57,242.87,Absent,Absent,Absent,Absent,Low,Ungradable,3.72,OCT
SYN-DM-04337,500.66,231.42,Present,Absent,Absent,Absent,High,Partially gradable,5.65,OCT angiography
SYN-DM-04338,312.41,316.53,Present,Absent,Absent,Absent,Moderate,Partially gradable,8.39,OCT angiography
SYN-DM-04339,492.18,236.52,Present,Absent,Present,Absent,Moderate,Partially gradable,4.76,OCT angiography
SYN-DM-04340,319.34,336.14,Present,Present,Absent,Present,None,Gradable,5.82,OCT
SYN-DM-04341,272.35,373.15,Absent,Absent,Absent,Absent,High,Gradable,6.04,OCT angiography
SYN-DM-04342,500.68,209.01,Present,Present,Absent,Present,High,Ungradable,6.33,OCT
SYN-DM-04343,510.27,276.7,Absent,Absent,Absent,Present,High,Ungradable,4.78,Fundus camera
SYN-DM-04344,467.64,240.45,Present,Absent,Absent,Present,None,Gradable,6.17,Fundus camera
SYN-DM-04345,294.32,487.5,Present,Present,Absent,Present,High,Partially gradable,5.86,Fundus camera
SYN-DM-04346,380.37,415.72,Absent,Present,Present,Present,Low,Gradable,3.41,Fundus camera
SYN-DM-04347,216.58,295.66,Present,Absent,Present,Absent,Low,Ungradable,7.01,OCT
SYN-DM-04348,425.34,396.65,Present,Absent,Present,Present,High,Gradable,6.95,OCT
SYN-DM-04349,303.68,356.74,Present,Absent,Absent,Absent,High,Ungradable,5.32,Fundus camera
SYN-DM-04350,247.84,440.37,Absent,Present,Present,Absent,Moderate,Ungradable,5.6,OCT
SYN-DM-04351,332.85,406.22,Absent,Absent,Absent,Present,Moderate,Gradable,3.71,OCT angiography
SYN-DM-04352,461.77,236.62,Present,Absent,Present,Absent,None,Gradable,7.74,Ultra-widefield
SYN-DM-04353,504.05,269.77,Absent,Present,Absent,Absent,High,Gradable,7.16,OCT angiography
SYN-DM-04354,332.91,337.09,Absent,Present,Present,Absent,None,Ungradable,8.5,Fundus camera
SYN-DM-04355,350.21,289.29,Absent,Present,Present,Present,High,Partially gradable,7.99,OCT
SYN-DM-04356,215.12,477.6,Absent,Present,Absent,Present,High,Partially gradable,7.95,OCT
SYN-DM-04357,407.86,456.27,Present,Present,Absent,Present,Moderate,Ungradable,6.71,Ultra-widefield
SYN-DM-04358,486.01,313.06,Absent,Present,Absent,Present,High,Partially gradable,3.32,Fundus camera
SYN-DM-04359,430.41,406.27,Absent,Present,Present,Present,Moderate,Gradable,5.58,Fundus camera
SYN-DM-04360,353.16,226.41,Absent,Present,Absent,Present,None,Ungradable,4.51,Fundus camera
SYN-DM-04361,251.95,327.87,Present,Present,Present,Present,None,Gradable,5.28,Fundus camera
SYN-DM-04362,481.22,412.56,Present,Present,Absent,Absent,Moderate,Gradable,7.16,Fundus camera
SYN-DM-04363,484.55,339.52,Absent,Absent,Present,Absent,High,Ungradable,3.67,OCT
SYN-DM-04364,297.59,481.1,Present,Absent,Present,Present,None,Partially gradable,5.42,OCT angiography
SYN-DM-04365,368.75,422.13,Absent,Absent,Present,Absent,None,Gradable,5.53,Fundus camera
SYN-DM-04366,495.43,353.75,Absent,Present,Present,Absent,None,Gradable,7.53,OCT
SYN-DM-04367,385.66,214.67,Absent,Present,Absent,Absent,High,Partially gradable,7.38,Ultra-widefield
SYN-DM-04368,486.72,242.48,Absent,Absent,Absent,Present,High,Partially gradable,8.62,OCT
SYN-DM-04369,337.01,287.16,Present,Present,Present,Absent,None,Ungradable,6.09,OCT angiography
SYN-DM-04370,324.91,471.86,Present,Absent,Absent,Present,Low,Partially gradable,6.64,Ultra-widefield
SYN-DM-04371,507.19,258.14,Absent,Present,Absent,Absent,Moderate,Ungradable,5.25,Ultra-widefield
SYN-DM-04372,295.41,261.26,Present,Present,Present,Present,Moderate,Partially gradable,5.87,Fundus camera
SYN-DM-04373,347.77,359.17,Absent,Absent,Absent,Absent,None,Partially gradable,8.08,Ultra-widefield
SYN-DM-04374,266.54,443.82,Present,Absent,Present,Present,Low,Ungradable,8.37,Fundus camera
SYN-DM-04375,497.06,462.27,Absent,Present,Absent,Absent,Low,Gradable,8.19,Ultra-widefield
SYN-DM-04376,241.53,269.15,Present,Present,Absent,Present,None,Ungradable,4.52,Fundus camera
SYN-DM-04377,515.42,257.53,Absent,Present,Present,Present,High,Ungradable,6.3,Fundus camera
SYN-DM-04378,256.71,353.76,Absent,Present,Present,Absent,None,Ungradable,5.95,Fundus camera
SYN-DM-04379,442.4,239.83,Absent,Present,Absent,Present,Low,Partially gradable,6.52,Ultra-widefield
SYN-DM-04380,505.95,216.0,Absent,Present,Present,Present,None,Ungradable,4.65,Ultra-widefield
SYN-DM-04381,480.87,350.01,Absent,Present,Absent,Absent,Moderate,Gradable,3.36,OCT angiography
SYN-DM-04382,269.26,440.75,Absent,Absent,Absent,Absent,High,Partially gradable,8.24,OCT angiography
SYN-DM-04383,442.39,366.12,Absent,Present,Present,Absent,None,Ungradable,8.15,OCT
SYN-DM-04384,416.58,224.73,Present,Present,Present,Present,Moderate,Ungradable,4.06,OCT angiography
SYN-DM-04385,399.56,452.97,Present,Present,Absent,Present,Moderate,Ungradable,5.78,Fundus camera
SYN-DM-04386,253.81,403.78,Present,Present,Absent,Present,Low,Gradable,4.39,Ultra-widefield
SYN-DM-04387,358.29,398.93,Absent,Absent,Present,Absent,High,Partially gradable,4.55,Ultra-widefield
SYN-DM-04388,241.43,405.28,Present,Absent,Absent,Absent,Moderate,Ungradable,6.73,Ultra-widefield
SYN-DM-04389,348.27,240.22,Present,Absent,Present,Absent,Moderate,Gradable,8.93,Ultra-widefield
SYN-DM-04390,358.66,211.59,Present,Absent,Absent,Absent,None,Ungradable,8.17,Fundus camera
SYN-DM-04391,458.78,231.68,Absent,Present,Absent,Absent,High,Gradable,7.96,Fundus camera
SYN-DM-04392,360.97,236.04,Absent,Present,Present,Absent,Low,Ungradable,4.96,OCT angiography
SYN-DM-04393,300.88,361.14,Absent,Absent,Present,Present,Low,Partially gradable,5.5,OCT
SYN-DM-04394,335.59,379.23,Absent,Present,Absent,Present,High,Partially gradable,3.15,OCT
SYN-DM-04395,477.41,220.53,Absent,Present,Absent,Present,Moderate,Gradable,5.17,OCT angiography
SYN-DM-04396,263.9,274.27,Absent,Absent,Absent,Absent,Low,Ungradable,6.22,Ultra-widefield
SYN-DM-04397,246.82,496.42,Absent,Absent,Absent,Absent,Moderate,Gradable,4.87,OCT angiography
SYN-DM-04398,514.21,261.67,Absent,Present,Absent,Absent,Moderate,Ungradable,7.66,OCT
SYN-DM-04399,478.32,331.54,Present,Absent,Absent,Absent,None,Partially gradable,5.89,OCT angiography
SYN-DM-04400,497.04,452.57,Present,Absent,Absent,Present,Low,Ungradable,4.22,Ultra-widefield
SYN-DM-04401,460.01,236.05,Present,Absent,Present,Absent,High,Ungradable,6.71,Ultra-widefield
SYN-DM-04402,217.05,280.88,Present,Absent,Absent,Present,Moderate,Gradable,3.74,Fundus camera
SYN-DM-04403,222.23,273.75,Absent,Absent,Present,Present,Low,Partially gradable,4.14,Ultra-widefield
SYN-DM-04404,344.02,233.4,Absent,Present,Present,Absent,Moderate,Partially gradable,7.73,Fundus camera
SYN-DM-04405,228.69,244.5,Absent,Present,Absent,Absent,None,Partially gradable,3.51,OCT angiography
SYN-DM-04406,320.64,258.97,Absent,Present,Absent,Absent,High,Gradable,7.93,Ultra-widefield
SYN-DM-04407,224.27,374.99,Absent,Present,Absent,Absent,High,Ungradable,8.79,Fundus camera
SYN-DM-04408,291.62,375.68,Present,Absent,Present,Present,Moderate,Partially gradable,8.64,OCT angiography
SYN-DM-04409,275.14,391.5,Absent,Present,Present,Absent,High,Gradable,8.27,Fundus camera
SYN-DM-04410,385.48,460.49,Absent,Present,Absent,Present,High,Ungradable,3.63,Fundus camera
SYN-DM-04411,488.52,419.84,Present,Absent,Absent,Present,High,Gradable,8.14,OCT angiography
SYN-DM-04412,276.41,470.93,Absent,Present,Present,Present,Low,Ungradable,6.46,OCT
SYN-DM-04413,351.63,442.07,Absent,Absent,Absent,Present,Moderate,Ungradable,8.75,OCT
SYN-DM-04414,258.83,365.94,Present,Present,Absent,Present,None,Partially gradable,3.74,Ultra-widefield
SYN-DM-04415,504.38,221.03,Present,Absent,Present,Absent,Moderate,Ungradable,6.64,OCT angiography
SYN-DM-04416,252.5,272.51,Absent,Absent,Present,Absent,High,Partially gradable,8.53,Fundus camera
SYN-DM-04417,343.32,398.55,Present,Present,Absent,Present,Low,Gradable,8.13,OCT
SYN-DM-04418,342.11,473.2,Absent,Present,Present,Absent,Low,Partially gradable,8.04,OCT angiography
SYN-DM-04419,328.7,294.34,Present,Absent,Absent,Absent,Low,Ungradable,6.81,Ultra-widefield
SYN-DM-04420,500.1,405.1,Present,Absent,Present,Absent,Low,Ungradable,6.89,Fundus camera
SYN-DM-04421,475.88,404.35,Present,Present,Absent,Present,Low,Ungradable,4.01,OCT
SYN-DM-04422,305.45,370.0,Present,Absent,Present,Absent,Low,Partially gradable,7.29,OCT angiography
SYN-DM-04423,267.99,371.39,Absent,Absent,Present,Present,Moderate,Gradable,7.54,Ultra-widefield
SYN-DM-04424,343.7,265.85,Absent,Absent,Present,Absent,None,Ungradable,4.14,OCT angiography
SYN-DM-04425,379.95,259.79,Absent,Absent,Absent,Absent,Moderate,Ungradable,7.94,Ultra-widefield
SYN-DM-04426,395.41,250.63,Present,Absent,Present,Present,High,Ungradable,5.19,Fundus camera
SYN-DM-04427,232.38,212.29,Present,Present,Absent,Absent,None,Gradable,7.42,Ultra-widefield
SYN-DM-04428,461.15,444.33,Absent,Absent,Present,Present,Low,Gradable,4.83,OCT angiography
SYN-DM-04429,479.03,382.61,Absent,Present,Present,Absent,None,Ungradable,4.94,Ultra-widefield
SYN-DM-04430,295.1,410.44,Present,Absent,Absent,Absent,Low,Ungradable,5.97,Fundus camera
SYN-DM-04431,341.89,396.92,Absent,Present,Absent,Absent,High,Ungradable,8.79,OCT angiography
SYN-DM-04432,375.83,355.64,Absent,Present,Absent,Present,None,Partially gradable,5.35,Ultra-widefield
SYN-DM-04433,307.7,238.11,Absent,Absent,Absent,Present,High,Partially gradable,5.8,OCT
SYN-DM-04434,334.19,365.88,Absent,Absent,Present,Present,High,Gradable,7.37,OCT
SYN-DM-04435,375.49,385.77,Absent,Present,Present,Present,High,Partially gradable,7.18,OCT angiography
SYN-DM-04436,430.7,344.28,Present,Absent,Absent,Absent,None,Ungradable,7.81,OCT
SYN-DM-04437,483.29,397.56,Absent,Absent,Present,Present,Moderate,Ungradable,7.01,Fundus camera
SYN-DM-04438,494.3,268.77,Present,Absent,Present,Absent,Low,Gradable,6.37,Fundus camera
SYN-DM-04439,311.61,494.71,Absent,Present,Present,Absent,None,Gradable,7.05,Fundus camera
SYN-DM-04440,303.59,495.66,Present,Present,Absent,Present,Low,Ungradable,4.96,OCT
SYN-DM-04441,302.94,291.27,Absent,Absent,Absent,Absent,Low,Partially gradable,8.01,Fundus camera
SYN-DM-04442,442.67,263.35,Absent,Absent,Present,Present,Low,Gradable,5.66,Ultra-widefield
SYN-DM-04443,393.85,212.81,Absent,Absent,Present,Present,Low,Partially gradable,4.74,OCT
SYN-DM-04444,219.21,481.4,Absent,Absent,Absent,Present,High,Gradable,7.73,Ultra-widefield
SYN-DM-04445,449.36,406.08,Present,Present,Absent,Absent,Moderate,Ungradable,4.24,OCT angiography
SYN-DM-04446,451.72,393.96,Absent,Absent,Absent,Present,Low,Gradable,3.83,Fundus camera
SYN-DM-04447,299.97,457.33,Absent,Absent,Absent,Present,High,Partially gradable,7.38,OCT
SYN-DM-04448,337.86,428.05,Absent,Present,Present,Absent,High,Partially gradable,3.16,Ultra-widefield
SYN-DM-04449,276.69,251.07,Absent,Present,Absent,Present,Moderate,Partially gradable,8.25,Ultra-widefield
SYN-DM-04450,369.06,352.05,Absent,Present,Present,Absent,None,Gradable,7.0,Fundus camera
SYN-DM-04451,338.29,454.92,Absent,Absent,Absent,Absent,High,Ungradable,5.28,Fundus camera
SYN-DM-04452,434.44,317.42,Absent,Present,Absent,Present,Moderate,Gradable,6.92,OCT
SYN-DM-04453,385.82,281.06,Present,Present,Present,Absent,High,Gradable,5.2,OCT
SYN-DM-04454,466.84,353.29,Absent,Present,Present,Absent,None,Ungradable,5.7,OCT
SYN-DM-04455,477.84,400.94,Absent,Present,Present,Absent,None,Gradable,8.73,OCT angiography
SYN-DM-04456,419.25,221.74,Present,Absent,Present,Present,Moderate,Gradable,7.76,OCT
SYN-DM-04457,310.22,302.04,Present,Present,Present,Present,Low,Ungradable,8.75,Fundus camera
SYN-DM-04458,427.45,428.28,Present,Absent,Present,Absent,Moderate,Partially gradable,5.43,OCT
SYN-DM-04459,245.11,236.22,Present,Present,Present,Absent,Moderate,Partially gradable,6.46,OCT angiography
SYN-DM-04460,371.38,398.16,Absent,Present,Present,Present,High,Partially gradable,3.66,OCT angiography
SYN-DM-04461,452.04,491.09,Absent,Absent,Absent,Present,Low,Partially gradable,8.83,OCT
SYN-DM-04462,428.41,259.09,Present,Present,Present,Absent,None,Partially gradable,7.33,Ultra-widefield
SYN-DM-04463,389.66,261.62,Present,Present,Present,Present,High,Partially gradable,5.05,OCT angiography
SYN-DM-04464,401.07,496.88,Present,Absent,Absent,Present,Low,Ungradable,8.37,OCT angiography
SYN-DM-04465,249.19,230.07,Absent,Present,Absent,Present,Low,Gradable,3.51,OCT
SYN-DM-04466,365.65,482.78,Present,Absent,Absent,Absent,Low,Gradable,4.63,Ultra-widefield
SYN-DM-04467,479.42,254.62,Present,Absent,Absent,Present,Moderate,Ungradable,8.78,OCT
SYN-DM-04468,326.54,500.14,Absent,Absent,Absent,Present,High,Gradable,4.09,Fundus camera
SYN-DM-04469,371.15,380.33,Present,Absent,Present,Present,None,Ungradable,3.64,Fundus camera
SYN-DM-04470,292.65,480.48,Present,Absent,Absent,Present,Moderate,Partially gradable,8.72,OCT
SYN-DM-04471,303.12,340.71,Absent,Absent,Absent,Present,High,Gradable,7.52,OCT
SYN-DM-04472,251.27,295.44,Present,Absent,Absent,Absent,Low,Ungradable,3.02,Ultra-widefield
SYN-DM-04473,456.65,459.87,Present,Absent,Absent,Present,None,Partially gradable,5.16,Ultra-widefield
SYN-DM-04474,382.04,442.04,Present,Absent,Present,Absent,Moderate,Gradable,6.46,Ultra-widefield
SYN-DM-04475,305.47,426.46,Present,Present,Absent,Absent,Moderate,Ungradable,5.37,OCT angiography
SYN-DM-04476,263.88,257.13,Present,Absent,Absent,Absent,None,Partially gradable,6.91,Fundus camera
SYN-DM-04477,303.84,337.47,Present,Absent,Absent,Present,Moderate,Gradable,3.32,OCT angiography
SYN-DM-04478,423.43,304.21,Absent,Present,Absent,Present,Low,Ungradable,6.92,OCT angiography
SYN-DM-04479,351.86,359.95,Present,Absent,Absent,Absent,Low,Partially gradable,7.54,OCT angiography
SYN-DM-04480,320.39,284.41,Present,Absent,Absent,Present,Moderate,Gradable,6.55,OCT
SYN-DM-04481,378.86,320.74,Present,Absent,Absent,Absent,Low,Partially gradable,3.23,Fundus camera
SYN-DM-04482,333.51,500.34,Present,Absent,Absent,Present,Low,Partially gradable,4.53,OCT angiography
SYN-DM-04483,476.54,339.06,Absent,Absent,Absent,Present,High,Partially gradable,3.23,OCT
SYN-DM-04484,498.86,411.76,Absent,Absent,Present,Present,None,Ungradable,6.22,OCT
SYN-DM-04485,254.14,323.87,Absent,Absent,Absent,Present,Moderate,Gradable,4.67,Ultra-widefield
SYN-DM-04486,399.28,335.28,Absent,Absent,Absent,Absent,High,Gradable,5.25,OCT angiography
SYN-DM-04487,267.45,302.53,Absent,Absent,Absent,Present,High,Partially gradable,6.87,Fundus camera
SYN-DM-04488,479.44,227.95,Present,Present,Absent,Present,None,Gradable,6.65,Fundus camera
SYN-DM-04489,380.54,464.8,Present,Absent,Absent,Present,Low,Partially gradable,8.28,OCT angiography
SYN-DM-04490,494.76,475.44,Absent,Absent,Absent,Absent,Low,Gradable,5.44,OCT
SYN-DM-04491,287.63,344.2,Absent,Absent,Absent,Absent,None,Gradable,6.83,Ultra-widefield
SYN-DM-04492,510.49,417.91,Absent,Absent,Absent,Absent,High,Ungradable,7.18,OCT angiography
SYN-DM-04493,418.14,277.61,Present,Absent,Absent,Present,None,Partially gradable,5.09,Fundus camera
SYN-DM-04494,378.47,214.31,Present,Present,Absent,Absent,None,Gradable,3.27,Ultra-widefield
SYN-DM-04495,391.75,237.94,Absent,Present,Absent,Absent,High,Gradable,8.8,OCT angiography
SYN-DM-04496,493.21,284.03,Present,Present,Absent,Absent,High,Ungradable,5.64,Fundus camera
SYN-DM-04497,424.29,212.51,Absent,Present,Present,Present,Moderate,Ungradable,4.85,OCT
SYN-DM-04498,389.76,307.38,Present,Present,Absent,Present,High,Partially gradable,3.28,Fundus camera
SYN-DM-04499,507.7,315.21,Absent,Absent,Absent,Present,Moderate,Partially gradable,8.52,OCT
SYN-DM-04500,380.88,432.4,Present,Present,Absent,Present,Low,Gradable,4.37,OCT angiography
SYN-DM-04501,399.57,321.23,Absent,Absent,Absent,Absent,Low,Gradable,6.35,OCT angiography
SYN-DM-04502,470.39,273.78,Absent,Absent,Present,Present,None,Partially gradable,7.06,OCT angiography
SYN-DM-04503,450.7,224.64,Absent,Absent,Present,Present,High,Gradable,8.22,Ultra-widefield
SYN-DM-04504,332.19,271.02,Present,Present,Present,Present,Low,Ungradable,7.32,OCT
SYN-DM-04505,503.13,425.43,Present,Present,Present,Absent,Moderate,Partially gradable,8.46,OCT angiography
SYN-DM-04506,440.25,441.04,Present,Present,Absent,Absent,High,Partially gradable,5.23,OCT angiography
SYN-DM-04507,431.47,258.13,Present,Present,Absent,Absent,Moderate,Gradable,6.21,Fundus camera
SYN-DM-04508,433.08,371.79,Present,Absent,Absent,Absent,Low,Ungradable,4.55,OCT
SYN-DM-04509,269.8,454.12,Absent,Present,Present,Absent,High,Partially gradable,8.35,Ultra-widefield
SYN-DM-04510,227.54,274.67,Absent,Present,Absent,Absent,High,Gradable,8.93,OCT angiography
SYN-DM-04511,240.57,261.44,Present,Present,Absent,Absent,Low,Ungradable,4.88,Ultra-widefield
SYN-DM-04512,406.26,482.43,Present,Present,Present,Present,Low,Ungradable,6.01,Ultra-widefield
SYN-DM-04513,509.64,221.93,Absent,Absent,Present,Present,High,Partially gradable,4.06,Ultra-widefield
SYN-DM-04514,461.55,314.65,Present,Present,Absent,Absent,None,Ungradable,5.39,Fundus camera
SYN-DM-04515,221.65,335.71,Absent,Absent,Present,Present,None,Gradable,5.26,OCT angiography
SYN-DM-04516,336.92,350.46,Present,Present,Absent,Present,Moderate,Gradable,3.53,OCT angiography
SYN-DM-04517,247.28,293.12,Present,Absent,Present,Absent,High,Ungradable,3.77,Fundus camera
SYN-DM-04518,440.19,332.56,Absent,Absent,Absent,Present,Low,Ungradable,8.99,Fundus camera
SYN-DM-04519,502.67,210.1,Absent,Present,Absent,Present,Moderate,Gradable,7.31,OCT
SYN-DM-04520,253.73,268.43,Present,Present,Absent,Absent,Moderate,Ungradable,3.04,Fundus camera
SYN-DM-04521,517.26,435.08,Present,Absent,Absent,Present,None,Ungradable,6.78,Ultra-widefield
SYN-DM-04522,384.8,348.71,Present,Absent,Absent,Absent,None,Partially gradable,7.78,Fundus camera
SYN-DM-04523,451.78,434.0,Absent,Present,Absent,Present,Low,Partially gradable,3.57,OCT angiography
SYN-DM-04524,354.15,336.15,Present,Present,Absent,Present,Low,Partially gradable,4.27,Ultra-widefield
SYN-DM-04525,510.89,277.49,Present,Absent,Present,Absent,Moderate,Partially gradable,8.37,Fundus camera
SYN-DM-04526,435.25,254.22,Absent,Present,Present,Present,Low,Partially gradable,6.88,Fundus camera
SYN-DM-04527,263.27,315.95,Absent,Present,Present,Present,Moderate,Ungradable,6.45,Ultra-widefield
SYN-DM-04528,360.48,455.54,Absent,Present,Present,Absent,Low,Partially gradable,7.92,OCT angiography
SYN-DM-04529,479.42,421.67,Present,Present,Absent,Absent,High,Partially gradable,3.74,Fundus camera
SYN-DM-04530,375.85,217.34,Absent,Absent,Absent,Absent,Low,Ungradable,6.4,OCT angiography
SYN-DM-04531,223.79,228.31,Absent,Present,Absent,Absent,None,Partially gradable,8.93,OCT angiography
SYN-DM-04532,222.64,410.55,Absent,Present,Present,Absent,High,Gradable,7.46,Fundus camera
SYN-DM-04533,230.25,371.97,Present,Present,Absent,Absent,Low,Partially gradable,6.09,Fundus camera
SYN-DM-04534,286.6,404.13,Absent,Absent,Absent,Present,Moderate,Gradable,7.2,Ultra-widefield
SYN-DM-04535,299.79,311.18,Present,Absent,Absent,Present,Moderate,Gradable,8.91,OCT
SYN-DM-04536,244.12,346.96,Present,Absent,Absent,Present,Moderate,Gradable,4.28,OCT angiography
SYN-DM-04537,512.24,268.58,Absent,Absent,Present,Present,High,Ungradable,4.98,OCT
SYN-DM-04538,486.87,397.75,Absent,Present,Present,Absent,Moderate,Ungradable,6.69,OCT angiography
SYN-DM-04539,441.39,388.31,Absent,Absent,Absent,Absent,Moderate,Partially gradable,4.04,OCT angiography
SYN-DM-04540,241.96,420.96,Present,Present,Present,Absent,Moderate,Ungradable,4.66,Fundus camera
SYN-DM-04541,228.22,458.56,Present,Absent,Present,Absent,High,Gradable,5.03,OCT angiography
SYN-DM-04542,217.48,225.94,Absent,Absent,Present,Absent,Low,Ungradable,5.34,OCT angiography
SYN-DM-04543,370.58,288.94,Present,Present,Present,Absent,High,Partially gradable,4.39,Ultra-widefield
SYN-DM-04544,425.74,302.75,Present,Present,Present,Absent,Low,Ungradable,7.89,Ultra-widefield
SYN-DM-04545,387.51,482.68,Absent,Absent,Absent,Present,High,Gradable,6.86,OCT
SYN-DM-04546,375.8,366.2,Present,Present,Absent,Absent,High,Gradable,5.05,OCT
SYN-DM-04547,486.69,254.76,Present,Absent,Present,Absent,Moderate,Ungradable,8.07,Fundus camera
SYN-DM-04548,291.45,440.58,Absent,Absent,Absent,Present,Low,Partially gradable,3.69,OCT angiography
SYN-DM-04549,430.3,254.83,Present,Absent,Absent,Absent,Low,Partially gradable,3.33,Fundus camera
SYN-DM-04550,420.48,496.05,Present,Absent,Absent,Absent,Low,Partially gradable,7.61,Ultra-widefield
SYN-DM-04551,402.52,486.92,Present,Present,Absent,Present,Low,Gradable,3.99,OCT angiography
SYN-DM-04552,314.68,381.69,Present,Present,Absent,Absent,High,Ungradable,7.01,Fundus camera
SYN-DM-04553,252.59,479.7,Present,Present,Absent,Absent,Moderate,Gradable,4.61,Fundus camera
SYN-DM-04554,214.22,403.36,Present,Present,Present,Present,Low,Partially gradable,7.79,Fundus camera
SYN-DM-04555,277.74,397.74,Absent,Absent,Absent,Present,Moderate,Ungradable,7.37,OCT angiography
SYN-DM-04556,460.96,389.52,Absent,Absent,Absent,Absent,None,Gradable,5.46,OCT angiography
SYN-DM-04557,227.24,473.77,Present,Absent,Absent,Present,Moderate,Ungradable,6.96,Ultra-widefield
SYN-DM-04558,473.48,449.34,Absent,Absent,Present,Present,None,Gradable,8.07,OCT angiography
SYN-DM-04559,293.77,233.47,Absent,Present,Absent,Absent,Low,Ungradable,6.87,Fundus camera
SYN-DM-04560,366.98,445.65,Absent,Absent,Present,Absent,Moderate,Ungradable,5.97,Fundus camera
SYN-DM-04561,492.0,218.69,Present,Absent,Present,Present,Low,Partially gradable,8.12,Fundus camera
SYN-DM-04562,277.99,209.02,Absent,Absent,Absent,Absent,High,Ungradable,4.27,OCT
SYN-DM-04563,382.72,354.48,Present,Present,Present,Present,High,Partially gradable,8.19,OCT
SYN-DM-04564,280.43,429.32,Present,Absent,Present,Present,High,Ungradable,3.61,OCT
SYN-DM-04565,328.13,455.23,Absent,Absent,Present,Absent,High,Ungradable,5.66,OCT angiography
SYN-DM-04566,391.36,266.31,Absent,Present,Present,Absent,High,Partially gradable,7.55,Fundus camera
SYN-DM-04567,499.01,241.72,Absent,Present,Present,Absent,Moderate,Ungradable,3.32,Fundus camera
SYN-DM-04568,397.48,306.15,Absent,Absent,Present,Present,Moderate,Gradable,4.88,Ultra-widefield
SYN-DM-04569,218.83,320.91,Absent,Present,Present,Present,Low,Partially gradable,8.52,OCT
SYN-DM-04570,313.45,461.39,Absent,Present,Absent,Present,Low,Ungradable,6.04,Ultra-widefield
SYN-DM-04571,265.18,324.99,Present,Absent,Absent,Absent,Moderate,Ungradable,5.51,OCT angiography
SYN-DM-04572,480.71,279.18,Absent,Absent,Absent,Present,Moderate,Gradable,5.15,Ultra-widefield
SYN-DM-04573,421.07,480.89,Absent,Present,Absent,Present,High,Partially gradable,4.27,OCT angiography
SYN-DM-04574,435.73,490.21,Absent,Present,Present,Present,High,Partially gradable,7.4,OCT angiography
SYN-DM-04575,277.58,425.39,Present,Present,Present,Present,Moderate,Gradable,7.36,OCT angiography
SYN-DM-04576,503.38,236.97,Absent,Present,Present,Present,Moderate,Partially gradable,7.91,OCT angiography
SYN-DM-04577,456.32,210.35,Present,Absent,Present,Present,Low,Ungradable,3.06,OCT
SYN-DM-04578,268.19,483.26,Absent,Present,Absent,Present,Low,Gradable,5.56,OCT angiography
SYN-DM-04579,214.13,405.52,Present,Absent,Absent,Absent,High,Gradable,3.69,OCT angiography
SYN-DM-04580,260.12,278.11,Absent,Absent,Absent,Present,Low,Partially gradable,6.47,OCT angiography
SYN-DM-04581,344.69,403.6,Absent,Present,Present,Absent,High,Ungradable,5.53,Fundus camera
SYN-DM-04582,299.88,346.69,Absent,Present,Present,Present,Moderate,Gradable,7.8,OCT
SYN-DM-04583,262.67,370.39,Absent,Present,Present,Present,Moderate,Partially gradable,3.32,OCT
SYN-DM-04584,327.47,358.17,Present,Present,Absent,Present,None,Ungradable,4.98,Fundus camera
SYN-DM-04585,288.37,394.86,Present,Present,Absent,Present,High,Partially gradable,6.13,Fundus camera
SYN-DM-04586,219.75,363.95,Present,Absent,Present,Present,None,Gradable,8.91,OCT
SYN-DM-04587,285.57,343.92,Present,Absent,Present,Absent,None,Ungradable,8.87,Ultra-widefield
SYN-DM-04588,305.54,322.85,Present,Absent,Absent,Absent,None,Ungradable,7.6,OCT
SYN-DM-04589,388.87,416.92,Absent,Absent,Present,Absent,None,Ungradable,5.15,OCT
SYN-DM-04590,264.74,322.15,Present,Absent,Absent,Absent,None,Ungradable,8.39,OCT
SYN-DM-04591,504.7,343.08,Present,Absent,Present,Absent,Low,Ungradable,5.72,OCT
SYN-DM-04592,440.46,375.32,Present,Present,Absent,Absent,Low,Partially gradable,8.64,OCT angiography
SYN-DM-04593,505.84,471.13,Absent,Absent,Absent,Absent,Low,Partially gradable,7.62,OCT angiography
SYN-DM-04594,495.54,393.91,Present,Present,Present,Present,Low,Partially gradable,4.04,Ultra-widefield
SYN-DM-04595,331.26,382.12,Present,Present,Absent,Absent,Low,Ungradable,8.02,Fundus camera
SYN-DM-04596,450.8,357.32,Absent,Present,Present,Absent,Low,Gradable,5.71,OCT
SYN-DM-04597,430.36,345.3,Present,Absent,Absent,Present,None,Gradable,4.2,Ultra-widefield
SYN-DM-04598,357.12,451.48,Present,Present,Absent,Absent,Low,Ungradable,6.99,OCT angiography
SYN-DM-04599,493.63,427.13,Present,Absent,Absent,Present,Low,Partially gradable,3.47,OCT
SYN-DM-04600,298.72,439.3,Present,Present,Present,Present,None,Gradable,6.73,OCT angiography
SYN-DM-04601,368.43,278.76,Absent,Absent,Absent,Present,Moderate,Partially gradable,5.97,OCT
SYN-DM-04602,429.37,285.04,Present,Absent,Absent,Present,None,Partially gradable,4.94,Ultra-widefield
SYN-DM-04603,356.43,289.85,Absent,Present,Absent,Present,Moderate,Gradable,7.56,OCT
SYN-DM-04604,334.93,263.53,Present,Absent,Absent,Present,Moderate,Gradable,3.26,OCT
SYN-DM-04605,239.47,247.85,Present,Absent,Present,Absent,Moderate,Ungradable,7.65,Ultra-widefield
SYN-DM-04606,423.43,420.01,Absent,Absent,Absent,Present,Low,Ungradable,3.68,Fundus camera
SYN-DM-04607,446.47,328.63,Absent,Absent,Absent,Present,High,Partially gradable,7.54,Ultra-widefield
SYN-DM-04608,507.33,243.13,Present,Present,Absent,Present,Low,Partially gradable,8.98,OCT angiography
SYN-DM-04609,381.68,459.12,Absent,Present,Present,Absent,None,Gradable,4.31,OCT angiography
SYN-DM-04610,447.23,459.4,Present,Absent,Present,Present,High,Partially gradable,3.49,Ultra-widefield
SYN-DM-04611,340.23,320.32,Absent,Absent,Absent,Absent,High,Gradable,8.28,Fundus camera
SYN-DM-04612,252.92,272.4,Absent,Present,Present,Absent,High,Gradable,5.1,OCT angiography
SYN-DM-04613,241.79,439.75,Absent,Absent,Absent,Absent,Low,Ungradable,6.01,OCT angiography
SYN-DM-04614,267.63,239.15,Present,Absent,Present,Present,Low,Ungradable,7.4,Fundus camera
SYN-DM-04615,451.21,325.42,Present,Absent,Absent,Absent,Low,Ungradable,6.98,Ultra-widefield
SYN-DM-04616,260.42,240.36,Absent,Present,Present,Present,None,Gradable,5.28,OCT
SYN-DM-04617,229.22,284.57,Present,Absent,Absent,Absent,Moderate,Ungradable,5.23,OCT
SYN-DM-04618,257.18,440.97,Absent,Absent,Absent,Present,High,Ungradable,8.21,Ultra-widefield
SYN-DM-04619,336.72,296.54,Absent,Absent,Present,Absent,Low,Gradable,8.77,OCT angiography
SYN-DM-04620,514.54,409.45,Absent,Present,Present,Absent,None,Partially gradable,3.14,Ultra-widefield
SYN-DM-04621,512.09,266.23,Present,Present,Absent,Present,Low,Partially gradable,7.47,OCT angiography
SYN-DM-04622,508.11,381.9,Absent,Absent,Present,Absent,Moderate,Partially gradable,3.21,OCT angiography
SYN-DM-04623,266.63,235.54,Absent,Absent,Absent,Absent,Low,Ungradable,3.14,Fundus camera
SYN-DM-04624,498.77,491.87,Present,Absent,Present,Present,None,Partially gradable,6.29,OCT angiography
SYN-DM-04625,251.37,316.48,Present,Absent,Absent,Absent,Low,Ungradable,4.73,Fundus camera
SYN-DM-04626,391.68,411.76,Present,Absent,Absent,Absent,None,Ungradable,8.31,OCT
SYN-DM-04627,276.34,482.49,Present,Absent,Present,Absent,Moderate,Ungradable,4.11,Ultra-widefield
SYN-DM-04628,329.01,437.99,Present,Absent,Present,Absent,High,Gradable,8.22,Fundus camera
SYN-DM-04629,427.96,488.71,Absent,Absent,Present,Absent,Low,Gradable,8.74,OCT
SYN-DM-04630,245.89,310.46,Present,Absent,Absent,Absent,Low,Ungradable,7.63,OCT angiography
SYN-DM-04631,481.47,259.04,Absent,Present,Present,Present,Moderate,Ungradable,8.67,Ultra-widefield
SYN-DM-04632,393.05,471.13,Absent,Absent,Absent,Present,Low,Gradable,6.99,OCT angiography
SYN-DM-04633,284.6,324.71,Present,Present,Absent,Absent,High,Ungradable,6.98,Ultra-widefield
SYN-DM-04634,258.29,414.0,Present,Absent,Present,Present,None,Partially gradable,7.92,Ultra-widefield
SYN-DM-04635,487.96,493.42,Present,Absent,Present,Absent,Low,Gradable,4.24,OCT
SYN-DM-04636,222.12,426.05,Absent,Present,Present,Absent,High,Gradable,5.53,OCT angiography
SYN-DM-04637,288.5,297.31,Absent,Present,Absent,Absent,Low,Partially gradable,3.66,Ultra-widefield
SYN-DM-04638,417.09,327.0,Absent,Absent,Absent,Present,Low,Ungradable,7.96,Fundus camera
SYN-DM-04639,463.81,470.49,Absent,Present,Present,Absent,High,Ungradable,6.14,OCT
SYN-DM-04640,290.01,322.03,Absent,Absent,Present,Present,Moderate,Ungradable,3.73,OCT
SYN-DM-04641,430.25,499.62,Present,Absent,Present,Present,High,Partially gradable,7.7,OCT angiography
SYN-DM-04642,345.51,325.37,Absent,Present,Present,Absent,Low,Partially gradable,3.28,OCT angiography
SYN-DM-04643,251.9,237.15,Present,Present,Absent,Present,Low,Gradable,3.93,OCT
SYN-DM-04644,423.13,258.48,Absent,Present,Present,Absent,None,Gradable,8.51,Fundus camera
SYN-DM-04645,233.38,448.77,Present,Absent,Absent,Absent,None,Partially gradable,5.35,OCT
SYN-DM-04646,304.06,346.56,Present,Absent,Absent,Present,None,Ungradable,4.7,Ultra-widefield
SYN-DM-04647,494.28,245.03,Present,Absent,Present,Absent,Moderate,Gradable,4.37,OCT
SYN-DM-04648,235.26,396.12,Absent,Absent,Absent,Absent,Low,Partially gradable,8.18,OCT
SYN-DM-04649,244.8,211.19,Absent,Absent,Present,Present,High,Ungradable,5.17,Ultra-widefield
SYN-DM-04650,298.86,367.42,Absent,Present,Absent,Present,Low,Ungradable,7.03,Fundus camera
SYN-DM-04651,450.9,225.24,Present,Absent,Present,Absent,High,Partially gradable,3.19,Ultra-widefield
SYN-DM-04652,344.7,473.49,Present,Absent,Absent,Absent,Moderate,Ungradable,5.37,Ultra-widefield
SYN-DM-04653,377.48,495.29,Present,Absent,Present,Absent,Low,Partially gradable,4.22,OCT
SYN-DM-04654,327.63,437.53,Present,Absent,Absent,Present,Low,Gradable,4.44,Fundus camera
SYN-DM-04655,476.74,294.44,Present,Absent,Absent,Absent,Moderate,Partially gradable,3.66,OCT angiography
SYN-DM-04656,450.36,252.59,Present,Present,Present,Absent,Low,Gradable,8.69,Ultra-widefield
SYN-DM-04657,390.31,427.73,Absent,Absent,Present,Present,Moderate,Ungradable,8.06,Fundus camera
SYN-DM-04658,375.02,341.68,Present,Absent,Absent,Present,Moderate,Partially gradable,4.67,OCT
SYN-DM-04659,431.44,230.61,Absent,Present,Present,Present,None,Gradable,6.55,OCT
SYN-DM-04660,357.13,285.17,Absent,Absent,Present,Present,High,Ungradable,5.06,OCT
SYN-DM-04661,273.93,451.95,Present,Absent,Present,Absent,Moderate,Partially gradable,8.71,Fundus camera
SYN-DM-04662,222.19,334.99,Present,Present,Absent,Present,High,Partially gradable,5.76,OCT angiography
SYN-DM-04663,387.63,385.6,Present,Present,Present,Present,Low,Ungradable,5.61,OCT angiography
SYN-DM-04664,278.29,468.93,Present,Absent,Absent,Absent,Low,Partially gradable,7.48,Fundus camera
SYN-DM-04665,307.07,356.71,Present,Present,Absent,Absent,Moderate,Gradable,4.3,OCT
SYN-DM-04666,356.77,258.6,Absent,Absent,Absent,Absent,Low,Gradable,8.26,OCT
SYN-DM-04667,478.71,413.45,Present,Absent,Present,Absent,Low,Ungradable,4.21,Ultra-widefield
SYN-DM-04668,326.86,463.99,Present,Absent,Present,Absent,High,Partially gradable,6.85,OCT angiography
SYN-DM-04669,402.71,483.4,Present,Present,Absent,Present,Low,Ungradable,7.44,Ultra-widefield
SYN-DM-04670,257.91,394.47,Present,Absent,Present,Present,High,Partially gradable,3.85,OCT
SYN-DM-04671,280.98,423.78,Absent,Present,Absent,Present,High,Ungradable,6.08,Fundus camera
SYN-DM-04672,330.68,315.49,Present,Present,Absent,Present,Moderate,Gradable,5.08,OCT
SYN-DM-04673,383.72,308.48,Absent,Absent,Present,Absent,None,Ungradable,8.03,Fundus camera
SYN-DM-04674,459.3,289.69,Present,Present,Present,Absent,None,Partially gradable,7.81,OCT
SYN-DM-04675,496.56,327.18,Absent,Present,Present,Present,Moderate,Ungradable,3.97,Ultra-widefield
SYN-DM-04676,332.83,303.28,Present,Absent,Present,Absent,None,Partially gradable,3.29,OCT
SYN-DM-04677,417.38,387.07,Absent,Present,Present,Absent,None,Ungradable,5.35,Ultra-widefield
SYN-DM-04678,230.31,339.19,Present,Absent,Absent,Absent,Moderate,Partially gradable,7.09,OCT angiography
SYN-DM-04679,351.77,485.4,Present,Absent,Present,Absent,None,Gradable,5.03,Ultra-widefield
SYN-DM-04680,229.16,494.12,Present,Absent,Present,Absent,High,Partially gradable,7.97,OCT
SYN-DM-04681,320.72,283.67,Present,Absent,Present,Present,Low,Gradable,8.27,OCT
SYN-DM-04682,405.86,341.43,Present,Present,Present,Absent,Low,Ungradable,3.36,Ultra-widefield
SYN-DM-04683,248.38,255.14,Present,Present,Absent,Absent,Moderate,Ungradable,4.31,Fundus camera
SYN-DM-04684,510.61,228.56,Present,Present,Absent,Absent,Low,Partially gradable,8.55,OCT angiography
SYN-DM-04685,381.22,357.24,Absent,Absent,Absent,Absent,High,Partially gradable,3.09,Fundus camera
SYN-DM-04686,341.57,499.37,Present,Absent,Present,Absent,None,Partially gradable,5.51,Ultra-widefield
SYN-DM-04687,252.27,486.54,Absent,Present,Present,Absent,High,Ungradable,6.98,OCT angiography
SYN-DM-04688,259.13,370.74,Absent,Present,Present,Absent,Moderate,Partially gradable,3.06,Fundus camera
SYN-DM-04689,293.36,265.18,Absent,Absent,Absent,Absent,Moderate,Ungradable,3.56,OCT
SYN-DM-04690,349.61,297.09,Absent,Absent,Present,Present,High,Partially gradable,8.4,Fundus camera
SYN-DM-04691,341.92,322.09,Absent,Present,Present,Absent,None,Gradable,8.21,OCT
SYN-DM-04692,279.97,462.99,Absent,Present,Absent,Absent,Moderate,Ungradable,5.7,Ultra-widefield
SYN-DM-04693,234.28,485.81,Absent,Present,Absent,Absent,None,Ungradable,3.33,OCT
SYN-DM-04694,336.23,215.92,Present,Present,Present,Present,None,Ungradable,7.67,Ultra-widefield
SYN-DM-04695,433.9,372.96,Absent,Absent,Absent,Present,High,Gradable,5.8,OCT
SYN-DM-04696,415.06,394.74,Present,Absent,Absent,Absent,Moderate,Gradable,3.85,OCT
SYN-DM-04697,262.27,408.57,Present,Absent,Absent,Present,None,Ungradable,6.17,OCT
SYN-DM-04698,481.57,412.97,Absent,Absent,Absent,Present,Moderate,Ungradable,5.99,OCT
SYN-DM-04699,422.33,258.77,Absent,Absent,Present,Absent,High,Ungradable,5.89,Fundus camera
SYN-DM-04700,369.18,357.94,Absent,Present,Absent,Absent,Moderate,Partially gradable,5.59,OCT
SYN-DM-04701,514.32,470.24,Absent,Absent,Present,Absent,Low,Partially gradable,7.41,OCT angiography
SYN-DM-04702,483.71,413.79,Absent,Absent,Present,Present,Moderate,Partially gradable,6.1,Ultra-widefield
SYN-DM-04703,356.14,446.6,Present,Present,Present,Absent,High,Ungradable,8.12,OCT angiography
SYN-DM-04704,425.9,314.97,Absent,Present,Present,Absent,Low,Partially gradable,7.78,Ultra-widefield
SYN-DM-04705,504.43,336.19,Present,Absent,Absent,Absent,High,Ungradable,5.0,OCT
SYN-DM-04706,266.96,454.88,Present,Present,Present,Absent,None,Ungradable,8.63,OCT angiography
SYN-DM-04707,371.33,361.42,Absent,Present,Present,Absent,Moderate,Ungradable,5.86,Ultra-widefield
SYN-DM-04708,295.58,241.07,Absent,Absent,Absent,Present,Moderate,Ungradable,4.22,Ultra-widefield
SYN-DM-04709,432.76,225.8,Absent,Absent,Absent,Absent,Moderate,Ungradable,6.41,OCT
SYN-DM-04710,360.51,212.87,Present,Absent,Absent,Present,Low,Ungradable,6.51,OCT
SYN-DM-04711,319.41,497.41,Present,Present,Absent,Present,None,Gradable,5.49,OCT
SYN-DM-04712,482.22,308.41,Absent,Absent,Absent,Absent,None,Partially gradable,6.41,OCT
SYN-DM-04713,317.53,360.33,Absent,Present,Present,Present,Moderate,Ungradable,3.61,Fundus camera
SYN-DM-04714,357.67,227.38,Present,Absent,Present,Absent,Moderate,Ungradable,4.68,OCT
SYN-DM-04715,342.15,255.01,Absent,Present,Present,Present,High,Partially gradable,5.89,Fundus camera
SYN-DM-04716,387.99,254.26,Present,Absent,Absent,Present,High,Partially gradable,6.07,Ultra-widefield
SYN-DM-04717,256.83,403.2,Absent,Present,Absent,Absent,Low,Gradable,5.46,Ultra-widefield
SYN-DM-04718,461.05,270.68,Absent,Present,Absent,Absent,Moderate,Partially gradable,7.82,OCT
SYN-DM-04719,429.09,480.68,Absent,Absent,Absent,Absent,None,Gradable,4.83,Ultra-widefield
SYN-DM-04720,391.03,235.98,Absent,Absent,Present,Present,Low,Gradable,7.61,OCT angiography
SYN-DM-04721,273.03,310.84,Present,Present,Absent,Present,High,Partially gradable,8.23,Fundus camera
SYN-DM-04722,389.15,254.05,Absent,Present,Absent,Absent,High,Ungradable,3.57,OCT angiography
SYN-DM-04723,486.3,394.15,Absent,Absent,Present,Present,Moderate,Gradable,6.87,OCT
SYN-DM-04724,291.25,432.61,Absent,Absent,Absent,Present,Moderate,Partially gradable,7.65,Fundus camera
SYN-DM-04725,287.8,289.61,Absent,Absent,Present,Present,Low,Ungradable,5.4,Fundus camera
SYN-DM-04726,453.53,225.11,Present,Present,Absent,Present,High,Gradable,7.26,Ultra-widefield
SYN-DM-04727,279.9,248.68,Absent,Absent,Present,Absent,None,Ungradable,4.26,Ultra-widefield
SYN-DM-04728,427.38,297.21,Present,Absent,Present,Absent,Moderate,Ungradable,3.31,Ultra-widefield
SYN-DM-04729,479.42,494.24,Absent,Present,Present,Absent,Low,Ungradable,3.71,OCT angiography
SYN-DM-04730,363.23,218.87,Present,Present,Present,Absent,Low,Ungradable,6.33,Fundus camera
SYN-DM-04731,234.69,227.84,Absent,Absent,Present,Absent,Low,Partially gradable,7.01,Fundus camera
SYN-DM-04732,401.21,395.36,Present,Absent,Absent,Absent,Moderate,Ungradable,5.41,OCT
SYN-DM-04733,500.05,387.49,Present,Present,Present,Present,Moderate,Ungradable,7.69,Fundus camera
SYN-DM-04734,331.25,487.04,Present,Absent,Present,Present,None,Ungradable,4.97,OCT
SYN-DM-04735,246.15,374.18,Absent,Absent,Present,Absent,High,Ungradable,5.79,OCT
SYN-DM-04736,405.0,382.48,Present,Absent,Absent,Present,None,Gradable,6.28,OCT
SYN-DM-04737,407.98,496.89,Absent,Present,Present,Present,None,Gradable,8.89,Fundus camera
SYN-DM-04738,465.15,219.73,Present,Present,Absent,Absent,Moderate,Ungradable,6.33,Ultra-widefield
SYN-DM-04739,401.76,221.73,Present,Present,Absent,Absent,None,Partially gradable,6.3,Fundus camera
SYN-DM-04740,468.85,238.14,Present,Present,Absent,Absent,High,Partially gradable,8.2,Ultra-widefield
SYN-DM-04741,393.48,375.61,Absent,Present,Absent,Present,None,Gradable,5.71,OCT angiography
SYN-DM-04742,382.28,341.19,Present,Absent,Absent,Absent,Moderate,Ungradable,5.03,Fundus camera
SYN-DM-04743,438.67,475.53,Absent,Absent,Absent,Present,None,Gradable,3.8,Fundus camera
SYN-DM-04744,245.46,482.71,Absent,Absent,Present,Present,Moderate,Ungradable,7.2,OCT angiography
SYN-DM-04745,393.48,492.36,Absent,Present,Absent,Present,Moderate,Ungradable,6.37,Ultra-widefield
SYN-DM-04746,496.77,354.86,Present,Present,Absent,Present,Low,Partially gradable,7.28,Ultra-widefield
SYN-DM-04747,277.98,408.26,Absent,Present,Present,Present,None,Gradable,7.73,Fundus camera
SYN-DM-04748,379.13,310.31,Absent,Absent,Present,Absent,Low,Partially gradable,4.18,OCT angiography
SYN-DM-04749,458.11,213.5,Present,Present,Absent,Absent,Low,Partially gradable,8.18,OCT
SYN-DM-04750,262.17,355.51,Absent,Absent,Absent,Absent,None,Partially gradable,6.6,OCT angiography
SYN-DM-04751,490.53,436.43,Absent,Absent,Present,Absent,High,Ungradable,7.12,Fundus camera
SYN-DM-04752,476.64,461.25,Present,Absent,Present,Absent,None,Partially gradable,8.85,OCT angiography
SYN-DM-04753,420.21,257.46,Absent,Present,Present,Present,Moderate,Ungradable,5.82,Fundus camera
SYN-DM-04754,350.57,491.05,Present,Absent,Present,Present,High,Partially gradable,8.62,OCT
SYN-DM-04755,299.83,312.26,Absent,Absent,Present,Present,Moderate,Ungradable,3.31,Ultra-widefield
SYN-DM-04756,249.44,354.49,Present,Present,Present,Present,Moderate,Ungradable,8.11,Ultra-widefield
SYN-DM-04757,459.61,236.2,Present,Absent,Absent,Present,Low,Ungradable,7.75,Fundus camera
SYN-DM-04758,284.87,385.0,Present,Absent,Present,Absent,None,Ungradable,4.75,Fundus camera
SYN-DM-04759,281.44,320.97,Absent,Absent,Absent,Absent,Low,Gradable,5.57,Fundus camera
SYN-DM-04760,278.62,492.58,Absent,Present,Absent,Absent,None,Gradable,6.25,OCT
SYN-DM-04761,325.53,330.4,Present,Absent,Absent,Present,Moderate,Gradable,5.34,Fundus camera
SYN-DM-04762,318.16,484.09,Absent,Absent,Absent,Present,None,Partially gradable,8.04,OCT
SYN-DM-04763,500.76,466.73,Present,Present,Absent,Present,Moderate,Ungradable,6.76,Fundus camera
SYN-DM-04764,486.62,435.68,Absent,Absent,Absent,Absent,Low,Partially gradable,6.83,OCT
SYN-DM-04765,458.73,476.33,Absent,Absent,Absent,Present,Moderate,Ungradable,8.14,OCT angiography
SYN-DM-04766,298.2,427.66,Present,Present,Absent,Absent,Moderate,Partially gradable,3.93,OCT angiography
SYN-DM-04767,249.75,343.76,Present,Absent,Present,Absent,High,Ungradable,6.9,OCT
SYN-DM-04768,403.96,359.29,Absent,Present,Absent,Absent,Low,Gradable,8.99,Ultra-widefield
SYN-DM-04769,516.2,238.53,Absent,Absent,Present,Present,Moderate,Ungradable,5.51,Ultra-widefield
SYN-DM-04770,486.81,330.8,Present,Absent,Absent,Absent,Low,Partially gradable,8.44,OCT angiography
SYN-DM-04771,291.12,325.12,Present,Present,Present,Present,High,Partially gradable,7.45,Fundus camera
SYN-DM-04772,230.16,452.35,Absent,Absent,Present,Absent,None,Gradable,5.11,Ultra-widefield
SYN-DM-04773,341.92,422.7,Present,Absent,Present,Present,Low,Partially gradable,7.99,Fundus camera
SYN-DM-04774,431.59,284.47,Present,Present,Present,Present,High,Gradable,7.41,OCT
SYN-DM-04775,477.91,366.15,Present,Present,Absent,Present,Moderate,Partially gradable,4.26,OCT angiography
SYN-DM-04776,459.19,298.8,Present,Present,Absent,Present,Moderate,Partially gradable,6.75,Ultra-widefield
SYN-DM-04777,398.28,256.2,Absent,Absent,Present,Present,Moderate,Gradable,4.44,OCT
SYN-DM-04778,362.21,438.7,Absent,Absent,Absent,Absent,Moderate,Ungradable,7.99,OCT
SYN-DM-04779,455.72,365.99,Absent,Absent,Absent,Absent,None,Ungradable,4.55,OCT angiography
SYN-DM-04780,328.13,441.87,Absent,Absent,Present,Absent,Moderate,Partially gradable,4.1,OCT angiography
SYN-DM-04781,442.93,336.79,Present,Present,Present,Present,None,Gradable,6.24,Fundus camera
SYN-DM-04782,386.28,432.84,Present,Present,Absent,Absent,Moderate,Ungradable,6.13,OCT
SYN-DM-04783,283.48,375.32,Present,Absent,Present,Absent,None,Ungradable,4.46,Ultra-widefield
SYN-DM-04784,238.05,275.61,Absent,Absent,Present,Absent,Moderate,Gradable,4.06,Fundus camera
SYN-DM-04785,261.52,347.92,Present,Absent,Present,Absent,None,Ungradable,7.44,OCT angiography
SYN-DM-04786,266.16,330.53,Absent,Absent,Absent,Present,Moderate,Gradable,8.74,Ultra-widefield
SYN-DM-04787,419.47,245.0,Absent,Present,Absent,Absent,Low,Ungradable,4.01,OCT
SYN-DM-04788,278.88,245.26,Present,Present,Present,Absent,Moderate,Ungradable,6.66,Ultra-widefield
SYN-DM-04789,328.33,476.17,Absent,Present,Present,Absent,Moderate,Ungradable,4.01,OCT
SYN-DM-04790,261.45,445.27,Present,Absent,Absent,Absent,None,Ungradable,6.58,Fundus camera
SYN-DM-04791,319.66,264.34,Absent,Present,Present,Absent,None,Ungradable,7.43,Fundus camera
SYN-DM-04792,503.15,417.2,Absent,Present,Present,Present,High,Ungradable,5.99,Fundus camera
SYN-DM-04793,310.81,305.39,Absent,Present,Present,Absent,Low,Gradable,5.79,Ultra-widefield
SYN-DM-04794,308.15,391.15,Present,Absent,Present,Absent,Low,Ungradable,6.51,Fundus camera
SYN-DM-04795,285.96,288.26,Present,Present,Absent,Absent,Low,Ungradable,3.22,Fundus camera
SYN-DM-04796,374.85,437.01,Present,Absent,Absent,Absent,Low,Gradable,6.01,Fundus camera
SYN-DM-04797,290.44,435.31,Present,Absent,Present,Present,None,Partially gradable,6.18,OCT
SYN-DM-04798,223.09,369.21,Present,Absent,Absent,Absent,Low,Ungradable,8.0,OCT angiography
SYN-DM-04799,362.06,235.31,Absent,Present,Present,Absent,Low,Gradable,4.04,Fundus camera
SYN-DM-04800,277.04,334.57,Present,Present,Absent,Present,Moderate,Partially gradable,3.08,Ultra-widefield
SYN-DM-04801,412.47,367.76,Absent,Present,Present,Present,Low,Ungradable,3.61,OCT
SYN-DM-04802,328.07,474.06,Present,Absent,Present,Present,Moderate,Ungradable,7.35,Ultra-widefield
SYN-DM-04803,252.09,364.36,Present,Absent,Absent,Present,None,Partially gradable,3.67,OCT
SYN-DM-04804,214.2,475.22,Absent,Absent,Absent,Absent,Moderate,Ungradable,5.93,OCT angiography
SYN-DM-04805,376.81,424.35,Absent,Absent,Present,Present,High,Ungradable,4.33,Fundus camera
SYN-DM-04806,497.44,251.8,Absent,Absent,Present,Present,Low,Partially gradable,7.21,Ultra-widefield
SYN-DM-04807,436.78,325.44,Absent,Present,Present,Present,High,Gradable,5.16,OCT angiography
SYN-DM-04808,465.09,393.52,Present,Present,Absent,Present,Moderate,Ungradable,7.07,OCT angiography
SYN-DM-04809,444.21,389.04,Present,Absent,Absent,Absent,Low,Partially gradable,3.03,Ultra-widefield
SYN-DM-04810,250.99,409.91,Present,Absent,Present,Present,High,Partially gradable,5.4,OCT
SYN-DM-04811,430.79,269.62,Absent,Present,Absent,Absent,Moderate,Gradable,7.38,Fundus camera
SYN-DM-04812,379.47,393.61,Absent,Present,Present,Present,High,Gradable,6.34,OCT
SYN-DM-04813,478.27,273.63,Present,Absent,Present,Present,None,Ungradable,5.97,Ultra-widefield
SYN-DM-04814,258.58,485.48,Present,Absent,Present,Absent,High,Partially gradable,7.66,Ultra-widefield
SYN-DM-04815,279.26,332.19,Absent,Absent,Present,Absent,High,Partially gradable,5.16,OCT
SYN-DM-04816,263.88,383.66,Present,Absent,Present,Present,Moderate,Partially gradable,3.21,Ultra-widefield
SYN-DM-04817,344.88,244.66,Absent,Present,Present,Absent,None,Partially gradable,3.3,Fundus camera
SYN-DM-04818,303.15,408.94,Absent,Present,Present,Absent,High,Partially gradable,8.77,Fundus camera
SYN-DM-04819,433.25,251.62,Present,Present,Present,Present,Low,Gradable,8.81,OCT
SYN-DM-04820,309.36,258.59,Absent,Absent,Absent,Present,Moderate,Ungradable,5.48,Fundus camera
SYN-DM-04821,285.04,373.94,Present,Absent,Absent,Present,High,Gradable,3.73,Fundus camera
SYN-DM-04822,252.62,263.63,Absent,Absent,Present,Absent,Low,Partially gradable,7.54,Ultra-widefield
SYN-DM-04823,246.83,460.23,Absent,Absent,Absent,Absent,None,Ungradable,3.51,Ultra-widefield
SYN-DM-04824,387.83,373.85,Absent,Absent,Present,Present,High,Partially gradable,3.76,Fundus camera
SYN-DM-04825,422.37,433.47,Present,Absent,Absent,Absent,None,Ungradable,4.09,OCT angiography
SYN-DM-04826,436.4,218.33,Absent,Absent,Present,Present,Moderate,Partially gradable,4.08,Fundus camera
SYN-DM-04827,313.26,260.83,Present,Present,Present,Present,None,Partially gradable,4.11,OCT
SYN-DM-04828,390.97,268.61,Present,Present,Absent,Present,None,Gradable,3.16,Fundus camera
SYN-DM-04829,425.96,390.86,Present,Absent,Absent,Present,Low,Gradable,4.37,Fundus camera
SYN-DM-04830,253.74,458.33,Absent,Absent,Absent,Absent,Moderate,Ungradable,8.7,OCT angiography
SYN-DM-04831,363.17,501.07,Present,Absent,Absent,Present,High,Ungradable,4.46,Fundus camera
SYN-DM-04832,258.38,285.43,Absent,Present,Absent,Absent,None,Gradable,4.4,OCT
SYN-DM-04833,348.81,458.95,Absent,Present,Present,Absent,None,Gradable,4.19,Ultra-widefield
SYN-DM-04834,275.46,465.47,Present,Absent,Absent,Absent,Low,Ungradable,3.24,Fundus camera
SYN-DM-04835,254.57,405.05,Absent,Absent,Present,Absent,High,Partially gradable,3.67,Fundus camera
SYN-DM-04836,336.18,327.7,Absent,Present,Absent,Absent,None,Ungradable,5.97,OCT angiography
SYN-DM-04837,236.03,256.99,Present,Absent,Present,Present,Low,Gradable,5.28,OCT angiography
SYN-DM-04838,457.76,285.59,Absent,Present,Present,Present,None,Partially gradable,4.96,Ultra-widefield
SYN-DM-04839,288.83,228.6,Absent,Absent,Absent,Present,None,Ungradable,7.35,OCT
SYN-DM-04840,364.82,264.26,Absent,Present,Absent,Absent,High,Gradable,4.02,OCT angiography
SYN-DM-04841,454.81,450.6,Absent,Present,Present,Present,High,Ungradable,7.8,OCT
SYN-DM-04842,515.26,475.8,Absent,Present,Present,Present,Low,Gradable,7.91,Ultra-widefield
SYN-DM-04843,216.82,449.43,Present,Present,Absent,Present,High,Gradable,4.86,Ultra-widefield
SYN-DM-04844,360.19,416.82,Absent,Absent,Absent,Present,Low,Ungradable,4.96,Ultra-widefield
SYN-DM-04845,349.19,352.41,Present,Present,Absent,Absent,Low,Gradable,4.68,Ultra-widefield
SYN-DM-04846,390.25,313.67,Present,Present,Absent,Present,Moderate,Partially gradable,6.9,OCT
SYN-DM-04847,511.27,372.47,Present,Absent,Absent,Present,High,Ungradable,7.44,Fundus camera
SYN-DM-04848,430.7,303.87,Present,Absent,Present,Present,Low,Gradable,5.11,Fundus camera
SYN-DM-04849,453.74,232.15,Present,Absent,Absent,Absent,Low,Gradable,8.05,OCT
SYN-DM-04850,366.34,448.49,Present,Absent,Present,Absent,Low,Ungradable,5.64,OCT
SYN-DM-04851,431.07,368.85,Absent,Absent,Absent,Present,High,Gradable,6.4,Fundus camera
SYN-DM-04852,365.56,407.32,Absent,Absent,Present,Present,Moderate,Ungradable,5.2,Fundus camera
SYN-DM-04853,446.49,470.31,Absent,Absent,Absent,Absent,Low,Gradable,4.06,Fundus camera
SYN-DM-04854,395.18,452.81,Absent,Present,Absent,Absent,Low,Ungradable,4.52,OCT angiography
SYN-DM-04855,421.09,488.91,Absent,Absent,Present,Absent,High,Gradable,3.96,OCT
SYN-DM-04856,310.53,292.58,Absent,Present,Absent,Absent,High,Partially gradable,8.68,Ultra-widefield
SYN-DM-04857,330.72,482.43,Present,Present,Present,Absent,Low,Ungradable,3.93,OCT
SYN-DM-04858,364.2,306.78,Absent,Absent,Present,Absent,High,Partially gradable,5.54,Ultra-widefield
SYN-DM-04859,447.66,229.82,Absent,Present,Present,Absent,Moderate,Ungradable,8.44,OCT angiography
SYN-DM-04860,250.08,300.57,Present,Absent,Absent,Absent,Moderate,Ungradable,3.02,Fundus camera
SYN-DM-04861,231.21,387.73,Absent,Present,Present,Absent,Low,Gradable,3.82,Ultra-widefield
SYN-DM-04862,238.58,279.61,Absent,Absent,Absent,Present,None,Partially gradable,4.71,Fundus camera
SYN-DM-04863,327.02,420.48,Present,Present,Present,Absent,Low,Ungradable,7.7,OCT angiography
SYN-DM-04864,493.17,277.16,Present,Absent,Present,Absent,High,Gradable,6.56,Ultra-widefield
SYN-DM-04865,243.88,212.18,Present,Present,Absent,Present,Moderate,Partially gradable,6.64,OCT angiography
SYN-DM-04866,279.93,246.93,Present,Present,Present,Present,Moderate,Partially gradable,8.75,Ultra-widefield
SYN-DM-04867,360.7,406.41,Absent,Present,Absent,Absent,Low,Ungradable,6.73,OCT angiography
SYN-DM-04868,404.09,380.56,Absent,Present,Present,Present,High,Partially gradable,8.19,OCT
SYN-DM-04869,473.38,440.5,Absent,Present,Absent,Absent,Low,Partially gradable,7.75,Fundus camera
SYN-DM-04870,300.68,448.39,Absent,Present,Present,Absent,Low,Gradable,6.69,Fundus camera
SYN-DM-04871,279.1,246.84,Present,Present,Present,Absent,Moderate,Gradable,8.18,OCT angiography
SYN-DM-04872,366.44,230.28,Absent,Present,Present,Absent,Low,Gradable,3.49,OCT angiography
SYN-DM-04873,352.11,262.41,Absent,Absent,Absent,Absent,Low,Gradable,8.41,Ultra-widefield
SYN-DM-04874,360.6,422.02,Absent,Present,Present,Absent,High,Ungradable,7.44,Ultra-widefield
SYN-DM-04875,440.26,288.02,Absent,Present,Present,Absent,Low,Ungradable,5.05,Ultra-widefield
SYN-DM-04876,315.58,370.79,Absent,Absent,Present,Absent,Low,Ungradable,5.09,Ultra-widefield
SYN-DM-04877,472.51,380.12,Absent,Absent,Absent,Absent,None,Gradable,7.67,Fundus camera
SYN-DM-04878,486.34,216.1,Absent,Absent,Present,Present,Low,Partially gradable,6.84,Ultra-widefield
SYN-DM-04879,507.6,319.11,Present,Present,Present,Present,None,Gradable,7.4,OCT
SYN-DM-04880,433.93,406.63,Absent,Present,Present,Present,None,Partially gradable,8.53,Fundus camera
SYN-DM-04881,483.4,284.57,Absent,Present,Absent,Absent,Low,Gradable,8.69,OCT
SYN-DM-04882,411.79,385.73,Absent,Absent,Absent,Absent,Low,Ungradable,6.79,Ultra-widefield
SYN-DM-04883,293.91,262.81,Present,Present,Absent,Absent,High,Partially gradable,5.46,OCT
SYN-DM-04884,450.05,316.71,Absent,Present,Absent,Absent,Moderate,Partially gradable,8.29,OCT
SYN-DM-04885,419.95,249.73,Absent,Absent,Absent,Present,Moderate,Partially gradable,4.49,OCT
SYN-DM-04886,329.54,484.54,Absent,Present,Absent,Present,High,Ungradable,8.11,Fundus camera
SYN-DM-04887,237.48,280.25,Present,Absent,Present,Absent,Low,Partially gradable,3.81,OCT angiography
SYN-DM-04888,403.2,416.53,Absent,Present,Absent,Present,None,Gradable,7.91,OCT angiography
SYN-DM-04889,292.23,216.26,Absent,Absent,Present,Absent,High,Gradable,7.06,Fundus camera
SYN-DM-04890,493.01,215.34,Absent,Absent,Absent,Present,Moderate,Partially gradable,7.7,Fundus camera
SYN-DM-04891,403.05,436.15,Present,Present,Present,Present,None,Partially gradable,5.82,Ultra-widefield
SYN-DM-04892,235.99,386.06,Present,Absent,Absent,Present,Moderate,Ungradable,8.34,OCT angiography
SYN-DM-04893,352.34,420.01,Present,Present,Present,Absent,Moderate,Partially gradable,5.0,Ultra-widefield
SYN-DM-04894,302.91,489.96,Absent,Absent,Present,Present,Moderate,Gradable,5.38,Fundus camera
SYN-DM-04895,333.78,309.45,Present,Present,Absent,Absent,None,Partially gradable,5.81,OCT angiography
SYN-DM-04896,366.67,321.78,Present,Present,Present,Absent,Low,Ungradable,4.69,Fundus camera
SYN-DM-04897,251.29,369.89,Present,Present,Absent,Absent,High,Ungradable,5.98,Fundus camera
SYN-DM-04898,312.42,345.52,Absent,Absent,Absent,Absent,Low,Ungradable,8.32,Fundus camera
SYN-DM-04899,290.95,403.66,Present,Absent,Present,Present,Low,Partially gradable,7.41,OCT angiography
SYN-DM-04900,486.15,436.12,Absent,Present,Present,Present,None,Ungradable,3.47,Ultra-widefield
SYN-DM-04901,383.67,322.38,Present,Absent,Absent,Absent,Moderate,Gradable,8.67,Fundus camera
SYN-DM-04902,365.96,479.75,Absent,Absent,Present,Absent,None,Gradable,7.85,OCT
SYN-DM-04903,354.71,303.13,Absent,Absent,Present,Present,High,Ungradable,7.48,Fundus camera
SYN-DM-04904,483.24,330.23,Absent,Absent,Absent,Present,High,Ungradable,3.28,Fundus camera
SYN-DM-04905,245.71,222.81,Absent,Present,Absent,Absent,Moderate,Ungradable,6.68,OCT angiography
SYN-DM-04906,513.2,239.92,Absent,Present,Absent,Present,Moderate,Partially gradable,8.2,OCT angiography
SYN-DM-04907,358.37,239.76,Absent,Present,Present,Present,Moderate,Gradable,4.88,OCT
SYN-DM-04908,506.56,460.38,Absent,Present,Present,Absent,High,Ungradable,4.16,Fundus camera
SYN-DM-04909,423.2,337.23,Present,Present,Absent,Absent,Moderate,Partially gradable,5.95,OCT angiography
SYN-DM-04910,307.55,267.85,Present,Present,Absent,Present,Moderate,Ungradable,5.62,OCT angiography
SYN-DM-04911,352.45,333.32,Present,Present,Absent,Absent,High,Partially gradable,4.19,Fundus camera
SYN-DM-04912,399.91,499.24,Absent,Absent,Absent,Absent,None,Ungradable,8.02,OCT angiography
SYN-DM-04913,355.21,385.6,Present,Absent,Absent,Absent,None,Ungradable,4.28,Fundus camera
SYN-DM-04914,471.71,336.35,Present,Absent,Present,Present,None,Ungradable,8.24,Fundus camera
SYN-DM-04915,463.41,221.39,Absent,Present,Absent,Absent,Moderate,Gradable,4.15,OCT
SYN-DM-04916,508.34,362.76,Absent,Absent,Absent,Absent,High,Ungradable,8.38,OCT angiography
SYN-DM-04917,368.35,237.44,Absent,Absent,Absent,Present,High,Ungradable,6.98,Ultra-widefield
SYN-DM-04918,415.68,378.95,Absent,Absent,Absent,Present,None,Gradable,3.64,OCT angiography
SYN-DM-04919,462.16,316.84,Absent,Present,Absent,Absent,Moderate,Ungradable,7.17,Ultra-widefield
SYN-DM-04920,423.81,461.38,Present,Present,Absent,Absent,High,Partially gradable,8.08,OCT
SYN-DM-04921,360.48,247.11,Absent,Present,Present,Present,None,Ungradable,7.65,OCT
SYN-DM-04922,308.13,301.61,Absent,Absent,Absent,Present,None,Ungradable,3.85,OCT angiography
SYN-DM-04923,369.99,332.21,Absent,Absent,Present,Absent,None,Partially gradable,8.13,OCT angiography
SYN-DM-04924,462.8,339.97,Absent,Absent,Present,Present,Low,Partially gradable,3.05,OCT angiography
SYN-DM-04925,411.29,209.69,Present,Absent,Present,Present,Moderate,Partially gradable,7.79,OCT angiography
SYN-DM-04926,515.8,495.31,Absent,Present,Present,Absent,None,Partially gradable,8.2,Fundus camera
SYN-DM-04927,427.7,404.85,Present,Absent,Present,Present,Moderate,Ungradable,4.32,Fundus camera
SYN-DM-04928,303.1,449.86,Present,Present,Present,Present,Low,Partially gradable,6.79,OCT
SYN-DM-04929,392.31,262.42,Absent,Present,Absent,Absent,None,Ungradable,3.26,Ultra-widefield
SYN-DM-04930,459.59,335.15,Absent,Present,Absent,Absent,Moderate,Partially gradable,3.76,Ultra-widefield
SYN-DM-04931,316.34,405.57,Present,Absent,Absent,Present,Low,Gradable,3.93,OCT
SYN-DM-04932,325.34,480.29,Absent,Absent,Present,Present,Low,Gradable,7.27,OCT angiography
SYN-DM-04933,393.7,315.44,Present,Absent,Absent,Absent,High,Partially gradable,3.72,Fundus camera
SYN-DM-04934,309.08,338.97,Absent,Absent,Present,Absent,None,Partially gradable,8.91,Fundus camera
SYN-DM-04935,512.66,447.72,Absent,Absent,Present,Absent,High,Gradable,7.0,OCT angiography
SYN-DM-04936,506.13,343.08,Present,Present,Present,Present,High,Ungradable,5.91,OCT
SYN-DM-04937,488.78,479.41,Absent,Absent,Absent,Present,Low,Gradable,4.71,OCT angiography
SYN-DM-04938,397.66,333.28,Present,Present,Absent,Present,Moderate,Partially gradable,5.37,Fundus camera
SYN-DM-04939,378.96,319.48,Present,Absent,Absent,Present,Moderate,Ungradable,3.51,OCT angiography
SYN-DM-04940,438.09,369.82,Absent,Absent,Present,Present,High,Gradable,3.12,Fundus camera
SYN-DM-04941,289.58,414.93,Present,Absent,Present,Absent,Low,Partially gradable,8.89,Ultra-widefield
SYN-DM-04942,473.51,471.36,Absent,Present,Absent,Present,High,Ungradable,3.23,Ultra-widefield
SYN-DM-04943,346.65,464.22,Absent,Absent,Present,Present,Moderate,Partially gradable,6.67,OCT
SYN-DM-04944,280.19,242.99,Present,Absent,Present,Absent,High,Ungradable,5.26,OCT angiography
SYN-DM-04945,247.19,320.02,Absent,Present,Present,Absent,Low,Gradable,8.58,OCT angiography
SYN-DM-04946,365.8,421.08,Present,Present,Absent,Present,None,Ungradable,6.88,OCT
SYN-DM-04947,512.22,371.22,Present,Present,Present,Present,Moderate,Partially gradable,8.05,Ultra-widefield
SYN-DM-04948,399.0,461.47,Absent,Absent,Absent,Absent,None,Partially gradable,3.59,OCT angiography
SYN-DM-04949,281.75,487.44,Present,Absent,Absent,Present,Moderate,Ungradable,3.64,Fundus camera
SYN-DM-04950,507.07,311.36,Present,Present,Absent,Present,None,Partially gradable,8.8,Fundus camera
SYN-DM-04951,505.38,477.04,Absent,Absent,Absent,Absent,None,Partially gradable,6.83,OCT
SYN-DM-04952,431.88,388.1,Present,Present,Present,Present,None,Partially gradable,3.53,Ultra-widefield
SYN-DM-04953,506.26,408.03,Present,Absent,Absent,Present,None,Partially gradable,6.42,OCT angiography
SYN-DM-04954,393.97,499.9,Present,Present,Present,Present,High,Gradable,8.27,Fundus camera
SYN-DM-04955,386.57,501.0,Present,Absent,Absent,Present,Low,Ungradable,3.2,OCT angiography
SYN-DM-04956,443.47,411.23,Present,Present,Present,Present,None,Partially gradable,7.9,OCT angiography
SYN-DM-04957,264.93,289.17,Present,Present,Present,Absent,High,Partially gradable,3.12,Fundus camera
SYN-DM-04958,289.82,332.4,Present,Absent,Present,Present,Low,Gradable,8.89,OCT angiography
SYN-DM-04959,275.21,369.4,Present,Absent,Absent,Absent,None,Gradable,3.91,OCT angiography
SYN-DM-04960,218.29,386.31,Absent,Present,Absent,Present,High,Ungradable,5.63,Ultra-widefield
SYN-DM-04961,353.26,498.05,Present,Absent,Present,Absent,Low,Partially gradable,5.69,Fundus camera
SYN-DM-04962,409.73,236.96,Present,Absent,Present,Absent,Moderate,Gradable,4.39,OCT
SYN-DM-04963,269.38,224.73,Absent,Present,Present,Absent,Moderate,Gradable,6.11,OCT
SYN-DM-04964,338.94,277.3,Present,Absent,Absent,Present,High,Partially gradable,7.16,OCT angiography
SYN-DM-04965,454.96,335.33,Absent,Absent,Present,Present,None,Gradable,5.42,OCT angiography
SYN-DM-04966,388.76,343.83,Absent,Absent,Absent,Absent,Low,Ungradable,5.82,Fundus camera
SYN-DM-04967,229.23,447.32,Present,Absent,Present,Absent,Low,Ungradable,5.88,OCT
SYN-DM-04968,332.83,319.89,Present,Present,Present,Absent,Low,Ungradable,7.7,Fundus camera
SYN-DM-04969,467.1,222.49,Absent,Absent,Present,Absent,Low,Gradable,4.01,Fundus camera
SYN-DM-04970,403.9,416.01,Absent,Absent,Present,Present,High,Ungradable,3.94,Fundus camera
SYN-DM-04971,305.18,398.69,Absent,Present,Present,Present,Low,Partially gradable,5.2,OCT
SYN-DM-04972,239.32,444.87,Present,Present,Absent,Present,High,Partially gradable,8.72,Fundus camera
SYN-DM-04973,502.44,337.06,Present,Absent,Present,Absent,High,Partially gradable,5.57,OCT angiography
SYN-DM-04974,510.59,431.8,Absent,Absent,Absent,Present,Low,Ungradable,5.03,OCT angiography
SYN-DM-04975,457.41,321.76,Absent,Present,Present,Absent,High,Gradable,8.26,Ultra-widefield
SYN-DM-04976,296.09,243.6,Absent,Present,Absent,Absent,Low,Partially gradable,3.28,OCT angiography
SYN-DM-04977,447.13,440.35,Absent,Absent,Absent,Absent,High,Gradable,7.16,Ultra-widefield
SYN-DM-04978,287.58,213.15,Absent,Absent,Present,Absent,None,Gradable,5.88,Fundus camera
SYN-DM-04979,376.7,499.63,Absent,Present,Present,Present,High,Gradable,5.02,Fundus camera
SYN-DM-04980,228.07,352.66,Absent,Present,Present,Absent,Low,Gradable,5.6,Fundus camera
SYN-DM-04981,352.93,413.61,Absent,Absent,Absent,Absent,High,Gradable,5.46,Ultra-widefield
SYN-DM-04982,278.94,456.77,Absent,Absent,Present,Present,High,Partially gradable,6.45,OCT
SYN-DM-04983,398.28,366.78,Present,Absent,Present,Present,None,Gradable,8.21,OCT angiography
SYN-DM-04984,388.1,305.28,Present,Present,Absent,Absent,None,Gradable,5.87,Ultra-widefield
SYN-DM-04985,482.41,320.66,Absent,Absent,Absent,Present,None,Partially gradable,4.11,Ultra-widefield
SYN-DM-04986,362.97,473.47,Present,Present,Present,Present,Low,Gradable,6.48,Fundus camera
SYN-DM-04987,302.51,487.22,Present,Absent,Present,Present,Low,Partially gradable,8.11,Fundus camera
SYN-DM-04988,257.98,335.98,Present,Present,Absent,Present,None,Partially gradable,3.59,Ultra-widefield
SYN-DM-04989,337.6,422.4,Absent,Present,Present,Absent,Low,Ungradable,4.55,Fundus camera
SYN-DM-04990,306.88,299.16,Absent,Absent,Present,Present,High,Partially gradable,8.07,OCT angiography
SYN-DM-04991,491.47,246.61,Present,Absent,Present,Absent,Low,Gradable,6.09,OCT
SYN-DM-04992,388.73,247.14,Present,Absent,Absent,Present,Low,Partially gradable,3.33,OCT
SYN-DM-04993,442.14,261.7,Present,Absent,Present,Absent,Low,Gradable,6.03,OCT angiography
SYN-DM-04994,421.77,285.44,Present,Present,Present,Absent,None,Partially gradable,4.88,OCT angiography
SYN-DM-04995,385.49,348.87,Present,Absent,Absent,Present,Low,Ungradable,7.36,OCT angiography
SYN-DM-04996,215.11,482.28,Present,Absent,Absent,Absent,Low,Gradable,8.56,Ultra-widefield
SYN-DM-04997,354.32,469.32,Absent,Absent,Absent,Present,Low,Ungradable,7.78,OCT angiography
SYN-DM-04998,440.2,209.8,Absent,Absent,Present,Absent,Low,Ungradable,7.59,OCT
SYN-DM-04999,254.43,340.49,Present,Present,Present,Absent,Low,Gradable,7.85,Ultra-widefield
SYN-DM-05000,436.52,325.35,Absent,Absent,Present,Absent,None,Gradable,4.37,Ultra-widefield
