patient_id,systolic_blood_pressure_mm_hg,diastolic_blood_pressure_mm_hg,blood_pressure_control_status,heart_rate_bpm,weight_kg,height_cm,waist_circumference_cm,antihypertensive_use,lipid_lowering_therapy_use,cardiovascular_disease_history
SYN-DM-00001,90,94.81,Elevated,103.55,94.14,165.36,100.63,No,No,Present
SYN-DM-00002,114.1,97.21,Unknown,73.97,91.94,185.22,82.69,No,No,Present
SYN-DM-00003,138.0,64.13,Elevated,90.59,111.35,156.71,73.79,Yes,Yes,Absent
SYN-DM-00004,155.8,100.98,Elevated,61.58,97.19,171.14,110.85,No,No,Present
SYN-DM-00005,106.2,75.45,Controlled,98.6,56.84,188.32,90.64,Yes,Yes,Present
SYN-DM-00006,142.2,68.97,Elevated,102.41,70.63,168.66,91.7,No,Yes,Unknown
SYN-DM-00007,125.7,103.05,Unknown,95.18,109.89,157.47,101.56,Yes,No,Present
SYN-DM-00008,116.6,64.87,Elevated,97.24,66.94,159.13,100.67,Yes,Yes,Present
SYN-DM-00009,105.9,73.83,Elevated,79.76,71.41,174.01,110.58,No,Yes,Unknown
SYN-DM-00010,155.6,70.44,Controlled,65.04,97.31,153.71,120.51,No,No,Absent
SYN-DM-00011,118.7,99.08,Elevated,68.66,74.91,154.13,91.61,No,Yes,Absent
SYN-DM-00012,165.3,90.81,Unknown,60.86,89.55,166.09,85.01,Yes,Yes,Present
SYN-DM-00013,105.2,82.52,Controlled,88.65,110.61,183.04,119.15,No,Yes,Absent
SYN-DM-00014,154.2,91.12,Unknown,61.58,76.3,154.95,98.39,Yes,No,Present
SYN-DM-00015,96.0,97.5,Controlled,85.02,85.89,164.41,98.53,No,No,Absent
SYN-DM-00016,115.0,89.7,Elevated,89.92,78.69,186.68,90.61,Yes,No,Present
SYN-DM-00017,126.7,88.46,Elevated,76.16,100.58,153.51,80.5,No,No,Unknown
SYN-DM-00018,159.3,67.18,Unknown,63.5,105.37,170.4,72.29,Yes,No,Unknown
SYN-DM-00019,145.2,76.11,Unknown,79.61,110.05,170.46,77.94,No,No,Absent
SYN-DM-00020,153.0,93.09,Elevated,79.95,75.74,189.87,72.31,Yes,Yes,Absent
SYN-DM-00021,124.4,101.78,Elevated,70.72,56.69,163.0,109.29,No,Yes,Absent
SYN-DM-00022,129.6,81.63,Unknown,87.56,79.58,184.06,76.11,Yes,Yes,Absent
SYN-DM-00023,148.8,99.94,Elevated,81.32,94.88,156.44,117.82,Yes,No,Absent
SYN-DM-00024,151.7,96.24,Unknown,63.71,74.26,185.48,100.63,Yes,Yes,Present
SYN-DM-00025,150.3,73.76,Elevated,94.89,107.69,152.61,76.1,No,No,Unknown
SYN-DM-00026,116.4,93.95,Elevated,63.99,77.36,185.98,102.93,Yes,Yes,Present
SYN-DM-00027,140.7,102.56,Controlled,79.84,92.82,175.7,85.48,No,Yes,Present
SYN-DM-00028,133.3,77.5,Unknown,83.65,103.7,174.81,105.16,Yes,Yes,Absent
SYN-DM-00029,132.8,69.27,Elevated,59.9,79.3,155.3,123.81,Yes,No,Present
SYN-DM-00030,145.3,81.59,Controlled,69.0,110.11,155.25,99.99,Yes,Yes,Unknown
SYN-DM-00031,109.3,93.56,Unknown,99.87,71.49,164.11,75.9,Yes,No,Present
SYN-DM-00032,137.1,89.71,Unknown,89.62,83.86,166.91,95.39,No,Yes,Present
SYN-DM-00033,130.3,68.94,Elevated,89.86,79.8,173.06,84.2,No,No,Present
SYN-DM-00034,154.7,103.26,Controlled,66.39,73.31,165.89,84.17,Yes,No,Absent
SYN-DM-00035,114.8,77.76,Unknown,75.68,85.79,184.94,125.33,No,No,Present
SYN-DM-00036,118.3,78.91,Elevated,84.81,102.55,176.12,122.47,No,Yes,Present
SYN-DM-00037,95.4,70.87,Controlled,101.52,61.97,159.22,107.29,Yes,Yes,Unknown
SYN-DM-00038,130.0,96.6,Elevated,61.05,68.14,162.87,78.86,No,Yes,Absent
SYN-DM-00039,127.9,103.44,Elevated,67.29,112.25,189.93,110.34,No,Yes,Present
SYN-DM-00040,127.1,71.05,Unknown,99.66,96.76,162.3,72.32,Yes,No,Unknown
SYN-DM-00041,109.8,80.37,Controlled,86.62,61.13,188.52,119.18,Yes,No,Unknown
SYN-DM-00042,129.4,96.32,Controlled,74.45,103.73,175.17,87.96,No,Yes,Unknown
SYN-DM-00043,107.5,85.49,Elevated,75.23,88.93,164.21,82.28,No,No,Absent
SYN-DM-00044,109.5,101.98,Elevated,78.1,108.07,175.65,104.95,Yes,No,Present
SYN-DM-00045,115.0,78.94,Elevated,60.84,115.39,161.16,121.47,Yes,No,Present
SYN-DM-00046,120.8,82.7,Elevated,101.76,87.42,163.54,75.74,No,Yes,Present
SYN-DM-00047,179.5,100.71,Unknown,85.66,107.99,182.7,84.18,No,Yes,Absent
SYN-DM-00048,120.1,69.28,Elevated,68.03,99.24,189.15,91.8,No,No,Unknown
SYN-DM-00049,146.7,84.8,Unknown,88.54,78.73,176.17,93.5,No,Yes,Present
SYN-DM-00050,140.7,74.63,Elevated,76.37,109.02,173.05,104.9,Yes,Yes,Present
SYN-DM-00051,130.5,102.44,Controlled,58.35,88.37,185.05,79.85,Yes,Yes,Absent
SYN-DM-00052,167.3,90.59,Controlled,102.5,76.24,164.67,77.32,No,No,Present
SYN-DM-00053,140.4,90.36,Controlled,96.22,83.64,172.51,81.92,No,No,Present
SYN-DM-00054,140.7,68.66,Controlled,88.21,68.59,178.77,85.12,No,Yes,Present
SYN-DM-00055,140.7,75.38,Controlled,76.66,61.24,189.07,125.3,Yes,No,Present
SYN-DM-00056,150.0,94.78,Elevated,68.62,116.25,160.36,120.51,No,Yes,Present
SYN-DM-00057,141.4,96.3,Unknown,73.62,108.46,156.57,94.89,No,Yes,Unknown
SYN-DM-00058,136.9,94.48,Elevated,85.89,64.25,153.72,77.35,Yes,No,Unknown
SYN-DM-00059,148.4,68.89,Controlled,73.25,104.14,165.07,98.82,Yes,Yes,Absent
SYN-DM-00060,120.7,74.24,Controlled,64.95,78.39,177.72,117.11,No,Yes,Absent
SYN-DM-00061,163.3,75.21,Controlled,96.24,91.98,189.52,102.92,No,Yes,Unknown
SYN-DM-00062,94.3,78.46,Elevated,81.19,94.54,180.79,105.04,No,Yes,Absent
SYN-DM-00063,118.0,88.15,Unknown,97.88,105.68,188.57,77.49,No,No,Present
SYN-DM-00064,131.3,75.59,Unknown,91.56,98.06,182.78,101.85,Yes,No,Unknown
SYN-DM-00065,141.3,65.63,Unknown,58.83,58.85,177.45,80.66,No,No,Unknown
SYN-DM-00066,125.6,75.38,Unknown,99.32,113.44,154.24,92.63,Yes,Yes,Absent
SYN-DM-00067,119.3,103.67,Elevated,89.57,94.2,186.22,125.04,No,Yes,Unknown
SYN-DM-00068,125.1,92.25,Elevated,72.7,110.26,165.31,91.43,No,Yes,Present
SYN-DM-00069,111.5,74.03,Elevated,60.29,104.67,165.33,94.83,No,Yes,Absent
SYN-DM-00070,117.2,93.41,Unknown,88.18,82.27,166.41,124.78,Yes,Yes,Present
SYN-DM-00071,127.0,65.6,Elevated,76.25,89.42,172.42,100.93,No,Yes,Absent
SYN-DM-00072,144.0,77.58,Controlled,78.68,89.59,152.26,99.75,Yes,Yes,Absent
SYN-DM-00073,161.5,87.12,Unknown,58.21,77.45,155.66,90.17,No,Yes,Absent
SYN-DM-00074,124.4,103.91,Unknown,76.65,70.43,164.91,108.71,No,Yes,Present
SYN-DM-00075,127.7,86.36,Unknown,103.43,83.83,169.81,106.49,Yes,No,Present
SYN-DM-00076,132.0,65.0,Controlled,58.57,74.27,168.55,109.59,Yes,No,Present
SYN-DM-00077,124.1,74.69,Controlled,94.91,96.16,158.7,84.87,Yes,Yes,Unknown
SYN-DM-00078,115.4,84.41,Unknown,89.08,114.89,183.94,114.77,No,Yes,Unknown
SYN-DM-00079,128.1,88.61,Unknown,93.9,71.59,174.17,72.16,Yes,No,Unknown
SYN-DM-00080,128.7,90.05,Unknown,90.25,97.46,175.24,75.94,No,No,Present
SYN-DM-00081,115.4,98.4,Controlled,99.85,61.1,186.04,100.09,No,No,Absent
SYN-DM-00082,126.9,75.64,Unknown,98.8,69.09,186.23,110.4,Yes,Yes,Unknown
SYN-DM-00083,118.1,70.1,Unknown,72.05,107.75,176.43,103.02,No,No,Present
SYN-DM-00084,120.1,71.86,Unknown,73.09,84.76,173.63,84.82,Yes,No,Present
SYN-DM-00085,143.2,85.31,Unknown,91.14,64.57,177.22,73.23,Yes,Yes,Absent
SYN-DM-00086,116.6,94.69,Unknown,87.01,77.04,163.98,79.44,Yes,No,Unknown
SYN-DM-00087,146.6,77.91,Elevated,66.14,97.56,186.8,120.71,Yes,Yes,Absent
SYN-DM-00088,115.6,88.43,Elevated,89.97,92.3,173.62,100.21,No,No,Unknown
SYN-DM-00089,117.6,97.86,Unknown,91.81,107.02,164.45,101.56,Yes,Yes,Present
SYN-DM-00090,123.2,84.03,Unknown,89.38,112.55,175.26,75.6,No,Yes,Unknown
SYN-DM-00091,141.2,88.23,Unknown,68.67,105.1,156.52,123.01,No,Yes,Present
SYN-DM-00092,153.1,90.3,Unknown,103.22,55.38,173.38,82.34,Yes,No,Present
SYN-DM-00093,140.2,74.84,Controlled,94.41,56.45,176.63,72.88,Yes,No,Absent
SYN-DM-00094,142.5,68.95,Controlled,97.85,57.02,188.24,78.19,Yes,No,Unknown
SYN-DM-00095,140.9,90.31,Controlled,60.24,64.03,170.86,118.61,No,No,Absent
SYN-DM-00096,129.2,64.03,Unknown,92.01,67.21,162.49,76.76,No,Yes,Unknown
SYN-DM-00097,126.3,100.19,Unknown,81.9,82.09,171.26,110.05,No,Yes,Present
SYN-DM-00098,123.4,73.1,Unknown,64.93,85.1,167.91,110.44,No,Yes,Absent
SYN-DM-00099,105.4,68.49,Controlled,62.97,83.92,178.44,80.3,No,No,Unknown
SYN-DM-00100,150.6,76.47,Controlled,86.22,94.49,179.67,76.49,No,Yes,Unknown
SYN-DM-00101,124.4,77.9,Controlled,79.94,72.26,160.94,106.14,No,No,Unknown
SYN-DM-00102,142.2,89.33,Controlled,99.5,102.18,161.41,109.63,No,No,Present
SYN-DM-00103,109.0,64.27,Controlled,95.81,60.24,187.23,91.01,Yes,No,Absent
SYN-DM-00104,116.3,67.0,Elevated,64.09,111.26,154.64,86.67,No,No,Absent
SYN-DM-00105,132.5,87.93,Elevated,64.23,90.42,188.8,114.32,Yes,Yes,Unknown
SYN-DM-00106,130.9,67.41,Elevated,59.84,105.14,158.88,106.31,No,Yes,Unknown
SYN-DM-00107,112.3,95.55,Unknown,72.53,86.59,183.87,111.68,No,Yes,Absent
SYN-DM-00108,168.5,66.46,Unknown,87.44,87.61,170.23,107.86,No,Yes,Present
SYN-DM-00109,142.1,73.45,Controlled,92.22,62.53,163.09,106.3,No,No,Unknown
SYN-DM-00110,152.3,93.51,Unknown,94.12,76.15,160.87,108.06,No,Yes,Absent
SYN-DM-00111,116.7,92.67,Controlled,90.56,96.77,183.31,99.37,No,Yes,Absent
SYN-DM-00112,99.0,68.95,Unknown,87.52,67.93,174.3,115.89,No,Yes,Absent
SYN-DM-00113,135.1,64.18,Unknown,95.31,59.53,161.17,76.66,No,No,Absent
SYN-DM-00114,103.3,74.26,Elevated,87.53,102.48,174.49,118.55,No,No,Absent
SYN-DM-00115,124.0,67.42,Unknown,82.95,104.4,169.78,111.79,No,No,Present
SYN-DM-00116,124.6,91.31,Controlled,80.82,115.25,166.11,84.88,No,No,Unknown
SYN-DM-00117,105.2,91.55,Unknown,77.59,58.44,166.38,77.66,No,No,Absent
SYN-DM-00118,129.0,96.86,Elevated,102.83,109.81,187.5,97.48,Yes,Yes,Absent
SYN-DM-00119,123.6,75.62,Controlled,92.06,70.25,182.17,102.96,No,Yes,Unknown
SYN-DM-00120,139.0,77.87,Controlled,103.82,59.38,173.73,93.34,No,Yes,Present
SYN-DM-00121,126.3,88.69,Controlled,74.85,99.02,181.66,80.93,Yes,Yes,Present
SYN-DM-00122,152.0,88.84,Controlled,89.52,88.33,173.22,114.13,No,No,Present
SYN-DM-00123,155.3,97.33,Elevated,80.55,90.24,169.11,114.13,Yes,Yes,Present
SYN-DM-00124,141.6,91.38,Elevated,102.7,100.14,168.83,91.45,No,Yes,Absent
SYN-DM-00125,99.3,101.77,Controlled,90.38,114.05,166.47,87.81,Yes,Yes,Absent
SYN-DM-00126,141.1,92.63,Unknown,100.26,92.43,162.85,73.16,Yes,Yes,Absent
SYN-DM-00127,136.2,94.85,Unknown,63.98,82.34,154.45,107.63,Yes,Yes,Unknown
SYN-DM-00128,97.7,74.87,Elevated,77.82,76.04,180.69,94.6,Yes,No,Present
SYN-DM-00129,131.1,83.1,Unknown,78.26,70.29,189.85,105.71,No,Yes,Unknown
SYN-DM-00130,102.8,99.61,Unknown,66.62,57.52,184.98,86.82,Yes,Yes,Present
SYN-DM-00131,110.6,85.91,Controlled,78.26,76.83,182.05,113.62,Yes,Yes,Absent
SYN-DM-00132,117.9,99.49,Controlled,76.07,88.53,182.58,100.99,Yes,Yes,Present
SYN-DM-00133,117.8,94.58,Controlled,103.58,97.68,184.6,81.28,No,No,Absent
SYN-DM-00134,114.6,90.73,Elevated,58.65,66.17,189.68,88.92,No,No,Absent
SYN-DM-00135,139.3,66.59,Controlled,60.28,62.01,181.86,109.94,Yes,Yes,Absent
SYN-DM-00136,108.5,67.07,Elevated,71.95,82.8,174.02,99.53,Yes,No,Absent
SYN-DM-00137,152.8,99.97,Elevated,97.88,71.11,178.44,90.09,No,No,Present
SYN-DM-00138,133.7,84.08,Unknown,92.23,69.28,159.38,106.59,Yes,No,Absent
SYN-DM-00139,139.5,73.01,Elevated,87.93,112.95,160.08,90.1,No,Yes,Present
SYN-DM-00140,127.8,98.12,Elevated,73.81,114.05,154.93,119.9,Yes,No,Unknown
SYN-DM-00141,139.1,87.21,Elevated,75.66,74.68,156.74,106.17,Yes,No,Present
SYN-DM-00142,137.9,95.45,Elevated,103.06,58.08,172.66,75.96,No,No,Unknown
SYN-DM-00143,121.4,86.94,Controlled,83.52,87.88,178.79,87.6,Yes,Yes,Absent
SYN-DM-00144,111.6,68.99,Elevated,96.76,78.58,162.93,121.13,No,Yes,Absent
SYN-DM-00145,128.8,89.06,Elevated,81.18,78.13,165.71,101.3,No,Yes,Unknown
SYN-DM-00146,134.0,70.82,Elevated,69.87,65.86,159.48,106.65,Yes,Yes,Absent
SYN-DM-00147,93.8,85.36,Controlled,83.39,95.15,161.94,83.41,Yes,No,Unknown
SYN-DM-00148,160.9,76.31,Unknown,69.46,113.66,185.86,101.83,Yes,Yes,Absent
SYN-DM-00149,96.4,82.01,Controlled,93.47,83.58,177.11,82.8,Yes,Yes,Unknown
SYN-DM-00150,140.9,65.02,Elevated,100.81,68.84,183.65,102.94,No,No,Present
SYN-DM-00151,102.5,86.08,Controlled,103.04,100.78,165.98,81.4,Yes,Yes,Unknown
SYN-DM-00152,118.0,71.03,Controlled,67.91,115.41,161.52,111.47,No,Yes,Unknown
SYN-DM-00153,136.8,64.26,Unknown,58.89,85.14,168.42,108.43,No,Yes,Unknown
SYN-DM-00154,147.3,68.86,Controlled,87.97,58.53,161.79,72.11,No,No,Present
SYN-DM-00155,153.8,103.87,Controlled,78.49,68.04,186.1,115.25,No,Yes,Absent
SYN-DM-00156,130.0,79.65,Unknown,85.27,58.79,169.46,84.53,No,Yes,Unknown
SYN-DM-00157,110.2,79.22,Unknown,76.84,78.73,159.67,104.15,Yes,No,Present
SYN-DM-00158,118.6,91.57,Elevated,98.44,78.06,176.27,106.63,Yes,Yes,Absent
SYN-DM-00159,131.6,79.51,Unknown,83.79,116.82,178.44,72.77,Yes,Yes,Unknown
SYN-DM-00160,99.7,76.17,Controlled,100.66,110.43,187.36,106.13,No,No,Unknown
SYN-DM-00161,151.3,102.39,Elevated,84.35,111.71,153.18,74.89,Yes,No,Present
SYN-DM-00162,142.1,79.36,Controlled,79.36,87.96,178.13,76.67,Yes,Yes,Unknown
SYN-DM-00163,125.0,92.16,Elevated,95.65,83.7,170.75,119.85,Yes,Yes,Unknown
SYN-DM-00164,159.1,100.44,Controlled,94.0,64.87,182.91,88.75,Yes,Yes,Unknown
SYN-DM-00165,137.0,71.62,Elevated,77.37,64.03,181.06,123.61,No,Yes,Unknown
SYN-DM-00166,134.1,89.89,Controlled,76.83,60.46,163.91,76.3,Yes,Yes,Absent
SYN-DM-00167,134.5,75.44,Unknown,83.58,79.13,156.78,111.98,No,Yes,Unknown
SYN-DM-00168,98.2,95.37,Controlled,79.68,75.65,158.92,73.52,Yes,Yes,Unknown
SYN-DM-00169,115.6,98.61,Elevated,84.61,85.08,175.99,99.25,No,Yes,Unknown
SYN-DM-00170,105.9,72.02,Elevated,70.58,80.82,184.25,122.88,Yes,Yes,Present
SYN-DM-00171,135.6,79.84,Unknown,60.66,75.8,187.09,74.91,Yes,Yes,Absent
SYN-DM-00172,133.6,66.98,Unknown,82.47,85.3,179.69,72.78,No,No,Present
SYN-DM-00173,100.2,89.3,Elevated,90.49,59.71,180.36,77.49,Yes,No,Unknown
SYN-DM-00174,137.8,76.42,Elevated,99.67,58.55,163.96,90.32,No,Yes,Unknown
SYN-DM-00175,149.4,102.59,Unknown,103.98,116.85,187.23,113.69,No,Yes,Present
SYN-DM-00176,118.8,66.31,Controlled,84.05,87.6,170.66,76.82,Yes,No,Unknown
SYN-DM-00177,144.0,77.03,Elevated,101.3,71.95,181.86,125.89,No,Yes,Present
SYN-DM-00178,128.6,94.17,Elevated,92.58,93.98,173.7,97.13,Yes,Yes,Present
SYN-DM-00179,160.5,70.72,Unknown,59.65,59.79,173.27,113.69,No,No,Absent
SYN-DM-00180,105.9,95.23,Elevated,81.28,111.84,156.31,92.61,No,Yes,Unknown
SYN-DM-00181,136.2,82.06,Elevated,62.75,111.7,189.03,94.05,No,Yes,Unknown
SYN-DM-00182,133.2,74.13,Controlled,79.2,66.08,176.44,74.22,No,No,Present
SYN-DM-00183,143.8,80.95,Unknown,90.16,75.61,180.84,122.95,No,No,Absent
SYN-DM-00184,166.7,75.32,Elevated,71.9,117.97,186.38,72.19,Yes,Yes,Unknown
SYN-DM-00185,146.4,90.7,Unknown,91.64,57.2,157.08,76.35,Yes,Yes,Absent
SYN-DM-00186,137.5,83.0,Elevated,78.56,105.39,176.04,83.72,No,Yes,Absent
SYN-DM-00187,152.8,96.88,Unknown,89.7,75.75,183.1,93.47,No,Yes,Present
SYN-DM-00188,136.0,79.81,Elevated,99.16,79.96,158.52,89.86,No,No,Absent
SYN-DM-00189,116.2,71.65,Elevated,69.72,104.37,154.63,115.32,No,No,Unknown
SYN-DM-00190,117.5,86.58,Elevated,65.86,105.68,173.28,87.68,No,No,Absent
SYN-DM-00191,131.8,94.28,Unknown,59.36,95.92,155.45,125.36,No,Yes,Unknown
SYN-DM-00192,179.7,102.91,Controlled,63.38,95.18,172.81,100.29,No,Yes,Present
SYN-DM-00193,143.0,71.41,Controlled,60.46,96.02,188.43,105.15,Yes,Yes,Absent
SYN-DM-00194,138.8,91.24,Unknown,103.81,62.25,167.04,110.58,No,Yes,Present
SYN-DM-00195,132.7,75.29,Controlled,66.52,91.41,172.89,82.81,Yes,Yes,Unknown
SYN-DM-00196,143.8,74.35,Unknown,85.11,117.01,161.97,94.39,Yes,Yes,Unknown
SYN-DM-00197,140.3,97.0,Unknown,100.01,94.12,182.69,123.18,Yes,No,Absent
SYN-DM-00198,144.1,82.72,Elevated,63.0,108.07,160.42,81.55,No,No,Absent
SYN-DM-00199,117.0,92.21,Unknown,77.72,71.73,189.12,101.44,No,No,Present
SYN-DM-00200,163.5,95.2,Unknown,78.41,97.99,185.41,82.01,Yes,Yes,Present
SYN-DM-00201,123.9,92.2,Unknown,69.26,69.83,162.45,79.29,No,Yes,Absent
SYN-DM-00202,119.6,65.46,Unknown,79.11,61.73,180.29,93.11,No,Yes,Absent
SYN-DM-00203,144.7,88.22,Controlled,84.97,101.9,180.04,120.49,No,No,Present
SYN-DM-00204,148.3,90.89,Unknown,79.43,78.69,154.64,114.58,Yes,Yes,Absent
SYN-DM-00205,138.6,85.84,Unknown,94.87,111.89,165.98,75.35,No,Yes,Present
SYN-DM-00206,137.0,75.76,Elevated,102.68,71.79,167.99,75.94,Yes,Yes,Present
SYN-DM-00207,113.0,70.02,Elevated,90.52,79.77,166.4,105.63,No,No,Unknown
SYN-DM-00208,158.8,85.5,Unknown,84.7,111.37,189.6,89.41,Yes,Yes,Unknown
SYN-DM-00209,124.8,90.08,Elevated,83.65,68.23,153.91,124.35,Yes,No,Unknown
SYN-DM-00210,107.9,88.24,Elevated,99.75,108.47,188.81,73.79,No,Yes,Unknown
SYN-DM-00211,150.5,79.87,Elevated,81.02,98.38,185.17,106.55,Yes,No,Present
SYN-DM-00212,108.4,89.61,Controlled,82.1,73.91,168.62,118.94,No,No,Absent
SYN-DM-00213,141.3,94.93,Elevated,90.5,102.13,187.2,117.15,Yes,Yes,Unknown
SYN-DM-00214,190,76.53,Controlled,100.02,86.38,174.73,98.42,No,Yes,Absent
SYN-DM-00215,131.2,100.43,Unknown,102.57,113.24,170.54,119.55,Yes,No,Unknown
SYN-DM-00216,133.1,70.15,Unknown,79.92,113.29,189.13,78.21,No,Yes,Unknown
SYN-DM-00217,115.1,91.2,Unknown,69.15,93.16,189.16,105.61,Yes,No,Present
SYN-DM-00218,162.3,65.28,Unknown,79.7,76.51,179.81,85.58,No,No,Unknown
SYN-DM-00219,116.7,78.18,Elevated,59.69,73.64,168.28,120.64,Yes,No,Absent
SYN-DM-00220,136.0,69.55,Controlled,67.05,69.21,152.53,96.56,Yes,No,Unknown
SYN-DM-00221,106.4,79.58,Unknown,76.49,58.12,188.95,86.59,No,Yes,Present
SYN-DM-00222,130.3,102.42,Unknown,98.41,78.21,189.24,84.97,Yes,Yes,Absent
SYN-DM-00223,135.8,84.01,Controlled,81.72,84.21,186.45,120.22,No,No,Present
SYN-DM-00224,148.5,92.99,Elevated,91.82,94.74,156.87,83.54,No,Yes,Absent
SYN-DM-00225,138.4,96.91,Elevated,63.29,103.29,186.74,93.17,No,Yes,Absent
SYN-DM-00226,146.2,79.25,Unknown,75.94,115.64,164.05,109.18,Yes,Yes,Absent
SYN-DM-00227,132.7,78.74,Controlled,90.03,100.33,178.93,110.15,Yes,No,Absent
SYN-DM-00228,165.8,101.62,Elevated,92.13,94.11,158.52,121.17,No,Yes,Unknown
SYN-DM-00229,109.1,72.24,Unknown,94.28,110.07,184.39,102.51,No,Yes,Unknown
SYN-DM-00230,139.3,87.21,Unknown,80.25,85.81,184.65,82.57,Yes,No,Absent
SYN-DM-00231,135.2,97.98,Elevated,98.28,65.84,157.46,124.78,Yes,No,Absent
SYN-DM-00232,126.2,66.52,Unknown,71.45,55.25,156.94,75.05,Yes,Yes,Absent
SYN-DM-00233,123.6,73.35,Unknown,100.99,72.21,167.06,118.47,No,No,Unknown
SYN-DM-00234,138.0,89.79,Controlled,74.63,110.04,162.86,125.63,Yes,Yes,Present
SYN-DM-00235,129.8,87.24,Controlled,87.11,73.23,154.83,110.5,No,Yes,Absent
SYN-DM-00236,152.0,89.92,Unknown,70.19,99.71,175.4,109.71,No,No,Present
SYN-DM-00237,112.6,91.14,Elevated,101.38,82.73,175.75,112.49,Yes,Yes,Absent
SYN-DM-00238,103.8,77.83,Controlled,72.31,115.91,161.27,119.58,No,Yes,Absent
SYN-DM-00239,96.5,95.42,Unknown,60.0,96.97,158.38,110.48,Yes,No,Present
SYN-DM-00240,100.3,65.81,Unknown,74.03,99.31,189.75,110.66,No,No,Unknown
SYN-DM-00241,131.3,80.16,Unknown,70.7,85.41,179.24,108.91,Yes,No,Unknown
SYN-DM-00242,142.6,66.79,Controlled,64.81,63.32,177.91,97.48,No,No,Unknown
SYN-DM-00243,136.9,69.68,Unknown,68.47,77.64,162.62,85.19,No,No,Absent
SYN-DM-00244,124.4,79.44,Controlled,96.95,109.81,152.16,104.6,Yes,No,Present
SYN-DM-00245,119.2,64.49,Elevated,85.27,99.65,164.18,75.0,Yes,No,Absent
SYN-DM-00246,160.4,82.63,Unknown,63.44,87.63,187.15,119.69,Yes,No,Present
SYN-DM-00247,98.6,79.92,Elevated,58.71,58.07,186.66,119.19,No,No,Unknown
SYN-DM-00248,152.1,82.43,Elevated,91.67,60.4,157.77,87.96,Yes,Yes,Absent
SYN-DM-00249,106.2,83.14,Controlled,86.81,113.95,188.5,82.89,Yes,Yes,Present
SYN-DM-00250,139.0,96.32,Controlled,70.68,63.69,169.84,116.36,No,Yes,Absent
SYN-DM-00251,110.1,75.95,Elevated,79.15,55.72,175.17,118.42,No,Yes,Unknown
SYN-DM-00252,122.4,80.82,Elevated,90.7,94.64,188.88,74.08,No,No,Unknown
SYN-DM-00253,137.1,78.53,Elevated,97.55,72.53,152.44,83.49,No,No,Absent
SYN-DM-00254,115.5,93.17,Controlled,63.16,87.71,182.25,87.6,Yes,Yes,Present
SYN-DM-00255,122.7,83.65,Elevated,96.8,61.72,168.59,99.6,No,Yes,Present
SYN-DM-00256,161.6,64.82,Unknown,97.03,92.26,174.51,118.12,Yes,Yes,Present
SYN-DM-00257,137.6,103.15,Controlled,102.72,73.23,177.39,92.41,No,Yes,Unknown
SYN-DM-00258,115.0,98.34,Controlled,90.17,115.0,188.71,108.38,No,No,Present
SYN-DM-00259,143.9,88.06,Elevated,77.18,91.39,179.85,106.06,No,No,Present
SYN-DM-00260,134.9,103.45,Controlled,75.85,91.13,176.71,73.0,No,No,Unknown
SYN-DM-00261,90,92.91,Elevated,59.08,80.08,175.7,118.86,No,Yes,Absent
SYN-DM-00262,138.3,91.53,Controlled,77.31,112.28,171.96,123.34,No,Yes,Unknown
SYN-DM-00263,150.5,67.38,Elevated,87.77,114.57,179.04,89.29,Yes,Yes,Absent
SYN-DM-00264,139.6,74.91,Controlled,99.7,74.71,189.22,95.42,No,No,Absent
SYN-DM-00265,148.0,85.22,Elevated,76.72,71.54,165.76,103.73,Yes,No,Absent
SYN-DM-00266,129.1,101.5,Controlled,96.99,111.56,182.73,83.9,No,No,Present
SYN-DM-00267,174.1,81.1,Elevated,60.83,63.79,179.08,75.06,No,Yes,Unknown
SYN-DM-00268,137.3,72.12,Controlled,62.49,57.25,187.24,83.39,No,Yes,Absent
SYN-DM-00269,149.9,97.34,Controlled,61.56,69.81,181.35,85.74,Yes,Yes,Absent
SYN-DM-00270,125.9,75.65,Controlled,61.95,111.58,165.4,104.11,No,No,Present
SYN-DM-00271,108.6,91.96,Unknown,62.86,110.92,160.72,80.86,No,No,Absent
SYN-DM-00272,141.0,87.94,Unknown,88.83,61.05,167.57,104.31,No,Yes,Present
SYN-DM-00273,122.0,90.99,Elevated,80.44,66.88,176.59,103.53,Yes,Yes,Absent
SYN-DM-00274,109.9,83.29,Controlled,64.37,85.36,188.64,72.9,No,Yes,Unknown
SYN-DM-00275,112.3,91.66,Controlled,101.9,97.2,175.41,113.75,No,Yes,Absent
SYN-DM-00276,143.8,94.59,Unknown,60.64,92.15,153.1,112.61,No,Yes,Absent
SYN-DM-00277,90,71.02,Unknown,100.94,113.86,157.14,90.77,Yes,No,Unknown
SYN-DM-00278,120.3,88.88,Controlled,63.49,92.13,173.88,118.61,No,Yes,Unknown
SYN-DM-00279,145.9,71.25,Unknown,86.64,109.6,164.12,120.19,No,Yes,Unknown
SYN-DM-00280,103.8,91.28,Controlled,96.76,67.78,171.75,90.61,Yes,Yes,Unknown
SYN-DM-00281,97.0,102.16,Unknown,58.15,81.05,180.05,75.88,Yes,Yes,Unknown
SYN-DM-00282,115.6,86.22,Elevated,94.7,78.65,160.6,81.59,Yes,No,Absent
SYN-DM-00283,152.4,90.48,Elevated,87.18,70.38,168.76,100.14,Yes,No,Absent
SYN-DM-00284,125.3,89.66,Elevated,94.4,63.62,178.75,114.06,Yes,No,Present
SYN-DM-00285,130.7,82.69,Elevated,74.49,62.35,175.0,124.14,No,Yes,Present
SYN-DM-00286,141.5,71.19,Unknown,85.73,95.82,179.11,105.49,No,Yes,Unknown
SYN-DM-00287,112.8,71.13,Elevated,75.55,62.56,152.19,91.52,Yes,No,Absent
SYN-DM-00288,123.7,88.1,Unknown,103.97,92.38,165.34,82.94,No,Yes,Absent
SYN-DM-00289,126.9,81.55,Controlled,99.14,112.17,168.7,123.18,No,No,Unknown
SYN-DM-00290,128.0,92.61,Unknown,83.35,79.82,179.23,118.68,Yes,No,Absent
SYN-DM-00291,128.5,67.16,Controlled,72.07,73.39,183.3,103.31,Yes,No,Unknown
SYN-DM-00292,125.2,66.82,Unknown,84.88,105.22,187.48,125.05,Yes,No,Present
SYN-DM-00293,114.6,96.33,Elevated,73.04,93.02,183.47,82.02,Yes,Yes,Unknown
SYN-DM-00294,106.8,90.27,Controlled,63.69,63.45,158.43,111.19,Yes,No,Absent
SYN-DM-00295,138.3,85.34,Elevated,80.1,96.07,188.31,97.81,Yes,No,Absent
SYN-DM-00296,132.1,102.46,Unknown,67.62,114.37,163.28,96.11,No,Yes,Absent
SYN-DM-00297,144.9,95.48,Unknown,101.03,71.99,169.8,81.54,Yes,No,Unknown
SYN-DM-00298,126.3,75.6,Unknown,77.49,80.8,162.67,116.95,No,No,Unknown
SYN-DM-00299,115.6,96.95,Elevated,86.68,96.08,158.49,84.22,Yes,Yes,Present
SYN-DM-00300,155.2,88.94,Unknown,85.67,63.33,177.31,107.75,Yes,Yes,Present
SYN-DM-00301,115.2,88.39,Elevated,85.86,98.4,169.21,86.39,Yes,No,Present
SYN-DM-00302,117.8,82.26,Controlled,83.45,70.97,176.95,75.57,Yes,No,Absent
SYN-DM-00303,118.4,84.08,Unknown,100.02,57.91,155.88,108.63,No,Yes,Absent
SYN-DM-00304,161.4,72.55,Unknown,95.34,102.67,178.63,112.24,Yes,Yes,Present
SYN-DM-00305,172.0,89.35,Controlled,67.35,68.08,170.58,105.92,No,No,Present
SYN-DM-00306,154.4,65.23,Elevated,62.12,86.78,167.13,77.01,Yes,Yes,Unknown
SYN-DM-00307,119.6,78.06,Elevated,96.18,88.84,189.37,115.89,Yes,No,Unknown
SYN-DM-00308,144.7,76.76,Elevated,97.37,54.54,188.52,84.11,No,Yes,Present
SYN-DM-00309,106.4,75.53,Controlled,98.28,114.68,185.47,118.75,No,No,Absent
SYN-DM-00310,122.3,66.38,Unknown,77.58,113.58,188.82,93.42,Yes,No,Absent
SYN-DM-00311,156.7,100.85,Unknown,68.17,68.56,169.05,125.88,No,No,Absent
SYN-DM-00312,107.7,83.22,Controlled,88.27,71.95,153.54,109.06,No,No,Unknown
SYN-DM-00313,125.6,69.6,Elevated,85.99,116.56,176.22,75.09,No,No,Unknown
SYN-DM-00314,110.5,96.62,Elevated,59.47,82.51,167.73,85.11,Yes,No,Absent
SYN-DM-00315,154.8,88.69,Unknown,64.4,63.92,167.84,124.42,Yes,Yes,Present
SYN-DM-00316,162.4,102.68,Unknown,73.52,95.62,154.62,79.42,No,Yes,Unknown
SYN-DM-00317,133.0,78.52,Elevated,68.56,108.52,160.86,106.93,No,No,Absent
SYN-DM-00318,129.2,103.5,Elevated,71.6,100.04,163.55,111.46,No,No,Absent
SYN-DM-00319,119.7,80.7,Elevated,70.75,94.22,183.38,125.19,No,No,Absent
SYN-DM-00320,125.1,82.34,Unknown,100.35,73.1,161.53,79.36,Yes,No,Present
SYN-DM-00321,115.8,100.35,Unknown,72.67,58.28,165.55,83.34,Yes,Yes,Present
SYN-DM-00322,90,74.78,Controlled,60.64,109.33,161.5,74.35,Yes,Yes,Present
SYN-DM-00323,113.6,78.27,Unknown,68.27,113.23,186.78,74.64,No,Yes,Absent
SYN-DM-00324,148.2,66.96,Controlled,63.63,89.13,171.03,99.99,Yes,No,Absent
SYN-DM-00325,142.8,70.11,Unknown,90.47,107.17,186.34,115.41,Yes,No,Unknown
SYN-DM-00326,156.8,83.24,Unknown,63.09,108.24,167.23,80.02,Yes,Yes,Absent
SYN-DM-00327,136.3,66.59,Elevated,66.43,106.98,186.85,110.81,No,Yes,Present
SYN-DM-00328,151.9,103.45,Unknown,88.92,67.42,177.64,109.49,No,Yes,Absent
SYN-DM-00329,109.2,64.59,Elevated,65.95,91.28,169.59,116.54,Yes,No,Unknown
SYN-DM-00330,140.1,99.17,Controlled,69.28,87.75,177.46,122.24,No,No,Unknown
SYN-DM-00331,119.5,75.0,Elevated,98.49,69.36,176.69,124.0,No,No,Present
SYN-DM-00332,176.0,69.9,Unknown,90.03,101.43,171.25,83.41,No,No,Unknown
SYN-DM-00333,90,76.76,Unknown,75.06,113.64,165.13,115.61,No,Yes,Present
SYN-DM-00334,124.1,95.21,Elevated,58.71,79.13,157.45,83.13,No,Yes,Unknown
SYN-DM-00335,95.8,74.07,Elevated,79.82,90.67,163.64,90.45,No,Yes,Absent
SYN-DM-00336,115.2,95.22,Unknown,65.31,67.55,177.28,123.26,Yes,Yes,Absent
SYN-DM-00337,126.9,100.09,Elevated,62.6,89.11,157.77,120.99,No,Yes,Unknown
SYN-DM-00338,139.6,80.48,Elevated,68.78,81.75,172.62,83.89,Yes,No,Present
SYN-DM-00339,145.6,85.62,Controlled,98.55,89.59,183.73,97.76,Yes,Yes,Unknown
SYN-DM-00340,104.3,76.34,Controlled,93.68,99.03,181.62,104.48,Yes,No,Absent
SYN-DM-00341,157.5,87.9,Unknown,67.44,57.97,155.56,103.18,No,Yes,Absent
SYN-DM-00342,131.3,73.5,Controlled,71.54,68.89,161.29,98.97,Yes,Yes,Unknown
SYN-DM-00343,131.5,86.63,Unknown,94.68,67.89,169.74,90.93,No,No,Present
SYN-DM-00344,128.0,97.77,Unknown,69.79,113.88,173.35,83.29,No,Yes,Present
SYN-DM-00345,125.2,81.97,Controlled,88.56,109.37,175.1,78.77,No,Yes,Unknown
SYN-DM-00346,130.8,69.03,Controlled,58.54,98.02,179.89,98.38,No,No,Present
SYN-DM-00347,152.2,91.5,Elevated,101.35,83.32,170.47,89.47,Yes,Yes,Present
SYN-DM-00348,102.8,85.82,Controlled,82.73,115.67,175.94,83.96,Yes,Yes,Absent
SYN-DM-00349,134.5,92.04,Unknown,98.32,93.55,189.25,106.73,No,No,Unknown
SYN-DM-00350,111.4,91.45,Elevated,91.61,105.01,171.44,91.28,Yes,No,Absent
SYN-DM-00351,121.3,67.75,Unknown,67.96,99.43,179.98,94.84,No,No,Present
SYN-DM-00352,128.9,94.77,Unknown,90.85,57.72,186.85,106.43,Yes,Yes,Unknown
SYN-DM-00353,143.5,75.56,Elevated,63.38,101.82,171.63,84.84,No,No,Absent
SYN-DM-00354,107.5,72.19,Elevated,77.79,103.33,181.66,103.19,Yes,Yes,Unknown
SYN-DM-00355,126.6,74.35,Controlled,65.06,117.61,157.09,125.08,Yes,Yes,Present
SYN-DM-00356,171.8,66.98,Elevated,93.39,63.95,177.3,95.87,No,Yes,Absent
SYN-DM-00357,187.5,76.5,Unknown,58.77,72.83,170.15,119.29,No,Yes,Unknown
SYN-DM-00358,121.8,84.22,Elevated,65.73,105.56,161.09,79.3,No,No,Unknown
SYN-DM-00359,147.0,88.5,Elevated,70.47,94.69,187.42,74.0,No,Yes,Unknown
SYN-DM-00360,152.6,95.57,Controlled,100.05,80.44,166.9,124.94,Yes,Yes,Present
SYN-DM-00361,122.8,70.09,Elevated,61.73,56.35,153.35,107.93,Yes,No,Unknown
SYN-DM-00362,114.7,65.99,Controlled,84.49,60.23,181.12,107.75,Yes,Yes,Absent
SYN-DM-00363,121.9,101.26,Controlled,98.06,102.28,156.95,80.48,Yes,Yes,Present
SYN-DM-00364,119.7,87.55,Controlled,98.59,63.8,177.1,118.16,No,No,Present
SYN-DM-00365,145.1,74.04,Unknown,102.93,87.11,189.98,95.08,Yes,Yes,Unknown
SYN-DM-00366,122.7,93.01,Unknown,68.47,100.38,174.04,100.55,Yes,No,Unknown
SYN-DM-00367,104.5,99.3,Controlled,100.55,75.68,171.1,104.54,Yes,Yes,Absent
SYN-DM-00368,114.2,92.18,Elevated,89.07,87.26,189.68,119.26,No,No,Unknown
SYN-DM-00369,136.4,70.75,Unknown,69.05,109.54,183.58,109.76,Yes,No,Unknown
SYN-DM-00370,143.7,90.16,Elevated,61.44,54.91,171.69,80.26,No,No,Unknown
SYN-DM-00371,153.5,94.88,Unknown,58.9,90.96,188.5,108.53,Yes,No,Absent
SYN-DM-00372,147.0,86.46,Unknown,76.03,102.46,161.67,111.21,No,Yes,Unknown
SYN-DM-00373,156.6,91.01,Elevated,88.65,55.39,183.82,103.53,No,No,Present
SYN-DM-00374,137.2,68.7,Elevated,77.14,71.14,174.13,96.71,No,Yes,Absent
SYN-DM-00375,116.2,72.02,Controlled,77.68,60.56,157.5,84.31,No,No,Absent
SYN-DM-00376,105.7,79.89,Elevated,84.52,76.33,160.34,92.75,Yes,No,Absent
SYN-DM-00377,165.4,82.91,Unknown,99.1,58.95,177.05,122.12,Yes,Yes,Present
SYN-DM-00378,140.3,77.15,Unknown,61.98,88.81,164.03,80.51,Yes,Yes,Present
SYN-DM-00379,164.0,92.31,Unknown,94.17,83.37,162.71,97.27,Yes,Yes,Present
SYN-DM-00380,140.5,97.51,Unknown,68.54,93.96,179.12,76.99,No,Yes,Unknown
SYN-DM-00381,123.2,102.16,Unknown,79.35,61.89,187.12,77.45,Yes,Yes,Present
SYN-DM-00382,143.4,85.23,Unknown,91.35,90.63,179.38,120.64,No,Yes,Unknown
SYN-DM-00383,115.0,88.27,Controlled,74.41,99.2,172.98,103.61,Yes,Yes,Present
SYN-DM-00384,153.2,69.81,Controlled,62.61,91.96,174.73,97.04,No,No,Unknown
SYN-DM-00385,135.6,102.99,Unknown,61.53,69.48,175.16,108.03,No,Yes,Absent
SYN-DM-00386,122.1,72.27,Unknown,86.75,93.59,183.98,120.55,No,Yes,Unknown
SYN-DM-00387,118.7,92.89,Unknown,82.74,107.21,184.64,114.76,No,No,Present
SYN-DM-00388,120.6,88.32,Controlled,97.36,90.32,170.88,84.63,Yes,No,Present
SYN-DM-00389,104.0,70.55,Elevated,84.09,73.66,155.62,84.11,No,Yes,Absent
SYN-DM-00390,171.6,94.97,Unknown,92.46,68.86,160.84,104.74,No,No,Absent
SYN-DM-00391,108.9,77.16,Controlled,73.0,97.13,155.77,116.05,No,No,Absent
SYN-DM-00392,128.1,103.75,Elevated,86.66,91.39,188.93,91.17,No,No,Absent
SYN-DM-00393,90,68.37,Controlled,61.61,110.21,157.44,90.06,Yes,Yes,Absent
SYN-DM-00394,127.1,68.23,Controlled,100.45,86.73,169.86,91.34,No,Yes,Unknown
SYN-DM-00395,171.1,103.68,Unknown,86.53,64.44,167.98,89.56,Yes,No,Unknown
SYN-DM-00396,130.7,65.53,Controlled,78.12,66.37,166.94,125.67,Yes,No,Present
SYN-DM-00397,104.8,91.83,Unknown,86.52,104.39,185.86,78.5,No,No,Absent
SYN-DM-00398,111.2,98.8,Controlled,93.4,110.84,187.19,109.75,Yes,Yes,Present
SYN-DM-00399,141.0,81.26,Controlled,58.97,55.48,161.91,119.8,Yes,Yes,Unknown
SYN-DM-00400,91.8,101.46,Controlled,91.5,69.25,166.93,114.5,Yes,No,Unknown
SYN-DM-00401,146.2,95.24,Controlled,103.73,68.69,166.23,93.43,Yes,Yes,Unknown
SYN-DM-00402,124.7,68.39,Elevated,76.92,64.74,184.87,121.11,No,No,Absent
SYN-DM-00403,172.7,100.36,Controlled,95.42,63.91,161.65,108.74,Yes,No,Unknown
SYN-DM-00404,145.4,89.44,Elevated,99.47,106.85,184.15,91.99,No,Yes,Unknown
SYN-DM-00405,101.2,90.67,Unknown,102.8,81.67,155.64,72.39,No,Yes,Present
SYN-DM-00406,136.1,81.77,Unknown,87.3,98.68,177.24,93.21,Yes,Yes,Absent
SYN-DM-00407,101.8,81.35,Elevated,69.51,94.41,168.12,109.93,No,Yes,Present
SYN-DM-00408,137.9,67.13,Unknown,93.7,64.56,158.22,90.39,No,No,Absent
SYN-DM-00409,131.4,102.86,Elevated,92.35,63.25,182.0,105.85,No,No,Unknown
SYN-DM-00410,112.3,67.23,Controlled,61.87,85.71,182.19,81.81,Yes,No,Present
SYN-DM-00411,106.5,67.11,Controlled,60.31,82.17,152.78,72.09,No,No,Unknown
SYN-DM-00412,131.3,85.45,Elevated,100.4,104.16,171.66,120.8,Yes,Yes,Absent
SYN-DM-00413,122.4,96.46,Elevated,68.02,107.64,177.98,120.16,No,No,Present
SYN-DM-00414,133.6,87.94,Unknown,88.06,102.43,162.65,74.74,No,No,Present
SYN-DM-00415,90,64.44,Controlled,92.94,114.91,161.28,87.19,Yes,Yes,Absent
SYN-DM-00416,100.7,100.82,Unknown,74.26,86.7,157.87,116.47,No,Yes,Unknown
SYN-DM-00417,117.9,80.38,Unknown,97.52,112.03,185.48,118.4,No,No,Unknown
SYN-DM-00418,104.8,96.89,Unknown,81.38,92.19,168.89,77.75,No,No,Absent
SYN-DM-00419,104.3,91.61,Controlled,77.78,58.25,179.67,124.1,Yes,Yes,Present
SYN-DM-00420,106.0,90.16,Unknown,62.88,117.57,155.85,111.45,Yes,No,Absent
SYN-DM-00421,126.2,88.43,Elevated,74.09,67.5,181.37,105.88,Yes,No,Unknown
SYN-DM-00422,132.3,93.28,Controlled,84.94,102.97,165.2,110.85,Yes,No,Unknown
SYN-DM-00423,152.7,97.21,Unknown,66.46,99.79,170.85,104.57,No,Yes,Absent
SYN-DM-00424,108.2,86.28,Controlled,82.52,72.46,167.79,100.58,Yes,No,Absent
SYN-DM-00425,110.0,66.8,Unknown,88.5,54.49,162.24,86.46,No,Yes,Unknown
SYN-DM-00426,126.7,97.18,Controlled,90.47,114.65,154.24,116.75,Yes,Yes,Present
SYN-DM-00427,106.6,96.36,Controlled,102.36,56.72,180.35,106.75,No,Yes,Absent
SYN-DM-00428,122.8,100.77,Unknown,99.62,78.46,158.25,106.02,Yes,Yes,Unknown
SYN-DM-00429,137.3,88.66,Elevated,68.07,116.95,161.87,123.44,No,No,Present
SYN-DM-00430,126.3,101.2,Unknown,84.81,100.58,152.25,111.63,Yes,Yes,Present
SYN-DM-00431,107.2,82.59,Unknown,74.45,87.36,155.62,109.87,No,No,Absent
SYN-DM-00432,123.4,96.21,Elevated,79.88,95.15,152.92,106.98,No,No,Absent
SYN-DM-00433,137.3,64.57,Unknown,87.67,71.99,152.99,91.17,No,Yes,Unknown
SYN-DM-00434,167.4,100.62,Unknown,89.58,114.15,169.42,101.47,Yes,No,Absent
SYN-DM-00435,135.0,93.5,Unknown,71.58,92.46,180.99,93.31,No,No,Unknown
SYN-DM-00436,141.3,73.84,Controlled,95.06,97.09,160.21,93.0,No,No,Present
SYN-DM-00437,127.4,65.3,Elevated,103.11,106.96,189.27,98.01,Yes,Yes,Unknown
SYN-DM-00438,161.6,75.05,Controlled,60.75,65.24,167.69,86.7,Yes,No,Unknown
SYN-DM-00439,122.2,101.21,Unknown,103.59,99.74,182.17,93.43,No,Yes,Present
SYN-DM-00440,127.1,100.11,Elevated,58.15,79.27,187.15,98.7,Yes,No,Unknown
SYN-DM-00441,148.1,101.81,Controlled,58.2,84.59,172.79,124.01,Yes,Yes,Unknown
SYN-DM-00442,111.8,89.56,Unknown,78.84,104.03,182.44,72.56,Yes,Yes,Absent
SYN-DM-00443,161.2,68.51,Elevated,81.62,61.67,166.55,114.15,Yes,Yes,Present
SYN-DM-00444,112.2,81.89,Unknown,93.77,72.88,173.15,75.53,No,No,Present
SYN-DM-00445,127.4,77.89,Unknown,102.81,93.7,187.22,72.39,Yes,Yes,Absent
SYN-DM-00446,128.6,82.25,Elevated,62.04,68.81,171.34,123.9,Yes,Yes,Unknown
SYN-DM-00447,165.5,78.73,Controlled,100.71,69.14,184.75,74.88,Yes,Yes,Absent
SYN-DM-00448,139.6,81.33,Controlled,80.61,117.22,187.4,108.79,Yes,No,Present
SYN-DM-00449,146.7,69.63,Controlled,101.82,80.41,156.33,115.35,Yes,No,Absent
SYN-DM-00450,145.7,74.19,Unknown,79.14,89.55,154.75,110.71,Yes,No,Unknown
SYN-DM-00451,98.3,103.21,Elevated,93.65,101.7,166.88,99.77,Yes,Yes,Absent
SYN-DM-00452,125.9,94.19,Unknown,90.96,77.57,189.45,99.44,No,Yes,Absent
SYN-DM-00453,116.2,100.43,Elevated,80.11,79.2,169.61,111.33,Yes,No,Absent
SYN-DM-00454,143.2,67.16,Controlled,78.83,67.09,170.69,109.31,Yes,No,Unknown
SYN-DM-00455,162.1,85.06,Elevated,98.99,69.44,181.68,125.65,Yes,No,Absent
SYN-DM-00456,137.7,83.93,Unknown,89.43,81.61,189.22,101.22,Yes,No,Present
SYN-DM-00457,131.7,99.52,Controlled,76.88,109.2,178.65,84.33,Yes,No,Present
SYN-DM-00458,148.5,102.92,Unknown,94.09,113.34,153.83,95.49,No,Yes,Present
SYN-DM-00459,122.3,98.16,Elevated,102.52,66.08,162.24,112.52,Yes,Yes,Absent
SYN-DM-00460,135.6,89.35,Elevated,103.45,88.28,162.63,82.18,Yes,Yes,Absent
SYN-DM-00461,153.4,73.89,Unknown,91.43,63.38,180.16,97.39,Yes,Yes,Present
SYN-DM-00462,116.5,86.6,Unknown,68.61,105.96,161.05,106.1,No,No,Absent
SYN-DM-00463,156.3,97.3,Controlled,79.1,97.67,161.43,103.45,No,Yes,Present
SYN-DM-00464,141.8,79.14,Unknown,78.08,70.42,187.79,93.13,Yes,No,Unknown
SYN-DM-00465,125.0,97.43,Elevated,97.49,115.85,164.48,105.07,No,Yes,Absent
SYN-DM-00466,118.6,68.77,Unknown,67.95,109.82,170.91,124.3,No,No,Unknown
SYN-DM-00467,129.5,89.57,Elevated,75.96,79.63,179.6,104.35,Yes,Yes,Unknown
SYN-DM-00468,146.5,93.68,Unknown,103.27,90.95,153.51,72.32,No,Yes,Present
SYN-DM-00469,172.8,95.41,Unknown,88.11,106.27,179.86,85.15,Yes,Yes,Absent
SYN-DM-00470,113.3,74.8,Elevated,77.52,113.7,189.03,104.06,Yes,Yes,Present
SYN-DM-00471,143.6,100.58,Elevated,59.39,91.26,175.53,102.58,No,Yes,Unknown
SYN-DM-00472,90,77.68,Elevated,76.38,93.45,153.46,118.95,Yes,Yes,Present
SYN-DM-00473,138.7,102.54,Controlled,84.93,61.43,188.95,116.03,No,Yes,Absent
SYN-DM-00474,122.6,73.41,Controlled,100.94,60.48,171.08,119.78,Yes,No,Absent
SYN-DM-00475,154.2,79.31,Controlled,90.55,57.99,156.58,107.49,No,Yes,Present
SYN-DM-00476,130.8,78.48,Unknown,65.69,63.4,188.97,93.13,No,Yes,Present
SYN-DM-00477,156.1,96.91,Unknown,63.65,83.82,161.27,85.12,No,No,Unknown
SYN-DM-00478,123.1,81.21,Elevated,101.97,103.88,188.41,115.42,Yes,Yes,Unknown
SYN-DM-00479,131.5,73.29,Elevated,88.42,86.43,174.79,78.52,No,Yes,Absent
SYN-DM-00480,150.3,69.92,Controlled,87.12,61.98,171.93,74.26,Yes,No,Unknown
SYN-DM-00481,121.0,103.61,Unknown,72.97,65.65,165.0,92.98,Yes,No,Absent
SYN-DM-00482,97.6,95.69,Elevated,84.14,67.32,156.05,73.13,No,No,Present
SYN-DM-00483,141.1,81.95,Elevated,62.74,92.64,188.8,99.51,Yes,Yes,Unknown
SYN-DM-00484,128.2,80.09,Controlled,76.18,98.93,159.0,104.2,No,Yes,Unknown
SYN-DM-00485,141.3,79.43,Controlled,70.16,69.18,168.78,114.84,No,Yes,Unknown
SYN-DM-00486,122.3,78.12,Elevated,73.65,99.51,165.73,93.66,Yes,Yes,Present
SYN-DM-00487,161.1,65.12,Controlled,90.63,98.84,177.58,112.38,Yes,No,Unknown
SYN-DM-00488,129.3,103.19,Controlled,92.39,78.85,163.85,95.98,Yes,No,Present
SYN-DM-00489,124.6,69.98,Elevated,89.53,74.71,180.51,118.21,Yes,Yes,Absent
SYN-DM-00490,145.5,79.75,Unknown,69.84,61.41,167.48,83.32,Yes,No,Absent
SYN-DM-00491,130.7,92.81,Controlled,66.51,65.63,180.08,89.43,No,Yes,Present
SYN-DM-00492,133.8,75.79,Elevated,82.14,109.0,169.8,106.93,Yes,Yes,Present
SYN-DM-00493,113.8,103.39,Elevated,78.34,71.53,178.71,98.95,Yes,Yes,Present
SYN-DM-00494,126.8,82.97,Controlled,97.34,97.41,167.57,77.46,No,Yes,Absent
SYN-DM-00495,128.1,84.81,Controlled,75.86,111.53,153.73,119.64,Yes,No,Absent
SYN-DM-00496,153.9,102.02,Elevated,100.3,92.26,155.88,77.03,Yes,Yes,Present
SYN-DM-00497,156.8,91.99,Unknown,68.64,89.0,153.32,74.26,Yes,No,Unknown
SYN-DM-00498,123.8,97.62,Elevated,73.15,72.41,160.95,87.93,No,No,Absent
SYN-DM-00499,124.5,97.36,Unknown,78.69,97.73,154.91,99.12,No,No,Unknown
SYN-DM-00500,131.7,99.26,Unknown,77.51,80.9,162.8,77.27,No,No,Absent
SYN-DM-00501,150.9,88.09,Controlled,93.4,77.36,177.98,88.16,No,Yes,Absent
SYN-DM-00502,137.6,72.26,Elevated,89.01,91.78,163.08,122.01,No,Yes,Absent
SYN-DM-00503,149.3,67.46,Unknown,73.15,92.14,157.42,99.71,Yes,Yes,Present
SYN-DM-00504,147.7,98.2,Unknown,95.12,97.29,179.65,112.44,Yes,No,Present
SYN-DM-00505,137.1,77.31,Unknown,64.89,107.46,161.46,92.31,No,No,Absent
SYN-DM-00506,136.1,97.33,Unknown,73.1,59.96,172.7,116.13,No,Yes,Absent
SYN-DM-00507,144.8,97.48,Unknown,73.92,93.58,162.33,89.21,No,Yes,Unknown
SYN-DM-00508,145.8,85.51,Unknown,92.19,107.0,180.02,104.58,Yes,Yes,Unknown
SYN-DM-00509,141.5,101.47,Unknown,94.66,110.98,160.78,125.08,No,Yes,Absent
SYN-DM-00510,156.0,76.86,Controlled,95.23,112.61,163.9,122.93,Yes,Yes,Absent
SYN-DM-00511,129.3,97.27,Controlled,66.54,75.53,187.19,118.63,Yes,No,Unknown
SYN-DM-00512,113.1,92.46,Unknown,89.48,107.66,161.82,123.88,Yes,Yes,Absent
SYN-DM-00513,141.3,74.77,Unknown,73.3,77.52,152.9,100.02,No,Yes,Present
SYN-DM-00514,128.1,68.56,Elevated,75.08,62.03,175.71,75.39,No,No,Absent
SYN-DM-00515,161.9,75.72,Unknown,60.8,59.29,173.66,108.27,No,Yes,Present
SYN-DM-00516,125.9,95.34,Elevated,90.99,59.63,160.14,77.86,Yes,No,Present
SYN-DM-00517,130.8,74.44,Unknown,103.73,56.77,169.17,111.11,Yes,Yes,Absent
SYN-DM-00518,107.4,81.08,Elevated,62.62,110.49,178.59,118.57,No,No,Absent
SYN-DM-00519,142.8,91.44,Unknown,65.95,60.49,183.63,91.05,No,No,Unknown
SYN-DM-00520,126.7,83.63,Elevated,102.17,98.52,168.79,83.25,No,No,Unknown
SYN-DM-00521,109.9,70.74,Elevated,83.29,67.42,180.84,93.29,Yes,No,Absent
SYN-DM-00522,135.1,101.56,Controlled,66.12,92.06,174.65,109.36,No,Yes,Unknown
SYN-DM-00523,123.7,103.3,Controlled,92.61,55.52,154.33,116.94,Yes,No,Present
SYN-DM-00524,133.8,73.45,Elevated,61.34,101.79,179.18,88.11,Yes,Yes,Unknown
SYN-DM-00525,151.9,99.9,Unknown,76.37,107.68,156.39,80.24,Yes,No,Unknown
SYN-DM-00526,152.9,93.71,Unknown,72.74,61.91,170.16,113.39,Yes,Yes,Present
SYN-DM-00527,116.0,78.69,Controlled,89.48,108.81,181.11,91.07,Yes,No,Absent
SYN-DM-00528,167.5,69.47,Elevated,72.8,63.08,153.12,82.66,Yes,Yes,Absent
SYN-DM-00529,108.7,74.94,Unknown,99.89,62.26,164.52,97.38,Yes,Yes,Unknown
SYN-DM-00530,140.9,86.06,Controlled,69.28,82.19,153.72,114.82,Yes,Yes,Present
SYN-DM-00531,118.1,68.48,Elevated,70.08,109.79,167.4,103.35,No,Yes,Absent
SYN-DM-00532,92.6,96.9,Controlled,66.25,62.1,189.94,80.11,No,Yes,Present
SYN-DM-00533,142.7,90.27,Controlled,74.55,76.68,180.15,120.89,Yes,Yes,Present
SYN-DM-00534,131.5,83.57,Unknown,59.12,55.85,159.33,120.3,No,Yes,Absent
SYN-DM-00535,131.8,71.27,Controlled,78.96,56.94,179.85,114.26,No,Yes,Absent
SYN-DM-00536,133.1,78.25,Elevated,99.83,59.93,189.54,77.84,Yes,Yes,Absent
SYN-DM-00537,117.7,81.3,Controlled,90.05,115.43,176.59,75.67,Yes,No,Unknown
SYN-DM-00538,135.5,74.51,Unknown,82.93,104.63,161.89,122.48,No,No,Absent
SYN-DM-00539,132.6,79.58,Elevated,89.79,117.98,163.97,98.11,Yes,Yes,Absent
SYN-DM-00540,125.7,77.69,Elevated,94.17,92.01,156.95,118.52,No,No,Present
SYN-DM-00541,123.1,69.42,Controlled,96.76,96.89,154.0,116.01,Yes,No,Absent
SYN-DM-00542,153.1,71.88,Controlled,69.15,68.4,179.57,94.35,No,No,Present
SYN-DM-00543,167.2,97.61,Unknown,73.17,89.94,158.75,119.44,Yes,No,Unknown
SYN-DM-00544,106.5,79.92,Elevated,82.91,114.54,169.71,122.11,No,No,Present
SYN-DM-00545,116.1,75.71,Controlled,83.64,108.33,172.37,78.58,Yes,Yes,Absent
SYN-DM-00546,131.0,97.84,Controlled,93.23,54.38,189.43,96.15,Yes,Yes,Present
SYN-DM-00547,149.1,78.47,Elevated,79.82,55.96,155.83,119.3,No,No,Present
SYN-DM-00548,153.0,78.12,Unknown,68.9,100.56,185.98,106.24,No,Yes,Present
SYN-DM-00549,127.9,66.07,Elevated,58.11,97.83,174.61,92.81,No,Yes,Unknown
SYN-DM-00550,151.4,92.65,Unknown,86.98,102.45,169.67,121.24,No,No,Absent
SYN-DM-00551,139.4,70.95,Controlled,79.54,81.24,165.71,111.48,Yes,Yes,Unknown
SYN-DM-00552,140.1,71.69,Controlled,94.92,77.7,187.81,98.39,Yes,No,Present
SYN-DM-00553,117.4,86.29,Unknown,76.58,65.61,188.77,121.43,No,Yes,Absent
SYN-DM-00554,145.2,65.45,Elevated,88.12,73.54,154.09,85.7,Yes,No,Present
SYN-DM-00555,155.3,92.74,Controlled,73.2,104.31,154.96,122.71,No,Yes,Absent
SYN-DM-00556,112.0,79.13,Elevated,68.17,74.9,160.69,98.21,Yes,Yes,Absent
SYN-DM-00557,136.0,84.79,Elevated,102.18,68.39,159.51,74.29,Yes,Yes,Absent
SYN-DM-00558,146.5,84.45,Elevated,63.02,87.67,161.2,104.98,No,Yes,Absent
SYN-DM-00559,141.2,72.84,Unknown,72.05,107.03,152.5,75.05,No,Yes,Present
SYN-DM-00560,114.2,92.98,Elevated,97.2,57.89,187.69,95.82,No,Yes,Absent
SYN-DM-00561,157.8,83.91,Elevated,77.45,69.14,155.25,87.63,Yes,Yes,Unknown
SYN-DM-00562,138.2,81.02,Controlled,97.45,57.29,157.77,103.4,Yes,Yes,Unknown
SYN-DM-00563,119.3,100.4,Controlled,71.78,63.83,178.31,124.72,Yes,Yes,Present
SYN-DM-00564,145.2,81.39,Unknown,82.74,99.33,178.71,96.78,No,Yes,Present
SYN-DM-00565,126.2,102.56,Elevated,67.47,54.25,155.9,121.84,Yes,No,Unknown
SYN-DM-00566,137.3,67.35,Unknown,91.15,68.48,178.52,100.26,Yes,Yes,Unknown
SYN-DM-00567,154.4,79.07,Unknown,64.81,74.75,175.12,96.92,No,No,Present
SYN-DM-00568,122.9,72.7,Controlled,91.32,105.83,179.44,109.16,Yes,Yes,Unknown
SYN-DM-00569,149.7,91.8,Controlled,60.73,60.9,158.03,93.4,Yes,No,Present
SYN-DM-00570,112.8,64.31,Controlled,84.48,62.44,167.2,90.81,Yes,Yes,Absent
SYN-DM-00571,98.6,70.24,Elevated,84.12,99.67,185.88,102.01,Yes,No,Unknown
SYN-DM-00572,141.5,75.58,Elevated,98.92,112.44,170.36,99.03,Yes,No,Present
SYN-DM-00573,122.6,98.85,Unknown,94.71,114.76,168.99,118.53,No,No,Absent
SYN-DM-00574,110.0,66.92,Controlled,58.46,68.42,153.36,112.78,No,Yes,Unknown
SYN-DM-00575,121.5,83.99,Controlled,100.55,75.17,171.54,96.79,No,Yes,Present
SYN-DM-00576,119.7,100.01,Elevated,71.86,99.32,165.93,75.77,Yes,No,Unknown
SYN-DM-00577,149.5,68.29,Controlled,77.86,117.52,156.77,94.75,Yes,No,Unknown
SYN-DM-00578,117.7,67.08,Controlled,77.39,75.68,157.98,109.93,No,Yes,Present
SYN-DM-00579,142.8,68.61,Unknown,87.27,70.11,182.08,116.61,Yes,Yes,Unknown
SYN-DM-00580,148.9,65.59,Controlled,71.14,100.4,173.99,87.63,Yes,Yes,Present
SYN-DM-00581,115.0,91.33,Elevated,67.07,73.39,153.63,115.22,Yes,No,Present
SYN-DM-00582,131.0,66.98,Elevated,92.19,84.11,179.36,89.96,No,No,Unknown
SYN-DM-00583,150.3,81.28,Elevated,85.83,111.8,161.02,119.49,Yes,Yes,Present
SYN-DM-00584,113.9,90.19,Unknown,84.84,70.22,188.14,92.16,No,No,Absent
SYN-DM-00585,115.1,91.68,Unknown,103.96,86.98,165.6,112.8,Yes,Yes,Present
SYN-DM-00586,127.7,79.68,Elevated,64.8,110.82,174.57,124.93,Yes,Yes,Present
SYN-DM-00587,145.2,88.12,Elevated,79.09,68.34,181.05,80.69,No,Yes,Unknown
SYN-DM-00588,108.3,85.69,Controlled,65.07,91.44,187.21,110.72,Yes,No,Absent
SYN-DM-00589,108.6,96.22,Controlled,78.59,60.13,157.85,112.44,Yes,Yes,Absent
SYN-DM-00590,130.3,99.93,Controlled,92.75,55.81,160.27,103.07,No,Yes,Unknown
SYN-DM-00591,142.2,69.95,Unknown,96.44,114.27,167.84,96.09,No,No,Unknown
SYN-DM-00592,144.6,71.46,Elevated,61.26,68.43,183.09,123.93,Yes,Yes,Present
SYN-DM-00593,140.1,75.99,Controlled,70.31,100.58,157.85,120.17,Yes,No,Unknown
SYN-DM-00594,138.2,71.29,Elevated,83.54,59.68,171.67,105.87,Yes,No,Present
SYN-DM-00595,123.7,98.61,Unknown,62.98,81.78,169.64,86.56,No,No,Unknown
SYN-DM-00596,145.1,71.28,Controlled,67.69,64.69,161.16,73.57,No,Yes,Absent
SYN-DM-00597,111.8,83.07,Controlled,59.15,115.71,180.02,108.2,No,No,Present
SYN-DM-00598,115.4,80.45,Controlled,68.9,110.54,183.3,81.61,No,No,Present
SYN-DM-00599,130.4,69.81,Controlled,99.46,89.28,155.82,87.42,No,Yes,Unknown
SYN-DM-00600,127.5,86.73,Elevated,66.36,96.63,152.91,90.5,No,Yes,Unknown
SYN-DM-00601,116.9,86.67,Elevated,58.72,70.69,167.89,98.04,No,No,Present
SYN-DM-00602,128.8,86.87,Elevated,98.57,95.06,159.75,101.56,No,Yes,Present
SYN-DM-00603,132.3,91.29,Elevated,99.24,115.19,178.54,117.04,Yes,Yes,Absent
SYN-DM-00604,123.1,91.11,Elevated,99.19,82.97,160.77,119.27,Yes,Yes,Present
SYN-DM-00605,132.4,88.37,Elevated,91.11,77.05,184.44,100.45,No,Yes,Present
SYN-DM-00606,129.8,98.32,Elevated,96.84,67.77,163.26,122.89,No,Yes,Present
SYN-DM-00607,169.5,65.53,Elevated,60.46,95.58,171.78,92.64,No,Yes,Unknown
SYN-DM-00608,103.1,68.34,Controlled,89.47,59.26,178.26,115.49,No,Yes,Present
SYN-DM-00609,119.3,64.88,Controlled,82.77,60.48,186.65,93.31,No,No,Absent
SYN-DM-00610,107.0,88.72,Elevated,88.29,115.77,160.34,118.45,Yes,No,Absent
SYN-DM-00611,164.4,95.28,Elevated,64.72,77.24,159.3,85.37,Yes,Yes,Present
SYN-DM-00612,128.5,73.78,Controlled,96.93,73.98,174.61,114.79,No,No,Present
SYN-DM-00613,142.2,85.02,Unknown,98.23,79.55,156.54,74.94,No,Yes,Unknown
SYN-DM-00614,117.7,88.34,Controlled,85.97,100.72,172.01,101.78,No,Yes,Absent
SYN-DM-00615,119.1,87.42,Elevated,65.16,100.26,154.86,114.95,Yes,Yes,Unknown
SYN-DM-00616,146.3,72.31,Unknown,73.75,63.58,155.5,105.02,Yes,No,Absent
SYN-DM-00617,129.7,75.32,Controlled,78.65,93.72,181.63,85.62,Yes,Yes,Present
SYN-DM-00618,121.2,96.66,Unknown,92.98,85.68,155.48,107.4,No,Yes,Unknown
SYN-DM-00619,145.8,68.46,Elevated,83.9,66.48,188.41,98.24,Yes,No,Present
SYN-DM-00620,120.1,98.52,Unknown,72.38,80.76,169.3,125.83,Yes,Yes,Present
SYN-DM-00621,136.4,82.95,Elevated,60.21,72.37,156.02,77.9,Yes,Yes,Absent
SYN-DM-00622,130.9,92.32,Unknown,67.1,100.38,160.0,108.41,Yes,No,Unknown
SYN-DM-00623,144.4,79.0,Controlled,99.56,62.64,154.44,121.95,Yes,No,Present
SYN-DM-00624,120.4,71.86,Controlled,65.83,80.09,169.71,74.37,Yes,No,Unknown
SYN-DM-00625,112.8,64.08,Elevated,82.07,70.92,170.34,108.11,Yes,Yes,Unknown
SYN-DM-00626,118.7,71.97,Controlled,88.72,99.14,170.05,89.95,Yes,No,Absent
SYN-DM-00627,103.8,100.54,Elevated,78.89,59.98,161.14,111.78,No,Yes,Absent
SYN-DM-00628,129.1,66.09,Unknown,81.03,84.27,173.27,108.17,No,Yes,Present
SYN-DM-00629,140.5,95.92,Controlled,66.57,87.68,187.39,80.44,Yes,Yes,Unknown
SYN-DM-00630,131.4,71.97,Unknown,99.84,58.78,189.8,94.64,No,No,Present
SYN-DM-00631,121.6,95.28,Unknown,95.97,74.0,170.21,90.19,No,Yes,Absent
SYN-DM-00632,129.7,84.82,Controlled,86.96,64.22,155.62,115.47,Yes,Yes,Absent
SYN-DM-00633,145.0,74.51,Controlled,68.29,74.12,161.41,116.22,Yes,Yes,Unknown
SYN-DM-00634,145.3,97.64,Unknown,89.18,60.24,175.46,81.4,No,No,Absent
SYN-DM-00635,103.4,103.16,Controlled,68.74,60.92,162.33,74.0,No,No,Unknown
SYN-DM-00636,157.6,81.37,Elevated,72.74,82.52,158.87,89.73,Yes,No,Absent
SYN-DM-00637,173.4,88.79,Elevated,68.73,78.13,152.87,125.85,Yes,No,Unknown
SYN-DM-00638,121.4,102.65,Controlled,76.2,70.8,158.84,80.76,Yes,No,Present
SYN-DM-00639,149.3,102.51,Elevated,58.65,114.45,183.44,118.1,Yes,No,Present
SYN-DM-00640,132.2,87.8,Unknown,92.09,109.38,167.17,87.66,Yes,Yes,Present
SYN-DM-00641,142.9,82.96,Unknown,71.95,59.58,159.02,98.71,Yes,Yes,Unknown
SYN-DM-00642,130.5,101.23,Elevated,68.53,79.12,179.98,123.78,Yes,No,Unknown
SYN-DM-00643,110.1,79.2,Unknown,84.64,93.77,186.92,104.96,No,Yes,Present
SYN-DM-00644,152.7,96.82,Unknown,73.19,62.15,158.45,82.92,No,No,Unknown
SYN-DM-00645,123.6,77.43,Controlled,81.59,69.63,157.02,90.93,Yes,No,Present
SYN-DM-00646,143.3,86.69,Elevated,64.62,75.21,158.82,124.19,Yes,No,Present
SYN-DM-00647,146.1,98.48,Elevated,70.66,66.39,177.93,108.3,Yes,Yes,Present
SYN-DM-00648,120.3,66.85,Controlled,92.74,74.35,184.74,111.59,No,Yes,Present
SYN-DM-00649,136.9,97.82,Controlled,72.83,68.86,161.64,99.12,No,No,Present
SYN-DM-00650,151.0,93.52,Controlled,77.01,64.88,167.7,121.98,Yes,Yes,Present
SYN-DM-00651,138.6,99.8,Elevated,58.36,83.09,158.99,88.71,Yes,Yes,Absent
SYN-DM-00652,100.3,89.49,Elevated,84.03,107.34,167.74,114.46,No,Yes,Unknown
SYN-DM-00653,129.9,88.06,Elevated,64.72,100.77,185.57,80.93,Yes,No,Present
SYN-DM-00654,124.3,94.16,Elevated,92.98,62.09,186.46,125.6,Yes,Yes,Unknown
SYN-DM-00655,125.7,73.14,Controlled,74.06,89.34,152.08,84.12,No,No,Present
SYN-DM-00656,150.2,76.67,Controlled,63.62,57.88,188.61,75.04,Yes,No,Present
SYN-DM-00657,127.6,97.61,Controlled,65.68,110.33,168.2,98.33,Yes,No,Absent
SYN-DM-00658,170.6,99.54,Unknown,89.54,73.85,157.82,98.62,Yes,No,Unknown
SYN-DM-00659,112.3,95.91,Unknown,73.25,70.52,182.84,122.97,No,No,Absent
SYN-DM-00660,131.0,100.53,Controlled,94.45,57.58,185.17,122.91,Yes,No,Absent
SYN-DM-00661,151.4,98.99,Unknown,89.08,109.57,157.05,110.45,No,Yes,Present
SYN-DM-00662,161.5,72.27,Controlled,78.35,67.21,161.73,102.72,Yes,No,Present
SYN-DM-00663,124.4,76.27,Controlled,89.36,72.05,154.41,72.43,Yes,No,Unknown
SYN-DM-00664,133.7,88.29,Controlled,89.63,110.11,158.57,108.32,Yes,Yes,Absent
SYN-DM-00665,131.2,79.41,Controlled,94.82,109.93,170.21,80.66,No,Yes,Unknown
SYN-DM-00666,116.4,100.65,Elevated,89.9,106.95,164.4,118.79,Yes,No,Unknown
SYN-DM-00667,134.1,92.81,Elevated,81.79,80.96,170.53,110.44,No,Yes,Unknown
SYN-DM-00668,146.3,99.34,Unknown,77.12,91.84,175.48,118.17,No,Yes,Present
SYN-DM-00669,125.4,103.42,Elevated,101.69,102.38,179.13,110.77,Yes,Yes,Absent
SYN-DM-00670,115.8,91.51,Unknown,58.68,97.27,152.28,77.72,No,No,Absent
SYN-DM-00671,102.9,101.96,Unknown,96.98,101.2,176.1,108.5,Yes,Yes,Present
SYN-DM-00672,148.6,72.12,Unknown,77.97,95.79,168.47,108.14,No,Yes,Absent
SYN-DM-00673,132.7,72.7,Controlled,74.65,74.21,169.32,94.81,No,Yes,Unknown
SYN-DM-00674,129.9,71.1,Unknown,77.18,82.39,187.42,76.08,No,Yes,Absent
SYN-DM-00675,155.0,79.09,Unknown,82.74,63.84,177.98,87.99,No,Yes,Unknown
SYN-DM-00676,97.3,74.83,Unknown,68.51,90.86,184.31,117.41,No,No,Unknown
SYN-DM-00677,117.8,84.35,Controlled,83.21,71.41,161.08,119.76,No,Yes,Present
SYN-DM-00678,115.0,80.52,Elevated,73.01,112.59,171.27,84.36,Yes,No,Absent
SYN-DM-00679,94.2,64.23,Elevated,83.42,66.01,152.41,97.24,Yes,Yes,Absent
SYN-DM-00680,151.4,80.33,Unknown,69.83,69.61,173.31,83.51,Yes,Yes,Present
SYN-DM-00681,121.1,99.78,Controlled,63.77,104.47,186.8,87.34,Yes,Yes,Present
SYN-DM-00682,114.5,85.81,Controlled,96.64,81.98,171.14,117.34,Yes,Yes,Absent
SYN-DM-00683,140.6,99.82,Elevated,90.36,104.89,176.68,83.06,No,No,Present
SYN-DM-00684,156.2,89.88,Elevated,78.03,116.53,187.41,104.37,Yes,No,Present
SYN-DM-00685,131.4,65.09,Controlled,65.01,93.36,155.99,91.65,Yes,No,Present
SYN-DM-00686,120.1,87.01,Unknown,77.84,83.47,166.9,100.46,No,Yes,Absent
SYN-DM-00687,168.2,95.55,Controlled,95.39,69.0,156.28,109.4,Yes,Yes,Present
SYN-DM-00688,139.2,95.94,Unknown,60.81,101.21,155.5,91.23,Yes,Yes,Present
SYN-DM-00689,168.4,76.2,Controlled,92.95,65.35,157.1,106.18,Yes,No,Absent
SYN-DM-00690,126.0,97.09,Unknown,78.53,59.23,157.72,95.53,No,No,Present
SYN-DM-00691,140.5,90.92,Controlled,98.2,103.0,164.56,121.93,No,No,Present
SYN-DM-00692,96.0,103.56,Unknown,68.19,111.5,179.31,87.43,Yes,Yes,Unknown
SYN-DM-00693,130.2,97.8,Unknown,63.12,103.28,177.97,85.42,No,Yes,Absent
SYN-DM-00694,142.7,66.34,Controlled,73.09,57.76,187.04,86.25,Yes,Yes,Unknown
SYN-DM-00695,127.3,97.56,Unknown,73.13,67.04,179.8,112.34,No,No,Unknown
SYN-DM-00696,100.3,79.5,Unknown,96.99,82.0,183.34,93.6,No,No,Present
SYN-DM-00697,131.4,96.19,Controlled,64.54,79.75,181.81,74.96,No,No,Unknown
SYN-DM-00698,119.7,77.09,Elevated,97.35,114.72,153.86,73.54,Yes,Yes,Absent
SYN-DM-00699,127.5,65.47,Controlled,80.74,81.48,184.81,78.52,Yes,Yes,Absent
SYN-DM-00700,97.2,74.05,Elevated,70.09,102.49,182.78,94.79,Yes,Yes,Present
SYN-DM-00701,129.4,93.93,Unknown,74.79,117.92,173.05,123.81,No,No,Absent
SYN-DM-00702,116.7,65.94,Unknown,74.52,68.73,179.06,98.65,Yes,No,Unknown
SYN-DM-00703,132.6,100.82,Controlled,75.18,110.75,157.18,101.87,No,Yes,Unknown
SYN-DM-00704,111.0,93.12,Unknown,73.42,98.82,153.47,87.23,No,No,Absent
SYN-DM-00705,174.3,70.88,Elevated,96.15,62.1,176.93,86.86,No,Yes,Absent
SYN-DM-00706,140.7,65.64,Elevated,61.6,72.7,164.29,81.02,No,Yes,Absent
SYN-DM-00707,147.9,76.01,Controlled,58.08,114.85,166.68,99.69,Yes,No,Unknown
SYN-DM-00708,112.9,96.89,Unknown,69.2,86.04,162.76,90.06,No,Yes,Present
SYN-DM-00709,142.7,72.75,Elevated,58.27,109.77,161.42,78.15,No,Yes,Absent
SYN-DM-00710,123.2,82.53,Unknown,95.47,94.65,165.15,92.26,No,Yes,Absent
SYN-DM-00711,113.2,93.92,Controlled,93.24,97.46,178.98,105.29,No,Yes,Present
SYN-DM-00712,106.9,95.49,Controlled,62.06,94.48,154.52,84.34,No,No,Present
SYN-DM-00713,113.4,96.81,Controlled,98.55,99.04,170.15,96.92,Yes,No,Unknown
SYN-DM-00714,97.9,93.36,Controlled,61.27,106.26,176.76,88.15,Yes,No,Present
SYN-DM-00715,154.2,72.96,Elevated,96.69,92.28,166.01,114.16,Yes,Yes,Absent
SYN-DM-00716,150.2,90.47,Unknown,93.43,86.41,184.42,119.82,Yes,No,Present
SYN-DM-00717,124.0,91.91,Elevated,79.93,110.71,156.22,119.78,Yes,Yes,Unknown
SYN-DM-00718,144.3,94.12,Controlled,92.92,110.97,187.22,116.85,Yes,No,Present
SYN-DM-00719,118.9,67.09,Unknown,90.86,93.75,172.17,113.52,No,No,Unknown
SYN-DM-00720,153.1,93.94,Elevated,66.54,66.22,170.02,96.27,No,No,Present
SYN-DM-00721,147.5,84.34,Controlled,66.33,56.3,176.25,82.24,Yes,Yes,Unknown
SYN-DM-00722,162.8,77.41,Controlled,65.57,84.37,176.87,101.76,Yes,No,Present
SYN-DM-00723,128.2,81.79,Controlled,97.89,75.18,157.89,122.33,No,Yes,Present
SYN-DM-00724,118.1,92.54,Unknown,89.22,63.59,160.2,76.72,No,Yes,Present
SYN-DM-00725,121.2,70.69,Unknown,93.95,75.16,186.81,98.79,Yes,No,Absent
SYN-DM-00726,129.7,69.92,Elevated,73.27,85.71,160.05,83.32,Yes,Yes,Present
SYN-DM-00727,111.7,92.67,Controlled,66.81,104.31,184.97,101.89,No,No,Unknown
SYN-DM-00728,120.9,69.82,Controlled,73.97,65.49,189.83,98.82,No,No,Absent
SYN-DM-00729,155.1,86.3,Elevated,61.56,100.53,167.69,85.56,Yes,Yes,Present
SYN-DM-00730,142.4,65.97,Elevated,70.56,99.02,169.63,104.91,Yes,Yes,Unknown
SYN-DM-00731,125.9,92.22,Unknown,79.19,69.08,170.32,77.57,No,Yes,Absent
SYN-DM-00732,115.7,65.94,Controlled,100.19,67.15,184.95,104.87,Yes,Yes,Present
SYN-DM-00733,119.9,67.42,Elevated,60.87,97.17,185.78,84.72,Yes,No,Present
SYN-DM-00734,126.7,72.83,Elevated,63.4,54.98,179.33,113.65,No,No,Present
SYN-DM-00735,90,82.24,Elevated,90.07,65.18,167.73,100.42,Yes,No,Unknown
SYN-DM-00736,129.6,90.76,Unknown,88.23,90.37,153.94,97.01,No,Yes,Absent
SYN-DM-00737,134.3,74.25,Unknown,83.43,107.48,177.77,74.6,Yes,Yes,Absent
SYN-DM-00738,151.3,65.41,Controlled,103.58,81.55,165.32,88.96,No,Yes,Present
SYN-DM-00739,132.9,92.4,Unknown,66.31,63.3,172.6,114.61,Yes,No,Absent
SYN-DM-00740,118.5,71.73,Unknown,62.69,117.59,170.35,122.95,Yes,No,Unknown
SYN-DM-00741,104.5,81.15,Elevated,97.75,73.53,160.46,122.61,Yes,Yes,Absent
SYN-DM-00742,111.9,100.53,Unknown,91.51,115.04,162.73,124.73,No,No,Absent
SYN-DM-00743,138.0,93.73,Unknown,72.44,71.45,156.49,108.17,No,No,Absent
SYN-DM-00744,143.6,98.62,Unknown,90.05,96.03,171.72,107.7,Yes,No,Absent
SYN-DM-00745,122.8,90.27,Elevated,95.31,100.28,167.43,72.38,Yes,No,Absent
SYN-DM-00746,100.1,66.35,Elevated,92.24,117.95,160.67,78.03,Yes,Yes,Unknown
SYN-DM-00747,152.4,86.21,Elevated,98.82,58.18,171.63,90.37,No,Yes,Present
SYN-DM-00748,127.3,70.06,Controlled,85.22,99.38,157.62,74.36,Yes,No,Present
SYN-DM-00749,143.1,78.99,Unknown,69.28,95.55,189.51,104.09,Yes,Yes,Absent
SYN-DM-00750,108.7,88.62,Elevated,58.4,81.3,156.19,88.42,No,No,Absent
SYN-DM-00751,140.0,97.02,Unknown,70.49,56.53,166.44,116.37,No,Yes,Present
SYN-DM-00752,90,81.7,Elevated,61.54,100.46,154.6,113.8,No,Yes,Absent
SYN-DM-00753,128.7,78.67,Unknown,95.6,91.23,171.23,80.03,Yes,No,Unknown
SYN-DM-00754,141.4,83.55,Unknown,86.04,101.45,168.11,87.57,Yes,No,Unknown
SYN-DM-00755,136.9,81.82,Controlled,103.68,101.93,152.0,90.79,Yes,No,Absent
SYN-DM-00756,118.3,80.99,Controlled,69.88,89.73,177.79,125.58,Yes,No,Unknown
SYN-DM-00757,142.8,84.18,Controlled,72.17,93.26,166.12,108.64,No,No,Present
SYN-DM-00758,157.4,74.82,Elevated,73.24,116.62,156.64,116.55,Yes,No,Absent
SYN-DM-00759,121.0,77.29,Controlled,95.57,71.97,159.28,121.71,No,Yes,Absent
SYN-DM-00760,119.9,68.5,Controlled,60.3,101.57,161.18,103.59,Yes,No,Absent
SYN-DM-00761,90,103.49,Elevated,95.88,71.52,163.58,75.2,No,Yes,Absent
SYN-DM-00762,124.9,81.22,Elevated,97.25,93.64,176.83,96.27,No,No,Unknown
SYN-DM-00763,123.8,81.24,Controlled,94.9,85.94,157.3,116.34,Yes,No,Unknown
SYN-DM-00764,120.2,102.93,Unknown,85.32,91.38,172.8,113.24,Yes,No,Absent
SYN-DM-00765,107.4,95.03,Unknown,75.43,87.21,158.66,104.84,Yes,No,Unknown
SYN-DM-00766,151.0,102.0,Controlled,68.85,91.79,179.24,98.56,No,Yes,Present
SYN-DM-00767,119.9,79.85,Elevated,69.83,80.4,160.36,93.3,No,No,Absent
SYN-DM-00768,123.8,95.83,Elevated,58.78,77.03,163.21,100.52,Yes,Yes,Absent
SYN-DM-00769,144.0,92.1,Elevated,63.52,95.59,175.55,101.5,No,Yes,Present
SYN-DM-00770,124.0,81.79,Controlled,69.81,61.36,168.1,116.64,Yes,Yes,Unknown
SYN-DM-00771,151.0,89.85,Unknown,58.15,79.03,188.43,115.1,Yes,No,Absent
SYN-DM-00772,124.4,103.3,Controlled,63.36,95.89,153.5,105.45,Yes,Yes,Present
SYN-DM-00773,144.8,80.46,Controlled,97.91,85.97,171.37,119.54,Yes,Yes,Present
SYN-DM-00774,143.1,83.14,Unknown,58.28,89.71,176.96,84.74,Yes,No,Absent
SYN-DM-00775,115.8,97.07,Elevated,99.02,92.52,184.18,114.43,No,Yes,Absent
SYN-DM-00776,133.5,82.89,Unknown,94.61,113.29,172.93,88.05,Yes,No,Unknown
SYN-DM-00777,144.0,95.01,Controlled,100.87,64.22,176.41,79.27,Yes,No,Present
SYN-DM-00778,122.6,96.89,Elevated,77.84,82.35,174.41,83.1,No,No,Present
SYN-DM-00779,119.6,77.44,Unknown,74.04,91.6,167.33,110.52,Yes,No,Absent
SYN-DM-00780,133.9,101.52,Controlled,100.95,110.08,154.54,78.28,No,No,Unknown
SYN-DM-00781,95.8,84.64,Unknown,101.71,105.26,174.85,112.51,Yes,No,Absent
SYN-DM-00782,115.4,91.7,Controlled,62.02,59.39,152.39,89.43,No,No,Unknown
SYN-DM-00783,136.1,81.89,Elevated,92.89,76.98,172.3,101.92,Yes,Yes,Unknown
SYN-DM-00784,129.5,101.26,Unknown,77.89,60.71,185.48,111.81,No,Yes,Unknown
SYN-DM-00785,146.0,94.72,Controlled,68.06,106.64,184.37,103.6,Yes,No,Present
SYN-DM-00786,124.5,71.1,Controlled,84.66,64.69,170.0,114.53,No,No,Absent
SYN-DM-00787,126.5,70.63,Controlled,103.29,65.59,168.02,107.51,Yes,No,Unknown
SYN-DM-00788,132.6,83.38,Elevated,77.75,64.51,174.65,117.76,No,Yes,Absent
SYN-DM-00789,138.9,79.29,Unknown,102.78,59.53,185.21,104.28,Yes,Yes,Present
SYN-DM-00790,134.7,99.52,Controlled,88.22,75.82,184.85,82.7,No,Yes,Present
SYN-DM-00791,112.8,68.79,Controlled,87.77,84.8,183.75,121.98,Yes,Yes,Absent
SYN-DM-00792,144.7,98.35,Controlled,71.32,60.37,162.61,77.47,Yes,No,Unknown
SYN-DM-00793,159.8,66.42,Unknown,90.68,70.72,179.95,106.12,No,Yes,Absent
SYN-DM-00794,148.4,103.4,Unknown,76.41,58.77,175.17,79.82,Yes,No,Unknown
SYN-DM-00795,122.9,89.59,Controlled,95.09,65.78,183.42,73.26,Yes,No,Unknown
SYN-DM-00796,116.8,71.25,Unknown,70.45,71.27,164.61,77.5,Yes,Yes,Unknown
SYN-DM-00797,129.7,66.72,Unknown,82.88,113.84,182.92,112.29,No,Yes,Unknown
SYN-DM-00798,137.4,87.11,Controlled,99.99,75.5,183.03,93.17,Yes,Yes,Absent
SYN-DM-00799,115.8,69.47,Controlled,78.9,85.84,157.02,73.31,Yes,No,Unknown
SYN-DM-00800,145.1,65.81,Controlled,80.89,105.83,178.57,101.04,Yes,No,Absent
SYN-DM-00801,150.5,70.63,Unknown,96.09,88.69,178.53,92.2,Yes,No,Absent
SYN-DM-00802,153.5,96.81,Elevated,97.5,96.36,172.71,117.54,Yes,No,Absent
SYN-DM-00803,106.1,67.46,Controlled,81.03,92.4,174.92,122.69,No,No,Present
SYN-DM-00804,125.8,73.47,Unknown,81.8,71.81,178.29,77.56,Yes,No,Unknown
SYN-DM-00805,133.1,98.66,Unknown,62.16,74.25,175.66,104.6,Yes,No,Unknown
SYN-DM-00806,108.2,79.19,Unknown,63.34,91.22,172.88,121.71,No,No,Present
SYN-DM-00807,146.0,94.54,Controlled,59.78,76.28,159.73,101.77,Yes,Yes,Unknown
SYN-DM-00808,135.1,89.09,Elevated,84.11,78.61,173.69,97.48,No,No,Present
SYN-DM-00809,137.5,91.29,Unknown,90.39,63.46,176.21,120.13,No,No,Present
SYN-DM-00810,118.5,75.69,Controlled,99.67,74.12,181.42,99.29,Yes,No,Unknown
SYN-DM-00811,135.4,87.02,Unknown,101.16,90.8,186.19,122.9,Yes,No,Absent
SYN-DM-00812,147.0,84.46,Elevated,79.27,113.87,181.97,103.48,Yes,Yes,Present
SYN-DM-00813,140.1,85.38,Controlled,89.71,55.58,185.97,75.42,No,Yes,Unknown
SYN-DM-00814,128.7,79.27,Elevated,63.74,90.35,171.51,107.07,No,No,Unknown
SYN-DM-00815,147.8,79.54,Controlled,64.07,106.89,185.68,113.27,No,Yes,Present
SYN-DM-00816,133.2,76.67,Unknown,91.22,56.28,173.98,109.82,Yes,Yes,Absent
SYN-DM-00817,143.6,80.69,Controlled,93.13,117.95,161.1,86.4,Yes,Yes,Absent
SYN-DM-00818,143.9,75.24,Controlled,103.81,87.98,157.69,80.3,No,Yes,Unknown
SYN-DM-00819,130.7,95.56,Unknown,67.62,69.56,174.52,74.52,Yes,Yes,Present
SYN-DM-00820,132.5,86.98,Elevated,89.46,113.81,167.3,81.0,No,Yes,Absent
SYN-DM-00821,115.6,74.41,Unknown,64.94,95.84,166.02,72.55,No,Yes,Unknown
SYN-DM-00822,142.1,93.91,Unknown,61.11,101.26,160.02,121.27,Yes,No,Absent
SYN-DM-00823,123.3,99.41,Elevated,65.24,79.54,182.59,101.26,No,Yes,Present
SYN-DM-00824,132.2,96.43,Elevated,67.07,72.11,160.51,114.22,Yes,No,Absent
SYN-DM-00825,129.4,82.25,Unknown,63.81,75.37,161.18,72.49,Yes,Yes,Present
SYN-DM-00826,165.5,94.95,Unknown,65.44,60.85,174.82,93.24,Yes,No,Absent
SYN-DM-00827,112.0,80.47,Unknown,58.77,91.81,186.75,123.68,Yes,Yes,Absent
SYN-DM-00828,134.5,96.52,Unknown,84.09,113.43,184.7,89.35,No,No,Present
SYN-DM-00829,160.9,90.07,Controlled,103.41,89.69,169.1,83.19,Yes,Yes,Absent
SYN-DM-00830,101.9,84.0,Unknown,74.61,71.51,178.24,122.39,No,No,Absent
SYN-DM-00831,119.2,101.0,Unknown,82.36,86.51,159.85,73.32,Yes,No,Unknown
SYN-DM-00832,181.5,93.04,Controlled,98.82,108.93,187.92,84.98,No,No,Present
SYN-DM-00833,145.7,77.31,Unknown,99.31,80.9,173.43,124.85,No,No,Unknown
SYN-DM-00834,125.0,72.91,Controlled,71.11,96.87,157.06,104.98,Yes,No,Present
SYN-DM-00835,99.1,102.34,Controlled,86.5,85.7,154.96,76.31,Yes,Yes,Absent
SYN-DM-00836,124.9,66.84,Unknown,66.08,60.76,187.96,111.93,No,Yes,Unknown
SYN-DM-00837,127.3,81.36,Elevated,87.82,75.73,176.0,90.65,Yes,Yes,Unknown
SYN-DM-00838,114.3,80.79,Controlled,100.36,100.29,167.16,102.16,Yes,No,Present
SYN-DM-00839,125.8,70.52,Unknown,96.03,93.44,183.52,123.94,Yes,Yes,Unknown
SYN-DM-00840,145.2,99.43,Controlled,90.2,115.93,167.13,107.22,Yes,No,Absent
SYN-DM-00841,143.3,67.53,Controlled,94.01,87.39,169.69,76.13,Yes,No,Absent
SYN-DM-00842,125.0,72.43,Unknown,87.82,94.34,167.87,125.74,Yes,Yes,Present
SYN-DM-00843,135.7,69.82,Controlled,90.59,82.8,185.19,76.42,No,Yes,Absent
SYN-DM-00844,139.2,72.13,Elevated,94.4,65.44,167.77,108.58,Yes,Yes,Unknown
SYN-DM-00845,103.3,83.74,Unknown,65.65,92.45,171.02,102.74,No,Yes,Unknown
SYN-DM-00846,141.2,92.57,Unknown,58.73,111.78,183.89,86.26,Yes,No,Absent
SYN-DM-00847,112.1,93.25,Elevated,66.09,66.28,162.68,119.29,No,Yes,Absent
SYN-DM-00848,140.1,89.5,Controlled,103.87,89.76,185.09,72.68,No,No,Absent
SYN-DM-00849,100.1,86.48,Elevated,81.26,82.18,179.45,90.17,Yes,Yes,Present
SYN-DM-00850,125.0,73.39,Elevated,72.06,87.21,173.03,80.1,No,Yes,Present
SYN-DM-00851,121.0,81.17,Unknown,63.23,112.3,174.47,101.96,No,Yes,Unknown
SYN-DM-00852,115.7,83.23,Unknown,70.96,76.35,176.24,124.91,Yes,Yes,Unknown
SYN-DM-00853,119.4,102.14,Controlled,85.6,76.54,179.59,88.8,Yes,No,Absent
SYN-DM-00854,124.4,89.01,Unknown,88.09,82.18,162.34,117.71,Yes,Yes,Absent
SYN-DM-00855,123.7,91.99,Unknown,68.51,77.37,158.47,72.56,No,Yes,Unknown
SYN-DM-00856,160.5,97.72,Controlled,79.08,82.82,175.38,105.6,Yes,No,Unknown
SYN-DM-00857,133.2,95.27,Unknown,91.37,57.2,158.03,124.15,Yes,No,Present
SYN-DM-00858,126.7,102.16,Elevated,75.34,82.71,153.09,85.49,Yes,Yes,Absent
SYN-DM-00859,113.9,89.3,Elevated,68.19,70.64,183.72,106.61,No,Yes,Absent
SYN-DM-00860,126.8,94.53,Elevated,91.76,56.37,180.38,116.65,Yes,No,Absent
SYN-DM-00861,140.9,81.33,Elevated,82.22,110.75,154.47,80.98,Yes,No,Unknown
SYN-DM-00862,134.8,76.38,Controlled,84.88,88.42,182.3,108.54,No,No,Absent
SYN-DM-00863,125.5,97.18,Elevated,66.51,82.85,153.13,91.5,No,Yes,Present
SYN-DM-00864,154.0,93.67,Controlled,61.18,60.26,184.33,88.79,Yes,Yes,Absent
SYN-DM-00865,125.8,99.21,Elevated,72.77,85.23,161.77,116.11,No,No,Unknown
SYN-DM-00866,117.6,97.01,Controlled,65.76,94.85,156.22,75.77,Yes,Yes,Unknown
SYN-DM-00867,118.0,81.25,Elevated,64.59,90.62,178.71,112.72,No,Yes,Present
SYN-DM-00868,111.3,71.77,Elevated,74.94,86.62,168.94,111.43,Yes,Yes,Unknown
SYN-DM-00869,123.1,79.96,Elevated,77.73,54.71,161.23,115.25,No,Yes,Present
SYN-DM-00870,106.4,92.56,Controlled,82.71,106.72,187.39,84.29,No,No,Absent
SYN-DM-00871,120.4,101.13,Unknown,84.61,75.78,166.11,84.67,No,No,Absent
SYN-DM-00872,90,72.89,Controlled,71.44,84.35,175.79,108.56,Yes,Yes,Present
SYN-DM-00873,148.2,69.87,Controlled,85.24,83.67,152.07,111.06,Yes,Yes,Present
SYN-DM-00874,126.1,67.51,Controlled,97.51,110.94,166.32,123.59,No,Yes,Unknown
SYN-DM-00875,122.3,87.94,Elevated,79.48,108.35,166.78,91.3,No,No,Unknown
SYN-DM-00876,111.8,94.32,Controlled,103.69,69.13,189.86,117.19,Yes,No,Unknown
SYN-DM-00877,127.9,78.56,Unknown,83.93,93.19,163.79,113.93,No,No,Present
SYN-DM-00878,153.3,97.26,Elevated,76.08,77.64,164.53,116.33,No,No,Absent
SYN-DM-00879,151.7,81.46,Elevated,77.95,103.53,176.31,99.6,Yes,Yes,Absent
SYN-DM-00880,130.2,84.69,Unknown,95.61,67.71,154.65,106.87,Yes,Yes,Absent
SYN-DM-00881,147.6,84.85,Unknown,102.47,76.31,158.43,80.1,No,No,Unknown
SYN-DM-00882,138.7,98.81,Unknown,86.65,73.09,180.82,120.3,No,No,Unknown
SYN-DM-00883,153.5,93.84,Controlled,60.4,77.55,171.35,83.38,Yes,No,Present
SYN-DM-00884,107.0,75.97,Unknown,75.35,88.6,177.68,123.2,No,No,Unknown
SYN-DM-00885,101.3,88.85,Elevated,101.68,56.87,152.56,111.45,No,Yes,Absent
SYN-DM-00886,112.9,81.36,Unknown,100.07,106.06,159.34,74.82,Yes,Yes,Unknown
SYN-DM-00887,127.8,76.72,Unknown,61.48,117.97,186.06,104.36,No,No,Absent
SYN-DM-00888,132.9,100.22,Controlled,69.21,77.94,163.41,119.17,No,Yes,Unknown
SYN-DM-00889,121.0,87.12,Controlled,83.47,55.0,180.76,120.31,No,No,Present
SYN-DM-00890,105.7,101.08,Elevated,73.21,97.73,170.76,82.17,No,No,Present
SYN-DM-00891,124.9,80.79,Unknown,59.78,94.19,176.41,122.19,No,No,Absent
SYN-DM-00892,127.1,67.31,Elevated,83.3,67.33,174.27,113.1,Yes,No,Unknown
SYN-DM-00893,106.9,80.8,Controlled,68.68,87.92,156.51,75.24,No,Yes,Absent
SYN-DM-00894,136.5,89.45,Controlled,72.14,101.29,162.04,120.49,Yes,No,Unknown
SYN-DM-00895,146.6,73.66,Unknown,65.47,64.44,159.73,116.22,No,No,Unknown
SYN-DM-00896,135.9,94.36,Unknown,60.99,100.82,160.34,90.92,Yes,Yes,Present
SYN-DM-00897,130.6,64.6,Controlled,81.53,89.85,186.77,88.93,Yes,No,Present
SYN-DM-00898,145.3,64.13,Unknown,61.94,109.1,157.35,78.21,No,No,Absent
SYN-DM-00899,121.1,86.82,Unknown,93.17,95.88,161.26,91.47,No,Yes,Present
SYN-DM-00900,144.6,96.62,Unknown,83.59,71.98,171.79,119.35,No,Yes,Present
SYN-DM-00901,133.9,65.19,Elevated,70.28,96.82,168.12,107.91,Yes,No,Present
SYN-DM-00902,138.8,96.62,Controlled,93.49,87.53,159.45,75.2,Yes,Yes,Unknown
SYN-DM-00903,111.1,89.13,Unknown,97.65,95.26,163.59,88.98,Yes,Yes,Absent
SYN-DM-00904,129.7,94.15,Elevated,69.08,69.28,167.09,121.99,No,Yes,Absent
SYN-DM-00905,130.2,88.28,Controlled,72.16,107.1,179.13,90.04,No,Yes,Absent
SYN-DM-00906,173.1,74.49,Elevated,95.02,83.91,152.32,110.45,Yes,No,Unknown
SYN-DM-00907,119.4,78.78,Controlled,65.02,66.12,181.08,86.39,No,Yes,Absent
SYN-DM-00908,129.6,100.49,Controlled,88.67,63.4,179.67,76.93,No,No,Present
SYN-DM-00909,109.9,81.86,Controlled,71.2,94.21,185.61,117.77,No,Yes,Present
SYN-DM-00910,132.5,103.45,Unknown,102.73,92.34,176.0,113.41,Yes,No,Present
SYN-DM-00911,131.9,90.72,Controlled,95.37,70.43,153.84,85.32,No,No,Absent
SYN-DM-00912,146.5,71.63,Unknown,90.56,98.98,168.33,84.05,Yes,No,Unknown
SYN-DM-00913,139.5,81.93,Unknown,67.92,104.55,175.08,84.36,Yes,Yes,Unknown
SYN-DM-00914,139.1,95.71,Elevated,60.07,61.43,187.71,85.49,No,Yes,Absent
SYN-DM-00915,132.4,69.9,Controlled,93.71,63.1,178.92,109.93,No,Yes,Unknown
SYN-DM-00916,139.7,87.92,Controlled,96.84,117.42,185.87,117.96,No,No,Present
SYN-DM-00917,127.5,88.44,Elevated,97.58,95.1,171.46,109.82,No,Yes,Present
SYN-DM-00918,158.7,65.26,Unknown,69.17,88.14,164.61,74.04,No,Yes,Absent
SYN-DM-00919,130.6,91.64,Elevated,98.71,66.15,157.73,111.47,Yes,No,Present
SYN-DM-00920,149.8,103.53,Controlled,79.5,111.34,159.46,83.84,Yes,Yes,Present
SYN-DM-00921,90,80.01,Controlled,88.72,104.18,167.34,107.41,Yes,Yes,Absent
SYN-DM-00922,125.3,66.17,Elevated,71.99,111.02,179.76,124.75,Yes,Yes,Present
SYN-DM-00923,126.2,103.8,Unknown,98.18,81.83,180.61,118.69,No,Yes,Present
SYN-DM-00924,129.9,97.04,Unknown,101.06,56.74,174.65,75.62,Yes,No,Present
SYN-DM-00925,122.8,97.98,Unknown,69.23,86.88,183.8,124.49,No,Yes,Unknown
SYN-DM-00926,110.1,75.0,Unknown,62.83,96.55,181.71,94.33,No,No,Absent
SYN-DM-00927,143.5,78.95,Unknown,102.64,65.9,175.97,90.45,Yes,No,Absent
SYN-DM-00928,102.7,91.29,Controlled,91.24,112.25,168.17,93.29,Yes,No,Unknown
SYN-DM-00929,148.9,67.59,Unknown,87.52,96.01,165.56,78.75,Yes,Yes,Unknown
SYN-DM-00930,152.8,79.39,Elevated,62.34,56.36,166.24,124.41,Yes,No,Present
SYN-DM-00931,149.5,66.81,Elevated,80.99,89.5,170.1,123.46,Yes,No,Unknown
SYN-DM-00932,91.7,73.88,Elevated,88.03,98.33,184.41,92.34,No,No,Absent
SYN-DM-00933,144.3,65.2,Controlled,66.66,84.95,169.67,100.78,No,No,Present
SYN-DM-00934,131.4,86.27,Unknown,64.39,79.51,178.81,79.41,No,Yes,Unknown
SYN-DM-00935,159.3,81.84,Controlled,65.19,87.33,179.12,111.85,No,Yes,Absent
SYN-DM-00936,147.2,83.42,Unknown,74.19,99.88,156.62,78.23,No,No,Present
SYN-DM-00937,115.0,96.34,Unknown,69.66,102.26,171.8,98.85,No,No,Unknown
SYN-DM-00938,136.2,100.45,Elevated,67.55,95.77,172.0,106.43,Yes,Yes,Unknown
SYN-DM-00939,139.9,64.07,Elevated,88.75,112.31,165.72,119.38,No,Yes,Present
SYN-DM-00940,137.2,99.65,Unknown,101.61,106.82,164.48,89.97,No,No,Unknown
SYN-DM-00941,132.7,87.82,Controlled,77.3,100.78,176.26,90.03,Yes,Yes,Absent
SYN-DM-00942,149.8,78.24,Controlled,101.23,97.96,175.87,93.39,No,No,Unknown
SYN-DM-00943,115.9,82.82,Controlled,68.69,61.67,162.95,118.66,No,Yes,Unknown
SYN-DM-00944,147.5,75.31,Unknown,94.85,56.38,166.74,109.94,No,Yes,Unknown
SYN-DM-00945,141.8,67.78,Elevated,65.08,115.13,173.7,76.13,No,Yes,Present
SYN-DM-00946,139.5,70.31,Unknown,71.32,55.13,167.77,76.16,No,No,Absent
SYN-DM-00947,90,71.35,Elevated,92.12,55.42,171.59,119.41,Yes,No,Absent
SYN-DM-00948,119.8,81.42,Controlled,84.55,80.38,179.1,112.42,Yes,Yes,Absent
SYN-DM-00949,105.3,74.7,Unknown,70.29,92.88,187.49,74.92,No,No,Absent
SYN-DM-00950,144.7,67.61,Unknown,73.93,115.86,164.49,125.26,No,Yes,Unknown
SYN-DM-00951,116.7,77.67,Elevated,95.02,65.89,173.14,108.8,Yes,No,Absent
SYN-DM-00952,122.0,72.64,Unknown,103.42,64.54,162.71,121.71,Yes,Yes,Unknown
SYN-DM-00953,118.4,96.02,Elevated,65.22,87.25,172.17,125.5,Yes,No,Present
SYN-DM-00954,117.6,65.44,Unknown,89.92,73.23,187.57,108.3,Yes,No,Unknown
SYN-DM-00955,129.8,101.09,Elevated,90.89,65.96,165.4,74.23,Yes,Yes,Absent
SYN-DM-00956,146.8,66.63,Unknown,90.61,56.92,157.91,73.5,Yes,No,Absent
SYN-DM-00957,103.5,65.13,Unknown,78.06,71.52,169.41,104.1,Yes,No,Unknown
SYN-DM-00958,124.9,101.17,Elevated,64.22,79.56,158.12,84.95,No,No,Absent
SYN-DM-00959,112.8,70.95,Controlled,92.6,65.64,169.89,103.96,Yes,No,Unknown
SYN-DM-00960,126.8,71.88,Unknown,67.41,92.74,155.4,123.19,No,Yes,Present
SYN-DM-00961,100.5,66.68,Elevated,99.63,107.08,186.81,113.99,Yes,No,Unknown
SYN-DM-00962,117.3,94.1,Unknown,90.37,67.47,186.12,90.81,No,Yes,Unknown
SYN-DM-00963,122.4,70.64,Unknown,61.69,113.0,179.09,99.17,No,Yes,Unknown
SYN-DM-00964,136.6,94.62,Controlled,85.97,107.41,180.03,124.98,No,No,Present
SYN-DM-00965,99.1,80.81,Controlled,66.44,56.77,179.17,74.25,No,Yes,Present
SYN-DM-00966,130.1,75.95,Unknown,81.93,115.36,153.41,113.95,No,No,Absent
SYN-DM-00967,118.6,70.6,Unknown,70.05,116.52,173.12,106.16,Yes,Yes,Present
SYN-DM-00968,124.3,102.63,Elevated,59.35,108.04,178.52,107.12,No,Yes,Absent
SYN-DM-00969,149.0,87.74,Unknown,88.97,85.85,158.56,102.38,Yes,Yes,Present
SYN-DM-00970,112.8,102.39,Controlled,101.2,72.44,187.52,73.25,Yes,Yes,Absent
SYN-DM-00971,155.7,73.34,Unknown,67.54,112.57,166.26,77.76,No,Yes,Unknown
SYN-DM-00972,118.3,78.65,Unknown,93.1,97.33,159.96,100.84,No,No,Present
SYN-DM-00973,133.2,64.44,Controlled,84.97,87.4,183.92,100.54,No,No,Absent
SYN-DM-00974,96.5,65.14,Elevated,86.26,82.4,184.99,78.47,No,No,Present
SYN-DM-00975,124.6,81.92,Elevated,92.37,90.03,158.94,110.85,No,No,Present
SYN-DM-00976,132.7,88.49,Elevated,59.02,100.4,187.58,121.38,No,No,Present
SYN-DM-00977,136.6,74.69,Controlled,60.84,91.5,180.52,91.31,No,No,Absent
SYN-DM-00978,151.6,71.44,Elevated,72.95,84.04,161.55,111.79,Yes,Yes,Present
SYN-DM-00979,170.1,79.42,Unknown,84.79,87.31,157.72,106.83,Yes,No,Present
SYN-DM-00980,123.8,98.4,Elevated,93.51,114.32,188.14,105.64,No,No,Absent
SYN-DM-00981,123.1,88.3,Unknown,99.74,111.56,182.23,92.28,Yes,Yes,Present
SYN-DM-00982,156.1,65.63,Controlled,72.69,115.13,161.99,103.32,No,Yes,Unknown
SYN-DM-00983,154.3,94.76,Elevated,77.96,103.89,186.9,85.12,No,No,Absent
SYN-DM-00984,143.4,77.82,Controlled,67.62,77.41,169.85,108.42,No,No,Present
SYN-DM-00985,129.4,76.13,Elevated,87.12,92.38,161.67,86.11,Yes,No,Present
SYN-DM-00986,102.4,99.25,Elevated,70.22,106.36,175.78,86.14,No,No,Absent
SYN-DM-00987,109.6,82.43,Elevated,72.94,61.76,178.07,102.79,No,Yes,Unknown
SYN-DM-00988,113.7,85.32,Elevated,83.91,84.09,157.1,103.36,Yes,No,Unknown
SYN-DM-00989,158.0,91.76,Elevated,92.1,98.8,154.22,113.21,No,No,Present
SYN-DM-00990,107.3,84.76,Elevated,72.73,89.23,185.82,82.07,No,No,Absent
SYN-DM-00991,135.3,80.53,Elevated,70.29,79.52,152.99,92.3,No,No,Unknown
SYN-DM-00992,90,92.17,Unknown,83.08,73.22,158.2,119.17,No,Yes,Unknown
SYN-DM-00993,121.1,66.64,Unknown,96.03,80.91,182.96,109.54,No,No,Present
SYN-DM-00994,153.6,83.0,Unknown,103.15,107.65,160.17,77.53,Yes,No,Absent
SYN-DM-00995,176.1,83.84,Elevated,79.75,61.66,153.32,113.53,No,No,Unknown
SYN-DM-00996,118.9,72.67,Elevated,64.03,113.05,154.53,110.52,No,No,Absent
SYN-DM-00997,123.9,83.59,Controlled,78.21,67.2,167.28,101.43,No,Yes,Absent
SYN-DM-00998,162.0,86.92,Controlled,89.65,102.61,162.44,106.17,Yes,No,Unknown
SYN-DM-00999,139.1,87.98,Controlled,78.02,115.46,173.16,115.58,No,No,Absent
SYN-DM-01000,129.8,73.13,Elevated,81.48,94.05,158.14,102.89,Yes,No,Unknown
SYN-DM-01001,113.9,83.68,Unknown,102.54,70.11,170.43,76.24,No,No,Absent
SYN-DM-01002,113.3,85.98,Controlled,70.72,79.82,181.66,108.27,Yes,No,Absent
SYN-DM-01003,175.9,66.51,Unknown,62.42,95.76,180.63,84.69,No,Yes,Unknown
SYN-DM-01004,143.1,66.92,Controlled,73.66,89.06,181.57,118.38,No,Yes,Unknown
SYN-DM-01005,124.3,87.37,Controlled,94.32,56.94,160.38,109.62,No,Yes,Absent
SYN-DM-01006,107.7,72.03,Unknown,93.4,80.38,159.48,79.39,Yes,Yes,Absent
SYN-DM-01007,131.5,76.01,Unknown,75.73,88.04,153.7,114.83,Yes,Yes,Unknown
SYN-DM-01008,126.0,101.84,Controlled,69.97,73.95,159.1,122.43,Yes,Yes,Unknown
SYN-DM-01009,145.8,66.83,Controlled,86.94,106.72,163.64,125.63,Yes,Yes,Unknown
SYN-DM-01010,121.1,85.35,Elevated,97.57,100.39,187.86,78.79,No,Yes,Absent
SYN-DM-01011,124.7,77.8,Elevated,66.91,86.68,169.42,85.62,Yes,Yes,Present
SYN-DM-01012,123.2,73.11,Unknown,102.67,73.58,184.53,124.65,No,Yes,Present
SYN-DM-01013,129.8,66.43,Elevated,95.16,87.54,172.43,81.12,No,No,Unknown
SYN-DM-01014,150.8,81.65,Controlled,64.79,89.52,174.4,115.47,Yes,No,Absent
SYN-DM-01015,123.9,93.82,Controlled,66.33,77.98,164.54,121.77,Yes,Yes,Unknown
SYN-DM-01016,137.8,79.12,Unknown,90.57,117.3,155.99,112.71,Yes,Yes,Present
SYN-DM-01017,135.6,81.28,Controlled,82.56,68.66,164.54,117.3,Yes,No,Present
SYN-DM-01018,126.6,74.2,Controlled,77.52,61.24,183.45,77.83,Yes,Yes,Unknown
SYN-DM-01019,139.3,90.73,Elevated,98.39,59.98,170.98,96.85,No,Yes,Absent
SYN-DM-01020,106.5,73.0,Elevated,60.04,113.9,157.91,109.21,Yes,Yes,Absent
SYN-DM-01021,118.7,83.37,Elevated,73.72,62.82,174.47,85.52,No,No,Unknown
SYN-DM-01022,113.0,87.13,Elevated,79.77,67.06,175.24,96.27,No,No,Present
SYN-DM-01023,134.7,70.64,Controlled,68.98,70.26,153.96,120.9,Yes,Yes,Present
SYN-DM-01024,115.3,80.08,Controlled,98.85,117.05,183.7,111.81,Yes,No,Present
SYN-DM-01025,129.4,71.97,Controlled,85.88,63.61,170.24,113.18,No,No,Unknown
SYN-DM-01026,140.3,77.2,Unknown,100.56,68.01,174.55,94.49,No,No,Present
SYN-DM-01027,127.5,93.16,Unknown,103.98,86.42,189.17,84.71,No,No,Unknown
SYN-DM-01028,119.9,81.68,Unknown,93.8,115.27,182.65,125.82,No,No,Absent
SYN-DM-01029,129.1,78.48,Unknown,89.56,70.95,162.37,80.64,No,No,Unknown
SYN-DM-01030,134.5,99.84,Elevated,69.46,95.46,178.74,96.45,Yes,No,Unknown
SYN-DM-01031,106.6,83.92,Elevated,83.02,89.91,179.25,111.47,No,Yes,Absent
SYN-DM-01032,126.2,85.84,Unknown,92.01,84.59,157.66,95.19,No,Yes,Present
SYN-DM-01033,119.8,64.29,Unknown,82.05,104.08,172.11,87.4,No,Yes,Present
SYN-DM-01034,97.0,91.15,Controlled,98.95,104.56,175.96,82.08,Yes,Yes,Unknown
SYN-DM-01035,153.2,68.9,Unknown,97.15,96.68,164.11,82.75,No,Yes,Unknown
SYN-DM-01036,109.3,70.6,Controlled,97.14,86.69,171.52,109.29,No,Yes,Unknown
SYN-DM-01037,123.5,91.89,Controlled,68.79,54.74,173.94,121.91,Yes,No,Unknown
SYN-DM-01038,154.7,68.47,Controlled,63.76,105.99,154.19,100.21,No,Yes,Present
SYN-DM-01039,108.1,90.84,Elevated,63.69,56.9,179.23,99.4,No,Yes,Unknown
SYN-DM-01040,134.6,99.82,Controlled,65.76,114.03,154.6,98.45,No,Yes,Unknown
SYN-DM-01041,128.7,89.9,Elevated,58.71,89.71,154.15,95.98,No,No,Unknown
SYN-DM-01042,117.5,98.21,Unknown,80.93,73.67,165.31,75.22,No,Yes,Absent
SYN-DM-01043,144.9,66.02,Unknown,91.33,70.76,183.87,77.09,No,No,Unknown
SYN-DM-01044,142.4,79.75,Unknown,90.13,105.44,188.71,117.46,Yes,No,Absent
SYN-DM-01045,172.0,68.79,Elevated,62.75,77.6,153.15,84.94,No,No,Absent
SYN-DM-01046,139.8,93.6,Controlled,102.52,57.52,189.98,75.54,Yes,No,Absent
SYN-DM-01047,141.8,101.51,Unknown,101.43,66.12,173.11,109.67,No,Yes,Unknown
SYN-DM-01048,145.4,86.5,Controlled,77.14,55.83,168.7,97.75,No,Yes,Absent
SYN-DM-01049,141.1,87.61,Elevated,90.78,86.96,162.03,90.89,Yes,Yes,Present
SYN-DM-01050,118.9,102.16,Controlled,96.09,101.7,182.51,74.63,No,Yes,Unknown
SYN-DM-01051,118.3,84.88,Unknown,63.64,109.17,179.44,109.65,No,No,Absent
SYN-DM-01052,94.6,74.17,Controlled,71.04,95.41,160.76,118.01,No,Yes,Present
SYN-DM-01053,132.5,91.54,Elevated,61.45,93.23,168.76,109.89,No,Yes,Present
SYN-DM-01054,119.9,101.91,Unknown,96.3,111.07,159.66,125.25,Yes,No,Unknown
SYN-DM-01055,161.2,77.86,Controlled,87.12,102.06,153.07,86.77,Yes,Yes,Present
SYN-DM-01056,124.9,89.65,Unknown,76.01,54.29,157.51,94.26,No,No,Unknown
SYN-DM-01057,121.5,89.03,Elevated,82.57,101.02,157.17,122.68,Yes,No,Unknown
SYN-DM-01058,139.2,98.15,Controlled,95.68,91.42,155.65,117.77,Yes,Yes,Unknown
SYN-DM-01059,140.5,65.58,Elevated,62.67,116.62,170.37,78.11,Yes,No,Absent
SYN-DM-01060,91.8,99.37,Elevated,103.28,110.03,152.03,109.71,No,Yes,Absent
SYN-DM-01061,127.7,90.43,Unknown,79.08,102.06,156.18,102.67,Yes,Yes,Present
SYN-DM-01062,110.4,89.96,Unknown,94.96,87.31,162.3,96.82,No,No,Present
SYN-DM-01063,114.2,100.08,Unknown,83.47,91.87,179.23,94.85,No,Yes,Absent
SYN-DM-01064,126.9,73.85,Unknown,81.31,75.64,154.8,112.69,Yes,Yes,Present
SYN-DM-01065,143.3,90.13,Elevated,65.08,78.72,169.57,103.23,Yes,No,Unknown
SYN-DM-01066,130.0,103.81,Elevated,100.1,56.62,164.31,88.55,No,No,Unknown
SYN-DM-01067,112.9,92.72,Elevated,68.17,54.61,171.72,76.86,Yes,No,Present
SYN-DM-01068,143.7,80.46,Elevated,102.17,76.63,158.17,93.6,No,Yes,Present
SYN-DM-01069,144.6,102.2,Unknown,75.17,104.85,155.31,114.08,No,No,Absent
SYN-DM-01070,149.0,74.21,Elevated,71.13,101.95,172.43,97.96,No,Yes,Unknown
SYN-DM-01071,164.6,67.04,Unknown,63.08,59.7,168.49,77.75,Yes,No,Absent
SYN-DM-01072,115.7,82.97,Unknown,64.68,57.16,174.51,100.68,No,Yes,Unknown
SYN-DM-01073,131.6,76.54,Elevated,98.99,116.69,165.14,101.54,No,No,Unknown
SYN-DM-01074,120.3,76.02,Controlled,103.67,110.48,166.39,107.88,No,No,Unknown
SYN-DM-01075,103.2,70.17,Elevated,86.37,64.89,189.54,76.29,No,No,Absent
SYN-DM-01076,135.1,82.31,Controlled,64.78,94.0,185.08,108.9,Yes,No,Unknown
SYN-DM-01077,131.3,94.06,Unknown,76.24,113.65,187.34,125.95,Yes,Yes,Unknown
SYN-DM-01078,145.0,97.81,Elevated,64.68,68.78,154.39,91.09,Yes,Yes,Unknown
SYN-DM-01079,106.2,98.28,Controlled,68.23,61.21,171.56,73.79,No,Yes,Absent
SYN-DM-01080,99.3,71.65,Unknown,87.95,68.48,181.94,97.68,No,No,Absent
SYN-DM-01081,112.6,69.17,Controlled,80.85,107.4,165.1,94.09,No,No,Unknown
SYN-DM-01082,136.0,98.45,Controlled,87.49,56.36,183.19,77.03,Yes,Yes,Unknown
SYN-DM-01083,116.0,72.7,Controlled,100.87,97.42,180.95,96.78,No,No,Present
SYN-DM-01084,118.4,76.95,Unknown,95.83,65.37,174.86,114.62,Yes,Yes,Present
SYN-DM-01085,125.7,88.25,Elevated,89.7,103.78,157.21,109.68,Yes,No,Absent
SYN-DM-01086,139.5,99.56,Unknown,67.28,96.5,154.93,99.44,Yes,Yes,Present
SYN-DM-01087,117.1,66.06,Controlled,84.54,81.55,157.9,102.97,No,No,Present
SYN-DM-01088,140.0,85.98,Elevated,100.17,87.06,160.74,107.09,No,Yes,Absent
SYN-DM-01089,123.3,91.77,Elevated,83.71,109.34,156.61,90.92,No,No,Present
SYN-DM-01090,136.7,86.6,Controlled,98.34,89.66,154.58,75.12,No,Yes,Absent
SYN-DM-01091,101.7,80.95,Elevated,62.27,93.42,161.43,122.69,Yes,Yes,Absent
SYN-DM-01092,128.6,87.51,Elevated,88.33,105.82,170.39,103.48,Yes,Yes,Unknown
SYN-DM-01093,114.0,71.6,Elevated,86.7,71.87,175.15,100.58,Yes,No,Absent
SYN-DM-01094,142.2,88.77,Elevated,71.42,96.95,156.37,77.87,No,No,Present
SYN-DM-01095,131.2,100.72,Controlled,88.36,58.33,166.41,125.88,Yes,No,Absent
SYN-DM-01096,114.7,72.67,Unknown,61.14,98.68,169.09,74.47,No,No,Unknown
SYN-DM-01097,95.4,94.39,Unknown,83.99,109.92,186.95,116.6,Yes,Yes,Present
SYN-DM-01098,134.0,78.1,Unknown,76.9,82.59,185.31,125.97,Yes,No,Unknown
SYN-DM-01099,113.5,86.28,Unknown,89.38,68.14,165.09,94.83,No,No,Unknown
SYN-DM-01100,106.4,95.68,Unknown,90.38,88.23,157.5,111.29,No,No,Absent
SYN-DM-01101,140.0,87.19,Unknown,86.65,87.99,175.02,107.03,Yes,Yes,Absent
SYN-DM-01102,124.6,91.71,Unknown,72.88,89.72,182.26,92.51,No,No,Absent
SYN-DM-01103,123.1,100.79,Elevated,76.48,112.47,165.25,99.7,Yes,Yes,Present
SYN-DM-01104,141.0,86.47,Unknown,73.32,113.06,171.92,108.49,No,No,Present
SYN-DM-01105,137.9,97.5,Unknown,93.47,82.21,160.92,92.08,Yes,No,Absent
SYN-DM-01106,120.5,95.34,Unknown,101.2,108.12,162.65,72.84,No,No,Absent
SYN-DM-01107,124.1,70.32,Elevated,59.75,111.43,188.51,96.21,No,No,Absent
SYN-DM-01108,93.2,86.54,Elevated,82.96,85.38,159.22,104.78,No,No,Unknown
SYN-DM-01109,115.6,71.06,Elevated,90.69,100.95,178.17,84.78,Yes,No,Present
SYN-DM-01110,170.9,85.96,Elevated,70.54,64.44,170.81,99.87,Yes,Yes,Absent
SYN-DM-01111,138.0,81.43,Controlled,99.17,87.87,181.44,76.98,Yes,No,Unknown
SYN-DM-01112,122.3,94.64,Elevated,62.73,57.62,169.72,107.51,Yes,Yes,Unknown
SYN-DM-01113,132.1,65.0,Unknown,77.36,71.65,178.88,117.45,No,Yes,Unknown
SYN-DM-01114,147.4,83.06,Unknown,60.47,75.01,184.07,100.13,Yes,Yes,Unknown
SYN-DM-01115,114.7,69.97,Unknown,71.87,113.93,152.04,81.72,Yes,No,Unknown
SYN-DM-01116,157.0,74.14,Unknown,72.19,106.79,178.58,100.96,Yes,No,Present
SYN-DM-01117,145.7,67.58,Elevated,75.84,107.8,174.34,84.46,Yes,Yes,Absent
SYN-DM-01118,132.7,90.19,Elevated,91.52,83.56,186.86,95.36,Yes,No,Unknown
SYN-DM-01119,119.4,70.09,Unknown,68.57,93.29,168.84,122.71,No,No,Absent
SYN-DM-01120,131.9,66.34,Unknown,100.18,62.17,178.61,102.79,No,No,Unknown
SYN-DM-01121,148.2,87.74,Controlled,76.54,103.14,181.12,81.24,Yes,Yes,Present
SYN-DM-01122,122.4,103.82,Controlled,76.44,81.63,152.07,80.91,No,No,Absent
SYN-DM-01123,163.2,93.27,Controlled,87.44,65.76,173.41,77.28,No,No,Present
SYN-DM-01124,137.8,101.21,Controlled,73.96,78.72,176.91,83.76,Yes,No,Unknown
SYN-DM-01125,141.5,71.95,Elevated,63.19,82.68,189.97,79.48,Yes,Yes,Absent
SYN-DM-01126,109.1,100.38,Controlled,99.5,114.61,165.51,85.3,No,Yes,Absent
SYN-DM-01127,124.9,96.81,Unknown,70.8,57.34,177.24,82.28,Yes,Yes,Absent
SYN-DM-01128,151.6,74.2,Unknown,101.02,106.39,169.24,120.65,Yes,Yes,Absent
SYN-DM-01129,146.4,75.27,Elevated,58.93,65.72,162.44,82.23,Yes,No,Absent
SYN-DM-01130,112.9,93.99,Elevated,83.22,97.82,165.37,111.92,No,No,Unknown
SYN-DM-01131,92.5,101.17,Controlled,76.6,111.71,170.66,98.0,Yes,Yes,Present
SYN-DM-01132,114.2,101.52,Controlled,78.38,74.31,173.25,93.69,Yes,No,Present
SYN-DM-01133,141.2,68.9,Unknown,87.98,69.95,176.72,81.53,Yes,No,Unknown
SYN-DM-01134,139.4,93.97,Elevated,84.86,73.16,175.84,76.65,No,No,Present
SYN-DM-01135,135.7,92.88,Unknown,87.28,101.11,164.38,100.83,No,Yes,Present
SYN-DM-01136,116.9,92.58,Elevated,89.73,67.07,181.07,114.48,No,No,Absent
SYN-DM-01137,106.4,77.55,Elevated,82.2,81.42,152.64,114.6,No,No,Present
SYN-DM-01138,99.6,100.61,Elevated,84.64,55.34,158.52,80.11,Yes,Yes,Present
SYN-DM-01139,117.2,86.62,Controlled,76.77,99.38,182.05,107.15,Yes,No,Present
SYN-DM-01140,117.3,84.62,Elevated,81.02,83.52,188.99,76.17,Yes,Yes,Absent
SYN-DM-01141,139.9,88.36,Elevated,94.86,99.53,169.39,119.45,Yes,Yes,Present
SYN-DM-01142,114.7,65.98,Controlled,66.96,83.84,157.54,123.43,No,No,Unknown
SYN-DM-01143,120.8,85.86,Elevated,80.99,76.27,159.7,114.67,No,No,Unknown
SYN-DM-01144,100.2,73.39,Elevated,93.16,117.75,176.71,89.66,No,No,Absent
SYN-DM-01145,113.1,84.22,Unknown,76.52,58.36,175.01,76.18,Yes,No,Absent
SYN-DM-01146,144.5,83.07,Controlled,66.95,60.97,153.06,81.51,No,Yes,Unknown
SYN-DM-01147,105.2,95.48,Controlled,65.33,58.1,166.91,106.71,Yes,No,Absent
SYN-DM-01148,144.6,93.0,Controlled,68.23,74.16,185.05,79.65,Yes,No,Unknown
SYN-DM-01149,125.6,90.53,Unknown,88.78,98.09,158.83,87.0,Yes,No,Present
SYN-DM-01150,122.2,76.7,Unknown,100.51,98.58,163.56,124.18,No,Yes,Unknown
SYN-DM-01151,134.9,80.64,Controlled,82.09,90.17,154.83,81.42,No,Yes,Unknown
SYN-DM-01152,121.9,95.67,Unknown,74.51,70.83,161.09,102.58,Yes,Yes,Absent
SYN-DM-01153,132.3,64.4,Unknown,62.68,63.35,169.31,114.73,No,No,Absent
SYN-DM-01154,141.0,68.45,Unknown,99.57,96.58,168.75,124.23,Yes,Yes,Present
SYN-DM-01155,120.0,84.6,Controlled,63.09,61.89,169.98,77.01,No,Yes,Present
SYN-DM-01156,150.1,89.23,Elevated,88.94,100.69,166.45,78.64,No,No,Present
SYN-DM-01157,137.9,99.21,Controlled,71.2,89.44,184.65,75.28,Yes,Yes,Present
SYN-DM-01158,151.1,84.94,Elevated,89.64,60.48,163.41,85.45,Yes,No,Absent
SYN-DM-01159,146.6,103.12,Unknown,65.57,98.72,154.58,87.04,No,No,Absent
SYN-DM-01160,114.0,73.86,Elevated,71.73,62.16,183.81,92.38,No,Yes,Unknown
SYN-DM-01161,114.7,96.05,Unknown,74.84,116.39,177.86,111.6,No,No,Present
SYN-DM-01162,133.1,85.53,Elevated,82.36,83.0,165.11,93.32,Yes,No,Unknown
SYN-DM-01163,140.2,75.39,Unknown,81.01,100.25,180.65,77.76,Yes,No,Present
SYN-DM-01164,173.4,100.64,Unknown,80.81,80.02,181.48,72.0,No,Yes,Unknown
SYN-DM-01165,142.0,93.14,Unknown,89.87,109.51,164.74,104.66,Yes,No,Present
SYN-DM-01166,90,101.82,Controlled,85.9,64.13,163.48,82.19,Yes,Yes,Present
SYN-DM-01167,154.4,65.37,Unknown,94.61,57.78,155.66,86.69,No,No,Unknown
SYN-DM-01168,104.9,76.98,Elevated,94.09,63.26,180.18,74.83,Yes,Yes,Unknown
SYN-DM-01169,112.0,87.82,Controlled,72.43,81.67,158.29,96.7,No,Yes,Unknown
SYN-DM-01170,140.5,93.65,Controlled,100.27,71.43,156.15,98.6,No,No,Absent
SYN-DM-01171,97.9,95.33,Elevated,84.43,75.09,152.26,122.27,Yes,Yes,Present
SYN-DM-01172,130.9,97.94,Unknown,81.86,101.61,178.08,108.06,No,Yes,Unknown
SYN-DM-01173,119.3,101.46,Controlled,65.92,64.03,185.92,89.29,No,No,Present
SYN-DM-01174,142.2,76.54,Elevated,77.51,106.49,159.41,73.12,No,Yes,Present
SYN-DM-01175,125.5,94.45,Controlled,96.6,95.84,161.61,72.15,No,Yes,Present
SYN-DM-01176,122.6,69.97,Elevated,72.79,63.19,167.55,103.06,No,Yes,Present
SYN-DM-01177,146.3,97.25,Unknown,58.2,82.29,168.69,116.43,No,No,Unknown
SYN-DM-01178,115.8,71.72,Elevated,77.61,109.6,186.95,100.06,Yes,No,Present
SYN-DM-01179,134.8,77.44,Controlled,79.44,71.35,178.91,104.39,Yes,No,Absent
SYN-DM-01180,133.6,94.47,Elevated,65.49,86.32,154.43,88.22,No,Yes,Present
SYN-DM-01181,113.0,91.73,Controlled,64.26,74.44,181.36,78.08,Yes,Yes,Absent
SYN-DM-01182,124.6,82.56,Controlled,64.98,76.98,180.63,101.74,Yes,Yes,Present
SYN-DM-01183,133.6,72.18,Elevated,93.49,82.12,188.28,84.93,No,Yes,Unknown
SYN-DM-01184,152.0,75.66,Unknown,95.4,78.63,186.0,100.9,No,No,Absent
SYN-DM-01185,98.0,95.48,Unknown,88.06,106.86,156.11,103.77,No,No,Absent
SYN-DM-01186,131.6,82.72,Unknown,58.72,64.24,166.52,101.93,No,Yes,Absent
SYN-DM-01187,109.7,65.27,Unknown,94.13,82.45,154.39,108.08,Yes,Yes,Present
SYN-DM-01188,155.9,88.62,Unknown,99.06,89.11,171.5,116.22,Yes,No,Absent
SYN-DM-01189,132.4,92.24,Elevated,94.29,92.81,160.57,88.3,Yes,Yes,Absent
SYN-DM-01190,106.5,101.37,Elevated,89.19,72.23,176.3,102.31,Yes,Yes,Absent
SYN-DM-01191,129.7,88.05,Elevated,77.24,57.0,159.14,79.03,Yes,No,Absent
SYN-DM-01192,139.1,73.21,Controlled,70.17,73.45,156.77,96.07,No,No,Unknown
SYN-DM-01193,107.4,100.7,Controlled,58.81,72.06,152.7,116.13,No,Yes,Present
SYN-DM-01194,128.8,80.7,Unknown,64.59,59.17,182.81,81.01,Yes,No,Absent
SYN-DM-01195,117.6,95.5,Elevated,62.63,83.35,164.56,81.77,Yes,No,Present
SYN-DM-01196,130.1,76.49,Controlled,68.2,84.54,171.58,97.73,Yes,Yes,Absent
SYN-DM-01197,123.5,74.1,Unknown,65.1,114.18,152.05,90.74,Yes,Yes,Absent
SYN-DM-01198,123.7,76.82,Elevated,69.03,97.33,162.15,84.76,Yes,No,Unknown
SYN-DM-01199,140.1,97.88,Unknown,85.78,117.68,172.81,99.65,Yes,Yes,Present
SYN-DM-01200,131.1,92.64,Unknown,62.87,112.31,175.09,74.12,No,Yes,Present
SYN-DM-01201,138.6,78.41,Unknown,76.94,94.31,152.18,95.85,Yes,No,Unknown
SYN-DM-01202,143.4,67.0,Controlled,58.45,77.23,156.36,109.28,Yes,No,Absent
SYN-DM-01203,124.6,102.99,Unknown,65.86,59.24,176.05,100.9,No,Yes,Absent
SYN-DM-01204,147.9,86.09,Unknown,69.4,77.62,164.15,81.11,No,Yes,Absent
SYN-DM-01205,121.3,90.07,Unknown,90.92,85.56,174.82,91.53,No,No,Absent
SYN-DM-01206,142.6,94.5,Controlled,67.64,82.76,180.23,88.46,Yes,Yes,Unknown
SYN-DM-01207,93.4,103.93,Controlled,68.77,63.39,178.91,121.28,No,No,Unknown
SYN-DM-01208,115.4,80.68,Unknown,65.95,81.29,186.95,117.39,No,No,Present
SYN-DM-01209,141.4,69.92,Controlled,66.52,64.09,153.03,124.7,Yes,No,Absent
SYN-DM-01210,123.6,92.33,Controlled,79.04,101.08,172.14,91.49,Yes,Yes,Present
SYN-DM-01211,152.0,93.13,Unknown,85.23,60.67,156.49,83.52,Yes,No,Unknown
SYN-DM-01212,164.9,70.29,Unknown,62.8,115.52,188.69,86.82,No,Yes,Unknown
SYN-DM-01213,115.9,66.71,Unknown,66.88,112.89,174.79,109.61,No,Yes,Unknown
SYN-DM-01214,124.6,92.53,Controlled,77.71,110.04,165.74,123.77,No,Yes,Unknown
SYN-DM-01215,159.3,100.54,Unknown,63.31,114.63,179.32,84.05,No,Yes,Present
SYN-DM-01216,117.9,78.65,Elevated,102.67,68.77,173.07,85.79,Yes,Yes,Unknown
SYN-DM-01217,146.6,95.4,Elevated,89.85,70.91,176.0,117.9,No,Yes,Present
SYN-DM-01218,157.2,88.02,Controlled,69.04,107.91,179.45,122.98,Yes,No,Absent
SYN-DM-01219,147.9,95.85,Elevated,88.1,117.17,164.63,89.54,Yes,Yes,Present
SYN-DM-01220,98.7,73.05,Controlled,93.07,56.85,172.94,95.39,Yes,No,Unknown
SYN-DM-01221,120.5,86.47,Unknown,75.64,109.13,186.21,82.82,No,No,Absent
SYN-DM-01222,147.6,77.89,Controlled,95.0,82.93,186.82,87.28,Yes,No,Absent
SYN-DM-01223,141.4,85.7,Controlled,73.81,104.83,176.94,124.38,No,Yes,Unknown
SYN-DM-01224,104.4,87.06,Elevated,93.64,82.39,180.49,120.01,No,Yes,Unknown
SYN-DM-01225,97.2,69.41,Unknown,95.96,113.45,173.01,90.95,No,Yes,Present
SYN-DM-01226,131.2,76.82,Elevated,87.53,92.22,173.04,106.53,No,Yes,Unknown
SYN-DM-01227,148.8,98.91,Elevated,102.4,70.21,183.13,124.14,No,No,Unknown
SYN-DM-01228,142.8,103.11,Unknown,59.97,58.13,152.23,80.08,Yes,Yes,Absent
SYN-DM-01229,157.9,90.67,Elevated,59.42,115.63,164.26,115.67,Yes,No,Unknown
SYN-DM-01230,133.6,75.47,Elevated,76.79,69.27,157.2,83.78,Yes,No,Present
SYN-DM-01231,99.3,87.06,Elevated,65.2,109.52,187.08,101.79,Yes,Yes,Absent
SYN-DM-01232,119.5,88.57,Unknown,62.3,72.81,169.62,116.82,Yes,No,Absent
SYN-DM-01233,98.9,97.51,Unknown,62.35,57.86,180.02,89.21,Yes,No,Unknown
SYN-DM-01234,119.4,78.29,Unknown,99.94,69.76,187.83,84.25,No,Yes,Present
SYN-DM-01235,154.6,85.89,Controlled,103.77,98.79,189.17,113.64,No,No,Unknown
SYN-DM-01236,106.9,84.38,Elevated,77.16,113.11,156.52,125.54,Yes,No,Present
SYN-DM-01237,125.5,93.86,Controlled,88.83,106.92,169.31,110.07,No,No,Unknown
SYN-DM-01238,135.1,73.97,Elevated,79.02,100.67,179.65,89.92,Yes,No,Unknown
SYN-DM-01239,123.3,71.82,Controlled,70.28,101.68,183.61,114.06,Yes,No,Present
SYN-DM-01240,144.2,80.01,Unknown,89.1,116.79,154.92,103.58,No,No,Unknown
SYN-DM-01241,99.4,97.04,Elevated,86.77,100.81,173.2,82.27,No,No,Absent
SYN-DM-01242,140.9,78.2,Elevated,66.17,108.75,170.16,85.74,No,No,Present
SYN-DM-01243,128.8,81.26,Unknown,90.48,107.79,169.41,83.03,Yes,No,Present
SYN-DM-01244,114.1,88.77,Unknown,94.25,60.53,182.37,116.69,Yes,Yes,Present
SYN-DM-01245,132.3,95.75,Elevated,88.24,90.92,175.53,116.32,No,Yes,Present
SYN-DM-01246,143.0,96.37,Controlled,74.6,78.55,165.89,122.98,No,Yes,Present
SYN-DM-01247,107.4,94.04,Controlled,92.64,70.02,165.6,106.95,No,Yes,Unknown
SYN-DM-01248,143.2,74.96,Elevated,93.87,97.5,161.22,114.93,No,No,Present
SYN-DM-01249,121.5,93.86,Controlled,103.9,62.39,176.9,95.05,Yes,Yes,Unknown
SYN-DM-01250,121.9,85.7,Controlled,88.16,95.56,189.7,124.92,Yes,No,Unknown
SYN-DM-01251,121.8,77.85,Controlled,96.08,65.27,168.19,117.54,No,No,Absent
SYN-DM-01252,123.9,90.48,Controlled,65.87,114.35,186.82,116.6,Yes,Yes,Present
SYN-DM-01253,120.3,87.62,Unknown,98.75,109.01,165.09,124.29,No,No,Unknown
SYN-DM-01254,160.8,103.46,Elevated,99.04,66.95,184.46,84.5,No,Yes,Absent
SYN-DM-01255,131.8,89.14,Elevated,92.59,110.45,188.61,122.96,Yes,No,Unknown
SYN-DM-01256,128.4,91.52,Unknown,66.26,102.47,160.87,76.0,No,Yes,Unknown
SYN-DM-01257,146.8,94.57,Controlled,72.33,115.91,179.42,78.04,Yes,No,Unknown
SYN-DM-01258,135.4,71.01,Unknown,100.63,74.95,158.78,120.87,Yes,No,Absent
SYN-DM-01259,134.7,82.17,Elevated,66.05,83.27,184.34,80.1,No,No,Absent
SYN-DM-01260,131.3,84.51,Unknown,84.62,59.31,174.84,106.82,No,No,Present
SYN-DM-01261,126.2,85.56,Elevated,91.76,84.53,152.84,106.4,Yes,Yes,Present
SYN-DM-01262,139.7,89.03,Unknown,91.98,79.16,164.97,93.74,No,Yes,Absent
SYN-DM-01263,97.8,78.81,Controlled,60.73,89.22,159.3,118.13,No,No,Present
SYN-DM-01264,154.4,76.46,Controlled,99.82,78.67,164.37,78.0,Yes,Yes,Present
SYN-DM-01265,139.3,68.75,Unknown,99.46,87.14,167.22,113.43,No,No,Absent
SYN-DM-01266,142.0,96.69,Elevated,87.68,93.35,184.3,77.21,No,Yes,Absent
SYN-DM-01267,112.5,99.2,Elevated,102.68,74.25,168.55,89.27,No,Yes,Absent
SYN-DM-01268,145.8,66.81,Unknown,78.34,61.28,154.87,119.84,No,Yes,Absent
SYN-DM-01269,162.4,84.34,Controlled,81.59,94.44,160.26,81.22,No,Yes,Present
SYN-DM-01270,145.9,100.21,Unknown,88.63,90.96,162.13,81.84,No,No,Unknown
SYN-DM-01271,154.8,92.53,Unknown,84.53,109.05,153.85,125.04,Yes,Yes,Unknown
SYN-DM-01272,128.7,93.5,Unknown,73.57,92.96,159.0,82.58,Yes,No,Absent
SYN-DM-01273,95.0,88.92,Elevated,84.88,66.87,158.48,120.88,Yes,No,Present
SYN-DM-01274,109.1,94.42,Controlled,81.85,61.23,169.93,110.4,Yes,No,Absent
SYN-DM-01275,146.7,80.64,Controlled,78.63,69.79,173.52,120.86,Yes,Yes,Unknown
SYN-DM-01276,90.7,74.7,Elevated,69.73,57.21,154.18,121.98,No,Yes,Present
SYN-DM-01277,97.3,95.48,Unknown,87.76,70.31,186.85,114.41,No,No,Unknown
SYN-DM-01278,123.1,75.58,Unknown,76.71,74.27,184.39,97.39,No,Yes,Absent
SYN-DM-01279,131.8,95.96,Controlled,97.66,69.02,173.99,117.16,No,Yes,Unknown
SYN-DM-01280,128.4,92.99,Elevated,88.72,56.58,167.14,108.49,No,Yes,Absent
SYN-DM-01281,129.8,65.27,Controlled,82.57,96.71,159.26,117.78,Yes,Yes,Absent
SYN-DM-01282,118.3,65.09,Controlled,93.99,102.18,174.17,84.31,No,No,Present
SYN-DM-01283,101.6,70.91,Unknown,61.83,88.95,182.86,72.87,Yes,Yes,Unknown
SYN-DM-01284,144.1,80.04,Unknown,69.18,95.41,178.85,123.62,Yes,Yes,Unknown
SYN-DM-01285,150.7,94.63,Unknown,79.6,71.39,157.46,106.32,Yes,Yes,Present
SYN-DM-01286,141.5,93.96,Controlled,63.97,77.41,178.53,97.41,Yes,Yes,Absent
SYN-DM-01287,123.6,99.62,Controlled,95.97,64.27,174.18,85.9,No,Yes,Present
SYN-DM-01288,132.7,73.36,Unknown,63.32,115.46,175.37,83.26,Yes,No,Absent
SYN-DM-01289,140.0,75.89,Elevated,74.97,64.71,166.64,114.78,No,Yes,Absent
SYN-DM-01290,136.7,99.94,Elevated,72.66,117.26,188.98,125.59,No,Yes,Absent
SYN-DM-01291,115.1,90.57,Elevated,61.57,99.94,175.04,113.57,No,Yes,Unknown
SYN-DM-01292,90,83.93,Controlled,83.09,112.78,153.78,81.72,No,No,Absent
SYN-DM-01293,116.7,87.6,Unknown,81.57,68.23,182.54,114.97,No,No,Absent
SYN-DM-01294,123.0,69.15,Elevated,61.85,69.22,184.39,116.62,Yes,No,Absent
SYN-DM-01295,118.4,86.0,Elevated,82.67,95.16,169.63,88.5,No,Yes,Absent
SYN-DM-01296,139.7,87.86,Controlled,82.73,96.72,160.47,124.41,No,Yes,Unknown
SYN-DM-01297,125.4,92.47,Elevated,65.74,64.86,189.84,113.35,No,No,Unknown
SYN-DM-01298,132.2,91.26,Unknown,92.18,69.99,158.28,109.06,No,No,Unknown
SYN-DM-01299,140.6,69.26,Elevated,79.17,57.15,179.43,97.08,No,Yes,Present
SYN-DM-01300,118.3,95.35,Elevated,69.67,70.27,175.97,84.78,Yes,Yes,Absent
SYN-DM-01301,144.0,69.82,Elevated,58.1,60.03,159.58,104.06,Yes,Yes,Present
SYN-DM-01302,102.7,81.4,Controlled,73.47,111.76,161.26,101.56,Yes,Yes,Unknown
SYN-DM-01303,131.7,74.72,Elevated,63.28,85.0,188.6,108.15,No,No,Present
SYN-DM-01304,145.8,81.13,Elevated,64.06,57.96,173.4,124.87,No,No,Present
SYN-DM-01305,128.8,66.13,Controlled,58.52,98.34,184.74,75.79,Yes,No,Present
SYN-DM-01306,121.9,75.53,Unknown,68.3,74.86,170.16,75.77,Yes,Yes,Unknown
SYN-DM-01307,112.3,101.21,Controlled,89.76,109.86,156.26,82.75,Yes,Yes,Unknown
SYN-DM-01308,172.0,101.89,Elevated,97.97,93.13,171.01,119.17,Yes,Yes,Present
SYN-DM-01309,150.2,79.37,Elevated,83.09,93.89,174.35,80.49,No,No,Absent
SYN-DM-01310,137.4,67.56,Unknown,90.59,108.54,165.85,117.91,No,No,Present
SYN-DM-01311,123.2,82.79,Controlled,81.73,113.48,180.97,92.82,Yes,Yes,Absent
SYN-DM-01312,116.0,90.16,Elevated,95.5,100.52,186.66,90.43,No,No,Unknown
SYN-DM-01313,157.5,86.53,Unknown,90.13,104.62,174.75,122.3,No,Yes,Present
SYN-DM-01314,142.0,86.79,Unknown,87.64,58.07,186.08,89.87,Yes,Yes,Present
SYN-DM-01315,137.1,97.41,Controlled,81.59,100.26,178.26,93.55,Yes,Yes,Absent
SYN-DM-01316,127.9,101.04,Unknown,65.17,107.28,182.95,104.72,Yes,No,Present
SYN-DM-01317,123.2,74.6,Controlled,75.96,83.27,163.97,95.09,No,No,Unknown
SYN-DM-01318,152.1,81.26,Elevated,58.43,79.67,152.01,95.36,Yes,Yes,Unknown
SYN-DM-01319,115.6,64.57,Unknown,69.24,71.88,164.47,111.89,No,No,Absent
SYN-DM-01320,91.5,78.8,Controlled,80.73,82.63,189.15,124.58,No,Yes,Absent
SYN-DM-01321,136.6,66.42,Controlled,102.95,55.15,187.95,96.73,Yes,No,Present
SYN-DM-01322,139.4,85.2,Unknown,79.67,111.03,152.57,99.19,Yes,No,Absent
SYN-DM-01323,92.5,103.19,Elevated,68.14,113.58,187.18,87.69,No,No,Present
SYN-DM-01324,111.8,67.69,Unknown,78.27,83.55,158.81,104.29,No,Yes,Unknown
SYN-DM-01325,131.1,80.8,Unknown,85.63,108.15,175.46,101.94,Yes,Yes,Unknown
SYN-DM-01326,154.8,83.42,Unknown,64.74,62.69,174.51,125.69,Yes,Yes,Absent
SYN-DM-01327,132.6,98.31,Controlled,84.57,68.52,157.87,92.22,Yes,Yes,Absent
SYN-DM-01328,158.0,98.4,Controlled,69.84,108.59,177.44,123.4,No,No,Unknown
SYN-DM-01329,137.3,80.0,Unknown,84.83,73.12,163.81,87.44,No,Yes,Absent
SYN-DM-01330,142.8,64.67,Elevated,77.28,115.66,178.13,93.7,No,Yes,Absent
SYN-DM-01331,126.9,93.1,Controlled,75.8,105.52,165.24,85.36,Yes,No,Unknown
SYN-DM-01332,141.2,85.91,Elevated,98.79,88.16,162.09,116.85,Yes,Yes,Absent
SYN-DM-01333,107.3,103.71,Unknown,85.06,90.76,189.91,123.22,Yes,No,Absent
SYN-DM-01334,119.9,99.5,Controlled,67.44,80.84,165.73,83.99,No,Yes,Present
SYN-DM-01335,98.8,97.77,Elevated,60.7,101.39,182.17,78.07,Yes,Yes,Present
SYN-DM-01336,124.4,85.91,Controlled,103.59,70.79,179.86,83.3,Yes,Yes,Absent
SYN-DM-01337,104.2,82.09,Unknown,94.9,86.54,188.68,125.12,No,Yes,Unknown
SYN-DM-01338,124.7,75.04,Controlled,69.62,73.36,155.58,93.42,No,No,Absent
SYN-DM-01339,123.7,98.75,Controlled,66.99,69.66,181.47,123.17,Yes,Yes,Absent
SYN-DM-01340,152.9,68.61,Unknown,85.72,90.11,181.43,113.34,No,Yes,Present
SYN-DM-01341,126.8,98.56,Unknown,89.9,113.74,179.7,116.84,Yes,No,Unknown
SYN-DM-01342,120.7,74.09,Controlled,83.81,114.37,166.32,74.29,No,No,Unknown
SYN-DM-01343,146.8,101.14,Controlled,76.67,74.23,170.15,111.77,No,No,Present
SYN-DM-01344,142.9,65.6,Elevated,89.61,67.35,154.95,118.78,Yes,No,Absent
SYN-DM-01345,153.9,101.83,Controlled,101.05,82.62,180.32,79.54,No,Yes,Absent
SYN-DM-01346,113.4,98.69,Controlled,92.87,92.47,156.85,92.98,Yes,Yes,Present
SYN-DM-01347,115.9,100.78,Elevated,91.6,70.15,160.09,118.66,Yes,No,Absent
SYN-DM-01348,126.8,88.49,Elevated,94.71,95.87,152.88,110.73,No,No,Present
SYN-DM-01349,103.0,82.87,Elevated,100.93,61.87,177.55,105.65,No,Yes,Present
SYN-DM-01350,101.3,70.43,Controlled,100.88,116.6,182.26,91.87,No,No,Absent
SYN-DM-01351,126.6,100.98,Controlled,97.64,69.56,172.01,90.51,Yes,Yes,Absent
SYN-DM-01352,119.7,88.87,Elevated,98.59,58.0,171.73,125.48,No,Yes,Unknown
SYN-DM-01353,143.3,67.58,Controlled,90.76,67.42,152.35,121.41,No,No,Present
SYN-DM-01354,110.3,91.47,Controlled,103.52,54.97,185.56,115.2,Yes,Yes,Unknown
SYN-DM-01355,115.3,100.58,Elevated,85.77,91.1,169.09,79.15,Yes,No,Unknown
SYN-DM-01356,104.5,102.86,Unknown,97.71,78.1,187.58,99.92,Yes,No,Present
SYN-DM-01357,104.2,99.25,Unknown,61.99,82.54,185.42,81.68,No,No,Absent
SYN-DM-01358,134.2,99.14,Unknown,70.34,77.82,189.8,96.02,No,No,Absent
SYN-DM-01359,127.2,94.78,Unknown,93.82,80.36,172.54,89.17,Yes,No,Absent
SYN-DM-01360,145.3,67.53,Elevated,58.96,76.6,176.85,74.83,Yes,No,Absent
SYN-DM-01361,123.3,64.4,Controlled,95.47,102.46,170.41,120.09,No,No,Present
SYN-DM-01362,138.2,83.67,Controlled,90.24,56.43,160.15,100.94,Yes,Yes,Unknown
SYN-DM-01363,129.3,102.99,Elevated,68.72,96.65,163.47,115.56,No,No,Unknown
SYN-DM-01364,94.7,103.2,Elevated,74.86,106.62,169.96,105.25,Yes,No,Unknown
SYN-DM-01365,139.4,67.02,Unknown,64.01,87.35,171.29,82.88,No,No,Absent
SYN-DM-01366,122.4,87.62,Elevated,71.54,71.67,175.64,95.13,No,No,Present
SYN-DM-01367,121.9,76.28,Controlled,86.22,96.02,188.18,125.04,Yes,Yes,Absent
SYN-DM-01368,127.6,70.77,Unknown,100.47,102.28,182.02,86.76,Yes,No,Absent
SYN-DM-01369,115.7,66.42,Elevated,83.47,95.33,167.36,92.96,Yes,No,Present
SYN-DM-01370,143.7,94.91,Elevated,68.74,75.73,153.97,78.95,Yes,Yes,Unknown
SYN-DM-01371,161.5,94.6,Controlled,72.6,103.03,186.84,77.43,Yes,Yes,Present
SYN-DM-01372,134.6,83.61,Elevated,88.04,99.34,182.84,104.17,No,No,Absent
SYN-DM-01373,124.1,78.93,Unknown,58.44,110.24,179.91,92.36,No,No,Absent
SYN-DM-01374,105.9,94.32,Elevated,101.57,102.27,167.25,86.38,Yes,Yes,Absent
SYN-DM-01375,138.0,70.28,Controlled,97.43,83.73,171.09,80.75,No,Yes,Absent
SYN-DM-01376,136.3,79.71,Elevated,73.95,72.05,156.68,78.35,No,No,Present
SYN-DM-01377,124.1,74.12,Controlled,99.51,83.71,153.86,102.59,Yes,Yes,Unknown
SYN-DM-01378,132.9,65.7,Unknown,75.41,96.21,153.78,81.58,No,No,Present
SYN-DM-01379,149.2,76.44,Controlled,103.21,93.43,189.73,74.88,Yes,Yes,Unknown
SYN-DM-01380,126.1,71.2,Elevated,73.86,60.06,180.04,85.14,Yes,Yes,Unknown
SYN-DM-01381,124.2,93.87,Unknown,92.26,83.25,178.37,102.48,Yes,No,Unknown
SYN-DM-01382,116.8,92.04,Controlled,73.92,80.11,152.79,104.1,Yes,No,Present
SYN-DM-01383,149.9,88.3,Unknown,99.62,83.92,166.71,85.47,No,No,Absent
SYN-DM-01384,124.5,85.07,Unknown,86.12,81.6,162.75,112.4,Yes,Yes,Unknown
SYN-DM-01385,112.9,90.44,Elevated,59.22,57.51,175.02,82.14,Yes,Yes,Unknown
SYN-DM-01386,129.2,73.12,Unknown,81.59,60.88,168.98,100.77,No,No,Absent
SYN-DM-01387,114.1,85.47,Controlled,73.58,113.3,168.34,86.59,Yes,No,Unknown
SYN-DM-01388,129.5,99.39,Controlled,93.72,95.0,179.05,96.35,No,Yes,Absent
SYN-DM-01389,119.8,65.37,Unknown,67.83,64.67,158.65,110.71,Yes,No,Absent
SYN-DM-01390,95.2,71.4,Elevated,63.5,77.33,164.35,89.31,Yes,Yes,Present
SYN-DM-01391,109.6,91.35,Unknown,73.8,64.51,157.21,82.23,Yes,No,Present
SYN-DM-01392,135.3,98.58,Controlled,103.04,79.78,180.77,108.82,Yes,Yes,Absent
SYN-DM-01393,172.0,69.59,Unknown,61.51,55.51,166.91,98.11,No,Yes,Absent
SYN-DM-01394,129.5,94.53,Elevated,96.82,109.79,161.15,102.23,No,No,Absent
SYN-DM-01395,154.6,86.14,Unknown,70.88,81.45,159.18,107.54,No,Yes,Absent
SYN-DM-01396,101.5,71.15,Controlled,71.92,100.49,179.19,111.06,No,Yes,Present
SYN-DM-01397,108.5,93.35,Elevated,90.0,105.74,176.71,117.96,Yes,No,Absent
SYN-DM-01398,145.2,76.25,Unknown,84.43,63.59,165.23,101.91,Yes,No,Unknown
SYN-DM-01399,136.6,73.1,Unknown,100.09,68.6,167.33,124.49,Yes,No,Unknown
SYN-DM-01400,123.6,67.47,Unknown,79.04,70.33,186.86,111.88,Yes,Yes,Absent
SYN-DM-01401,102.3,69.08,Unknown,89.3,93.5,162.99,78.28,Yes,Yes,Unknown
SYN-DM-01402,138.7,93.75,Controlled,101.6,64.43,176.24,125.05,Yes,No,Present
SYN-DM-01403,157.8,66.87,Controlled,78.09,62.7,159.42,109.71,Yes,No,Present
SYN-DM-01404,127.6,84.6,Elevated,98.72,89.2,159.72,86.13,No,Yes,Present
SYN-DM-01405,113.8,94.19,Elevated,78.96,84.48,161.34,103.24,Yes,No,Unknown
SYN-DM-01406,140.2,81.31,Elevated,100.98,111.56,178.82,82.62,Yes,No,Absent
SYN-DM-01407,100.1,64.51,Controlled,75.27,102.62,169.41,125.11,No,No,Absent
SYN-DM-01408,139.5,97.43,Elevated,66.82,101.61,171.28,92.82,No,No,Absent
SYN-DM-01409,110.8,94.22,Controlled,59.57,58.39,164.04,101.75,Yes,Yes,Absent
SYN-DM-01410,132.1,87.1,Elevated,64.15,74.88,166.98,104.71,No,Yes,Present
SYN-DM-01411,125.6,101.86,Elevated,61.05,109.14,157.58,79.58,No,No,Absent
SYN-DM-01412,118.1,92.5,Controlled,63.89,80.34,179.68,96.44,Yes,Yes,Absent
SYN-DM-01413,129.7,70.23,Controlled,70.7,83.29,173.1,77.26,Yes,Yes,Unknown
SYN-DM-01414,101.4,89.27,Unknown,69.04,88.93,182.76,76.12,No,No,Absent
SYN-DM-01415,113.8,79.84,Controlled,64.95,73.9,188.23,73.32,Yes,No,Unknown
SYN-DM-01416,106.5,98.01,Unknown,58.02,91.47,164.66,80.95,No,Yes,Unknown
SYN-DM-01417,158.2,96.54,Controlled,103.91,69.48,182.2,123.98,No,Yes,Absent
SYN-DM-01418,141.8,64.72,Elevated,84.04,59.06,171.51,97.39,No,No,Present
SYN-DM-01419,146.0,81.16,Elevated,74.28,116.2,155.18,113.34,Yes,Yes,Unknown
SYN-DM-01420,147.2,87.05,Unknown,97.77,117.21,174.82,115.83,No,No,Present
SYN-DM-01421,110.4,80.39,Elevated,85.82,105.33,155.96,105.72,No,Yes,Unknown
SYN-DM-01422,132.2,83.88,Elevated,94.33,79.45,152.33,74.37,No,Yes,Absent
SYN-DM-01423,154.9,83.47,Elevated,100.2,97.63,170.11,115.96,No,No,Unknown
SYN-DM-01424,154.5,72.77,Controlled,101.0,114.86,161.82,97.05,No,Yes,Present
SYN-DM-01425,127.3,76.12,Controlled,98.62,112.86,164.8,98.71,No,Yes,Unknown
SYN-DM-01426,119.5,73.07,Unknown,91.73,67.85,162.9,115.82,Yes,Yes,Absent
SYN-DM-01427,137.1,88.6,Unknown,79.02,98.57,167.45,75.02,Yes,No,Absent
SYN-DM-01428,116.3,85.46,Unknown,59.09,54.6,174.09,82.46,No,Yes,Unknown
SYN-DM-01429,146.4,99.81,Elevated,91.63,111.26,181.08,92.09,No,No,Absent
SYN-DM-01430,146.2,64.59,Controlled,58.49,115.92,167.52,88.76,Yes,Yes,Present
SYN-DM-01431,134.3,79.53,Controlled,80.27,69.18,154.82,110.35,Yes,Yes,Unknown
SYN-DM-01432,123.4,90.82,Controlled,84.4,62.62,172.65,72.45,No,No,Present
SYN-DM-01433,146.8,69.79,Unknown,84.74,90.53,183.07,111.44,No,Yes,Present
SYN-DM-01434,134.5,102.37,Unknown,101.12,84.7,177.61,100.15,No,Yes,Present
SYN-DM-01435,130.1,102.66,Controlled,88.14,90.64,156.86,122.43,Yes,No,Unknown
SYN-DM-01436,119.9,73.43,Controlled,61.5,84.5,172.1,86.53,No,No,Present
SYN-DM-01437,134.7,85.84,Elevated,87.14,68.01,159.15,83.9,No,No,Present
SYN-DM-01438,114.8,101.8,Elevated,90.34,58.17,180.06,121.33,Yes,Yes,Unknown
SYN-DM-01439,112.8,101.12,Unknown,69.13,61.56,160.08,104.05,No,Yes,Present
SYN-DM-01440,111.0,70.46,Elevated,86.06,89.44,189.96,117.92,Yes,No,Unknown
SYN-DM-01441,128.4,87.88,Unknown,102.05,77.81,172.07,105.12,Yes,Yes,Present
SYN-DM-01442,120.4,87.04,Unknown,85.07,77.53,161.27,83.74,Yes,Yes,Absent
SYN-DM-01443,107.8,100.36,Controlled,62.87,87.64,152.02,85.85,Yes,No,Unknown
SYN-DM-01444,137.5,88.0,Controlled,58.47,117.74,153.04,105.81,Yes,Yes,Absent
SYN-DM-01445,151.0,102.96,Unknown,73.19,86.67,164.41,99.96,No,No,Unknown
SYN-DM-01446,103.3,103.85,Unknown,82.51,105.76,184.27,106.1,Yes,Yes,Present
SYN-DM-01447,129.0,101.11,Controlled,79.3,110.42,183.98,117.71,No,No,Unknown
SYN-DM-01448,147.2,95.93,Unknown,91.93,110.54,174.89,95.1,No,Yes,Present
SYN-DM-01449,132.3,89.74,Unknown,99.13,85.15,154.96,74.49,No,No,Present
SYN-DM-01450,148.5,66.05,Controlled,81.0,80.02,185.86,80.41,Yes,Yes,Unknown
SYN-DM-01451,137.8,83.58,Elevated,64.43,103.91,183.96,110.96,No,No,Absent
SYN-DM-01452,136.8,77.9,Elevated,82.45,102.67,184.53,109.71,Yes,No,Present
SYN-DM-01453,120.6,73.31,Unknown,78.6,66.45,152.56,105.58,No,Yes,Absent
SYN-DM-01454,136.6,79.35,Elevated,102.04,109.96,165.41,120.45,Yes,Yes,Present
SYN-DM-01455,90,86.2,Unknown,67.41,79.69,186.48,117.27,No,No,Unknown
SYN-DM-01456,108.6,64.83,Controlled,103.02,77.68,163.36,80.71,Yes,Yes,Unknown
SYN-DM-01457,114.9,101.79,Controlled,89.62,82.1,176.42,78.56,No,Yes,Unknown
SYN-DM-01458,126.7,82.47,Unknown,70.48,117.06,184.22,83.73,Yes,No,Absent
SYN-DM-01459,134.9,71.81,Controlled,59.7,64.73,175.7,124.78,No,No,Absent
SYN-DM-01460,140.9,68.01,Unknown,75.82,111.39,187.9,74.06,Yes,Yes,Present
SYN-DM-01461,120.1,69.07,Elevated,65.93,86.88,157.49,92.9,Yes,No,Present
SYN-DM-01462,133.1,102.52,Elevated,71.41,75.63,180.93,84.49,Yes,Yes,Absent
SYN-DM-01463,115.6,82.33,Unknown,58.56,114.73,188.07,108.96,No,No,Absent
SYN-DM-01464,130.1,94.75,Unknown,59.25,67.5,171.05,73.99,Yes,Yes,Absent
SYN-DM-01465,121.3,97.1,Elevated,90.39,57.34,183.86,107.46,No,Yes,Absent
SYN-DM-01466,148.4,84.75,Unknown,94.63,62.5,164.36,91.0,Yes,No,Unknown
SYN-DM-01467,135.3,99.74,Unknown,69.8,111.89,177.33,83.02,No,No,Present
SYN-DM-01468,121.5,74.84,Controlled,101.44,108.58,162.3,76.29,No,No,Present
SYN-DM-01469,162.7,78.32,Unknown,98.34,67.13,180.76,76.86,Yes,No,Absent
SYN-DM-01470,132.4,70.12,Elevated,87.14,69.56,186.31,122.02,No,Yes,Absent
SYN-DM-01471,115.6,81.25,Controlled,103.22,66.65,152.22,89.98,Yes,No,Present
SYN-DM-01472,98.5,75.56,Unknown,73.76,107.85,169.65,117.43,Yes,No,Unknown
SYN-DM-01473,146.2,76.6,Controlled,102.29,110.93,162.67,80.95,No,No,Unknown
SYN-DM-01474,141.6,67.52,Elevated,92.47,94.74,168.48,120.27,Yes,No,Present
SYN-DM-01475,121.0,89.57,Elevated,64.31,68.58,158.67,112.62,Yes,Yes,Present
SYN-DM-01476,112.8,98.26,Elevated,75.59,62.08,171.52,85.42,Yes,Yes,Unknown
SYN-DM-01477,102.7,87.19,Controlled,95.85,80.85,162.86,110.41,Yes,No,Unknown
SYN-DM-01478,125.2,77.49,Controlled,67.04,115.81,152.96,77.21,Yes,No,Unknown
SYN-DM-01479,142.6,70.07,Unknown,67.01,94.2,156.99,82.49,Yes,Yes,Unknown
SYN-DM-01480,124.7,67.84,Controlled,72.33,66.19,162.43,122.94,Yes,No,Absent
SYN-DM-01481,133.8,84.73,Controlled,62.46,108.94,170.01,122.64,No,No,Absent
SYN-DM-01482,130.9,69.56,Controlled,63.01,90.7,153.44,86.62,Yes,No,Absent
SYN-DM-01483,128.0,74.96,Elevated,68.22,98.76,159.85,99.37,No,Yes,Absent
SYN-DM-01484,141.9,69.16,Controlled,103.27,80.48,176.01,117.67,No,Yes,Present
SYN-DM-01485,135.8,68.72,Elevated,101.67,114.61,163.53,85.96,Yes,Yes,Absent
SYN-DM-01486,96.0,70.75,Unknown,58.82,81.34,186.36,114.52,No,No,Present
SYN-DM-01487,131.3,77.28,Unknown,96.64,90.73,180.01,118.14,No,No,Absent
SYN-DM-01488,134.8,95.86,Controlled,65.63,98.48,183.3,83.61,Yes,Yes,Present
SYN-DM-01489,152.2,64.67,Unknown,87.79,96.88,156.01,87.0,No,Yes,Absent
SYN-DM-01490,126.9,89.39,Unknown,92.53,84.11,179.28,103.96,Yes,Yes,Present
SYN-DM-01491,121.6,65.47,Unknown,81.96,79.51,171.5,72.03,Yes,Yes,Present
SYN-DM-01492,136.6,90.38,Elevated,99.19,86.52,174.94,85.73,Yes,Yes,Unknown
SYN-DM-01493,141.0,95.15,Unknown,102.89,111.35,164.45,77.97,Yes,Yes,Absent
SYN-DM-01494,103.8,72.47,Unknown,66.51,62.2,161.35,117.61,No,Yes,Unknown
SYN-DM-01495,144.9,68.33,Elevated,60.59,81.64,157.32,104.2,Yes,No,Absent
SYN-DM-01496,126.2,65.75,Controlled,103.97,67.49,159.06,107.2,No,No,Present
SYN-DM-01497,123.2,101.15,Unknown,91.63,58.78,162.29,114.35,No,Yes,Absent
SYN-DM-01498,137.4,66.13,Unknown,89.12,70.11,153.18,103.03,No,No,Unknown
SYN-DM-01499,115.6,70.61,Elevated,69.55,106.15,154.5,104.42,Yes,Yes,Present
SYN-DM-01500,148.9,65.17,Unknown,70.64,100.17,177.21,88.43,No,Yes,Present
SYN-DM-01501,133.0,86.09,Controlled,63.65,75.08,166.08,91.27,Yes,No,Absent
SYN-DM-01502,133.2,76.28,Controlled,72.38,82.15,166.49,102.79,No,No,Absent
SYN-DM-01503,158.5,67.76,Unknown,102.7,103.17,164.49,105.62,Yes,Yes,Unknown
SYN-DM-01504,140.8,91.97,Controlled,63.78,66.54,171.85,106.08,No,Yes,Present
SYN-DM-01505,146.2,73.78,Controlled,59.3,87.66,188.15,77.94,Yes,No,Unknown
SYN-DM-01506,119.3,72.23,Controlled,80.74,65.38,157.81,78.24,No,No,Unknown
SYN-DM-01507,153.1,100.63,Unknown,58.61,81.21,172.73,118.6,Yes,Yes,Unknown
SYN-DM-01508,127.7,88.25,Elevated,65.06,93.74,165.2,91.6,Yes,Yes,Present
SYN-DM-01509,137.6,81.27,Controlled,72.86,103.14,178.33,75.09,No,No,Unknown
SYN-DM-01510,155.3,88.98,Unknown,62.01,72.96,187.07,106.62,Yes,Yes,Present
SYN-DM-01511,112.7,103.21,Elevated,74.78,94.78,174.38,110.3,No,Yes,Absent
SYN-DM-01512,110.7,69.3,Elevated,83.33,66.87,184.6,110.1,Yes,Yes,Absent
SYN-DM-01513,113.5,85.79,Controlled,61.09,107.15,153.98,114.14,Yes,Yes,Absent
SYN-DM-01514,137.5,80.55,Unknown,84.99,95.9,158.67,106.5,No,Yes,Unknown
SYN-DM-01515,120.4,75.73,Unknown,74.07,84.06,180.68,89.38,No,No,Absent
SYN-DM-01516,142.1,95.18,Unknown,91.62,112.39,175.22,110.73,Yes,Yes,Present
SYN-DM-01517,114.7,70.97,Unknown,100.81,102.68,184.87,81.54,Yes,No,Absent
SYN-DM-01518,149.4,67.42,Unknown,58.41,73.64,158.55,81.58,Yes,Yes,Present
SYN-DM-01519,132.9,69.94,Unknown,68.72,116.78,158.17,106.4,No,No,Unknown
SYN-DM-01520,127.6,94.97,Unknown,73.25,106.5,153.27,119.12,Yes,Yes,Present
SYN-DM-01521,127.0,96.73,Unknown,99.27,70.99,160.71,115.52,No,No,Unknown
SYN-DM-01522,138.5,88.44,Unknown,85.3,115.45,154.42,121.74,No,Yes,Unknown
SYN-DM-01523,138.6,99.81,Controlled,93.31,77.98,183.22,124.3,Yes,Yes,Unknown
SYN-DM-01524,177.1,86.62,Controlled,85.95,91.67,155.76,87.14,No,No,Present
SYN-DM-01525,162.1,81.34,Controlled,84.22,55.59,168.9,76.36,Yes,Yes,Absent
SYN-DM-01526,106.7,84.14,Elevated,64.38,86.91,187.47,111.78,Yes,Yes,Present
SYN-DM-01527,138.4,78.54,Unknown,84.9,101.05,152.29,115.45,No,Yes,Present
SYN-DM-01528,120.6,82.97,Elevated,96.35,99.23,159.35,106.93,No,No,Unknown
SYN-DM-01529,165.7,65.6,Elevated,96.48,55.02,159.65,112.37,Yes,No,Present
SYN-DM-01530,118.0,86.36,Controlled,96.6,77.78,158.99,112.99,No,No,Unknown
SYN-DM-01531,144.1,86.78,Elevated,101.61,80.88,187.67,102.72,Yes,Yes,Unknown
SYN-DM-01532,113.0,87.22,Elevated,91.55,112.73,175.66,81.23,Yes,Yes,Absent
SYN-DM-01533,122.5,79.49,Elevated,70.04,113.86,175.64,73.6,No,Yes,Unknown
SYN-DM-01534,147.3,96.51,Elevated,93.17,66.64,160.95,122.07,No,No,Present
SYN-DM-01535,133.1,103.6,Elevated,87.02,112.14,175.81,84.23,No,Yes,Unknown
SYN-DM-01536,108.5,100.63,Elevated,97.11,68.02,158.42,76.64,No,No,Absent
SYN-DM-01537,136.7,69.71,Unknown,63.74,58.13,166.87,105.05,No,Yes,Unknown
SYN-DM-01538,120.1,80.92,Controlled,83.72,103.44,171.52,112.7,No,Yes,Present
SYN-DM-01539,158.6,69.61,Controlled,70.19,66.58,173.47,103.13,Yes,Yes,Present
SYN-DM-01540,139.7,90.72,Controlled,94.57,58.23,166.45,102.7,No,Yes,Present
SYN-DM-01541,120.7,94.4,Unknown,93.94,76.18,187.37,96.3,No,Yes,Unknown
SYN-DM-01542,114.0,82.58,Elevated,84.27,113.92,168.69,106.05,Yes,Yes,Unknown
SYN-DM-01543,112.4,70.66,Elevated,65.01,86.09,182.7,81.59,Yes,Yes,Present
SYN-DM-01544,134.4,89.71,Unknown,62.75,85.85,161.27,74.87,No,No,Unknown
SYN-DM-01545,151.2,94.53,Elevated,93.08,88.4,156.05,72.31,No,No,Unknown
SYN-DM-01546,135.7,102.24,Elevated,80.25,112.39,181.37,124.87,Yes,No,Present
SYN-DM-01547,142.1,86.6,Controlled,66.0,88.24,158.48,82.81,Yes,No,Absent
SYN-DM-01548,112.2,74.47,Unknown,89.47,108.93,160.4,112.29,Yes,No,Unknown
SYN-DM-01549,121.8,92.81,Unknown,91.58,79.98,158.94,97.56,No,Yes,Present
SYN-DM-01550,145.0,82.07,Elevated,75.24,98.52,161.75,118.88,No,Yes,Unknown
SYN-DM-01551,114.2,92.04,Elevated,76.41,111.46,152.36,120.41,Yes,Yes,Present
SYN-DM-01552,112.7,76.45,Unknown,66.99,99.74,162.36,74.8,No,No,Absent
SYN-DM-01553,136.7,68.11,Controlled,73.61,58.1,182.7,81.96,Yes,No,Absent
SYN-DM-01554,140.9,64.67,Controlled,84.57,62.16,172.3,104.64,No,Yes,Present
SYN-DM-01555,108.2,73.06,Unknown,79.29,101.52,176.82,108.88,Yes,Yes,Absent
SYN-DM-01556,115.1,68.69,Unknown,90.93,105.96,157.1,97.77,Yes,Yes,Unknown
SYN-DM-01557,111.7,98.56,Elevated,67.87,96.54,158.16,75.55,Yes,Yes,Present
SYN-DM-01558,155.3,93.65,Controlled,103.69,101.65,182.72,75.97,No,No,Unknown
SYN-DM-01559,116.8,88.07,Elevated,80.81,56.93,179.9,86.74,No,No,Present
SYN-DM-01560,137.2,77.94,Controlled,83.36,88.84,178.44,86.36,No,No,Absent
SYN-DM-01561,139.3,80.83,Controlled,61.51,105.92,168.5,98.31,Yes,Yes,Absent
SYN-DM-01562,133.0,80.4,Controlled,62.17,94.92,186.58,109.98,No,Yes,Present
SYN-DM-01563,129.5,79.62,Elevated,103.72,68.07,157.69,96.97,Yes,No,Present
SYN-DM-01564,112.3,91.95,Elevated,90.23,60.34,179.84,91.4,Yes,Yes,Unknown
SYN-DM-01565,132.9,96.37,Elevated,75.26,78.19,157.46,118.21,No,No,Absent
SYN-DM-01566,127.7,79.2,Unknown,87.47,94.99,181.32,114.2,Yes,No,Unknown
SYN-DM-01567,117.1,95.16,Unknown,82.64,88.76,172.95,121.47,No,Yes,Absent
SYN-DM-01568,151.6,87.29,Elevated,61.75,81.43,153.3,76.06,Yes,No,Unknown
SYN-DM-01569,133.4,73.07,Unknown,88.16,88.76,174.78,108.93,Yes,Yes,Unknown
SYN-DM-01570,125.8,89.48,Elevated,72.6,66.56,188.45,100.22,Yes,No,Unknown
SYN-DM-01571,119.4,71.29,Unknown,69.93,59.38,156.2,102.4,Yes,Yes,Unknown
SYN-DM-01572,127.7,99.65,Unknown,69.16,69.53,182.77,117.14,No,No,Absent
SYN-DM-01573,146.2,68.11,Elevated,99.29,109.79,172.54,93.31,No,No,Present
SYN-DM-01574,100.0,85.77,Unknown,103.63,86.22,189.43,108.68,No,No,Present
SYN-DM-01575,118.9,98.98,Elevated,73.84,67.69,152.99,102.16,Yes,No,Absent
SYN-DM-01576,149.3,71.45,Unknown,84.66,116.6,184.17,112.5,Yes,No,Present
SYN-DM-01577,163.7,94.75,Unknown,69.87,71.47,184.58,99.4,No,No,Unknown
SYN-DM-01578,142.6,93.02,Unknown,82.92,69.02,184.81,79.49,Yes,No,Absent
SYN-DM-01579,146.0,94.5,Unknown,99.6,103.55,173.67,82.79,Yes,No,Unknown
SYN-DM-01580,142.7,80.45,Unknown,101.66,94.28,168.44,116.41,No,No,Present
SYN-DM-01581,148.6,87.45,Controlled,81.64,82.46,161.73,91.47,Yes,No,Unknown
SYN-DM-01582,134.6,64.51,Elevated,91.6,105.48,165.12,117.04,Yes,Yes,Absent
SYN-DM-01583,123.0,98.37,Elevated,73.09,90.18,167.41,116.01,No,Yes,Unknown
SYN-DM-01584,118.7,94.35,Unknown,90.83,92.58,189.07,72.46,Yes,No,Absent
SYN-DM-01585,134.1,86.29,Elevated,64.12,89.47,166.17,99.55,No,No,Unknown
SYN-DM-01586,157.6,89.6,Elevated,94.52,80.08,176.92,111.56,Yes,No,Absent
SYN-DM-01587,127.7,77.42,Unknown,90.58,60.08,183.61,72.69,Yes,No,Unknown
SYN-DM-01588,131.1,71.17,Elevated,91.73,105.26,187.92,91.06,Yes,No,Unknown
SYN-DM-01589,128.6,74.01,Elevated,85.53,69.49,177.85,125.08,Yes,Yes,Present
SYN-DM-01590,114.3,86.06,Unknown,74.32,64.11,160.14,117.19,No,Yes,Present
SYN-DM-01591,116.2,101.71,Unknown,93.19,110.63,186.44,109.04,No,No,Present
SYN-DM-01592,114.8,103.25,Elevated,62.72,113.86,160.25,92.48,Yes,Yes,Present
SYN-DM-01593,114.3,82.51,Unknown,100.54,102.0,167.1,110.13,Yes,Yes,Present
SYN-DM-01594,128.7,84.87,Elevated,95.8,107.63,158.08,75.88,No,No,Absent
SYN-DM-01595,134.9,90.15,Controlled,65.53,62.61,165.61,88.47,No,No,Unknown
SYN-DM-01596,116.8,89.31,Unknown,77.84,86.4,179.22,116.17,Yes,Yes,Unknown
SYN-DM-01597,131.5,70.18,Elevated,103.34,100.72,186.3,106.06,No,Yes,Present
SYN-DM-01598,113.7,71.14,Unknown,61.22,105.43,180.17,121.54,Yes,No,Absent
SYN-DM-01599,149.4,66.21,Elevated,93.07,63.44,154.25,92.03,Yes,No,Absent
SYN-DM-01600,138.1,70.19,Elevated,78.58,109.39,168.49,89.31,No,Yes,Present
SYN-DM-01601,106.1,101.15,Elevated,71.34,65.59,160.8,89.14,Yes,Yes,Present
SYN-DM-01602,102.3,73.8,Elevated,89.45,56.32,152.88,74.98,No,No,Present
SYN-DM-01603,144.1,89.7,Elevated,60.91,94.57,152.9,73.41,Yes,No,Present
SYN-DM-01604,132.0,103.25,Elevated,103.36,58.77,182.27,97.19,No,No,Present
SYN-DM-01605,140.2,81.5,Controlled,64.23,103.08,165.84,77.25,No,No,Absent
SYN-DM-01606,133.7,87.12,Elevated,86.92,79.33,183.17,107.07,Yes,No,Absent
SYN-DM-01607,105.0,69.48,Unknown,75.96,81.35,164.33,99.05,No,No,Unknown
SYN-DM-01608,129.0,70.91,Controlled,59.3,98.63,160.85,123.6,Yes,Yes,Unknown
SYN-DM-01609,136.5,86.68,Elevated,75.88,88.44,181.9,103.96,Yes,No,Unknown
SYN-DM-01610,150.5,64.66,Unknown,88.52,103.38,156.75,92.38,No,Yes,Present
SYN-DM-01611,126.0,80.8,Unknown,85.97,76.75,186.16,104.06,Yes,Yes,Absent
SYN-DM-01612,126.9,72.74,Elevated,88.38,102.35,181.89,95.34,No,Yes,Absent
SYN-DM-01613,115.3,103.15,Unknown,58.33,84.32,183.32,117.86,Yes,Yes,Present
SYN-DM-01614,150.1,97.27,Controlled,95.3,64.3,160.14,103.25,Yes,Yes,Absent
SYN-DM-01615,127.4,93.66,Elevated,58.1,85.19,153.46,116.67,Yes,Yes,Present
SYN-DM-01616,159.7,70.88,Unknown,85.94,114.53,161.25,80.12,Yes,Yes,Present
SYN-DM-01617,145.3,94.3,Controlled,78.8,89.18,177.73,92.32,Yes,No,Unknown
SYN-DM-01618,99.6,85.25,Controlled,75.28,63.91,159.76,81.9,No,No,Unknown
SYN-DM-01619,158.9,79.69,Unknown,61.28,101.49,165.28,97.32,No,Yes,Unknown
SYN-DM-01620,116.1,91.42,Elevated,87.21,82.11,164.82,77.97,Yes,No,Absent
SYN-DM-01621,124.6,97.96,Unknown,77.43,69.47,181.55,99.58,Yes,Yes,Absent
SYN-DM-01622,175.6,94.53,Controlled,84.07,69.47,180.61,117.64,No,No,Unknown
SYN-DM-01623,153.5,65.48,Controlled,97.32,77.78,179.66,86.43,No,Yes,Absent
SYN-DM-01624,108.9,101.83,Controlled,60.64,79.9,160.56,117.7,No,No,Absent
SYN-DM-01625,113.5,102.46,Controlled,95.03,90.26,174.29,99.03,Yes,No,Present
SYN-DM-01626,107.5,75.21,Elevated,101.65,58.86,176.56,125.89,No,No,Absent
SYN-DM-01627,140.1,100.25,Elevated,84.87,109.39,182.21,93.17,No,No,Present
SYN-DM-01628,117.0,88.32,Controlled,101.56,56.3,169.64,80.53,Yes,Yes,Unknown
SYN-DM-01629,113.1,78.58,Elevated,69.32,96.67,165.47,80.22,Yes,No,Present
SYN-DM-01630,127.8,78.09,Unknown,78.77,77.92,176.01,116.64,No,No,Absent
SYN-DM-01631,145.0,71.06,Controlled,93.29,88.68,155.91,105.03,Yes,No,Unknown
SYN-DM-01632,126.3,84.53,Unknown,92.42,105.81,159.21,91.74,No,Yes,Present
SYN-DM-01633,111.6,95.69,Unknown,68.82,64.63,162.23,120.38,Yes,No,Unknown
SYN-DM-01634,161.5,78.26,Elevated,96.84,99.84,154.7,100.6,Yes,Yes,Absent
SYN-DM-01635,108.9,64.87,Controlled,87.5,102.26,153.25,103.93,Yes,No,Absent
SYN-DM-01636,157.4,99.23,Controlled,79.32,56.25,154.63,76.36,No,No,Absent
SYN-DM-01637,144.9,70.71,Elevated,82.89,80.08,155.03,75.33,No,No,Present
SYN-DM-01638,167.1,73.26,Controlled,79.11,56.27,155.64,104.78,No,Yes,Present
SYN-DM-01639,149.2,71.43,Unknown,96.2,57.14,178.19,123.45,Yes,Yes,Unknown
SYN-DM-01640,137.9,98.83,Unknown,78.76,66.78,156.32,113.28,No,Yes,Unknown
SYN-DM-01641,145.3,89.65,Controlled,100.15,112.14,160.59,83.43,No,No,Present
SYN-DM-01642,125.8,75.44,Controlled,92.7,104.69,155.0,90.76,Yes,Yes,Absent
SYN-DM-01643,144.5,91.08,Elevated,100.8,110.09,152.16,122.46,Yes,No,Unknown
SYN-DM-01644,123.6,103.26,Controlled,71.57,92.76,152.66,88.62,Yes,No,Unknown
SYN-DM-01645,146.9,86.86,Unknown,102.79,95.84,177.8,86.97,No,Yes,Unknown
SYN-DM-01646,117.5,99.69,Unknown,84.94,93.1,176.74,86.32,No,No,Absent
SYN-DM-01647,111.1,99.97,Unknown,86.82,109.09,178.38,91.82,Yes,No,Present
SYN-DM-01648,163.9,87.85,Unknown,58.09,72.97,170.3,93.42,Yes,No,Unknown
SYN-DM-01649,129.3,80.0,Unknown,82.06,71.85,153.9,94.7,Yes,Yes,Present
SYN-DM-01650,151.1,99.43,Controlled,58.54,97.21,169.62,117.53,No,Yes,Unknown
SYN-DM-01651,105.5,87.77,Unknown,103.74,114.63,164.93,82.58,No,No,Unknown
SYN-DM-01652,130.1,73.55,Controlled,81.61,92.57,155.19,76.8,No,No,Present
SYN-DM-01653,106.5,89.22,Controlled,74.2,87.45,178.57,84.54,No,No,Absent
SYN-DM-01654,121.2,98.8,Controlled,94.38,56.0,171.66,90.24,Yes,No,Absent
SYN-DM-01655,103.6,99.45,Unknown,86.78,85.31,157.64,101.22,No,No,Absent
SYN-DM-01656,101.6,76.86,Elevated,71.27,76.61,164.49,100.57,Yes,No,Present
SYN-DM-01657,120.6,71.96,Elevated,68.3,114.12,186.05,124.6,No,Yes,Present
SYN-DM-01658,159.5,82.83,Unknown,63.49,55.13,170.94,88.52,Yes,No,Present
SYN-DM-01659,129.5,92.98,Elevated,85.59,100.39,174.87,76.85,No,No,Absent
SYN-DM-01660,129.4,71.39,Controlled,63.89,96.71,163.94,110.42,No,No,Present
SYN-DM-01661,131.2,96.32,Elevated,87.66,80.78,170.14,115.91,Yes,No,Absent
SYN-DM-01662,160.5,97.96,Unknown,101.64,101.95,182.82,86.72,No,No,Unknown
SYN-DM-01663,145.4,96.76,Unknown,103.04,115.72,157.83,114.81,No,Yes,Unknown
SYN-DM-01664,114.6,94.26,Elevated,96.82,101.45,153.94,90.16,Yes,No,Unknown
SYN-DM-01665,106.0,98.43,Controlled,86.09,80.93,182.83,104.52,No,No,Unknown
SYN-DM-01666,137.5,78.58,Controlled,103.59,112.74,178.24,110.6,Yes,No,Present
SYN-DM-01667,108.2,73.76,Elevated,58.73,117.47,156.72,116.74,Yes,No,Present
SYN-DM-01668,139.6,80.63,Unknown,76.91,73.62,160.58,86.39,Yes,Yes,Present
SYN-DM-01669,122.5,81.91,Elevated,82.6,114.65,172.76,114.21,Yes,No,Absent
SYN-DM-01670,115.2,83.44,Controlled,94.12,104.76,158.66,123.79,Yes,Yes,Present
SYN-DM-01671,151.3,97.95,Elevated,80.39,108.62,183.51,108.57,No,No,Absent
SYN-DM-01672,151.7,77.48,Unknown,88.29,107.44,170.75,100.15,Yes,No,Unknown
SYN-DM-01673,137.7,91.31,Elevated,94.91,79.7,167.09,89.42,No,No,Absent
SYN-DM-01674,143.1,97.26,Controlled,82.06,78.48,176.25,103.51,No,Yes,Present
SYN-DM-01675,99.3,92.8,Elevated,74.73,111.4,173.8,81.34,No,No,Unknown
SYN-DM-01676,141.9,94.18,Unknown,85.99,81.64,186.93,124.59,No,Yes,Absent
SYN-DM-01677,116.9,95.2,Controlled,69.52,71.62,186.79,122.25,No,Yes,Unknown
SYN-DM-01678,133.7,71.83,Elevated,96.59,71.86,180.08,111.49,No,No,Present
SYN-DM-01679,99.7,96.45,Controlled,65.72,109.72,154.05,100.86,No,Yes,Absent
SYN-DM-01680,134.9,94.16,Unknown,85.37,112.96,154.41,86.03,No,Yes,Present
SYN-DM-01681,139.0,84.0,Controlled,64.04,115.58,171.54,117.43,No,Yes,Present
SYN-DM-01682,106.5,95.09,Controlled,62.25,75.71,164.63,95.4,No,No,Absent
SYN-DM-01683,123.2,91.91,Unknown,95.88,116.92,181.25,102.99,Yes,Yes,Unknown
SYN-DM-01684,133.3,76.46,Controlled,65.62,110.16,164.82,94.9,Yes,Yes,Unknown
SYN-DM-01685,150.4,100.5,Unknown,89.9,56.32,152.52,102.23,Yes,Yes,Present
SYN-DM-01686,142.7,70.37,Controlled,73.85,97.03,170.89,99.96,Yes,Yes,Present
SYN-DM-01687,150.4,75.23,Controlled,99.23,78.7,153.4,81.26,No,No,Absent
SYN-DM-01688,119.8,78.89,Elevated,101.29,110.15,177.78,81.17,Yes,Yes,Unknown
SYN-DM-01689,94.6,73.93,Controlled,85.51,86.81,186.35,116.7,No,No,Present
SYN-DM-01690,129.8,75.16,Controlled,66.46,57.42,162.68,119.98,Yes,Yes,Absent
SYN-DM-01691,124.4,70.34,Unknown,76.41,117.12,152.19,105.88,Yes,No,Unknown
SYN-DM-01692,144.9,93.53,Unknown,64.39,94.26,160.9,101.42,No,Yes,Present
SYN-DM-01693,139.6,99.75,Unknown,65.08,58.41,152.41,108.58,No,No,Unknown
SYN-DM-01694,137.5,64.36,Elevated,70.96,82.81,178.99,79.88,Yes,No,Present
SYN-DM-01695,122.5,71.15,Elevated,86.7,104.5,163.18,122.94,No,Yes,Present
SYN-DM-01696,136.5,96.54,Unknown,97.48,77.13,175.09,76.63,No,Yes,Present
SYN-DM-01697,140.1,95.56,Unknown,61.46,76.47,188.69,91.65,No,Yes,Unknown
SYN-DM-01698,138.9,91.23,Elevated,89.64,78.48,176.75,78.75,Yes,Yes,Absent
SYN-DM-01699,129.5,102.14,Unknown,66.52,57.07,171.46,76.28,No,No,Unknown
SYN-DM-01700,122.9,87.25,Controlled,71.6,102.02,170.25,103.91,Yes,Yes,Present
SYN-DM-01701,124.9,72.11,Elevated,81.16,104.43,175.56,87.84,Yes,No,Absent
SYN-DM-01702,123.0,79.22,Elevated,65.45,61.54,186.13,122.75,Yes,No,Absent
SYN-DM-01703,124.4,91.78,Unknown,85.04,68.53,174.51,111.56,No,No,Absent
SYN-DM-01704,130.3,70.24,Controlled,88.07,85.23,171.8,115.87,Yes,No,Absent
SYN-DM-01705,130.4,98.18,Elevated,82.32,74.18,168.32,81.7,No,Yes,Unknown
SYN-DM-01706,130.6,74.03,Unknown,68.76,116.16,188.93,108.81,No,Yes,Present
SYN-DM-01707,134.5,75.05,Controlled,72.37,99.6,176.27,72.23,Yes,No,Unknown
SYN-DM-01708,148.7,80.27,Controlled,66.43,106.87,173.49,77.42,No,Yes,Present
SYN-DM-01709,139.4,75.1,Controlled,76.3,117.91,174.22,93.18,Yes,Yes,Present
SYN-DM-01710,130.5,74.46,Elevated,90.55,70.21,154.58,108.05,No,No,Present
SYN-DM-01711,141.6,92.61,Unknown,88.38,89.09,178.83,124.03,No,Yes,Present
SYN-DM-01712,124.9,64.05,Controlled,69.25,56.91,160.44,96.06,Yes,Yes,Present
SYN-DM-01713,128.4,84.9,Elevated,71.8,105.74,159.64,92.61,No,Yes,Absent
SYN-DM-01714,157.8,90.58,Unknown,66.55,90.21,154.96,72.03,Yes,Yes,Unknown
SYN-DM-01715,149.6,79.15,Unknown,67.43,103.51,155.75,86.71,No,No,Unknown
SYN-DM-01716,119.6,85.17,Controlled,61.53,94.77,166.93,78.37,No,No,Unknown
SYN-DM-01717,152.2,81.84,Controlled,66.44,72.29,164.61,123.3,Yes,No,Present
SYN-DM-01718,112.8,76.32,Elevated,88.4,73.4,181.06,89.21,Yes,Yes,Absent
SYN-DM-01719,106.7,95.19,Unknown,61.63,57.27,179.04,101.63,No,Yes,Present
SYN-DM-01720,108.5,66.45,Controlled,79.82,61.06,172.4,91.91,No,No,Unknown
SYN-DM-01721,145.8,89.54,Unknown,91.04,92.31,188.89,109.67,No,No,Unknown
SYN-DM-01722,130.3,76.23,Elevated,77.78,76.59,182.29,109.95,Yes,No,Unknown
SYN-DM-01723,140.0,86.45,Controlled,93.14,89.65,168.93,83.08,No,No,Present
SYN-DM-01724,152.2,96.35,Elevated,60.84,75.55,156.14,104.53,No,No,Present
SYN-DM-01725,116.5,71.2,Controlled,64.43,63.84,164.34,91.2,No,Yes,Absent
SYN-DM-01726,123.6,96.61,Controlled,58.78,74.38,176.21,84.1,No,Yes,Present
SYN-DM-01727,106.7,89.68,Controlled,100.73,69.51,167.14,125.4,Yes,No,Absent
SYN-DM-01728,136.0,92.97,Unknown,77.38,98.31,180.94,100.66,No,No,Present
SYN-DM-01729,159.0,67.44,Unknown,99.09,95.18,180.76,73.68,No,No,Absent
SYN-DM-01730,135.5,102.68,Controlled,101.32,74.21,173.05,124.82,No,No,Absent
SYN-DM-01731,158.6,98.42,Elevated,89.92,84.79,179.99,108.6,Yes,No,Unknown
SYN-DM-01732,137.1,99.51,Elevated,71.26,70.89,181.28,81.4,No,No,Absent
SYN-DM-01733,115.5,76.22,Controlled,81.4,56.27,185.06,95.24,No,Yes,Unknown
SYN-DM-01734,160.5,71.95,Elevated,77.88,63.69,158.44,90.34,Yes,No,Unknown
SYN-DM-01735,136.5,65.33,Elevated,64.7,100.33,172.26,104.65,No,Yes,Present
SYN-DM-01736,115.6,81.79,Unknown,62.04,65.85,187.22,80.9,No,Yes,Absent
SYN-DM-01737,150.8,82.36,Controlled,72.08,112.43,154.79,119.4,No,Yes,Absent
SYN-DM-01738,132.5,96.35,Controlled,98.26,92.57,169.92,116.12,Yes,Yes,Unknown
SYN-DM-01739,136.4,75.53,Unknown,98.59,88.24,164.46,94.64,Yes,No,Absent
SYN-DM-01740,161.4,81.72,Elevated,80.89,57.31,187.2,101.91,No,Yes,Unknown
SYN-DM-01741,136.6,87.52,Controlled,101.56,88.44,161.14,98.18,Yes,Yes,Absent
SYN-DM-01742,145.0,77.99,Controlled,99.43,73.89,171.76,89.44,No,Yes,Present
SYN-DM-01743,144.8,98.2,Controlled,58.91,89.33,187.75,88.16,No,Yes,Present
SYN-DM-01744,138.3,64.07,Unknown,91.57,81.85,161.93,85.06,No,Yes,Unknown
SYN-DM-01745,109.3,73.6,Controlled,84.25,84.9,164.63,86.18,No,No,Present
SYN-DM-01746,160.4,90.01,Controlled,67.94,86.77,167.65,91.33,Yes,Yes,Present
SYN-DM-01747,147.5,97.12,Unknown,84.77,62.47,173.63,116.21,Yes,No,Unknown
SYN-DM-01748,138.7,98.1,Elevated,74.38,68.67,186.61,111.46,Yes,No,Present
SYN-DM-01749,110.1,70.45,Unknown,101.22,83.06,184.75,118.99,Yes,Yes,Absent
SYN-DM-01750,143.2,85.99,Controlled,61.16,114.92,175.23,110.21,No,Yes,Unknown
SYN-DM-01751,130.6,101.9,Unknown,71.32,95.9,152.52,121.64,Yes,No,Absent
SYN-DM-01752,155.7,92.76,Unknown,84.57,81.44,184.42,124.0,Yes,Yes,Present
SYN-DM-01753,97.7,99.71,Controlled,71.65,60.85,183.86,114.68,Yes,No,Absent
SYN-DM-01754,133.8,91.72,Elevated,79.17,77.01,164.42,88.97,Yes,No,Unknown
SYN-DM-01755,125.0,82.53,Unknown,100.69,62.79,183.7,77.16,Yes,Yes,Absent
SYN-DM-01756,109.7,74.79,Unknown,79.2,73.44,159.33,102.69,No,Yes,Present
SYN-DM-01757,129.7,97.29,Controlled,75.23,106.76,162.55,80.56,Yes,Yes,Present
SYN-DM-01758,161.9,96.13,Elevated,99.53,75.78,181.93,84.05,Yes,Yes,Unknown
SYN-DM-01759,139.5,93.31,Elevated,67.72,111.52,175.39,81.01,Yes,Yes,Absent
SYN-DM-01760,92.0,67.05,Controlled,70.94,54.52,156.71,125.19,Yes,No,Unknown
SYN-DM-01761,140.3,72.45,Unknown,87.79,75.58,177.03,80.15,Yes,Yes,Unknown
SYN-DM-01762,134.7,85.75,Controlled,67.39,95.86,171.39,82.89,No,Yes,Present
SYN-DM-01763,134.0,97.66,Controlled,60.76,75.17,154.16,88.04,Yes,Yes,Present
SYN-DM-01764,100.9,81.73,Elevated,68.23,74.41,182.62,89.94,No,No,Absent
SYN-DM-01765,152.3,81.84,Elevated,78.3,73.51,154.0,78.62,No,Yes,Absent
SYN-DM-01766,125.8,96.38,Unknown,88.74,80.28,183.78,113.91,No,No,Present
SYN-DM-01767,107.9,83.81,Controlled,90.92,103.1,179.9,88.17,No,Yes,Present
SYN-DM-01768,125.6,96.69,Elevated,75.55,114.13,171.32,115.26,No,No,Present
SYN-DM-01769,133.3,64.13,Unknown,83.1,74.26,185.09,89.86,Yes,Yes,Absent
SYN-DM-01770,113.7,68.79,Unknown,76.96,111.38,172.21,114.1,No,No,Absent
SYN-DM-01771,158.1,96.91,Controlled,87.86,114.28,157.85,86.42,Yes,Yes,Present
SYN-DM-01772,137.5,89.0,Elevated,103.99,67.64,170.08,91.07,Yes,No,Present
SYN-DM-01773,152.0,80.96,Controlled,67.41,116.53,159.46,112.12,Yes,No,Present
SYN-DM-01774,119.9,75.27,Elevated,102.32,82.88,173.85,77.58,Yes,No,Present
SYN-DM-01775,124.8,89.52,Unknown,98.91,69.47,154.78,110.1,No,Yes,Present
SYN-DM-01776,110.8,75.49,Elevated,78.52,78.72,175.0,100.07,No,Yes,Present
SYN-DM-01777,117.7,71.08,Controlled,98.02,61.11,166.41,106.68,Yes,No,Absent
SYN-DM-01778,120.7,96.1,Elevated,78.88,112.72,173.58,111.91,No,Yes,Absent
SYN-DM-01779,122.3,66.53,Unknown,58.74,63.93,183.51,90.43,Yes,No,Unknown
SYN-DM-01780,135.7,92.91,Elevated,98.45,75.59,182.7,88.76,Yes,No,Absent
SYN-DM-01781,170.6,101.6,Elevated,61.37,57.65,168.18,82.95,Yes,Yes,Present
SYN-DM-01782,133.2,81.81,Unknown,89.44,80.6,188.43,94.62,Yes,Yes,Absent
SYN-DM-01783,157.7,84.93,Unknown,83.44,74.44,177.37,122.93,No,Yes,Absent
SYN-DM-01784,118.1,71.67,Controlled,66.86,84.83,159.03,115.18,Yes,No,Present
SYN-DM-01785,112.9,95.37,Unknown,80.84,84.71,174.88,83.7,Yes,Yes,Present
SYN-DM-01786,109.3,99.83,Controlled,90.26,74.68,188.85,82.95,Yes,Yes,Unknown
SYN-DM-01787,167.7,96.92,Elevated,96.26,104.77,178.95,119.2,No,No,Present
SYN-DM-01788,137.8,94.7,Controlled,77.45,74.79,173.27,77.13,Yes,Yes,Unknown
SYN-DM-01789,110.7,72.14,Elevated,77.14,67.07,156.48,117.54,No,Yes,Unknown
SYN-DM-01790,186.3,98.32,Controlled,78.16,95.88,165.37,115.71,No,No,Unknown
SYN-DM-01791,134.6,75.85,Controlled,84.21,115.71,165.24,89.23,No,No,Unknown
SYN-DM-01792,141.3,77.36,Unknown,73.69,71.99,158.24,92.08,No,No,Absent
SYN-DM-01793,117.2,102.38,Elevated,60.66,55.05,152.63,87.14,Yes,Yes,Unknown
SYN-DM-01794,104.7,71.82,Unknown,79.4,102.86,159.48,81.98,No,No,Absent
SYN-DM-01795,137.0,98.43,Elevated,72.61,108.42,185.69,116.43,Yes,No,Absent
SYN-DM-01796,150.7,94.08,Controlled,87.63,70.03,152.95,111.57,No,No,Present
SYN-DM-01797,99.4,100.8,Controlled,93.45,114.75,181.82,98.59,Yes,No,Unknown
SYN-DM-01798,157.3,67.97,Elevated,79.22,69.47,170.22,82.46,Yes,Yes,Absent
SYN-DM-01799,140.1,103.71,Unknown,85.39,62.61,184.94,84.71,No,No,Present
SYN-DM-01800,105.2,85.27,Elevated,65.65,91.56,182.83,76.6,Yes,Yes,Absent
SYN-DM-01801,107.1,91.21,Unknown,99.11,86.12,189.77,112.77,No,Yes,Present
SYN-DM-01802,107.9,65.15,Unknown,73.72,110.06,182.53,81.36,No,Yes,Unknown
SYN-DM-01803,140.8,66.31,Unknown,103.15,105.99,186.2,123.81,Yes,No,Absent
SYN-DM-01804,111.7,87.67,Unknown,87.09,111.84,187.68,85.6,Yes,No,Absent
SYN-DM-01805,133.5,65.72,Controlled,89.88,105.87,168.64,91.39,Yes,No,Absent
SYN-DM-01806,119.1,66.44,Unknown,95.36,72.55,156.08,90.81,No,Yes,Present
SYN-DM-01807,130.4,76.32,Unknown,90.92,54.48,163.38,86.57,No,Yes,Absent
SYN-DM-01808,95.0,103.18,Unknown,70.16,82.18,154.55,103.97,Yes,Yes,Absent
SYN-DM-01809,122.7,71.3,Controlled,75.72,117.61,180.19,75.42,No,No,Unknown
SYN-DM-01810,103.9,82.3,Controlled,78.26,69.5,157.91,97.54,Yes,Yes,Unknown
SYN-DM-01811,169.0,72.72,Unknown,71.85,108.9,158.86,98.01,Yes,Yes,Present
SYN-DM-01812,154.3,79.61,Controlled,83.34,72.14,176.4,101.16,No,Yes,Absent
SYN-DM-01813,118.9,96.15,Unknown,61.18,61.59,185.05,107.0,Yes,Yes,Absent
SYN-DM-01814,113.7,102.34,Unknown,98.41,68.13,188.62,76.11,No,Yes,Unknown
SYN-DM-01815,130.8,80.45,Unknown,91.17,117.77,161.7,102.43,No,No,Unknown
SYN-DM-01816,108.3,80.91,Controlled,101.13,66.7,155.31,113.05,No,Yes,Unknown
SYN-DM-01817,131.0,98.53,Controlled,63.87,60.16,184.25,76.35,No,No,Present
SYN-DM-01818,172.0,74.94,Elevated,68.21,109.93,168.53,80.59,Yes,No,Present
SYN-DM-01819,110.5,92.16,Controlled,99.83,90.84,157.66,114.11,No,No,Unknown
SYN-DM-01820,124.1,97.16,Unknown,58.0,70.63,182.15,94.22,No,No,Present
SYN-DM-01821,146.0,71.57,Unknown,66.45,87.32,170.24,75.13,Yes,Yes,Present
SYN-DM-01822,131.7,82.23,Elevated,76.03,105.59,171.97,119.74,Yes,No,Present
SYN-DM-01823,128.3,93.88,Unknown,82.01,55.93,158.14,99.72,Yes,No,Absent
SYN-DM-01824,145.2,73.84,Controlled,83.01,61.58,178.06,118.69,No,No,Absent
SYN-DM-01825,159.1,78.65,Elevated,90.87,101.2,161.47,103.7,Yes,No,Unknown
SYN-DM-01826,94.5,86.18,Elevated,99.27,54.83,175.97,90.36,Yes,Yes,Unknown
SYN-DM-01827,122.5,65.58,Unknown,101.75,117.52,158.5,91.29,No,Yes,Absent
SYN-DM-01828,125.6,72.77,Elevated,81.2,84.46,185.67,75.04,Yes,Yes,Present
SYN-DM-01829,98.8,83.89,Controlled,96.75,80.31,182.47,101.42,Yes,Yes,Unknown
SYN-DM-01830,126.7,83.94,Elevated,69.52,70.61,159.74,102.13,Yes,Yes,Present
SYN-DM-01831,115.2,81.81,Unknown,99.93,79.78,161.58,119.1,Yes,Yes,Unknown
SYN-DM-01832,120.1,70.71,Elevated,79.34,113.81,183.03,86.92,No,No,Present
SYN-DM-01833,183.9,71.14,Unknown,99.17,117.61,188.55,90.36,No,Yes,Absent
SYN-DM-01834,112.1,81.34,Controlled,77.93,89.48,189.08,96.98,No,Yes,Unknown
SYN-DM-01835,138.4,80.38,Controlled,74.9,93.17,153.73,109.3,No,No,Absent
SYN-DM-01836,140.9,76.85,Elevated,78.07,90.44,178.64,110.35,Yes,No,Present
SYN-DM-01837,114.2,91.22,Controlled,88.07,76.02,179.03,107.66,No,Yes,Unknown
SYN-DM-01838,131.1,64.98,Elevated,85.23,97.59,158.77,73.84,No,No,Unknown
SYN-DM-01839,125.1,88.77,Elevated,92.66,111.68,159.12,124.07,No,No,Unknown
SYN-DM-01840,118.2,90.48,Elevated,97.08,65.8,164.77,124.62,Yes,No,Absent
SYN-DM-01841,143.9,103.84,Unknown,74.44,72.46,152.14,78.16,Yes,Yes,Unknown
SYN-DM-01842,132.9,81.88,Controlled,61.57,87.96,160.42,93.66,Yes,Yes,Unknown
SYN-DM-01843,152.3,100.4,Elevated,72.9,101.48,166.24,80.43,Yes,No,Unknown
SYN-DM-01844,132.9,95.85,Elevated,62.83,117.37,176.19,101.45,Yes,No,Absent
SYN-DM-01845,138.7,79.31,Unknown,62.89,112.25,156.49,112.43,No,Yes,Absent
SYN-DM-01846,100.0,87.26,Elevated,67.18,69.86,153.34,94.05,No,Yes,Absent
SYN-DM-01847,137.4,84.27,Unknown,97.07,97.53,183.76,75.62,Yes,Yes,Absent
SYN-DM-01848,107.7,96.73,Elevated,100.02,73.64,189.8,94.17,No,Yes,Unknown
SYN-DM-01849,107.8,102.86,Elevated,77.94,111.09,165.57,124.46,No,Yes,Present
SYN-DM-01850,122.8,69.91,Elevated,67.69,93.11,169.78,92.23,Yes,Yes,Present
SYN-DM-01851,125.4,70.93,Elevated,73.35,96.2,171.45,119.87,Yes,No,Absent
SYN-DM-01852,95.0,77.77,Unknown,70.4,98.01,153.94,98.63,No,Yes,Present
SYN-DM-01853,133.9,84.07,Unknown,82.73,117.35,178.91,114.81,No,No,Absent
SYN-DM-01854,140.0,74.85,Elevated,100.58,117.04,173.58,110.98,No,Yes,Absent
SYN-DM-01855,140.7,91.98,Unknown,96.51,73.47,152.24,94.82,Yes,Yes,Present
SYN-DM-01856,132.4,65.97,Elevated,71.33,61.4,154.07,108.03,Yes,No,Absent
SYN-DM-01857,110.0,96.05,Controlled,102.0,117.12,173.11,77.28,No,No,Present
SYN-DM-01858,160.7,80.24,Unknown,70.22,65.24,163.05,109.4,No,Yes,Present
SYN-DM-01859,121.5,73.06,Unknown,74.32,89.49,153.98,87.25,No,Yes,Unknown
SYN-DM-01860,101.9,64.39,Elevated,72.46,117.6,162.16,92.1,Yes,Yes,Absent
SYN-DM-01861,114.9,76.5,Controlled,89.89,55.77,166.89,101.92,No,Yes,Absent
SYN-DM-01862,133.4,95.1,Controlled,71.98,89.73,180.49,101.77,No,No,Present
SYN-DM-01863,120.7,78.11,Controlled,97.54,57.81,174.82,85.81,Yes,No,Present
SYN-DM-01864,138.4,66.16,Elevated,59.75,100.67,155.65,98.31,No,Yes,Present
SYN-DM-01865,125.2,96.01,Controlled,95.82,85.83,157.49,87.22,No,Yes,Present
SYN-DM-01866,141.4,71.1,Controlled,59.57,111.07,158.91,94.68,No,No,Absent
SYN-DM-01867,113.8,88.43,Unknown,96.09,66.02,156.42,93.27,Yes,No,Absent
SYN-DM-01868,146.9,90.08,Controlled,67.84,95.28,166.07,75.54,Yes,Yes,Absent
SYN-DM-01869,151.4,86.94,Controlled,64.62,80.29,177.89,100.85,Yes,Yes,Absent
SYN-DM-01870,116.8,67.17,Controlled,103.66,110.71,182.04,89.13,No,Yes,Unknown
SYN-DM-01871,145.9,86.46,Controlled,87.27,60.12,168.76,115.95,No,No,Unknown
SYN-DM-01872,100.6,99.3,Elevated,91.42,66.18,168.88,123.55,Yes,Yes,Present
SYN-DM-01873,127.2,67.17,Elevated,84.93,60.53,173.11,81.62,No,No,Unknown
SYN-DM-01874,116.5,85.75,Controlled,91.03,64.36,188.92,123.36,No,Yes,Unknown
SYN-DM-01875,175.1,81.89,Controlled,97.35,86.78,186.59,87.52,No,No,Present
SYN-DM-01876,150.1,65.8,Controlled,65.29,76.47,157.3,95.59,Yes,Yes,Unknown
SYN-DM-01877,156.3,83.44,Elevated,91.05,99.36,171.89,87.65,No,Yes,Absent
SYN-DM-01878,124.6,70.85,Unknown,80.87,86.5,185.43,124.3,No,Yes,Unknown
SYN-DM-01879,140.2,89.86,Unknown,75.4,88.34,155.61,125.91,Yes,No,Unknown
SYN-DM-01880,135.6,64.21,Controlled,88.01,99.89,184.79,111.12,No,No,Absent
SYN-DM-01881,117.5,102.96,Controlled,95.15,62.95,159.59,110.59,No,No,Absent
SYN-DM-01882,154.8,70.68,Elevated,83.38,71.64,172.53,96.79,No,No,Present
SYN-DM-01883,146.9,79.99,Unknown,99.34,81.92,187.74,116.77,No,No,Present
SYN-DM-01884,120.4,99.98,Unknown,83.69,92.83,174.75,125.42,Yes,Yes,Unknown
SYN-DM-01885,138.2,80.58,Controlled,88.76,91.07,170.87,91.47,Yes,Yes,Present
SYN-DM-01886,138.5,83.68,Unknown,81.45,100.18,164.92,104.93,Yes,Yes,Absent
SYN-DM-01887,152.9,69.98,Elevated,95.05,62.9,172.03,95.07,Yes,Yes,Present
SYN-DM-01888,143.8,87.64,Unknown,72.55,63.18,169.1,105.33,No,No,Present
SYN-DM-01889,132.8,101.15,Elevated,72.27,70.22,153.15,76.45,Yes,Yes,Absent
SYN-DM-01890,115.9,100.11,Elevated,69.0,67.5,177.7,78.7,No,No,Present
SYN-DM-01891,141.4,96.56,Elevated,59.08,116.6,167.83,114.27,No,Yes,Unknown
SYN-DM-01892,139.6,85.77,Elevated,61.9,92.49,185.44,117.56,Yes,No,Absent
SYN-DM-01893,108.2,80.56,Unknown,103.64,116.29,155.65,107.74,Yes,No,Present
SYN-DM-01894,135.2,88.8,Elevated,98.52,76.86,157.43,83.42,No,No,Present
SYN-DM-01895,132.5,96.68,Elevated,103.05,66.55,161.35,122.14,No,No,Absent
SYN-DM-01896,124.4,85.36,Controlled,96.61,83.78,153.81,112.69,Yes,No,Absent
SYN-DM-01897,128.8,103.15,Elevated,84.64,81.1,182.43,122.69,No,Yes,Unknown
SYN-DM-01898,138.9,66.73,Elevated,77.75,93.27,186.17,83.37,Yes,Yes,Absent
SYN-DM-01899,126.5,65.52,Controlled,69.03,106.84,152.3,78.28,No,Yes,Unknown
SYN-DM-01900,147.2,87.19,Unknown,90.39,85.87,176.56,92.59,Yes,Yes,Unknown
SYN-DM-01901,126.8,100.62,Controlled,80.66,71.64,179.43,107.47,Yes,Yes,Present
SYN-DM-01902,100.6,69.54,Unknown,70.9,74.87,170.14,83.26,Yes,Yes,Unknown
SYN-DM-01903,113.7,91.52,Controlled,97.48,112.86,178.38,72.83,Yes,No,Present
SYN-DM-01904,131.5,68.85,Unknown,100.42,64.61,157.91,72.37,No,No,Present
SYN-DM-01905,142.6,95.8,Controlled,70.08,97.19,175.85,83.13,Yes,No,Present
SYN-DM-01906,117.7,71.26,Elevated,83.69,100.09,188.42,112.72,Yes,Yes,Absent
SYN-DM-01907,116.6,80.55,Unknown,72.3,99.7,176.01,100.83,No,Yes,Unknown
SYN-DM-01908,141.3,100.81,Controlled,66.33,85.36,158.62,106.58,No,Yes,Unknown
SYN-DM-01909,97.0,101.93,Elevated,68.48,82.98,176.99,92.32,No,No,Unknown
SYN-DM-01910,147.1,88.23,Controlled,62.62,115.59,163.89,84.07,Yes,Yes,Unknown
SYN-DM-01911,90,86.94,Unknown,103.11,86.41,170.2,91.73,Yes,Yes,Present
SYN-DM-01912,114.8,64.43,Elevated,63.3,84.3,156.03,107.9,No,No,Present
SYN-DM-01913,98.2,85.28,Unknown,91.25,82.65,153.11,78.06,No,No,Unknown
SYN-DM-01914,115.7,89.16,Controlled,63.01,92.59,152.6,106.08,No,Yes,Unknown
SYN-DM-01915,151.0,86.62,Unknown,77.92,90.4,170.87,93.3,Yes,No,Absent
SYN-DM-01916,117.8,73.8,Unknown,96.36,69.89,183.77,116.38,No,Yes,Present
SYN-DM-01917,157.8,74.7,Controlled,94.08,81.1,174.6,83.74,Yes,No,Unknown
SYN-DM-01918,141.1,86.73,Unknown,95.1,75.61,152.41,119.67,No,No,Unknown
SYN-DM-01919,119.2,75.85,Elevated,65.15,98.06,178.71,116.67,Yes,No,Present
SYN-DM-01920,101.4,102.46,Controlled,79.85,86.31,161.12,95.77,Yes,Yes,Absent
SYN-DM-01921,110.9,95.27,Controlled,82.69,107.55,178.97,103.8,Yes,No,Absent
SYN-DM-01922,163.6,85.21,Unknown,80.15,62.97,160.11,102.96,No,Yes,Unknown
SYN-DM-01923,149.2,77.43,Controlled,89.59,101.58,156.5,82.44,No,Yes,Present
SYN-DM-01924,132.8,83.95,Controlled,92.06,55.45,169.99,106.08,Yes,No,Present
SYN-DM-01925,135.0,81.2,Unknown,81.4,95.83,163.74,120.04,No,No,Present
SYN-DM-01926,158.5,99.15,Elevated,62.41,72.08,157.57,119.99,No,No,Present
SYN-DM-01927,133.6,83.8,Unknown,62.99,61.94,166.05,87.03,No,No,Absent
SYN-DM-01928,100.3,93.47,Controlled,68.56,94.11,170.01,103.71,No,No,Present
SYN-DM-01929,121.6,65.22,Elevated,81.32,63.19,157.59,97.99,No,Yes,Present
SYN-DM-01930,129.3,67.54,Unknown,80.38,81.17,156.08,78.8,Yes,Yes,Unknown
SYN-DM-01931,120.5,91.12,Controlled,78.42,90.29,162.76,98.34,No,No,Present
SYN-DM-01932,136.3,71.9,Controlled,72.13,103.32,158.56,115.35,No,Yes,Absent
SYN-DM-01933,175.1,70.23,Unknown,73.67,76.72,187.96,109.81,No,Yes,Present
SYN-DM-01934,159.2,88.39,Elevated,102.8,94.55,176.65,80.32,No,Yes,Present
SYN-DM-01935,95.1,93.78,Elevated,71.92,85.64,182.16,116.54,Yes,Yes,Present
SYN-DM-01936,126.1,69.13,Controlled,71.15,116.98,162.88,125.59,Yes,Yes,Absent
SYN-DM-01937,129.5,93.33,Elevated,89.04,97.57,182.52,115.44,No,Yes,Absent
SYN-DM-01938,136.1,101.74,Controlled,69.34,72.11,159.0,110.71,Yes,Yes,Unknown
SYN-DM-01939,110.4,95.8,Elevated,103.51,94.55,178.2,81.79,Yes,No,Present
SYN-DM-01940,119.5,85.99,Unknown,88.66,67.51,160.95,92.51,No,Yes,Absent
SYN-DM-01941,121.5,71.41,Controlled,78.51,113.5,152.8,119.05,No,No,Absent
SYN-DM-01942,95.8,77.83,Elevated,85.86,69.0,171.47,115.08,Yes,Yes,Unknown
SYN-DM-01943,127.9,72.98,Unknown,85.65,79.44,157.58,119.39,Yes,Yes,Absent
SYN-DM-01944,143.2,94.51,Elevated,98.84,109.82,183.32,97.52,Yes,Yes,Present
SYN-DM-01945,118.8,66.86,Unknown,70.77,79.06,186.48,80.59,Yes,No,Unknown
SYN-DM-01946,114.9,86.73,Unknown,94.52,71.47,168.07,87.85,No,Yes,Unknown
SYN-DM-01947,123.3,72.2,Elevated,93.59,56.85,187.5,91.23,No,Yes,Unknown
SYN-DM-01948,150.4,84.85,Elevated,67.69,63.14,185.74,95.4,No,No,Absent
SYN-DM-01949,153.8,93.18,Elevated,97.81,101.46,166.37,72.57,No,No,Present
SYN-DM-01950,103.1,72.72,Unknown,77.27,74.71,163.58,104.91,No,No,Present
SYN-DM-01951,113.6,85.08,Elevated,101.36,76.05,158.51,91.59,Yes,No,Unknown
SYN-DM-01952,97.0,103.7,Unknown,66.34,101.96,182.87,97.51,Yes,Yes,Present
SYN-DM-01953,168.6,100.65,Controlled,78.17,64.56,173.91,114.97,No,Yes,Absent
SYN-DM-01954,94.0,88.18,Elevated,102.51,69.95,182.98,86.43,No,No,Present
SYN-DM-01955,135.9,102.83,Controlled,79.78,70.45,164.04,96.46,Yes,Yes,Present
SYN-DM-01956,136.9,100.58,Controlled,77.16,86.85,183.32,113.06,Yes,Yes,Absent
SYN-DM-01957,114.6,100.01,Controlled,58.29,96.76,170.82,93.55,Yes,No,Unknown
SYN-DM-01958,123.8,85.91,Elevated,100.6,55.23,181.32,99.53,No,Yes,Present
SYN-DM-01959,96.1,103.46,Controlled,65.57,58.03,181.77,119.84,No,No,Absent
SYN-DM-01960,152.1,77.4,Elevated,74.22,89.25,155.84,92.05,No,No,Unknown
SYN-DM-01961,126.4,102.24,Elevated,93.08,102.58,165.86,93.14,No,No,Unknown
SYN-DM-01962,138.1,78.36,Elevated,95.53,86.15,159.96,118.3,Yes,Yes,Absent
SYN-DM-01963,146.9,97.81,Controlled,68.66,71.13,160.87,88.9,Yes,No,Absent
SYN-DM-01964,132.6,65.12,Unknown,80.14,70.48,182.33,116.46,No,Yes,Present
SYN-DM-01965,121.5,78.68,Unknown,83.41,79.64,158.4,107.46,No,No,Unknown
SYN-DM-01966,130.3,88.41,Unknown,99.55,88.17,189.9,124.51,No,Yes,Unknown
SYN-DM-01967,115.1,70.7,Elevated,74.57,91.26,161.75,96.01,Yes,Yes,Present
SYN-DM-01968,145.2,99.13,Elevated,89.45,70.49,170.09,75.47,No,No,Absent
SYN-DM-01969,151.1,72.59,Unknown,93.1,92.08,170.8,124.79,No,Yes,Absent
SYN-DM-01970,145.6,88.31,Elevated,84.99,103.29,155.16,105.77,No,No,Unknown
SYN-DM-01971,146.2,102.0,Unknown,78.29,89.69,173.48,78.2,Yes,Yes,Absent
SYN-DM-01972,118.7,87.03,Elevated,93.99,98.62,164.22,87.76,No,No,Present
SYN-DM-01973,145.4,78.24,Elevated,90.72,81.85,187.92,85.07,Yes,No,Unknown
SYN-DM-01974,132.6,87.57,Elevated,78.26,103.77,183.72,111.24,Yes,No,Present
SYN-DM-01975,109.4,71.86,Controlled,90.35,116.57,165.03,93.79,Yes,No,Present
SYN-DM-01976,155.8,96.27,Elevated,65.03,94.61,163.47,104.78,Yes,Yes,Absent
SYN-DM-01977,126.2,88.96,Controlled,83.84,70.81,163.96,103.4,Yes,No,Unknown
SYN-DM-01978,107.3,64.71,Unknown,85.74,111.29,161.13,109.54,Yes,No,Present
SYN-DM-01979,138.2,96.19,Elevated,96.76,110.9,185.18,88.77,No,Yes,Absent
SYN-DM-01980,137.1,102.76,Elevated,66.54,116.08,175.39,96.85,No,No,Absent
SYN-DM-01981,142.9,68.44,Elevated,74.15,92.4,169.57,83.24,Yes,Yes,Absent
SYN-DM-01982,116.5,94.8,Elevated,103.6,77.41,184.92,97.54,No,Yes,Present
SYN-DM-01983,103.6,78.55,Unknown,73.71,87.25,186.52,102.93,No,No,Absent
SYN-DM-01984,128.2,77.87,Elevated,83.73,105.33,170.6,90.86,No,No,Absent
SYN-DM-01985,126.7,66.54,Elevated,99.27,104.53,183.72,82.05,No,No,Absent
SYN-DM-01986,150.2,94.8,Controlled,99.83,90.15,169.01,88.44,No,No,Absent
SYN-DM-01987,144.0,70.62,Unknown,82.01,82.82,164.83,88.27,No,Yes,Present
SYN-DM-01988,140.5,64.53,Unknown,72.39,102.39,184.87,91.63,No,No,Present
SYN-DM-01989,130.3,77.87,Controlled,93.35,97.27,171.15,120.9,No,Yes,Present
SYN-DM-01990,116.2,68.76,Elevated,60.31,60.12,164.01,83.44,No,No,Absent
SYN-DM-01991,123.6,78.52,Elevated,101.06,54.51,183.52,80.28,Yes,Yes,Absent
SYN-DM-01992,90,70.09,Controlled,80.48,57.6,186.21,73.11,No,No,Absent
SYN-DM-01993,124.8,80.55,Elevated,69.86,70.8,160.76,77.79,Yes,No,Present
SYN-DM-01994,123.0,101.19,Unknown,82.56,100.72,171.07,91.32,Yes,No,Unknown
SYN-DM-01995,119.8,88.1,Elevated,74.54,67.39,168.05,115.13,No,Yes,Unknown
SYN-DM-01996,140.1,67.89,Unknown,95.32,90.13,156.52,125.57,No,Yes,Unknown
SYN-DM-01997,108.2,100.03,Controlled,67.89,92.76,163.8,99.15,Yes,Yes,Unknown
SYN-DM-01998,121.6,99.92,Controlled,61.77,105.65,153.85,123.35,No,No,Absent
SYN-DM-01999,126.0,87.39,Unknown,79.43,60.56,159.15,115.32,No,Yes,Unknown
SYN-DM-02000,170.8,100.19,Unknown,62.19,59.05,184.08,94.36,Yes,Yes,Absent
SYN-DM-02001,128.2,80.1,Unknown,71.08,82.18,188.38,114.49,Yes,Yes,Unknown
SYN-DM-02002,141.4,90.0,Unknown,69.64,78.89,174.87,84.67,No,No,Unknown
SYN-DM-02003,114.0,75.49,Controlled,83.82,103.79,178.76,121.73,No,No,Unknown
SYN-DM-02004,148.6,89.98,Elevated,73.47,98.12,165.49,81.44,No,No,Absent
SYN-DM-02005,144.7,102.73,Unknown,102.28,115.23,158.88,118.44,Yes,Yes,Present
SYN-DM-02006,109.4,95.1,Unknown,63.9,64.32,172.5,101.34,Yes,Yes,Absent
SYN-DM-02007,103.5,97.66,Controlled,96.88,96.04,153.26,99.82,Yes,Yes,Present
SYN-DM-02008,139.4,67.21,Unknown,65.2,109.22,164.96,92.35,Yes,No,Absent
SYN-DM-02009,135.9,101.73,Controlled,101.73,97.94,176.89,119.6,Yes,No,Absent
SYN-DM-02010,113.4,81.66,Unknown,82.67,100.76,154.45,118.59,No,Yes,Present
SYN-DM-02011,127.2,98.02,Unknown,101.95,64.29,165.01,80.64,No,No,Unknown
SYN-DM-02012,124.9,90.25,Elevated,76.6,69.75,174.62,112.42,Yes,Yes,Absent
SYN-DM-02013,155.7,65.12,Unknown,82.74,105.48,184.47,87.43,Yes,No,Unknown
SYN-DM-02014,108.5,88.62,Controlled,75.3,86.08,175.02,79.78,Yes,No,Absent
SYN-DM-02015,135.9,84.18,Elevated,78.87,103.12,168.08,90.61,No,Yes,Present
SYN-DM-02016,142.5,85.26,Elevated,83.56,71.36,163.45,104.08,Yes,Yes,Unknown
SYN-DM-02017,111.7,83.61,Unknown,71.33,91.2,158.25,86.72,Yes,Yes,Absent
SYN-DM-02018,118.7,69.33,Elevated,102.22,92.96,178.13,78.9,Yes,Yes,Absent
SYN-DM-02019,137.6,71.05,Unknown,89.83,95.88,176.58,102.07,Yes,No,Present
SYN-DM-02020,128.8,97.2,Elevated,66.82,56.16,177.45,80.96,Yes,No,Absent
SYN-DM-02021,162.0,73.21,Elevated,77.23,69.46,165.11,90.38,No,Yes,Present
SYN-DM-02022,134.4,74.59,Unknown,59.69,105.11,160.06,122.7,Yes,Yes,Absent
SYN-DM-02023,113.0,77.17,Elevated,72.7,67.9,180.52,81.84,No,No,Absent
SYN-DM-02024,159.2,77.29,Controlled,76.2,105.14,155.78,111.83,Yes,No,Unknown
SYN-DM-02025,126.0,78.79,Unknown,59.62,114.45,176.73,95.13,Yes,Yes,Unknown
SYN-DM-02026,112.9,98.24,Elevated,95.58,72.11,174.74,94.1,Yes,Yes,Absent
SYN-DM-02027,105.3,100.84,Controlled,81.53,68.05,179.81,85.53,No,Yes,Unknown
SYN-DM-02028,102.0,64.76,Elevated,69.94,70.44,170.81,117.75,Yes,Yes,Present
SYN-DM-02029,139.6,75.45,Unknown,68.68,86.95,174.67,91.03,Yes,No,Present
SYN-DM-02030,123.2,103.94,Controlled,77.45,109.72,159.72,84.92,No,No,Unknown
SYN-DM-02031,128.2,70.68,Controlled,90.86,115.83,171.87,76.42,No,No,Present
SYN-DM-02032,119.0,101.69,Elevated,73.45,84.22,175.76,98.62,Yes,No,Absent
SYN-DM-02033,157.8,81.1,Controlled,101.52,114.59,178.05,113.38,No,Yes,Unknown
SYN-DM-02034,154.8,95.26,Controlled,87.51,81.05,179.13,110.81,No,Yes,Absent
SYN-DM-02035,123.5,68.12,Elevated,72.6,117.86,156.72,72.03,No,Yes,Present
SYN-DM-02036,170.1,71.89,Elevated,95.37,84.47,176.94,92.4,No,Yes,Absent
SYN-DM-02037,99.5,87.97,Unknown,95.94,74.3,163.28,119.78,No,Yes,Absent
SYN-DM-02038,136.5,77.99,Elevated,74.11,90.77,181.9,84.5,No,Yes,Present
SYN-DM-02039,109.1,90.63,Unknown,92.99,58.84,161.15,120.34,No,No,Absent
SYN-DM-02040,148.0,100.93,Elevated,71.78,91.59,157.85,98.3,Yes,Yes,Absent
SYN-DM-02041,116.7,68.94,Unknown,77.3,55.19,170.23,107.8,Yes,Yes,Absent
SYN-DM-02042,98.6,77.85,Controlled,67.12,61.82,171.55,123.68,Yes,Yes,Present
SYN-DM-02043,135.2,81.27,Elevated,70.51,101.47,182.22,84.29,Yes,Yes,Absent
SYN-DM-02044,156.0,77.54,Elevated,101.69,112.07,154.95,120.2,No,No,Unknown
SYN-DM-02045,119.0,89.56,Controlled,87.43,67.86,158.03,80.46,No,Yes,Unknown
SYN-DM-02046,124.7,79.03,Controlled,75.75,59.47,167.75,73.18,Yes,Yes,Unknown
SYN-DM-02047,111.9,93.22,Controlled,71.66,105.48,179.1,102.48,No,Yes,Absent
SYN-DM-02048,138.3,99.16,Elevated,81.42,95.3,160.3,77.8,No,No,Unknown
SYN-DM-02049,168.1,100.71,Elevated,78.7,78.5,161.42,72.79,Yes,Yes,Present
SYN-DM-02050,139.9,64.36,Unknown,75.37,69.02,183.49,81.3,No,Yes,Absent
SYN-DM-02051,139.4,103.15,Unknown,62.56,96.12,153.83,109.69,Yes,Yes,Unknown
SYN-DM-02052,101.0,90.36,Unknown,91.8,59.09,161.56,88.73,No,No,Unknown
SYN-DM-02053,145.7,71.86,Unknown,86.1,72.44,174.29,97.43,No,No,Unknown
SYN-DM-02054,99.6,83.57,Unknown,75.41,84.98,157.13,83.34,Yes,Yes,Unknown
SYN-DM-02055,129.8,91.7,Elevated,73.17,82.79,162.54,118.56,Yes,Yes,Absent
SYN-DM-02056,143.1,92.78,Elevated,94.76,82.06,165.29,109.13,No,No,Unknown
SYN-DM-02057,115.2,66.45,Unknown,58.81,109.39,159.73,83.4,Yes,No,Absent
SYN-DM-02058,130.8,75.51,Controlled,78.1,94.86,163.23,118.19,No,No,Present
SYN-DM-02059,137.3,65.76,Elevated,84.65,61.22,156.11,107.92,No,No,Absent
SYN-DM-02060,110.8,85.7,Elevated,94.51,66.99,178.13,101.01,No,Yes,Unknown
SYN-DM-02061,119.1,93.99,Elevated,86.72,64.76,161.7,118.07,Yes,No,Present
SYN-DM-02062,128.8,86.69,Controlled,84.39,106.56,159.49,81.1,Yes,Yes,Present
SYN-DM-02063,124.5,100.67,Elevated,103.84,117.13,180.01,95.86,Yes,Yes,Present
SYN-DM-02064,113.1,81.15,Unknown,62.41,58.15,183.61,111.18,No,No,Present
SYN-DM-02065,139.1,65.15,Controlled,96.99,113.19,181.51,119.79,Yes,Yes,Present
SYN-DM-02066,135.0,97.18,Controlled,68.08,112.03,170.02,75.29,No,Yes,Unknown
SYN-DM-02067,125.7,82.06,Elevated,77.97,80.68,155.27,87.63,No,Yes,Present
SYN-DM-02068,149.9,86.43,Unknown,82.65,57.7,177.4,118.3,Yes,Yes,Unknown
SYN-DM-02069,113.4,80.6,Elevated,100.58,92.66,159.66,89.94,No,Yes,Unknown
SYN-DM-02070,126.0,101.71,Elevated,91.01,56.06,158.13,82.26,Yes,Yes,Unknown
SYN-DM-02071,122.0,89.85,Unknown,73.67,87.5,178.04,125.53,Yes,No,Absent
SYN-DM-02072,108.8,84.73,Elevated,85.59,111.51,184.75,121.21,No,No,Absent
SYN-DM-02073,120.4,99.13,Controlled,96.08,86.09,184.92,93.83,Yes,Yes,Absent
SYN-DM-02074,125.8,69.8,Controlled,69.43,66.82,169.93,105.95,No,Yes,Present
SYN-DM-02075,146.2,68.06,Elevated,73.76,84.87,152.18,87.9,No,No,Unknown
SYN-DM-02076,125.5,92.28,Controlled,68.33,87.73,157.9,76.97,Yes,Yes,Present
SYN-DM-02077,107.7,75.78,Unknown,85.9,66.95,183.54,76.71,No,Yes,Absent
SYN-DM-02078,119.4,84.94,Elevated,66.91,112.3,159.98,86.03,No,No,Absent
SYN-DM-02079,135.7,79.2,Controlled,64.48,86.58,183.15,113.24,No,Yes,Absent
SYN-DM-02080,127.4,76.76,Elevated,103.21,84.61,188.09,114.92,No,Yes,Unknown
SYN-DM-02081,125.3,98.71,Elevated,62.65,59.65,182.99,114.64,Yes,No,Present
SYN-DM-02082,116.1,95.19,Unknown,86.65,92.57,157.63,74.0,Yes,Yes,Present
SYN-DM-02083,134.4,84.3,Unknown,73.34,66.65,171.22,75.84,No,No,Absent
SYN-DM-02084,124.2,84.02,Controlled,97.38,112.23,158.47,95.52,No,No,Present
SYN-DM-02085,107.2,74.77,Unknown,89.94,79.07,161.33,99.55,No,Yes,Present
SYN-DM-02086,115.8,98.51,Controlled,63.8,77.48,188.28,100.6,Yes,Yes,Absent
SYN-DM-02087,131.4,88.67,Elevated,81.38,90.51,185.48,81.72,Yes,No,Present
SYN-DM-02088,101.1,75.52,Controlled,78.25,64.08,184.99,89.24,Yes,Yes,Unknown
SYN-DM-02089,113.7,73.23,Elevated,86.55,85.36,173.83,88.71,Yes,No,Unknown
SYN-DM-02090,123.7,93.83,Controlled,98.1,101.8,167.28,96.98,Yes,No,Unknown
SYN-DM-02091,132.7,76.59,Unknown,70.35,67.2,159.14,114.62,No,Yes,Unknown
SYN-DM-02092,120.6,74.57,Elevated,100.11,80.42,185.14,104.72,No,No,Present
SYN-DM-02093,106.4,99.34,Unknown,102.79,102.15,176.74,123.91,Yes,No,Present
SYN-DM-02094,123.8,101.53,Elevated,67.0,76.75,175.03,112.71,Yes,No,Unknown
SYN-DM-02095,139.2,73.01,Controlled,59.69,94.21,160.23,87.8,Yes,Yes,Present
SYN-DM-02096,159.4,72.1,Elevated,72.57,111.98,187.22,95.51,Yes,Yes,Unknown
SYN-DM-02097,109.1,92.99,Controlled,102.82,97.27,170.12,119.07,No,No,Unknown
SYN-DM-02098,115.2,85.48,Elevated,70.54,54.47,173.97,96.69,No,Yes,Present
SYN-DM-02099,135.7,85.13,Unknown,83.09,104.58,179.67,96.22,Yes,No,Absent
SYN-DM-02100,104.0,75.93,Unknown,97.09,108.65,178.98,72.33,Yes,Yes,Unknown
SYN-DM-02101,130.4,85.13,Elevated,68.37,106.04,161.77,114.61,No,No,Absent
SYN-DM-02102,145.9,86.38,Controlled,83.78,92.85,183.8,122.19,No,Yes,Absent
SYN-DM-02103,125.4,86.51,Unknown,96.78,60.58,153.8,95.5,Yes,No,Absent
SYN-DM-02104,155.5,81.29,Elevated,81.85,72.08,153.25,77.79,No,Yes,Unknown
SYN-DM-02105,129.5,100.65,Unknown,101.28,110.87,160.54,123.37,No,No,Absent
SYN-DM-02106,131.0,73.03,Elevated,85.27,65.19,188.54,91.92,No,No,Present
SYN-DM-02107,130.0,84.97,Unknown,103.85,116.27,165.16,93.86,No,No,Absent
SYN-DM-02108,115.8,82.56,Controlled,93.57,82.68,166.14,77.42,No,No,Present
SYN-DM-02109,103.5,68.47,Elevated,76.49,74.86,171.53,112.31,No,No,Unknown
SYN-DM-02110,163.9,101.25,Unknown,87.9,61.89,185.19,107.71,No,No,Unknown
SYN-DM-02111,158.7,92.26,Elevated,67.7,82.53,181.79,104.76,No,No,Unknown
SYN-DM-02112,159.4,71.41,Controlled,96.63,57.22,178.23,86.01,No,Yes,Present
SYN-DM-02113,127.6,64.65,Unknown,73.35,81.35,167.87,83.98,Yes,Yes,Absent
SYN-DM-02114,125.7,93.52,Elevated,98.56,75.67,183.79,73.01,Yes,No,Absent
SYN-DM-02115,156.0,68.0,Unknown,66.95,72.51,177.86,114.03,Yes,Yes,Unknown
SYN-DM-02116,151.5,64.61,Controlled,87.82,73.67,163.85,123.88,Yes,No,Present
SYN-DM-02117,133.9,65.17,Controlled,102.4,102.37,172.58,110.62,Yes,Yes,Unknown
SYN-DM-02118,137.3,84.99,Unknown,65.12,55.98,171.93,119.33,Yes,No,Present
SYN-DM-02119,127.9,96.76,Elevated,79.49,78.23,163.49,92.72,No,Yes,Unknown
SYN-DM-02120,118.4,79.87,Unknown,70.27,65.78,177.35,102.21,Yes,No,Unknown
SYN-DM-02121,160.3,95.57,Controlled,71.07,89.36,169.47,113.45,No,Yes,Present
SYN-DM-02122,101.9,99.3,Elevated,91.16,107.45,187.7,100.45,No,No,Absent
SYN-DM-02123,131.7,70.06,Controlled,77.76,114.5,176.35,123.07,Yes,No,Absent
SYN-DM-02124,104.6,78.47,Controlled,99.79,78.12,177.68,73.51,No,No,Absent
SYN-DM-02125,149.4,82.46,Controlled,83.92,78.41,180.13,86.08,No,No,Present
SYN-DM-02126,144.5,72.43,Unknown,63.34,67.72,180.69,87.83,Yes,No,Absent
SYN-DM-02127,115.3,95.77,Elevated,93.97,83.21,155.95,88.76,Yes,Yes,Absent
SYN-DM-02128,123.6,87.88,Unknown,83.89,72.85,183.02,88.69,No,Yes,Present
SYN-DM-02129,117.9,103.26,Unknown,94.59,77.45,168.52,96.97,Yes,Yes,Present
SYN-DM-02130,108.5,88.74,Controlled,71.95,102.69,170.07,110.5,Yes,Yes,Unknown
SYN-DM-02131,156.7,85.4,Controlled,75.62,84.42,152.72,85.47,No,No,Absent
SYN-DM-02132,124.1,99.8,Controlled,100.05,55.93,173.88,94.3,Yes,Yes,Absent
SYN-DM-02133,134.6,75.01,Elevated,83.79,65.2,184.84,104.64,Yes,No,Present
SYN-DM-02134,107.8,80.95,Controlled,79.84,62.74,164.07,118.96,Yes,No,Absent
SYN-DM-02135,112.8,71.77,Elevated,74.71,109.26,164.09,82.02,Yes,No,Absent
SYN-DM-02136,122.8,100.32,Controlled,100.55,92.54,158.66,115.31,Yes,Yes,Unknown
SYN-DM-02137,122.6,64.35,Controlled,66.74,100.21,154.08,94.25,Yes,Yes,Present
SYN-DM-02138,133.4,91.22,Unknown,88.38,111.68,159.77,107.54,Yes,Yes,Present
SYN-DM-02139,125.6,103.28,Controlled,102.15,78.86,175.9,89.41,No,Yes,Present
SYN-DM-02140,128.8,89.31,Unknown,91.2,77.97,172.63,124.08,No,No,Absent
SYN-DM-02141,158.7,85.82,Elevated,70.63,106.32,174.23,116.95,No,No,Present
SYN-DM-02142,125.1,75.32,Unknown,58.41,64.85,153.56,94.26,No,No,Unknown
SYN-DM-02143,133.5,91.06,Unknown,86.43,65.7,155.26,92.66,No,No,Absent
SYN-DM-02144,104.7,101.61,Elevated,84.83,91.32,170.43,110.38,Yes,No,Unknown
SYN-DM-02145,137.8,64.68,Controlled,60.39,107.53,166.42,119.23,No,Yes,Unknown
SYN-DM-02146,105.6,76.56,Unknown,87.11,110.79,155.32,83.99,No,Yes,Unknown
SYN-DM-02147,110.1,65.5,Elevated,88.69,102.81,172.12,109.91,No,Yes,Absent
SYN-DM-02148,135.8,93.53,Unknown,85.38,102.61,181.08,82.05,No,Yes,Unknown
SYN-DM-02149,115.0,75.89,Controlled,92.96,85.44,186.72,111.11,Yes,Yes,Present
SYN-DM-02150,96.2,89.4,Elevated,62.92,83.54,177.47,123.03,Yes,No,Present
SYN-DM-02151,127.8,93.23,Controlled,73.6,85.26,152.73,118.83,Yes,Yes,Absent
SYN-DM-02152,108.5,98.31,Elevated,72.52,111.34,179.6,92.55,Yes,Yes,Absent
SYN-DM-02153,117.2,98.69,Controlled,64.85,103.82,153.25,82.93,No,No,Unknown
SYN-DM-02154,160.6,85.94,Controlled,69.59,65.75,157.39,80.26,No,Yes,Absent
SYN-DM-02155,117.9,70.33,Controlled,98.24,106.79,152.92,113.84,No,No,Unknown
SYN-DM-02156,110.1,88.56,Unknown,97.11,100.78,158.51,111.16,Yes,No,Absent
SYN-DM-02157,139.0,90.71,Unknown,96.28,114.33,184.59,81.48,Yes,Yes,Unknown
SYN-DM-02158,135.3,100.15,Unknown,99.01,85.26,161.23,97.11,No,Yes,Unknown
SYN-DM-02159,123.8,83.76,Unknown,77.87,110.3,186.6,114.17,Yes,No,Unknown
SYN-DM-02160,139.6,88.87,Elevated,90.43,65.11,156.0,121.58,Yes,Yes,Absent
SYN-DM-02161,147.5,75.54,Controlled,92.06,64.39,178.41,93.79,Yes,No,Absent
SYN-DM-02162,164.8,66.68,Elevated,97.96,81.46,173.43,91.95,Yes,No,Present
SYN-DM-02163,155.6,86.15,Controlled,86.06,99.95,169.0,124.66,No,No,Unknown
SYN-DM-02164,135.3,79.67,Controlled,103.69,73.19,171.05,124.3,No,Yes,Unknown
SYN-DM-02165,132.5,90.63,Elevated,65.09,107.72,163.58,79.09,Yes,No,Unknown
SYN-DM-02166,111.3,100.48,Controlled,62.91,72.95,168.27,72.3,Yes,Yes,Absent
SYN-DM-02167,117.1,78.46,Unknown,78.12,74.91,188.73,98.87,No,No,Absent
SYN-DM-02168,135.6,100.4,Controlled,93.14,106.27,171.8,122.38,No,No,Absent
SYN-DM-02169,124.2,100.13,Unknown,92.09,55.31,167.76,86.18,Yes,No,Absent
SYN-DM-02170,94.8,90.07,Controlled,78.95,62.07,168.63,80.84,Yes,Yes,Absent
SYN-DM-02171,154.9,64.82,Elevated,79.02,59.36,176.79,77.19,Yes,No,Present
SYN-DM-02172,136.3,80.18,Elevated,79.59,60.63,166.47,91.69,No,Yes,Unknown
SYN-DM-02173,153.0,95.61,Controlled,98.37,113.33,167.61,98.94,No,No,Unknown
SYN-DM-02174,129.7,93.06,Unknown,72.52,54.31,162.85,74.19,Yes,No,Present
SYN-DM-02175,114.9,92.18,Controlled,80.05,82.81,175.15,103.23,Yes,Yes,Present
SYN-DM-02176,138.3,66.45,Unknown,89.79,99.46,187.5,107.03,No,No,Unknown
SYN-DM-02177,148.6,92.02,Elevated,73.08,107.49,169.17,113.58,Yes,No,Present
SYN-DM-02178,126.9,88.09,Controlled,103.78,78.52,162.51,114.11,Yes,No,Absent
SYN-DM-02179,131.3,99.11,Controlled,94.14,65.44,158.68,102.89,No,No,Absent
SYN-DM-02180,120.6,67.97,Controlled,60.47,111.37,157.01,116.58,Yes,Yes,Unknown
SYN-DM-02181,97.2,69.39,Controlled,86.6,57.67,181.61,80.26,No,Yes,Absent
SYN-DM-02182,136.7,79.47,Unknown,68.7,73.47,164.27,107.98,No,No,Unknown
SYN-DM-02183,97.0,75.31,Elevated,77.29,104.06,169.25,72.93,No,Yes,Unknown
SYN-DM-02184,164.0,65.37,Unknown,88.1,91.71,178.06,86.01,No,Yes,Unknown
SYN-DM-02185,135.8,67.64,Controlled,63.7,73.71,186.17,92.58,Yes,No,Unknown
SYN-DM-02186,102.0,101.45,Controlled,61.17,113.21,163.55,122.77,No,Yes,Unknown
SYN-DM-02187,145.9,76.31,Elevated,67.18,59.67,177.6,111.3,No,Yes,Absent
SYN-DM-02188,98.0,94.87,Elevated,97.05,70.09,183.59,123.61,No,No,Present
SYN-DM-02189,109.1,71.45,Elevated,99.11,105.41,165.22,97.02,Yes,Yes,Absent
SYN-DM-02190,155.9,100.01,Unknown,95.04,107.06,170.08,89.12,No,Yes,Unknown
SYN-DM-02191,124.9,94.43,Controlled,94.35,55.79,166.44,117.9,Yes,No,Present
SYN-DM-02192,141.8,86.15,Controlled,65.04,64.58,156.4,88.28,No,No,Unknown
SYN-DM-02193,132.2,72.72,Unknown,101.31,77.41,167.22,79.89,No,Yes,Absent
SYN-DM-02194,130.5,82.81,Controlled,75.81,103.39,162.09,124.84,No,Yes,Unknown
SYN-DM-02195,130.4,68.38,Elevated,88.39,69.86,177.73,99.98,Yes,Yes,Unknown
SYN-DM-02196,107.6,83.78,Controlled,79.38,58.52,171.88,91.12,No,No,Absent
SYN-DM-02197,119.2,76.28,Unknown,92.34,57.43,168.3,118.5,Yes,No,Unknown
SYN-DM-02198,115.5,82.9,Unknown,75.3,114.69,169.34,86.74,Yes,No,Unknown
SYN-DM-02199,123.1,75.9,Unknown,69.74,87.4,183.24,106.07,No,No,Absent
SYN-DM-02200,132.8,71.87,Controlled,79.64,111.29,162.51,104.28,Yes,No,Absent
SYN-DM-02201,122.9,75.35,Controlled,71.53,91.48,179.06,112.58,No,No,Unknown
SYN-DM-02202,118.8,98.46,Unknown,59.04,96.96,182.79,85.16,Yes,Yes,Absent
SYN-DM-02203,132.7,76.12,Unknown,59.46,61.34,174.9,106.11,Yes,Yes,Unknown
SYN-DM-02204,124.9,96.73,Controlled,69.12,109.92,157.61,93.93,No,No,Unknown
SYN-DM-02205,120.3,102.15,Elevated,88.48,89.54,188.86,123.21,No,No,Unknown
SYN-DM-02206,133.3,77.99,Elevated,88.9,102.87,168.1,96.01,Yes,Yes,Present
SYN-DM-02207,132.0,88.89,Unknown,78.75,59.38,162.36,109.84,Yes,Yes,Present
SYN-DM-02208,118.4,99.37,Elevated,96.97,98.38,189.03,114.32,Yes,Yes,Unknown
SYN-DM-02209,158.0,70.55,Elevated,91.6,86.53,164.86,108.77,Yes,Yes,Absent
SYN-DM-02210,118.4,99.9,Controlled,74.73,109.17,160.48,81.83,Yes,No,Unknown
SYN-DM-02211,165.6,67.53,Unknown,87.74,106.17,187.07,92.63,Yes,Yes,Present
SYN-DM-02212,132.4,77.97,Controlled,87.77,75.15,175.67,114.15,No,No,Absent
SYN-DM-02213,154.2,76.62,Elevated,79.98,100.71,153.84,103.6,Yes,No,Absent
SYN-DM-02214,107.4,101.22,Unknown,59.11,56.67,178.22,117.53,Yes,No,Absent
SYN-DM-02215,110.4,86.37,Elevated,97.87,61.1,181.43,107.0,Yes,No,Absent
SYN-DM-02216,107.4,64.61,Controlled,76.67,90.62,165.54,77.24,No,Yes,Present
SYN-DM-02217,103.8,84.89,Controlled,69.69,87.18,171.7,113.14,No,No,Absent
SYN-DM-02218,144.0,78.89,Unknown,87.66,77.11,183.72,110.42,No,No,Present
SYN-DM-02219,99.7,90.06,Unknown,102.24,59.84,179.44,77.47,No,Yes,Unknown
SYN-DM-02220,130.5,98.56,Controlled,88.47,87.4,176.14,88.51,Yes,No,Present
SYN-DM-02221,122.2,70.3,Unknown,94.96,87.16,156.27,109.7,Yes,Yes,Present
SYN-DM-02222,139.1,89.54,Controlled,69.77,57.72,186.47,95.38,No,Yes,Present
SYN-DM-02223,135.8,96.97,Unknown,99.49,63.73,180.17,105.94,No,No,Absent
SYN-DM-02224,124.8,66.16,Unknown,79.72,96.44,160.48,105.44,No,No,Absent
SYN-DM-02225,152.0,69.38,Controlled,73.87,73.08,180.35,120.81,No,No,Unknown
SYN-DM-02226,150.6,78.96,Elevated,67.07,65.27,156.88,105.76,No,No,Absent
SYN-DM-02227,115.2,96.0,Controlled,85.75,54.32,189.83,93.44,No,No,Absent
SYN-DM-02228,139.5,96.5,Unknown,88.18,116.51,162.61,97.0,Yes,Yes,Unknown
SYN-DM-02229,133.6,79.21,Controlled,78.02,73.66,172.52,107.3,Yes,No,Unknown
SYN-DM-02230,159.8,73.51,Unknown,69.08,86.82,180.57,114.92,No,No,Present
SYN-DM-02231,138.3,83.77,Elevated,62.3,103.65,152.06,84.92,No,Yes,Present
SYN-DM-02232,122.5,73.84,Controlled,102.87,94.24,182.52,91.79,No,Yes,Absent
SYN-DM-02233,111.0,91.68,Controlled,102.39,83.79,182.58,125.62,Yes,No,Absent
SYN-DM-02234,145.2,73.9,Elevated,90.66,83.78,179.59,124.71,No,Yes,Present
SYN-DM-02235,145.6,78.85,Unknown,86.19,84.79,167.64,125.91,No,No,Absent
SYN-DM-02236,140.0,75.27,Elevated,64.81,66.52,179.79,105.39,No,No,Unknown
SYN-DM-02237,120.7,102.68,Elevated,95.97,102.08,161.96,121.18,Yes,No,Present
SYN-DM-02238,123.9,67.78,Elevated,98.87,69.49,155.01,72.67,Yes,No,Present
SYN-DM-02239,117.5,85.33,Elevated,84.02,58.28,152.05,87.34,No,Yes,Unknown
SYN-DM-02240,138.5,76.07,Controlled,83.09,82.3,154.84,115.37,No,Yes,Absent
SYN-DM-02241,112.3,95.62,Elevated,97.52,93.43,169.54,77.11,Yes,No,Unknown
SYN-DM-02242,122.2,90.02,Elevated,80.41,65.7,167.64,103.15,No,Yes,Present
SYN-DM-02243,141.3,100.93,Controlled,89.55,71.41,156.97,90.61,No,No,Present
SYN-DM-02244,144.6,76.97,Unknown,69.18,67.06,152.4,87.01,No,No,Present
SYN-DM-02245,154.8,82.21,Elevated,68.93,110.34,171.12,72.46,Yes,Yes,Unknown
SYN-DM-02246,119.6,81.48,Elevated,93.41,111.84,159.9,88.0,No,No,Unknown
SYN-DM-02247,163.5,70.0,Unknown,93.41,110.59,188.94,110.55,No,No,Present
SYN-DM-02248,140.1,70.45,Unknown,95.86,67.4,161.94,113.69,Yes,No,Unknown
SYN-DM-02249,146.5,98.62,Controlled,64.11,73.32,152.41,77.96,Yes,Yes,Present
SYN-DM-02250,109.6,65.37,Controlled,87.55,100.46,176.74,107.1,Yes,No,Absent
SYN-DM-02251,131.8,100.53,Controlled,83.12,98.85,173.48,107.02,Yes,No,Present
SYN-DM-02252,116.6,77.56,Controlled,87.9,74.74,188.9,92.37,Yes,No,Unknown
SYN-DM-02253,162.4,67.04,Elevated,92.09,83.43,174.48,102.41,No,No,Present
SYN-DM-02254,140.7,92.5,Elevated,70.5,80.82,186.06,114.83,Yes,Yes,Unknown
SYN-DM-02255,117.9,83.05,Unknown,75.76,57.58,161.35,125.37,Yes,No,Unknown
SYN-DM-02256,134.7,74.82,Unknown,58.08,101.98,163.86,111.31,Yes,Yes,Absent
SYN-DM-02257,108.1,73.2,Elevated,69.93,78.95,174.29,122.47,No,No,Present
SYN-DM-02258,142.1,68.8,Controlled,100.47,70.29,166.39,98.9,Yes,No,Absent
SYN-DM-02259,145.3,73.25,Unknown,60.94,100.04,161.98,86.39,No,No,Present
SYN-DM-02260,112.7,100.36,Controlled,75.51,104.78,167.13,111.17,Yes,No,Present
SYN-DM-02261,130.5,73.73,Unknown,76.77,66.33,166.53,89.08,Yes,Yes,Unknown
SYN-DM-02262,165.8,76.77,Unknown,58.76,109.39,182.32,82.39,No,Yes,Present
SYN-DM-02263,126.1,81.9,Elevated,94.14,103.21,187.63,91.75,Yes,Yes,Unknown
SYN-DM-02264,130.3,84.04,Unknown,79.53,111.17,183.02,89.21,No,No,Absent
SYN-DM-02265,128.8,80.12,Controlled,71.95,72.33,173.28,106.75,Yes,No,Unknown
SYN-DM-02266,93.1,89.71,Controlled,75.55,55.15,158.83,99.33,Yes,No,Unknown
SYN-DM-02267,93.7,69.69,Unknown,93.03,79.45,179.38,88.0,No,Yes,Absent
SYN-DM-02268,164.6,98.68,Unknown,100.03,74.71,166.91,106.52,No,No,Unknown
SYN-DM-02269,127.2,100.03,Unknown,85.13,103.43,171.33,116.9,Yes,No,Absent
SYN-DM-02270,135.8,75.1,Controlled,96.54,74.05,165.08,74.54,Yes,No,Absent
SYN-DM-02271,114.4,97.44,Elevated,70.15,82.02,187.13,95.11,Yes,Yes,Absent
SYN-DM-02272,105.0,70.24,Controlled,84.46,109.68,156.38,81.96,Yes,Yes,Absent
SYN-DM-02273,113.0,101.74,Elevated,76.4,93.25,176.96,124.47,No,Yes,Absent
SYN-DM-02274,124.2,66.32,Controlled,59.36,75.54,158.58,94.57,No,No,Present
SYN-DM-02275,161.1,85.65,Unknown,97.07,75.52,177.62,97.2,Yes,No,Present
SYN-DM-02276,132.8,66.08,Controlled,84.35,56.35,166.89,78.2,No,No,Absent
SYN-DM-02277,129.7,79.65,Controlled,58.23,63.86,174.17,104.48,No,No,Present
SYN-DM-02278,115.8,82.51,Unknown,72.45,73.58,181.95,74.42,No,Yes,Unknown
SYN-DM-02279,118.5,82.97,Elevated,69.67,64.66,168.62,89.41,No,Yes,Present
SYN-DM-02280,123.8,76.4,Unknown,84.38,90.9,162.82,85.08,Yes,No,Absent
SYN-DM-02281,114.5,68.63,Controlled,90.26,114.42,175.58,109.44,Yes,No,Absent
SYN-DM-02282,135.2,84.15,Unknown,82.31,71.36,163.19,73.91,Yes,No,Unknown
SYN-DM-02283,106.8,94.22,Controlled,93.73,106.93,173.6,111.95,No,Yes,Present
SYN-DM-02284,121.5,67.26,Elevated,95.21,81.5,170.21,87.57,No,No,Unknown
SYN-DM-02285,142.8,67.03,Controlled,70.34,95.66,177.68,106.08,Yes,No,Absent
SYN-DM-02286,125.6,103.9,Elevated,60.21,106.17,181.36,78.64,Yes,Yes,Unknown
SYN-DM-02287,101.4,70.63,Unknown,63.86,68.5,170.95,81.91,No,Yes,Unknown
SYN-DM-02288,101.8,77.7,Controlled,65.99,85.81,156.3,89.01,Yes,Yes,Absent
SYN-DM-02289,127.4,89.87,Controlled,73.85,112.96,153.29,89.68,Yes,No,Absent
SYN-DM-02290,132.1,69.83,Elevated,99.36,113.77,165.92,89.46,Yes,No,Absent
SYN-DM-02291,125.1,70.5,Elevated,76.7,71.11,185.57,73.08,Yes,No,Absent
SYN-DM-02292,113.3,67.54,Unknown,63.04,58.23,180.59,75.32,No,No,Absent
SYN-DM-02293,136.2,82.5,Unknown,93.23,105.77,175.74,97.68,Yes,No,Unknown
SYN-DM-02294,143.9,70.45,Unknown,67.28,111.58,169.33,113.76,Yes,No,Absent
SYN-DM-02295,145.1,80.62,Controlled,99.68,75.34,185.52,98.6,No,Yes,Unknown
SYN-DM-02296,144.2,92.48,Elevated,103.95,87.33,182.29,120.15,Yes,No,Present
SYN-DM-02297,154.4,84.72,Unknown,71.96,77.0,188.58,80.73,Yes,No,Unknown
SYN-DM-02298,136.6,97.61,Controlled,84.07,101.32,165.27,109.74,No,No,Absent
SYN-DM-02299,118.3,84.98,Unknown,80.92,93.11,173.69,108.24,No,No,Unknown
SYN-DM-02300,106.0,87.68,Unknown,89.0,75.47,174.64,125.23,Yes,No,Absent
SYN-DM-02301,133.7,64.28,Controlled,66.12,80.96,161.74,114.77,No,Yes,Unknown
SYN-DM-02302,137.5,77.02,Unknown,60.93,102.57,175.37,83.9,No,Yes,Present
SYN-DM-02303,128.0,83.43,Elevated,83.85,89.66,185.9,97.69,Yes,No,Present
SYN-DM-02304,111.8,99.82,Elevated,76.77,102.27,176.14,96.68,No,No,Unknown
SYN-DM-02305,140.2,80.3,Unknown,67.09,96.95,175.84,79.14,Yes,Yes,Present
SYN-DM-02306,111.9,76.4,Unknown,89.46,74.89,156.34,120.12,No,Yes,Unknown
SYN-DM-02307,135.1,102.41,Elevated,76.12,70.79,154.61,89.93,No,No,Present
SYN-DM-02308,119.0,73.38,Elevated,85.62,74.4,175.41,96.62,No,No,Absent
SYN-DM-02309,164.1,85.84,Unknown,89.41,85.65,188.24,119.13,No,No,Present
SYN-DM-02310,132.8,74.35,Elevated,90.73,86.04,170.79,122.93,No,Yes,Present
SYN-DM-02311,124.9,84.36,Unknown,87.89,60.44,187.75,102.24,Yes,Yes,Present
SYN-DM-02312,148.1,87.13,Elevated,79.67,58.72,179.72,78.98,Yes,No,Absent
SYN-DM-02313,128.3,81.67,Elevated,90.77,59.09,185.63,123.06,Yes,No,Absent
SYN-DM-02314,102.1,79.38,Unknown,102.78,71.57,169.87,88.72,No,Yes,Absent
SYN-DM-02315,148.0,96.42,Controlled,93.08,56.02,156.58,108.29,No,No,Absent
SYN-DM-02316,144.8,94.05,Elevated,85.38,86.44,184.13,89.54,No,No,Absent
SYN-DM-02317,114.5,90.82,Unknown,100.36,109.84,180.42,111.02,Yes,Yes,Unknown
SYN-DM-02318,175.4,73.9,Unknown,71.62,112.89,188.33,105.34,No,No,Absent
SYN-DM-02319,121.5,97.88,Unknown,70.07,54.25,166.13,111.8,Yes,No,Unknown
SYN-DM-02320,138.1,86.32,Controlled,66.84,109.57,186.75,85.45,Yes,Yes,Unknown
SYN-DM-02321,136.2,88.76,Elevated,90.97,97.32,173.3,79.71,Yes,Yes,Absent
SYN-DM-02322,134.1,66.89,Unknown,67.6,83.67,160.21,104.68,No,No,Present
SYN-DM-02323,128.8,75.19,Controlled,98.13,68.91,156.09,117.38,Yes,No,Present
SYN-DM-02324,130.2,66.47,Elevated,80.03,81.18,165.88,89.61,No,No,Unknown
SYN-DM-02325,94.7,72.21,Unknown,94.09,103.29,180.59,101.46,No,Yes,Unknown
SYN-DM-02326,146.2,86.18,Elevated,97.16,63.43,187.12,99.53,No,No,Absent
SYN-DM-02327,150.2,85.63,Unknown,79.38,85.89,154.01,87.82,Yes,No,Unknown
SYN-DM-02328,93.6,68.81,Elevated,61.53,90.93,173.28,88.81,Yes,Yes,Absent
SYN-DM-02329,136.6,65.26,Unknown,72.67,89.21,161.56,98.62,Yes,No,Unknown
SYN-DM-02330,119.6,103.66,Elevated,88.32,72.65,161.45,122.17,Yes,No,Absent
SYN-DM-02331,131.6,99.67,Unknown,88.13,66.68,158.79,73.39,No,Yes,Unknown
SYN-DM-02332,145.6,101.86,Controlled,62.97,78.54,186.52,115.91,No,No,Absent
SYN-DM-02333,127.6,79.43,Elevated,67.66,79.45,170.91,125.7,Yes,No,Absent
SYN-DM-02334,127.7,75.46,Unknown,94.32,68.17,158.94,121.91,Yes,Yes,Unknown
SYN-DM-02335,121.8,100.23,Elevated,71.12,79.28,162.42,105.73,Yes,No,Absent
SYN-DM-02336,106.3,84.97,Elevated,100.39,71.97,154.86,115.82,Yes,Yes,Present
SYN-DM-02337,113.9,70.78,Controlled,93.29,100.37,157.89,105.13,Yes,No,Absent
SYN-DM-02338,118.8,87.07,Unknown,61.64,75.53,187.74,76.96,Yes,No,Unknown
SYN-DM-02339,138.2,64.47,Elevated,99.87,93.96,178.51,112.56,Yes,No,Unknown
SYN-DM-02340,100.3,88.32,Elevated,79.51,89.41,175.51,110.95,No,Yes,Unknown
SYN-DM-02341,112.2,84.29,Unknown,68.56,107.14,182.45,76.52,Yes,No,Absent
SYN-DM-02342,126.4,65.01,Elevated,78.02,59.94,166.68,120.17,No,Yes,Absent
SYN-DM-02343,139.7,100.12,Elevated,81.25,97.68,174.47,107.68,No,No,Absent
SYN-DM-02344,130.1,65.7,Controlled,101.49,114.77,172.85,92.46,Yes,No,Unknown
SYN-DM-02345,124.6,69.93,Elevated,58.1,92.59,180.1,104.39,Yes,Yes,Unknown
SYN-DM-02346,161.8,77.14,Unknown,72.3,93.67,167.44,124.85,Yes,No,Present
SYN-DM-02347,107.2,86.05,Controlled,80.89,110.18,153.54,87.98,No,No,Present
SYN-DM-02348,161.8,69.42,Elevated,63.64,111.08,186.28,74.84,No,Yes,Present
SYN-DM-02349,101.6,85.21,Unknown,64.08,101.91,174.25,73.67,Yes,No,Unknown
SYN-DM-02350,139.9,70.13,Elevated,72.13,68.99,186.97,112.93,Yes,No,Present
SYN-DM-02351,119.6,82.25,Elevated,101.49,89.66,171.73,106.55,Yes,No,Unknown
SYN-DM-02352,92.1,100.18,Elevated,77.6,58.44,159.32,85.24,Yes,No,Unknown
SYN-DM-02353,103.1,89.93,Controlled,72.34,56.46,152.05,114.3,Yes,Yes,Unknown
SYN-DM-02354,118.9,64.12,Controlled,63.9,110.27,176.64,88.05,Yes,Yes,Unknown
SYN-DM-02355,132.8,91.62,Controlled,76.69,61.62,185.3,84.59,No,Yes,Absent
SYN-DM-02356,154.6,83.46,Elevated,58.4,57.41,156.81,87.1,No,No,Present
SYN-DM-02357,141.1,71.16,Controlled,90.83,78.87,184.07,86.76,Yes,No,Unknown
SYN-DM-02358,111.6,68.8,Elevated,73.92,116.61,176.09,92.82,No,Yes,Unknown
SYN-DM-02359,129.6,85.93,Controlled,88.99,75.79,167.75,99.3,No,No,Present
SYN-DM-02360,131.4,101.73,Controlled,58.21,110.72,168.89,108.12,Yes,Yes,Unknown
SYN-DM-02361,137.5,102.77,Unknown,65.17,70.91,166.57,119.99,No,No,Present
SYN-DM-02362,130.4,92.5,Elevated,87.11,77.54,184.77,85.67,Yes,No,Present
SYN-DM-02363,120.4,76.14,Controlled,92.96,77.81,165.06,101.05,No,No,Present
SYN-DM-02364,141.1,85.37,Controlled,68.29,75.69,170.39,78.17,No,Yes,Unknown
SYN-DM-02365,136.1,102.93,Controlled,70.66,93.59,188.67,89.15,Yes,Yes,Present
SYN-DM-02366,152.3,86.64,Controlled,64.81,74.06,167.15,75.61,Yes,No,Absent
SYN-DM-02367,116.3,65.67,Unknown,91.49,112.43,187.98,119.39,No,No,Absent
SYN-DM-02368,105.9,94.87,Controlled,61.91,62.46,158.26,93.73,Yes,No,Unknown
SYN-DM-02369,151.0,89.17,Elevated,82.42,80.46,171.22,95.99,Yes,Yes,Present
SYN-DM-02370,147.4,76.23,Elevated,83.23,97.51,155.69,103.3,Yes,Yes,Unknown
SYN-DM-02371,135.5,102.52,Unknown,78.32,113.31,159.51,119.58,Yes,Yes,Unknown
SYN-DM-02372,114.0,79.78,Unknown,72.07,101.68,164.39,74.05,Yes,Yes,Absent
SYN-DM-02373,140.3,70.03,Unknown,85.85,84.73,160.53,75.04,No,Yes,Unknown
SYN-DM-02374,131.1,101.72,Unknown,96.19,103.4,157.77,96.31,Yes,Yes,Present
SYN-DM-02375,158.3,75.43,Elevated,75.32,77.0,165.43,80.0,Yes,No,Unknown
SYN-DM-02376,123.5,103.76,Unknown,81.11,99.04,158.16,74.3,No,Yes,Absent
SYN-DM-02377,106.1,92.07,Elevated,73.39,78.88,185.05,80.02,Yes,No,Absent
SYN-DM-02378,128.2,74.75,Controlled,76.8,60.69,173.0,120.21,Yes,No,Unknown
SYN-DM-02379,122.9,70.51,Elevated,72.05,103.91,186.62,123.62,No,Yes,Unknown
SYN-DM-02380,97.1,80.09,Unknown,102.7,108.66,181.66,121.79,Yes,No,Absent
SYN-DM-02381,120.9,87.16,Unknown,60.77,102.07,166.18,84.03,Yes,No,Absent
SYN-DM-02382,143.7,85.07,Unknown,92.2,115.69,173.26,80.29,No,Yes,Unknown
SYN-DM-02383,147.4,97.46,Elevated,99.41,90.71,182.22,94.93,Yes,Yes,Present
SYN-DM-02384,139.0,89.59,Elevated,100.19,66.63,159.78,121.73,Yes,Yes,Unknown
SYN-DM-02385,104.0,83.98,Controlled,95.96,106.44,179.0,82.97,No,Yes,Absent
SYN-DM-02386,117.7,83.84,Unknown,66.58,89.01,187.62,106.57,No,Yes,Present
SYN-DM-02387,154.8,81.22,Controlled,97.54,78.85,183.22,107.09,No,No,Present
SYN-DM-02388,127.6,91.71,Elevated,65.09,71.32,183.53,110.75,Yes,Yes,Unknown
SYN-DM-02389,145.2,70.43,Controlled,98.13,107.88,182.35,79.04,Yes,No,Absent
SYN-DM-02390,99.2,79.21,Controlled,85.1,108.26,154.77,81.26,No,No,Present
SYN-DM-02391,138.0,69.85,Elevated,97.75,86.58,160.56,74.0,Yes,No,Unknown
SYN-DM-02392,123.8,75.77,Unknown,75.72,94.97,176.12,92.42,No,No,Unknown
SYN-DM-02393,116.7,73.59,Controlled,60.03,70.34,180.45,122.2,No,No,Unknown
SYN-DM-02394,117.7,72.27,Unknown,93.36,68.22,154.86,86.83,Yes,No,Unknown
SYN-DM-02395,115.3,85.46,Controlled,101.91,82.68,189.87,110.24,Yes,No,Present
SYN-DM-02396,129.5,103.06,Elevated,62.67,80.59,183.72,121.98,Yes,Yes,Present
SYN-DM-02397,116.2,66.36,Controlled,85.84,74.41,169.37,81.6,No,Yes,Unknown
SYN-DM-02398,127.5,94.62,Controlled,95.08,115.18,164.2,121.34,No,No,Unknown
SYN-DM-02399,132.3,97.2,Controlled,103.72,105.42,156.49,73.5,No,No,Present
SYN-DM-02400,121.2,72.42,Controlled,96.92,86.84,186.73,91.15,No,Yes,Unknown
SYN-DM-02401,105.7,65.47,Controlled,73.53,112.14,175.85,92.71,Yes,No,Unknown
SYN-DM-02402,136.9,77.46,Controlled,85.36,56.69,184.11,106.57,No,Yes,Present
SYN-DM-02403,110.3,89.55,Elevated,101.26,89.79,153.9,110.58,Yes,Yes,Present
SYN-DM-02404,113.9,93.21,Controlled,100.88,78.49,187.3,86.56,No,No,Unknown
SYN-DM-02405,142.4,96.0,Elevated,67.52,89.32,184.14,118.27,No,No,Present
SYN-DM-02406,140.4,97.3,Unknown,103.7,95.02,164.01,85.45,Yes,No,Present
SYN-DM-02407,96.0,67.36,Elevated,101.18,73.12,178.04,75.94,Yes,Yes,Absent
SYN-DM-02408,122.4,76.12,Elevated,77.29,80.32,170.52,80.39,Yes,No,Unknown
SYN-DM-02409,144.3,67.1,Elevated,66.18,57.3,163.08,74.67,Yes,No,Absent
SYN-DM-02410,124.8,93.79,Elevated,64.79,102.7,170.08,91.66,Yes,Yes,Present
SYN-DM-02411,117.2,92.5,Elevated,97.4,85.36,176.76,124.94,No,No,Absent
SYN-DM-02412,154.6,87.42,Unknown,91.44,56.81,162.52,90.67,No,No,Absent
SYN-DM-02413,132.2,88.05,Controlled,79.52,89.96,176.44,91.84,Yes,No,Absent
SYN-DM-02414,140.8,78.85,Elevated,75.28,86.91,162.92,117.28,Yes,No,Present
SYN-DM-02415,107.5,69.8,Elevated,78.86,82.29,187.38,101.14,No,Yes,Absent
SYN-DM-02416,120.6,76.73,Controlled,98.38,89.38,159.0,114.83,Yes,Yes,Unknown
SYN-DM-02417,90.6,92.59,Elevated,91.65,85.75,171.82,74.76,No,Yes,Present
SYN-DM-02418,132.5,74.2,Controlled,65.6,66.79,188.76,107.98,No,No,Unknown
SYN-DM-02419,131.3,86.59,Elevated,85.19,77.16,184.56,107.0,No,No,Present
SYN-DM-02420,140.5,66.79,Unknown,81.43,100.69,186.08,99.62,No,Yes,Present
SYN-DM-02421,159.9,90.07,Controlled,67.6,106.79,157.15,75.23,Yes,No,Present
SYN-DM-02422,99.5,69.29,Elevated,95.62,64.26,164.65,82.17,Yes,No,Present
SYN-DM-02423,135.0,89.7,Controlled,82.79,107.62,157.31,121.52,Yes,No,Absent
SYN-DM-02424,111.7,68.13,Unknown,63.03,116.9,168.3,114.21,No,No,Unknown
SYN-DM-02425,133.4,79.58,Unknown,87.47,81.55,168.21,117.22,No,No,Present
SYN-DM-02426,151.5,97.66,Controlled,69.96,73.37,163.91,105.43,Yes,Yes,Present
SYN-DM-02427,96.7,78.83,Unknown,94.4,70.25,171.07,120.62,Yes,No,Absent
SYN-DM-02428,171.9,88.4,Unknown,92.8,84.1,152.67,118.38,Yes,No,Absent
SYN-DM-02429,135.7,99.22,Unknown,70.15,105.22,176.79,78.19,No,No,Present
SYN-DM-02430,136.7,65.59,Elevated,86.02,72.27,174.47,121.24,No,No,Present
SYN-DM-02431,119.7,82.31,Controlled,81.86,60.14,152.85,113.82,Yes,Yes,Present
SYN-DM-02432,123.3,70.11,Unknown,63.61,93.59,158.53,120.53,No,Yes,Absent
SYN-DM-02433,146.1,103.96,Elevated,70.71,73.82,164.03,87.15,No,No,Present
SYN-DM-02434,116.3,93.53,Unknown,96.85,114.85,189.39,117.68,Yes,No,Unknown
SYN-DM-02435,141.7,98.06,Controlled,66.01,55.31,165.52,107.75,No,No,Absent
SYN-DM-02436,137.2,94.8,Controlled,101.15,108.66,165.33,92.63,Yes,Yes,Unknown
SYN-DM-02437,125.7,97.75,Elevated,85.07,86.74,178.75,123.28,Yes,No,Absent
SYN-DM-02438,114.6,97.93,Controlled,70.24,66.25,152.81,118.58,Yes,Yes,Absent
SYN-DM-02439,128.9,101.63,Elevated,83.98,91.58,182.01,92.16,Yes,No,Unknown
SYN-DM-02440,110.8,80.45,Unknown,92.58,76.99,170.85,81.81,Yes,No,Absent
SYN-DM-02441,108.2,83.37,Controlled,82.76,81.96,156.9,112.63,Yes,Yes,Absent
SYN-DM-02442,127.9,72.71,Elevated,98.58,99.8,185.77,86.2,Yes,Yes,Present
SYN-DM-02443,131.4,65.84,Elevated,98.29,86.19,168.54,72.13,Yes,No,Absent
SYN-DM-02444,131.5,82.3,Controlled,101.75,72.62,173.49,116.55,Yes,Yes,Unknown
SYN-DM-02445,135.0,66.9,Elevated,80.32,101.41,188.27,109.95,No,No,Absent
SYN-DM-02446,124.7,87.44,Controlled,67.93,115.27,154.89,83.2,No,Yes,Absent
SYN-DM-02447,118.9,84.65,Unknown,80.65,58.34,169.33,116.66,Yes,Yes,Absent
SYN-DM-02448,126.6,69.17,Unknown,82.99,58.96,189.87,124.16,No,No,Absent
SYN-DM-02449,108.6,70.59,Controlled,89.68,56.98,167.19,78.72,Yes,No,Unknown
SYN-DM-02450,146.8,99.4,Elevated,88.59,114.46,170.14,125.15,Yes,Yes,Present
SYN-DM-02451,93.9,101.45,Unknown,58.08,97.33,178.02,89.28,Yes,Yes,Present
SYN-DM-02452,146.5,77.13,Unknown,81.13,114.52,158.57,116.35,No,Yes,Absent
SYN-DM-02453,90.4,89.45,Elevated,74.59,82.4,163.61,121.96,Yes,Yes,Unknown
SYN-DM-02454,110.2,81.66,Unknown,71.83,117.19,166.86,92.95,No,No,Unknown
SYN-DM-02455,145.6,103.19,Unknown,89.68,82.13,158.38,121.99,No,Yes,Unknown
SYN-DM-02456,151.5,86.85,Controlled,59.96,98.93,178.48,124.74,Yes,Yes,Unknown
SYN-DM-02457,112.6,75.69,Unknown,76.67,107.49,163.05,83.91,Yes,Yes,Unknown
SYN-DM-02458,158.7,100.3,Unknown,89.68,112.96,167.68,100.2,No,Yes,Present
SYN-DM-02459,121.5,101.97,Elevated,69.93,78.81,152.88,123.91,Yes,Yes,Absent
SYN-DM-02460,125.0,94.81,Controlled,83.81,116.12,160.85,72.73,Yes,No,Unknown
SYN-DM-02461,115.2,86.47,Controlled,58.73,59.93,156.98,91.04,Yes,No,Present
SYN-DM-02462,123.6,64.5,Controlled,90.66,82.36,189.02,113.07,Yes,Yes,Absent
SYN-DM-02463,144.1,87.86,Elevated,75.01,90.99,189.78,94.42,No,No,Present
SYN-DM-02464,131.2,70.88,Controlled,85.57,86.04,181.1,122.72,Yes,Yes,Absent
SYN-DM-02465,145.5,64.69,Controlled,81.35,71.33,181.97,125.12,No,Yes,Present
SYN-DM-02466,141.2,83.6,Controlled,77.48,87.55,157.97,74.72,No,Yes,Unknown
SYN-DM-02467,140.3,74.06,Controlled,102.56,65.28,187.23,102.77,No,No,Present
SYN-DM-02468,109.5,94.83,Unknown,58.66,77.5,183.21,107.82,No,Yes,Present
SYN-DM-02469,151.5,100.96,Unknown,59.91,68.12,162.47,124.58,No,Yes,Present
SYN-DM-02470,135.9,77.22,Controlled,69.8,58.06,165.93,117.86,No,No,Unknown
SYN-DM-02471,142.1,97.65,Controlled,90.22,54.65,160.98,93.12,Yes,Yes,Present
SYN-DM-02472,116.6,77.4,Controlled,95.82,101.54,189.65,118.84,Yes,No,Present
SYN-DM-02473,119.9,85.95,Elevated,81.18,107.03,165.52,103.79,No,No,Unknown
SYN-DM-02474,180.2,71.0,Elevated,100.6,87.42,182.28,111.28,No,No,Present
SYN-DM-02475,156.6,81.06,Unknown,75.46,111.44,178.3,75.0,No,No,Unknown
SYN-DM-02476,146.4,103.17,Unknown,93.84,115.77,184.08,116.94,No,Yes,Unknown
SYN-DM-02477,124.3,99.13,Elevated,83.01,101.25,185.45,79.56,Yes,Yes,Unknown
SYN-DM-02478,143.9,71.36,Elevated,81.98,72.88,166.5,88.94,Yes,Yes,Absent
SYN-DM-02479,111.4,75.42,Controlled,67.39,86.26,184.38,97.26,No,No,Absent
SYN-DM-02480,125.1,92.6,Unknown,79.73,55.74,179.25,94.66,No,Yes,Unknown
SYN-DM-02481,140.5,91.23,Unknown,91.92,91.13,163.74,99.37,No,No,Present
SYN-DM-02482,127.1,68.33,Unknown,63.82,92.21,169.12,95.28,No,No,Present
SYN-DM-02483,126.2,100.88,Elevated,80.96,110.71,168.29,100.09,No,No,Absent
SYN-DM-02484,158.5,76.18,Unknown,61.55,100.71,179.64,81.38,Yes,No,Absent
SYN-DM-02485,113.5,98.88,Elevated,62.27,84.79,176.87,86.62,No,No,Absent
SYN-DM-02486,99.2,97.22,Elevated,102.1,74.69,155.5,100.87,No,No,Present
SYN-DM-02487,134.5,93.25,Controlled,91.38,90.43,173.13,97.94,Yes,No,Unknown
SYN-DM-02488,106.3,70.75,Elevated,76.0,76.61,186.93,121.32,No,No,Unknown
SYN-DM-02489,115.7,66.35,Unknown,96.98,107.5,160.74,113.8,Yes,Yes,Unknown
SYN-DM-02490,149.7,84.11,Unknown,81.55,112.31,177.76,109.31,Yes,No,Absent
SYN-DM-02491,134.0,86.98,Controlled,84.07,70.82,156.7,118.97,No,No,Absent
SYN-DM-02492,143.7,85.36,Unknown,84.92,80.72,167.9,120.8,No,No,Present
SYN-DM-02493,140.8,99.67,Unknown,94.73,113.02,187.64,92.33,No,Yes,Absent
SYN-DM-02494,122.9,89.95,Unknown,76.25,117.59,160.67,95.6,No,No,Present
SYN-DM-02495,158.2,87.05,Elevated,85.18,60.18,162.91,78.98,No,No,Present
SYN-DM-02496,136.9,70.94,Controlled,95.41,77.64,160.04,106.59,No,No,Absent
SYN-DM-02497,158.6,89.05,Elevated,85.14,89.51,178.31,119.99,Yes,Yes,Unknown
SYN-DM-02498,103.2,65.69,Controlled,98.32,66.35,188.6,75.11,Yes,No,Present
SYN-DM-02499,104.5,103.88,Elevated,102.85,56.13,164.9,105.8,Yes,No,Absent
SYN-DM-02500,90,86.13,Elevated,86.99,87.33,165.6,78.21,Yes,No,Present
SYN-DM-02501,127.7,69.14,Unknown,102.89,105.98,155.72,75.68,No,No,Absent
SYN-DM-02502,142.1,93.24,Unknown,84.58,59.44,160.94,91.83,Yes,No,Absent
SYN-DM-02503,129.4,72.09,Elevated,94.17,63.71,163.6,83.49,Yes,No,Absent
SYN-DM-02504,102.7,66.67,Elevated,62.74,89.37,156.39,89.83,Yes,Yes,Absent
SYN-DM-02505,145.4,67.68,Elevated,89.81,97.12,154.23,96.0,Yes,No,Unknown
SYN-DM-02506,143.6,82.25,Controlled,101.27,58.27,167.45,102.59,No,Yes,Present
SYN-DM-02507,123.0,75.33,Elevated,80.37,58.15,156.33,98.73,No,Yes,Unknown
SYN-DM-02508,141.2,83.39,Unknown,77.76,82.95,188.82,84.42,Yes,Yes,Unknown
SYN-DM-02509,120.6,98.54,Elevated,72.67,111.48,176.63,87.87,Yes,No,Present
SYN-DM-02510,119.1,76.11,Controlled,76.3,115.46,176.43,77.19,No,Yes,Absent
SYN-DM-02511,102.9,75.25,Elevated,100.43,80.55,159.93,72.08,Yes,Yes,Present
SYN-DM-02512,127.9,86.16,Elevated,93.37,66.71,163.25,83.26,Yes,No,Present
SYN-DM-02513,129.7,103.59,Controlled,78.1,82.39,159.77,92.69,No,Yes,Absent
SYN-DM-02514,130.1,102.42,Controlled,92.62,78.57,180.64,75.62,Yes,Yes,Unknown
SYN-DM-02515,124.9,81.18,Unknown,81.63,60.57,182.37,93.23,Yes,No,Present
SYN-DM-02516,131.6,93.57,Unknown,78.75,76.32,156.52,116.57,No,No,Absent
SYN-DM-02517,127.5,85.43,Elevated,89.94,113.7,180.25,107.05,No,No,Unknown
SYN-DM-02518,123.2,78.3,Controlled,93.79,113.87,158.16,96.07,No,No,Present
SYN-DM-02519,148.9,88.52,Elevated,74.47,102.21,167.36,113.07,No,No,Absent
SYN-DM-02520,93.8,81.64,Controlled,87.47,61.32,157.97,114.19,No,No,Absent
SYN-DM-02521,129.3,98.45,Controlled,97.31,89.83,179.68,81.65,No,No,Absent
SYN-DM-02522,140.8,65.27,Unknown,62.76,78.52,160.97,72.17,Yes,Yes,Unknown
SYN-DM-02523,126.1,98.36,Elevated,96.16,65.49,168.93,113.46,Yes,Yes,Absent
SYN-DM-02524,175.2,72.37,Controlled,97.6,75.3,176.77,109.56,Yes,No,Unknown
SYN-DM-02525,113.8,74.56,Unknown,74.33,59.63,177.14,114.51,No,Yes,Unknown
SYN-DM-02526,90.9,73.72,Elevated,66.71,85.27,161.06,105.12,No,No,Present
SYN-DM-02527,128.6,101.59,Controlled,68.28,67.29,185.66,114.4,Yes,No,Unknown
SYN-DM-02528,134.4,82.49,Unknown,75.32,70.64,155.68,103.14,Yes,Yes,Unknown
SYN-DM-02529,145.6,70.1,Unknown,78.57,71.47,189.62,124.64,Yes,No,Absent
SYN-DM-02530,129.9,96.8,Elevated,101.52,99.38,179.42,115.05,No,No,Present
SYN-DM-02531,138.8,95.73,Unknown,96.31,83.68,170.11,88.38,No,No,Unknown
SYN-DM-02532,90,66.24,Controlled,72.09,83.92,174.19,124.08,Yes,Yes,Present
SYN-DM-02533,114.9,79.59,Elevated,88.56,95.9,188.42,84.16,Yes,No,Unknown
SYN-DM-02534,151.4,78.82,Elevated,79.19,58.13,162.95,76.14,No,No,Unknown
SYN-DM-02535,135.9,67.12,Unknown,99.8,54.57,174.22,85.56,Yes,No,Present
SYN-DM-02536,126.8,69.15,Controlled,60.65,87.17,182.7,106.53,Yes,No,Unknown
SYN-DM-02537,93.8,72.81,Controlled,97.56,74.53,165.82,81.39,Yes,No,Absent
SYN-DM-02538,160.5,71.51,Controlled,63.16,85.83,155.22,76.21,No,Yes,Unknown
SYN-DM-02539,147.0,85.09,Unknown,63.96,109.75,165.0,90.85,Yes,No,Present
SYN-DM-02540,129.6,74.83,Unknown,95.69,65.78,181.72,72.08,No,No,Absent
SYN-DM-02541,119.4,68.31,Unknown,77.25,105.66,178.58,72.04,No,Yes,Unknown
SYN-DM-02542,120.8,64.07,Controlled,84.36,103.32,187.98,75.5,No,Yes,Absent
SYN-DM-02543,126.5,100.67,Controlled,68.15,67.9,184.84,87.87,No,Yes,Absent
SYN-DM-02544,125.7,76.05,Controlled,66.21,115.44,184.26,114.23,No,Yes,Present
SYN-DM-02545,112.2,75.26,Controlled,99.08,92.86,168.8,103.82,No,Yes,Unknown
SYN-DM-02546,157.1,85.18,Elevated,94.13,82.32,187.92,90.26,Yes,Yes,Unknown
SYN-DM-02547,132.5,80.81,Unknown,82.78,106.71,155.13,75.2,No,Yes,Absent
SYN-DM-02548,135.0,93.61,Controlled,76.15,69.75,173.45,76.84,Yes,No,Present
SYN-DM-02549,92.5,87.31,Unknown,60.29,104.4,189.98,106.58,No,No,Present
SYN-DM-02550,144.7,86.97,Controlled,65.43,72.39,177.07,107.79,No,No,Absent
SYN-DM-02551,153.5,99.31,Elevated,94.11,64.09,167.4,116.42,No,Yes,Present
SYN-DM-02552,148.9,81.3,Elevated,75.51,103.4,175.23,104.99,Yes,No,Unknown
SYN-DM-02553,147.1,101.86,Elevated,58.26,89.49,162.41,80.27,Yes,Yes,Unknown
SYN-DM-02554,118.5,100.13,Unknown,73.23,116.86,173.07,96.24,No,No,Absent
SYN-DM-02555,108.6,82.75,Elevated,72.12,70.06,166.5,99.43,Yes,Yes,Unknown
SYN-DM-02556,134.8,99.94,Controlled,80.07,63.2,180.69,82.91,No,Yes,Absent
SYN-DM-02557,129.9,97.46,Controlled,59.49,99.88,171.45,122.78,Yes,No,Present
SYN-DM-02558,111.7,69.24,Unknown,94.18,111.06,175.99,115.55,No,Yes,Absent
SYN-DM-02559,113.0,70.86,Elevated,102.06,111.14,176.78,74.79,Yes,No,Unknown
SYN-DM-02560,132.5,72.6,Unknown,59.0,64.92,157.15,110.98,No,Yes,Absent
SYN-DM-02561,93.6,70.03,Elevated,80.16,54.52,169.65,92.91,No,Yes,Unknown
SYN-DM-02562,137.4,102.52,Unknown,93.74,58.19,156.48,76.33,Yes,No,Unknown
SYN-DM-02563,100.3,82.95,Controlled,75.91,72.38,155.16,78.92,Yes,Yes,Absent
SYN-DM-02564,120.2,98.09,Controlled,100.49,95.6,188.61,110.57,Yes,Yes,Absent
SYN-DM-02565,149.8,74.75,Controlled,73.13,114.29,160.41,117.03,Yes,Yes,Present
SYN-DM-02566,90,77.46,Controlled,65.76,91.94,160.77,80.77,No,Yes,Absent
SYN-DM-02567,114.0,81.27,Elevated,72.98,82.67,166.85,73.39,Yes,Yes,Absent
SYN-DM-02568,144.9,77.06,Unknown,63.21,71.42,177.18,96.46,No,Yes,Unknown
SYN-DM-02569,158.9,73.56,Controlled,70.84,79.0,172.74,118.23,Yes,Yes,Absent
SYN-DM-02570,123.9,99.13,Unknown,103.33,57.53,169.46,72.22,No,Yes,Absent
SYN-DM-02571,140.1,96.28,Unknown,77.77,84.35,173.12,119.1,No,Yes,Present
SYN-DM-02572,117.4,72.18,Unknown,66.39,58.35,178.24,106.69,Yes,No,Absent
SYN-DM-02573,147.5,73.35,Elevated,73.76,81.78,186.82,102.27,No,No,Present
SYN-DM-02574,161.1,84.74,Unknown,75.88,59.59,182.36,83.06,No,No,Present
SYN-DM-02575,103.0,97.4,Controlled,93.8,112.06,186.67,101.81,Yes,Yes,Present
SYN-DM-02576,151.1,101.99,Unknown,82.47,65.88,158.25,91.59,No,Yes,Unknown
SYN-DM-02577,118.2,72.18,Unknown,62.0,77.18,165.59,79.93,Yes,No,Unknown
SYN-DM-02578,96.1,96.46,Unknown,62.31,105.13,181.59,96.25,Yes,No,Absent
SYN-DM-02579,101.4,82.37,Controlled,82.78,55.35,161.41,95.48,Yes,Yes,Unknown
SYN-DM-02580,140.2,85.84,Controlled,82.22,95.38,158.56,82.78,No,No,Absent
SYN-DM-02581,127.6,75.57,Unknown,63.71,103.49,184.19,87.53,No,Yes,Unknown
SYN-DM-02582,186.2,93.23,Elevated,68.39,117.11,176.98,88.32,No,Yes,Present
SYN-DM-02583,125.9,90.31,Unknown,101.2,86.93,171.8,119.66,Yes,Yes,Present
SYN-DM-02584,100.8,75.4,Elevated,77.53,90.42,174.71,91.46,Yes,No,Absent
SYN-DM-02585,140.1,84.42,Unknown,68.6,100.13,187.85,87.56,Yes,Yes,Absent
SYN-DM-02586,118.1,70.44,Controlled,103.88,100.76,157.45,90.32,No,Yes,Absent
SYN-DM-02587,190,103.31,Elevated,95.72,58.32,157.71,89.55,No,No,Present
SYN-DM-02588,106.9,99.12,Unknown,59.4,115.45,154.41,87.31,Yes,Yes,Absent
SYN-DM-02589,128.3,72.3,Controlled,71.03,99.49,163.65,84.23,Yes,No,Present
SYN-DM-02590,128.3,88.86,Unknown,96.22,100.74,181.46,98.05,No,Yes,Absent
SYN-DM-02591,162.9,87.63,Controlled,64.66,84.31,169.92,89.83,No,Yes,Present
SYN-DM-02592,142.0,91.21,Controlled,85.37,56.5,166.25,112.79,No,Yes,Present
SYN-DM-02593,137.5,75.23,Controlled,80.79,102.53,152.94,113.6,No,No,Unknown
SYN-DM-02594,118.4,93.42,Controlled,63.46,107.95,188.64,95.8,No,Yes,Present
SYN-DM-02595,144.5,72.04,Elevated,93.68,56.8,178.24,76.4,Yes,Yes,Unknown
SYN-DM-02596,122.5,100.82,Controlled,95.2,60.21,186.32,110.92,No,No,Absent
SYN-DM-02597,141.8,64.48,Unknown,81.2,88.65,154.07,92.78,Yes,No,Absent
SYN-DM-02598,143.2,71.76,Elevated,79.9,64.59,156.43,73.0,No,Yes,Unknown
SYN-DM-02599,127.3,75.02,Elevated,83.31,82.86,188.61,120.04,Yes,Yes,Unknown
SYN-DM-02600,125.8,98.54,Unknown,76.36,88.91,161.8,82.44,No,No,Absent
SYN-DM-02601,109.0,66.53,Controlled,67.34,90.8,159.54,113.25,No,Yes,Absent
SYN-DM-02602,136.4,74.37,Controlled,65.07,86.58,183.85,107.71,No,No,Unknown
SYN-DM-02603,107.1,77.62,Unknown,79.41,72.32,153.37,117.27,Yes,No,Present
SYN-DM-02604,132.3,101.04,Controlled,59.46,108.68,168.11,84.75,Yes,Yes,Unknown
SYN-DM-02605,132.3,86.12,Elevated,89.97,101.44,152.7,119.35,No,Yes,Absent
SYN-DM-02606,128.2,71.45,Unknown,94.52,67.74,165.39,96.97,Yes,Yes,Present
SYN-DM-02607,123.4,79.02,Elevated,61.21,84.92,167.59,87.05,No,Yes,Absent
SYN-DM-02608,113.1,77.0,Elevated,84.63,109.08,180.54,82.1,No,No,Present
SYN-DM-02609,104.9,87.78,Unknown,79.92,90.5,154.25,77.64,No,No,Present
SYN-DM-02610,149.1,81.61,Unknown,96.44,89.85,183.57,100.85,No,No,Unknown
SYN-DM-02611,141.9,69.53,Elevated,78.48,108.4,157.48,109.97,Yes,No,Present
SYN-DM-02612,121.9,91.21,Unknown,88.81,66.47,180.74,98.45,Yes,Yes,Absent
SYN-DM-02613,174.1,85.46,Controlled,83.83,68.25,183.25,106.27,Yes,No,Absent
SYN-DM-02614,157.1,87.28,Unknown,63.99,89.98,174.59,112.59,No,No,Present
SYN-DM-02615,133.4,94.48,Controlled,63.44,104.25,161.91,108.91,Yes,No,Unknown
SYN-DM-02616,110.3,85.87,Unknown,76.35,80.19,159.55,92.47,Yes,No,Present
SYN-DM-02617,151.7,97.34,Elevated,67.28,104.75,185.32,124.34,Yes,No,Unknown
SYN-DM-02618,168.4,99.59,Unknown,84.72,101.9,162.18,96.55,Yes,Yes,Present
SYN-DM-02619,137.5,93.42,Controlled,94.37,117.91,161.02,108.18,Yes,Yes,Absent
SYN-DM-02620,111.4,79.21,Unknown,93.99,115.84,169.0,118.4,No,Yes,Present
SYN-DM-02621,140.6,97.83,Elevated,60.07,97.12,181.08,81.47,No,No,Absent
SYN-DM-02622,143.6,83.81,Unknown,78.31,64.94,164.19,90.53,Yes,No,Absent
SYN-DM-02623,119.8,87.93,Controlled,93.12,108.94,154.18,78.41,Yes,Yes,Unknown
SYN-DM-02624,144.5,91.61,Controlled,76.38,115.06,185.1,120.64,No,Yes,Unknown
SYN-DM-02625,102.8,86.33,Unknown,80.92,94.19,173.03,115.84,Yes,No,Absent
SYN-DM-02626,156.0,77.42,Elevated,73.86,58.08,182.91,121.33,Yes,No,Present
SYN-DM-02627,166.7,103.27,Unknown,101.33,110.05,168.25,85.65,No,No,Present
SYN-DM-02628,173.9,70.66,Controlled,94.02,91.4,185.24,119.92,Yes,Yes,Unknown
SYN-DM-02629,139.7,101.44,Controlled,103.0,96.37,152.52,81.89,No,No,Absent
SYN-DM-02630,116.0,100.23,Elevated,86.83,57.59,162.78,107.96,No,Yes,Present
SYN-DM-02631,138.3,103.91,Elevated,100.29,101.98,176.27,112.54,No,No,Present
SYN-DM-02632,140.6,101.94,Unknown,92.18,79.96,179.63,115.89,No,No,Unknown
SYN-DM-02633,140.0,75.24,Unknown,77.61,109.06,175.65,100.82,Yes,Yes,Absent
SYN-DM-02634,113.5,80.62,Unknown,67.73,103.75,170.52,116.53,Yes,No,Unknown
SYN-DM-02635,134.1,86.74,Controlled,93.49,75.38,186.91,80.13,No,No,Unknown
SYN-DM-02636,153.0,102.56,Unknown,83.41,80.22,182.71,85.81,No,No,Unknown
SYN-DM-02637,131.3,70.91,Unknown,60.11,97.82,159.33,93.41,No,Yes,Present
SYN-DM-02638,143.3,86.28,Elevated,88.89,101.71,162.94,90.58,Yes,Yes,Unknown
SYN-DM-02639,129.8,100.64,Controlled,87.22,106.82,154.96,74.35,No,Yes,Absent
SYN-DM-02640,145.6,81.22,Elevated,94.87,84.23,171.61,82.54,Yes,Yes,Present
SYN-DM-02641,123.4,85.15,Controlled,77.77,75.19,152.25,122.32,No,Yes,Absent
SYN-DM-02642,122.2,88.27,Elevated,95.89,83.44,173.85,103.31,No,Yes,Absent
SYN-DM-02643,109.2,101.44,Controlled,103.83,64.61,154.63,81.48,No,No,Absent
SYN-DM-02644,128.3,75.81,Controlled,64.82,71.38,153.88,102.53,No,No,Absent
SYN-DM-02645,142.6,85.45,Elevated,102.65,94.58,179.79,100.63,No,No,Present
SYN-DM-02646,105.5,90.69,Controlled,89.85,101.25,185.83,84.8,Yes,Yes,Absent
SYN-DM-02647,140.5,101.4,Controlled,82.9,81.99,161.28,97.43,No,Yes,Absent
SYN-DM-02648,142.3,73.99,Elevated,59.71,71.64,177.77,95.46,No,No,Absent
SYN-DM-02649,111.3,82.05,Elevated,71.48,80.19,162.24,103.16,No,Yes,Present
SYN-DM-02650,147.4,94.71,Controlled,61.8,74.97,177.76,79.7,Yes,No,Unknown
SYN-DM-02651,126.4,82.36,Controlled,61.59,92.07,161.02,101.81,No,Yes,Present
SYN-DM-02652,128.3,86.87,Elevated,79.31,104.13,181.78,76.55,Yes,No,Unknown
SYN-DM-02653,145.6,79.78,Unknown,98.89,86.13,161.18,83.79,Yes,No,Unknown
SYN-DM-02654,128.3,81.41,Controlled,101.32,63.47,187.03,90.38,No,Yes,Absent
SYN-DM-02655,171.0,65.75,Controlled,63.54,76.09,157.24,74.23,Yes,No,Present
SYN-DM-02656,114.0,73.97,Unknown,91.34,67.68,182.79,104.0,Yes,Yes,Unknown
SYN-DM-02657,141.5,87.76,Elevated,76.23,72.64,170.43,97.46,Yes,No,Unknown
SYN-DM-02658,150.7,75.04,Elevated,79.29,55.68,175.68,117.09,No,No,Unknown
SYN-DM-02659,149.7,70.21,Controlled,78.27,74.96,172.27,105.81,Yes,No,Present
SYN-DM-02660,148.3,81.66,Unknown,100.18,109.41,178.28,125.88,No,Yes,Unknown
SYN-DM-02661,145.0,103.37,Controlled,89.97,66.52,152.06,100.51,Yes,Yes,Present
SYN-DM-02662,129.7,70.11,Unknown,78.12,112.02,157.72,75.39,Yes,Yes,Unknown
SYN-DM-02663,122.3,69.6,Elevated,95.9,86.08,160.48,77.21,No,Yes,Unknown
SYN-DM-02664,158.2,68.7,Controlled,94.85,56.18,155.8,90.26,Yes,Yes,Present
SYN-DM-02665,130.4,100.75,Elevated,102.23,77.67,177.22,112.16,Yes,Yes,Unknown
SYN-DM-02666,120.6,65.2,Elevated,68.34,78.45,189.33,84.54,Yes,Yes,Unknown
SYN-DM-02667,124.9,76.55,Elevated,96.36,54.86,187.05,83.88,Yes,No,Unknown
SYN-DM-02668,124.9,94.55,Elevated,74.12,108.89,181.22,105.99,No,No,Absent
SYN-DM-02669,116.4,94.86,Unknown,87.51,116.39,181.92,94.03,Yes,Yes,Unknown
SYN-DM-02670,107.1,80.79,Controlled,60.19,67.49,182.23,104.82,No,No,Present
SYN-DM-02671,99.8,100.29,Unknown,62.04,66.43,181.37,92.77,No,Yes,Unknown
SYN-DM-02672,135.5,79.87,Controlled,74.98,117.14,185.4,88.94,No,Yes,Unknown
SYN-DM-02673,117.2,92.52,Unknown,79.92,75.99,177.38,114.27,No,Yes,Present
SYN-DM-02674,147.9,86.44,Unknown,65.56,59.58,154.84,117.94,Yes,Yes,Absent
SYN-DM-02675,133.6,81.16,Controlled,59.54,57.48,161.24,112.1,Yes,No,Absent
SYN-DM-02676,127.4,77.34,Controlled,92.9,73.04,180.35,80.57,Yes,No,Absent
SYN-DM-02677,149.1,73.9,Elevated,93.12,109.12,172.23,107.61,Yes,Yes,Present
SYN-DM-02678,106.2,67.52,Controlled,92.16,90.77,161.95,92.33,No,No,Present
SYN-DM-02679,123.0,97.59,Controlled,93.79,56.21,187.86,88.29,Yes,No,Absent
SYN-DM-02680,151.6,92.47,Controlled,60.37,106.78,154.76,124.42,No,Yes,Unknown
SYN-DM-02681,107.9,81.2,Elevated,59.06,65.34,162.38,125.35,Yes,Yes,Unknown
SYN-DM-02682,117.9,82.92,Elevated,77.98,105.51,169.94,83.05,No,Yes,Absent
SYN-DM-02683,100.8,90.17,Controlled,95.1,79.94,159.61,120.88,No,Yes,Unknown
SYN-DM-02684,104.6,89.83,Unknown,78.03,103.77,184.12,83.19,Yes,Yes,Unknown
SYN-DM-02685,152.3,69.5,Controlled,63.58,82.09,164.48,115.76,No,Yes,Absent
SYN-DM-02686,92.3,64.57,Controlled,81.86,76.31,155.59,96.26,No,No,Present
SYN-DM-02687,142.7,90.89,Unknown,103.58,79.4,158.89,98.95,No,Yes,Unknown
SYN-DM-02688,141.7,75.0,Elevated,61.01,89.86,177.8,108.95,No,No,Unknown
SYN-DM-02689,139.0,80.27,Unknown,78.75,55.49,176.53,85.42,No,No,Absent
SYN-DM-02690,152.3,97.93,Controlled,67.45,61.04,189.32,124.76,Yes,No,Unknown
SYN-DM-02691,133.4,98.26,Elevated,103.41,82.78,173.65,86.39,No,No,Unknown
SYN-DM-02692,134.1,85.59,Controlled,72.96,92.29,154.9,108.37,No,Yes,Unknown
SYN-DM-02693,172.1,80.18,Unknown,101.65,95.32,183.3,104.04,Yes,No,Absent
SYN-DM-02694,136.6,83.9,Elevated,88.17,60.86,158.04,82.67,Yes,No,Absent
SYN-DM-02695,169.1,103.84,Elevated,84.19,66.63,171.77,110.26,Yes,Yes,Unknown
SYN-DM-02696,150.4,93.91,Controlled,68.45,101.23,189.19,88.33,Yes,No,Unknown
SYN-DM-02697,137.7,64.12,Unknown,83.52,68.8,167.5,124.5,Yes,No,Unknown
SYN-DM-02698,140.0,101.82,Elevated,81.92,63.7,160.75,121.82,Yes,No,Unknown
SYN-DM-02699,133.3,86.73,Elevated,59.91,94.35,155.36,90.68,Yes,Yes,Absent
SYN-DM-02700,114.5,77.13,Elevated,67.18,67.63,153.17,83.84,Yes,No,Unknown
SYN-DM-02701,135.1,68.82,Elevated,94.38,87.16,156.28,119.07,Yes,No,Absent
SYN-DM-02702,139.1,91.05,Unknown,87.31,79.86,171.89,93.75,No,Yes,Present
SYN-DM-02703,127.5,99.55,Controlled,64.12,111.93,160.06,74.93,No,Yes,Unknown
SYN-DM-02704,127.5,94.52,Controlled,75.68,67.58,164.75,99.77,Yes,Yes,Unknown
SYN-DM-02705,114.6,90.13,Controlled,82.32,103.67,179.25,110.64,No,No,Unknown
SYN-DM-02706,113.1,64.16,Controlled,89.41,110.45,160.27,121.18,Yes,Yes,Unknown
SYN-DM-02707,114.2,76.03,Unknown,93.71,96.69,154.71,86.09,No,No,Unknown
SYN-DM-02708,109.7,91.33,Elevated,63.01,56.45,159.34,93.44,No,Yes,Absent
SYN-DM-02709,136.7,78.73,Unknown,103.07,57.96,169.15,91.6,Yes,Yes,Unknown
SYN-DM-02710,113.6,90.86,Unknown,70.18,67.37,157.45,122.67,No,No,Present
SYN-DM-02711,127.7,75.83,Controlled,102.27,107.15,170.94,108.13,Yes,Yes,Present
SYN-DM-02712,107.8,76.6,Controlled,71.27,87.39,178.56,105.59,Yes,No,Absent
SYN-DM-02713,158.7,89.02,Elevated,83.53,104.8,176.02,107.28,Yes,No,Unknown
SYN-DM-02714,106.2,69.8,Unknown,86.09,70.06,171.33,72.45,No,No,Unknown
SYN-DM-02715,135.7,79.93,Elevated,74.72,72.9,158.67,124.7,No,Yes,Present
SYN-DM-02716,173.9,74.83,Unknown,89.17,62.01,177.76,83.98,No,Yes,Unknown
SYN-DM-02717,113.3,80.08,Elevated,64.43,77.54,171.03,85.6,Yes,Yes,Unknown
SYN-DM-02718,123.7,69.13,Unknown,58.14,100.34,188.51,93.69,Yes,No,Absent
SYN-DM-02719,137.7,91.41,Controlled,95.16,76.44,162.08,115.15,Yes,No,Present
SYN-DM-02720,112.3,92.42,Elevated,100.62,61.46,177.34,102.22,Yes,No,Absent
SYN-DM-02721,110.1,86.75,Elevated,60.88,78.34,172.11,104.38,Yes,No,Absent
SYN-DM-02722,98.8,83.79,Controlled,74.64,95.59,159.68,88.66,No,No,Absent
SYN-DM-02723,143.2,82.12,Elevated,86.97,70.34,184.1,107.36,Yes,Yes,Absent
SYN-DM-02724,120.6,65.18,Controlled,87.48,88.49,157.35,114.56,No,Yes,Unknown
SYN-DM-02725,138.4,96.21,Unknown,81.2,106.94,186.75,100.11,No,No,Absent
SYN-DM-02726,135.0,75.41,Unknown,91.18,108.85,164.47,83.9,Yes,Yes,Absent
SYN-DM-02727,142.0,82.14,Controlled,76.27,102.89,182.17,86.46,No,Yes,Unknown
SYN-DM-02728,153.2,98.82,Elevated,83.08,92.04,161.35,102.05,Yes,Yes,Absent
SYN-DM-02729,102.5,83.36,Unknown,103.49,83.08,155.88,112.95,Yes,Yes,Absent
SYN-DM-02730,95.3,84.56,Elevated,89.01,116.8,182.77,112.15,Yes,No,Absent
SYN-DM-02731,113.8,87.66,Unknown,102.48,89.38,162.18,80.19,No,Yes,Present
SYN-DM-02732,104.1,90.94,Elevated,75.83,75.87,156.39,99.94,Yes,No,Present
SYN-DM-02733,147.2,66.04,Elevated,98.7,101.37,176.48,118.89,Yes,Yes,Unknown
SYN-DM-02734,113.9,94.41,Unknown,89.11,96.12,152.91,74.9,Yes,Yes,Present
SYN-DM-02735,149.4,76.26,Controlled,82.12,91.94,170.0,86.99,No,No,Absent
SYN-DM-02736,115.4,98.85,Elevated,101.73,101.7,174.1,103.47,Yes,No,Unknown
SYN-DM-02737,138.5,86.36,Unknown,81.78,67.32,174.42,105.37,No,No,Unknown
SYN-DM-02738,134.9,67.33,Unknown,89.24,104.2,186.68,91.13,Yes,Yes,Present
SYN-DM-02739,127.4,67.54,Elevated,78.58,77.14,183.17,109.33,Yes,No,Unknown
SYN-DM-02740,138.0,73.38,Controlled,87.67,114.11,159.93,96.35,Yes,Yes,Present
SYN-DM-02741,108.4,85.46,Unknown,94.97,106.69,162.83,109.25,Yes,No,Present
SYN-DM-02742,128.8,80.08,Elevated,60.43,81.3,168.34,121.68,Yes,Yes,Absent
SYN-DM-02743,161.9,69.13,Controlled,103.23,73.55,169.85,122.64,Yes,Yes,Present
SYN-DM-02744,130.6,96.68,Unknown,63.39,112.59,176.71,80.46,Yes,No,Absent
SYN-DM-02745,119.8,96.46,Controlled,92.26,78.28,181.86,124.89,Yes,No,Present
SYN-DM-02746,112.5,87.87,Unknown,99.85,87.71,186.86,115.14,Yes,Yes,Unknown
SYN-DM-02747,90.1,97.57,Controlled,97.71,97.45,182.82,102.31,No,No,Unknown
SYN-DM-02748,144.8,64.54,Unknown,92.23,113.96,180.63,106.0,Yes,No,Present
SYN-DM-02749,150.7,94.04,Elevated,66.82,115.03,166.55,118.12,Yes,Yes,Present
SYN-DM-02750,146.3,71.9,Elevated,60.85,63.41,165.48,116.1,No,Yes,Absent
SYN-DM-02751,136.5,102.02,Controlled,95.65,71.28,153.39,117.26,No,No,Present
SYN-DM-02752,134.9,100.13,Elevated,86.65,55.36,181.97,120.37,No,No,Absent
SYN-DM-02753,125.4,71.95,Unknown,63.43,99.51,159.57,97.24,Yes,Yes,Unknown
SYN-DM-02754,106.9,80.5,Controlled,58.06,111.58,186.88,105.65,Yes,Yes,Absent
SYN-DM-02755,135.0,72.84,Unknown,69.75,67.52,161.59,94.61,Yes,Yes,Unknown
SYN-DM-02756,95.8,93.21,Unknown,58.58,114.41,181.34,112.22,Yes,Yes,Unknown
SYN-DM-02757,122.4,91.28,Unknown,77.66,100.0,182.01,106.88,No,No,Unknown
SYN-DM-02758,127.9,77.4,Unknown,69.07,86.87,155.48,96.15,Yes,Yes,Present
SYN-DM-02759,120.8,71.92,Controlled,76.68,117.67,189.43,92.62,Yes,Yes,Present
SYN-DM-02760,110.2,64.12,Unknown,71.63,74.87,169.94,110.93,No,Yes,Absent
SYN-DM-02761,143.5,76.22,Controlled,103.04,62.99,184.0,124.5,No,No,Absent
SYN-DM-02762,131.5,97.62,Controlled,103.16,103.47,170.99,100.41,Yes,No,Unknown
SYN-DM-02763,153.5,97.91,Controlled,86.72,58.41,166.5,93.29,No,No,Absent
SYN-DM-02764,121.6,81.37,Elevated,71.39,61.6,175.93,121.56,Yes,No,Unknown
SYN-DM-02765,139.7,69.47,Elevated,73.47,80.46,180.68,98.39,No,No,Absent
SYN-DM-02766,95.1,72.79,Unknown,82.47,90.9,153.54,98.13,No,Yes,Present
SYN-DM-02767,96.9,88.68,Elevated,95.6,74.14,156.33,118.21,No,No,Absent
SYN-DM-02768,138.3,95.82,Unknown,60.64,64.59,153.88,76.7,Yes,Yes,Unknown
SYN-DM-02769,105.1,80.45,Unknown,89.52,63.92,176.0,78.44,No,No,Present
SYN-DM-02770,149.7,81.47,Unknown,72.19,83.44,168.66,109.2,Yes,Yes,Present
SYN-DM-02771,115.9,83.47,Unknown,81.47,116.51,165.18,111.46,Yes,No,Absent
SYN-DM-02772,96.5,78.32,Elevated,66.5,116.16,164.35,105.11,Yes,Yes,Present
SYN-DM-02773,106.4,70.66,Controlled,89.53,93.71,154.38,109.17,No,No,Unknown
SYN-DM-02774,134.9,100.24,Elevated,58.41,78.36,159.42,84.27,Yes,No,Absent
SYN-DM-02775,128.9,97.65,Controlled,82.67,71.99,160.35,74.6,No,Yes,Present
SYN-DM-02776,136.9,70.16,Controlled,79.89,105.87,168.47,99.94,Yes,Yes,Present
SYN-DM-02777,117.0,101.09,Controlled,59.48,83.55,162.86,88.93,Yes,No,Absent
SYN-DM-02778,99.1,67.32,Elevated,102.01,108.23,165.78,99.09,No,No,Unknown
SYN-DM-02779,101.7,81.01,Unknown,63.31,80.55,174.7,76.76,No,Yes,Absent
SYN-DM-02780,130.9,92.59,Controlled,84.81,60.69,153.69,101.98,Yes,No,Present
SYN-DM-02781,153.2,82.62,Unknown,102.09,61.15,189.71,125.85,No,No,Present
SYN-DM-02782,114.0,90.08,Unknown,74.6,95.74,160.71,105.71,No,Yes,Unknown
SYN-DM-02783,149.1,65.8,Elevated,69.63,57.57,152.58,91.79,Yes,No,Unknown
SYN-DM-02784,128.3,92.66,Controlled,98.14,67.77,172.54,79.59,No,No,Present
SYN-DM-02785,130.5,77.62,Controlled,93.4,103.65,156.29,107.08,Yes,Yes,Present
SYN-DM-02786,141.7,67.17,Unknown,99.33,97.82,157.63,93.15,Yes,Yes,Present
SYN-DM-02787,102.7,83.57,Controlled,70.1,58.08,185.18,117.16,No,Yes,Unknown
SYN-DM-02788,119.1,91.96,Elevated,67.57,102.17,152.25,96.25,No,Yes,Unknown
SYN-DM-02789,104.3,69.49,Controlled,90.7,112.97,184.54,74.22,No,No,Present
SYN-DM-02790,132.0,86.99,Unknown,65.76,54.99,169.27,77.84,Yes,Yes,Unknown
SYN-DM-02791,124.2,99.37,Controlled,100.4,88.72,179.67,91.77,Yes,Yes,Absent
SYN-DM-02792,146.6,69.3,Controlled,79.85,96.74,175.37,123.1,No,Yes,Present
SYN-DM-02793,142.9,74.09,Elevated,64.14,115.58,183.44,77.6,Yes,No,Absent
SYN-DM-02794,104.9,103.92,Unknown,102.83,103.11,171.68,79.06,No,Yes,Absent
SYN-DM-02795,117.8,98.23,Elevated,76.41,102.01,186.33,86.6,No,Yes,Present
SYN-DM-02796,135.9,76.87,Controlled,83.99,88.66,180.63,87.79,No,Yes,Present
SYN-DM-02797,138.3,85.3,Controlled,58.2,76.29,155.99,110.28,No,Yes,Present
SYN-DM-02798,110.7,84.68,Controlled,74.35,95.41,180.71,117.53,No,No,Unknown
SYN-DM-02799,132.0,91.1,Controlled,99.72,70.64,166.71,106.67,Yes,Yes,Absent
SYN-DM-02800,115.8,100.78,Elevated,62.95,114.02,185.81,77.08,Yes,Yes,Unknown
SYN-DM-02801,149.4,68.36,Elevated,91.27,63.09,182.49,116.22,Yes,No,Absent
SYN-DM-02802,130.4,74.57,Elevated,71.32,76.86,173.17,73.99,No,No,Present
SYN-DM-02803,129.0,81.11,Unknown,96.11,62.59,159.67,74.92,No,Yes,Absent
SYN-DM-02804,143.4,94.35,Controlled,74.75,88.51,152.6,118.23,Yes,Yes,Unknown
SYN-DM-02805,135.1,88.08,Controlled,88.83,115.52,181.18,116.05,Yes,No,Present
SYN-DM-02806,137.9,64.92,Elevated,101.17,74.19,159.37,118.02,No,Yes,Unknown
SYN-DM-02807,122.9,82.33,Elevated,88.1,68.26,189.41,121.04,No,Yes,Unknown
SYN-DM-02808,111.7,89.11,Unknown,89.21,92.31,178.7,98.51,Yes,No,Unknown
SYN-DM-02809,105.9,82.91,Unknown,62.39,69.06,153.87,89.39,No,No,Absent
SYN-DM-02810,138.5,93.25,Controlled,60.99,58.28,174.48,75.23,No,Yes,Present
SYN-DM-02811,120.7,72.32,Controlled,67.34,65.89,184.32,96.12,No,Yes,Absent
SYN-DM-02812,160.6,89.1,Unknown,66.48,88.71,171.17,112.3,Yes,Yes,Present
SYN-DM-02813,141.0,73.5,Unknown,93.84,55.92,174.22,100.88,No,No,Present
SYN-DM-02814,146.6,83.47,Elevated,68.28,102.32,186.3,75.16,No,No,Unknown
SYN-DM-02815,161.9,103.2,Unknown,103.97,101.42,167.22,116.28,No,No,Present
SYN-DM-02816,126.8,85.72,Elevated,80.92,56.59,153.89,100.78,Yes,Yes,Absent
SYN-DM-02817,90,75.04,Unknown,77.73,61.28,165.66,90.65,No,No,Absent
SYN-DM-02818,156.3,100.83,Unknown,65.19,96.58,155.46,105.84,Yes,No,Absent
SYN-DM-02819,140.7,72.59,Unknown,84.47,78.7,167.2,123.19,No,Yes,Present
SYN-DM-02820,120.3,64.46,Unknown,81.51,109.83,174.83,80.27,Yes,Yes,Present
SYN-DM-02821,120.9,102.48,Elevated,79.33,99.23,179.89,79.28,Yes,No,Absent
SYN-DM-02822,131.2,71.48,Unknown,74.6,68.77,174.0,116.43,No,No,Absent
SYN-DM-02823,127.9,76.56,Elevated,81.79,111.66,182.26,112.78,Yes,No,Unknown
SYN-DM-02824,135.9,90.02,Controlled,92.46,93.94,186.59,107.18,Yes,No,Unknown
SYN-DM-02825,158.9,74.96,Controlled,74.45,110.74,156.94,118.33,Yes,Yes,Present
SYN-DM-02826,153.6,101.28,Unknown,82.82,72.66,179.77,85.79,Yes,Yes,Unknown
SYN-DM-02827,107.5,82.01,Elevated,69.95,70.9,164.56,98.54,Yes,No,Unknown
SYN-DM-02828,103.4,68.75,Controlled,95.26,117.88,159.55,82.79,Yes,Yes,Absent
SYN-DM-02829,136.4,65.09,Controlled,93.8,68.0,188.42,76.91,No,No,Present
SYN-DM-02830,154.2,84.46,Elevated,81.26,101.41,171.68,88.35,Yes,No,Unknown
SYN-DM-02831,139.3,82.03,Elevated,59.9,101.07,164.31,123.4,Yes,Yes,Absent
SYN-DM-02832,104.4,85.45,Elevated,96.28,87.89,168.0,118.86,Yes,No,Absent
SYN-DM-02833,127.3,82.33,Elevated,96.32,117.99,163.85,89.99,No,Yes,Present
SYN-DM-02834,145.1,65.9,Controlled,84.74,57.03,174.03,118.92,Yes,No,Absent
SYN-DM-02835,122.7,67.44,Unknown,90.28,55.9,157.58,105.7,No,Yes,Absent
SYN-DM-02836,149.1,96.13,Controlled,64.36,90.07,172.92,103.2,No,Yes,Present
SYN-DM-02837,145.5,74.15,Controlled,100.74,82.06,185.4,88.45,No,Yes,Absent
SYN-DM-02838,109.4,78.7,Elevated,86.17,91.45,157.89,110.15,No,Yes,Unknown
SYN-DM-02839,132.5,67.28,Unknown,96.79,115.99,174.42,104.23,Yes,Yes,Unknown
SYN-DM-02840,127.3,73.76,Elevated,68.05,101.36,164.5,103.43,Yes,Yes,Absent
SYN-DM-02841,104.5,94.12,Controlled,88.99,89.64,160.0,79.37,No,Yes,Absent
SYN-DM-02842,111.8,98.79,Elevated,81.43,54.73,168.4,89.74,No,Yes,Present
SYN-DM-02843,150.1,66.95,Unknown,74.81,81.89,185.15,73.96,Yes,Yes,Unknown
SYN-DM-02844,136.8,95.9,Controlled,103.0,81.91,181.76,118.2,No,No,Present
SYN-DM-02845,135.8,71.96,Elevated,60.84,68.76,189.81,108.72,No,Yes,Present
SYN-DM-02846,104.9,96.92,Unknown,92.25,95.06,189.67,123.11,No,No,Absent
SYN-DM-02847,138.2,82.9,Elevated,95.85,73.51,171.44,116.87,No,Yes,Absent
SYN-DM-02848,165.4,71.3,Unknown,78.08,105.84,165.61,116.39,Yes,No,Present
SYN-DM-02849,114.6,102.31,Elevated,76.57,105.06,180.94,116.26,No,Yes,Absent
SYN-DM-02850,156.5,103.58,Unknown,78.07,98.23,179.5,79.3,No,No,Unknown
SYN-DM-02851,146.3,88.22,Unknown,96.73,62.45,162.4,96.29,Yes,No,Absent
SYN-DM-02852,129.2,93.57,Controlled,91.98,62.3,152.41,102.57,Yes,No,Absent
SYN-DM-02853,97.3,74.59,Unknown,87.24,92.17,153.82,79.02,Yes,Yes,Absent
SYN-DM-02854,122.1,69.58,Controlled,61.25,67.51,178.55,122.69,No,No,Present
SYN-DM-02855,132.0,102.05,Unknown,60.67,79.66,174.7,121.04,Yes,Yes,Present
SYN-DM-02856,125.9,69.26,Unknown,93.12,87.66,157.77,86.3,Yes,No,Unknown
SYN-DM-02857,123.9,100.95,Unknown,59.45,60.92,157.51,83.35,No,Yes,Unknown
SYN-DM-02858,130.1,98.8,Elevated,77.29,59.67,167.27,86.61,No,Yes,Present
SYN-DM-02859,117.9,90.47,Elevated,89.87,55.33,176.26,88.5,No,No,Unknown
SYN-DM-02860,154.9,67.69,Elevated,86.56,72.95,170.61,99.07,No,Yes,Present
SYN-DM-02861,102.0,77.04,Controlled,96.83,62.39,157.54,95.61,No,Yes,Absent
SYN-DM-02862,119.2,66.87,Unknown,81.21,65.36,171.47,114.42,Yes,No,Present
SYN-DM-02863,114.2,85.44,Unknown,100.43,72.67,156.36,122.03,No,No,Unknown
SYN-DM-02864,137.1,94.66,Controlled,74.72,56.15,178.59,79.91,No,No,Absent
SYN-DM-02865,137.9,101.42,Unknown,101.84,117.29,175.91,86.06,No,Yes,Absent
SYN-DM-02866,126.9,80.31,Controlled,67.82,76.53,159.1,79.15,Yes,No,Present
SYN-DM-02867,125.7,74.0,Elevated,94.43,82.11,179.43,109.89,Yes,Yes,Absent
SYN-DM-02868,96.6,101.89,Controlled,89.96,99.11,161.37,106.35,Yes,Yes,Absent
SYN-DM-02869,115.8,96.13,Unknown,63.73,115.82,153.63,109.53,No,No,Absent
SYN-DM-02870,119.6,91.08,Controlled,89.29,62.53,174.05,121.77,No,No,Present
SYN-DM-02871,140.4,74.58,Elevated,85.32,55.34,184.86,102.68,Yes,Yes,Unknown
SYN-DM-02872,130.2,100.27,Controlled,93.5,104.93,184.94,91.63,Yes,No,Absent
SYN-DM-02873,129.5,79.16,Controlled,87.98,84.66,174.79,104.32,Yes,Yes,Unknown
SYN-DM-02874,130.3,97.41,Controlled,85.45,56.95,177.8,82.97,Yes,Yes,Present
SYN-DM-02875,116.9,82.81,Controlled,76.02,113.47,158.49,121.62,Yes,No,Present
SYN-DM-02876,90,93.88,Elevated,81.81,68.81,153.32,93.68,Yes,Yes,Present
SYN-DM-02877,149.3,69.02,Unknown,81.85,91.44,166.54,92.91,Yes,Yes,Present
SYN-DM-02878,103.8,84.62,Unknown,79.43,78.59,182.53,72.9,Yes,No,Present
SYN-DM-02879,148.1,82.13,Unknown,82.48,107.33,152.68,121.2,No,Yes,Absent
SYN-DM-02880,125.0,86.73,Elevated,87.33,103.27,167.48,103.61,Yes,No,Absent
SYN-DM-02881,125.8,100.99,Controlled,69.85,85.68,173.64,85.16,No,No,Absent
SYN-DM-02882,143.3,97.24,Unknown,86.61,117.05,169.5,102.3,No,No,Unknown
SYN-DM-02883,154.7,96.79,Controlled,99.31,93.95,158.54,101.03,No,No,Absent
SYN-DM-02884,91.1,71.09,Controlled,101.93,88.46,183.73,88.32,Yes,No,Absent
SYN-DM-02885,95.9,72.68,Controlled,85.78,85.2,172.05,91.15,Yes,Yes,Absent
SYN-DM-02886,137.9,93.48,Elevated,83.48,78.75,172.44,74.06,Yes,Yes,Absent
SYN-DM-02887,138.6,88.93,Elevated,71.81,92.58,166.18,120.41,Yes,Yes,Present
SYN-DM-02888,110.8,85.2,Unknown,76.85,73.63,156.58,79.73,No,No,Unknown
SYN-DM-02889,109.3,92.43,Elevated,83.82,75.81,180.3,77.72,No,Yes,Absent
SYN-DM-02890,156.4,92.54,Controlled,93.34,116.23,155.09,120.32,No,Yes,Unknown
SYN-DM-02891,150.6,75.09,Elevated,93.93,65.41,167.58,104.73,Yes,Yes,Unknown
SYN-DM-02892,134.9,85.26,Controlled,101.97,59.69,183.24,96.83,Yes,No,Absent
SYN-DM-02893,115.9,98.14,Elevated,58.72,114.73,160.22,89.42,Yes,No,Absent
SYN-DM-02894,144.7,92.61,Controlled,96.77,90.71,156.19,87.89,Yes,Yes,Unknown
SYN-DM-02895,128.0,70.28,Elevated,94.86,70.35,180.19,112.59,Yes,Yes,Unknown
SYN-DM-02896,160.3,83.17,Unknown,76.94,73.7,185.66,122.15,No,No,Present
SYN-DM-02897,136.8,95.5,Controlled,58.66,54.33,180.68,125.51,No,Yes,Absent
SYN-DM-02898,122.1,89.42,Unknown,62.92,94.92,185.1,122.98,No,No,Unknown
SYN-DM-02899,116.6,73.67,Controlled,67.62,61.45,187.67,104.25,Yes,Yes,Unknown
SYN-DM-02900,117.4,85.89,Elevated,87.59,62.2,162.98,116.48,No,No,Absent
SYN-DM-02901,114.8,66.95,Elevated,65.85,72.99,178.83,125.66,Yes,Yes,Present
SYN-DM-02902,116.2,99.65,Unknown,93.85,58.29,183.07,101.67,Yes,No,Present
SYN-DM-02903,126.9,78.87,Controlled,91.51,88.17,174.55,108.69,Yes,Yes,Present
SYN-DM-02904,134.3,91.8,Unknown,70.5,69.22,180.47,91.0,Yes,No,Unknown
SYN-DM-02905,108.9,69.57,Controlled,67.24,66.16,169.43,114.56,Yes,No,Unknown
SYN-DM-02906,174.8,84.97,Elevated,60.35,108.16,154.51,89.39,Yes,No,Absent
SYN-DM-02907,126.1,99.91,Unknown,72.14,111.08,171.33,102.78,Yes,No,Present
SYN-DM-02908,132.7,95.89,Unknown,89.49,95.36,157.16,75.03,Yes,Yes,Unknown
SYN-DM-02909,119.1,70.48,Controlled,67.46,74.91,155.09,99.5,No,Yes,Present
SYN-DM-02910,105.6,79.8,Controlled,77.89,56.15,178.26,92.83,No,No,Unknown
SYN-DM-02911,117.8,101.16,Controlled,68.48,72.49,152.78,117.65,No,No,Absent
SYN-DM-02912,117.7,77.73,Controlled,78.46,91.15,174.09,123.28,No,Yes,Unknown
SYN-DM-02913,103.3,77.51,Controlled,81.99,60.59,159.69,123.72,Yes,Yes,Present
SYN-DM-02914,102.7,88.72,Unknown,82.46,72.22,158.9,84.58,Yes,Yes,Present
SYN-DM-02915,119.3,92.05,Controlled,63.46,100.91,182.05,121.23,No,No,Present
SYN-DM-02916,168.0,75.58,Controlled,75.0,80.48,163.94,115.55,No,Yes,Absent
SYN-DM-02917,153.1,72.88,Controlled,71.98,97.09,172.96,104.16,Yes,Yes,Absent
SYN-DM-02918,123.5,82.66,Unknown,88.31,109.65,186.93,77.33,No,No,Unknown
SYN-DM-02919,148.5,75.08,Unknown,81.26,55.87,174.59,119.0,Yes,No,Absent
SYN-DM-02920,148.4,77.24,Unknown,59.68,69.46,157.48,96.65,Yes,No,Absent
SYN-DM-02921,155.1,83.8,Unknown,76.21,57.9,174.99,125.09,No,Yes,Present
SYN-DM-02922,129.5,93.31,Elevated,68.39,71.18,160.68,91.0,No,Yes,Present
SYN-DM-02923,126.9,77.58,Unknown,88.59,101.04,170.25,100.13,No,Yes,Unknown
SYN-DM-02924,122.9,97.68,Controlled,99.57,62.25,152.68,120.86,Yes,Yes,Present
SYN-DM-02925,139.4,97.63,Elevated,96.01,88.9,177.26,84.32,Yes,Yes,Absent
SYN-DM-02926,150.2,85.35,Elevated,86.01,77.63,184.0,74.46,Yes,No,Present
SYN-DM-02927,114.5,92.36,Unknown,99.08,87.42,179.85,120.22,No,No,Absent
SYN-DM-02928,90,84.52,Controlled,102.54,117.68,166.76,76.04,No,No,Present
SYN-DM-02929,108.1,93.19,Elevated,97.2,113.27,161.7,124.46,Yes,No,Absent
SYN-DM-02930,177.1,80.57,Unknown,77.04,92.75,174.41,121.36,Yes,No,Present
SYN-DM-02931,128.6,74.62,Unknown,59.56,92.65,175.11,120.19,Yes,No,Present
SYN-DM-02932,119.9,75.17,Elevated,61.27,88.37,176.44,92.66,Yes,No,Absent
SYN-DM-02933,126.1,101.09,Unknown,79.83,92.48,159.87,84.36,No,Yes,Unknown
SYN-DM-02934,140.9,66.64,Elevated,95.11,103.45,163.05,122.69,No,No,Present
SYN-DM-02935,116.8,80.0,Controlled,72.65,89.96,178.98,73.99,Yes,Yes,Absent
SYN-DM-02936,145.4,65.01,Elevated,96.89,107.62,163.69,84.0,Yes,Yes,Unknown
SYN-DM-02937,147.5,73.9,Controlled,79.55,72.42,177.18,79.98,No,No,Unknown
SYN-DM-02938,137.5,82.08,Unknown,72.0,88.63,187.83,104.95,No,No,Present
SYN-DM-02939,140.7,76.05,Unknown,78.01,103.06,180.09,84.17,No,Yes,Present
SYN-DM-02940,120.1,88.67,Unknown,86.1,101.18,167.19,88.48,Yes,No,Absent
SYN-DM-02941,110.7,83.8,Unknown,79.9,115.01,161.38,106.5,Yes,Yes,Absent
SYN-DM-02942,141.5,96.15,Unknown,66.25,61.61,178.07,92.89,Yes,No,Present
SYN-DM-02943,110.1,89.0,Elevated,88.62,55.1,185.79,81.12,Yes,Yes,Present
SYN-DM-02944,147.9,88.97,Elevated,77.24,57.18,177.92,125.0,No,Yes,Present
SYN-DM-02945,123.8,87.98,Elevated,99.3,59.45,156.24,116.32,Yes,Yes,Absent
SYN-DM-02946,121.6,78.24,Elevated,102.69,80.82,182.01,90.28,No,No,Absent
SYN-DM-02947,139.1,85.55,Controlled,96.32,98.38,176.77,116.3,No,No,Unknown
SYN-DM-02948,117.4,68.89,Unknown,69.59,104.35,167.33,122.54,Yes,No,Absent
SYN-DM-02949,160.5,98.8,Unknown,63.77,112.06,161.21,111.58,Yes,Yes,Present
SYN-DM-02950,132.0,93.64,Controlled,81.9,57.35,172.71,92.21,Yes,No,Unknown
SYN-DM-02951,128.9,85.48,Elevated,68.28,117.84,184.27,116.82,No,No,Absent
SYN-DM-02952,125.9,84.75,Unknown,72.08,106.53,160.83,96.94,Yes,Yes,Absent
SYN-DM-02953,142.4,77.13,Elevated,72.13,90.27,172.8,112.92,Yes,Yes,Absent
SYN-DM-02954,146.1,78.91,Unknown,75.75,58.9,184.08,105.54,Yes,No,Present
SYN-DM-02955,137.7,91.68,Unknown,58.47,60.81,171.19,82.03,No,No,Unknown
SYN-DM-02956,104.0,87.39,Controlled,79.25,73.56,160.65,80.17,No,No,Absent
SYN-DM-02957,160.4,85.86,Controlled,84.07,54.71,156.39,111.31,No,No,Absent
SYN-DM-02958,131.9,93.65,Unknown,61.92,78.93,180.29,86.0,No,Yes,Absent
SYN-DM-02959,137.4,102.01,Unknown,59.83,93.52,171.24,113.96,No,No,Present
SYN-DM-02960,124.0,82.39,Elevated,84.77,116.17,166.9,80.71,Yes,Yes,Absent
SYN-DM-02961,125.5,65.26,Controlled,69.8,108.52,167.94,109.15,Yes,No,Present
SYN-DM-02962,151.1,97.3,Unknown,64.58,116.62,170.08,73.28,No,No,Present
SYN-DM-02963,133.1,100.16,Elevated,83.64,104.57,186.04,115.22,No,No,Unknown
SYN-DM-02964,110.8,83.04,Controlled,68.09,72.16,163.28,110.98,No,No,Present
SYN-DM-02965,111.6,100.81,Elevated,79.39,57.38,158.14,91.78,No,No,Present
SYN-DM-02966,96.6,80.9,Elevated,94.09,110.08,183.55,88.56,Yes,No,Present
SYN-DM-02967,109.6,85.47,Elevated,94.44,82.42,172.55,82.38,No,No,Present
SYN-DM-02968,139.6,70.81,Elevated,100.71,91.94,156.27,122.72,Yes,Yes,Unknown
SYN-DM-02969,136.4,103.41,Unknown,64.39,105.49,166.81,79.53,Yes,No,Unknown
SYN-DM-02970,166.4,71.05,Unknown,89.35,62.86,160.22,79.17,Yes,No,Absent
SYN-DM-02971,139.8,90.51,Unknown,69.96,107.03,181.27,125.88,Yes,Yes,Absent
SYN-DM-02972,165.2,85.58,Elevated,70.33,87.04,187.26,118.34,No,No,Absent
SYN-DM-02973,137.5,99.79,Elevated,67.23,87.54,188.4,123.49,Yes,Yes,Unknown
SYN-DM-02974,90,73.91,Elevated,97.14,80.44,179.36,124.49,No,No,Present
SYN-DM-02975,119.6,78.76,Elevated,60.43,113.43,153.61,102.03,Yes,No,Present
SYN-DM-02976,115.6,86.87,Controlled,85.83,76.56,176.29,73.04,No,No,Absent
SYN-DM-02977,134.2,90.94,Unknown,93.37,108.42,159.72,110.22,Yes,No,Absent
SYN-DM-02978,132.7,94.43,Unknown,87.89,109.94,177.68,109.1,No,Yes,Present
SYN-DM-02979,121.2,101.79,Controlled,68.07,111.57,165.63,102.84,Yes,No,Present
SYN-DM-02980,90,85.02,Controlled,90.36,76.95,162.44,76.71,Yes,Yes,Unknown
SYN-DM-02981,152.7,80.48,Controlled,79.21,93.21,171.72,73.17,Yes,No,Unknown
SYN-DM-02982,117.0,69.2,Elevated,87.13,89.89,166.95,100.21,No,No,Unknown
SYN-DM-02983,105.3,69.55,Elevated,60.59,62.99,177.52,110.04,Yes,Yes,Unknown
SYN-DM-02984,124.7,97.53,Elevated,76.85,75.92,164.07,86.86,No,No,Unknown
SYN-DM-02985,131.5,88.89,Controlled,64.46,59.23,180.26,77.69,No,Yes,Unknown
SYN-DM-02986,125.2,95.23,Elevated,81.88,92.77,162.03,81.25,Yes,No,Unknown
SYN-DM-02987,141.5,80.64,Unknown,66.03,111.69,153.37,101.26,No,No,Present
SYN-DM-02988,166.4,67.1,Unknown,60.83,65.2,186.97,85.79,Yes,Yes,Present
SYN-DM-02989,141.9,76.03,Controlled,84.64,91.0,172.6,120.61,No,Yes,Absent
SYN-DM-02990,159.3,90.47,Unknown,95.94,83.55,172.03,115.48,No,Yes,Absent
SYN-DM-02991,119.9,77.54,Unknown,89.46,86.79,154.46,123.39,No,Yes,Unknown
SYN-DM-02992,130.7,75.21,Unknown,84.44,68.55,171.24,85.12,Yes,Yes,Unknown
SYN-DM-02993,136.5,75.15,Unknown,76.35,97.6,171.72,117.81,No,Yes,Unknown
SYN-DM-02994,145.9,84.29,Unknown,61.62,104.57,172.71,72.48,No,Yes,Present
SYN-DM-02995,123.1,71.18,Controlled,66.29,103.91,152.66,118.65,No,Yes,Present
SYN-DM-02996,110.1,99.94,Elevated,71.97,99.58,178.53,72.46,Yes,No,Present
SYN-DM-02997,136.2,85.28,Elevated,65.35,101.01,175.32,79.21,No,Yes,Absent
SYN-DM-02998,131.8,82.59,Controlled,86.41,78.0,188.59,74.27,No,No,Present
SYN-DM-02999,124.8,76.75,Unknown,83.57,84.58,163.33,114.98,No,Yes,Absent
SYN-DM-03000,125.3,83.3,Elevated,78.27,56.28,162.22,82.8,No,Yes,Absent
SYN-DM-03001,139.3,75.95,Unknown,70.94,107.73,185.96,94.81,Yes,No,Present
SYN-DM-03002,90,100.49,Controlled,65.56,93.36,168.18,90.55,Yes,No,Present
SYN-DM-03003,106.7,95.5,Elevated,100.33,56.14,161.24,75.24,Yes,Yes,Absent
SYN-DM-03004,130.2,77.16,Controlled,61.11,114.35,157.88,99.23,Yes,Yes,Absent
SYN-DM-03005,118.6,78.89,Unknown,83.63,116.54,162.86,117.94,No,Yes,Unknown
SYN-DM-03006,119.0,85.2,Unknown,69.16,95.54,155.23,112.25,Yes,No,Absent
SYN-DM-03007,135.6,89.4,Controlled,75.74,109.2,189.92,75.2,Yes,Yes,Absent
SYN-DM-03008,129.1,82.47,Elevated,95.87,92.89,163.43,106.3,Yes,No,Present
SYN-DM-03009,97.7,87.89,Elevated,60.46,89.05,171.09,78.18,No,No,Absent
SYN-DM-03010,142.0,67.69,Controlled,75.95,108.7,157.16,98.81,No,Yes,Absent
SYN-DM-03011,135.2,79.12,Unknown,93.17,71.01,182.64,123.98,Yes,Yes,Present
SYN-DM-03012,116.7,68.33,Unknown,79.03,54.28,181.6,112.79,Yes,Yes,Unknown
SYN-DM-03013,111.6,97.5,Unknown,69.17,113.84,162.63,93.17,No,Yes,Unknown
SYN-DM-03014,119.1,82.22,Unknown,97.2,103.75,179.23,105.1,Yes,Yes,Absent
SYN-DM-03015,139.4,71.58,Elevated,58.7,72.62,187.14,108.54,Yes,Yes,Absent
SYN-DM-03016,125.4,91.36,Controlled,68.85,87.29,176.23,105.4,No,No,Present
SYN-DM-03017,141.8,84.3,Unknown,101.5,79.54,167.84,115.61,No,No,Present
SYN-DM-03018,138.9,93.93,Controlled,90.01,108.28,161.78,112.13,No,Yes,Unknown
SYN-DM-03019,153.6,92.1,Elevated,84.62,78.56,189.0,124.62,Yes,No,Absent
SYN-DM-03020,121.7,92.1,Elevated,84.97,81.28,152.05,99.54,Yes,No,Unknown
SYN-DM-03021,148.8,64.26,Elevated,81.42,74.04,181.82,125.4,No,Yes,Absent
SYN-DM-03022,146.8,95.86,Unknown,63.53,87.2,189.18,119.98,Yes,No,Unknown
SYN-DM-03023,140.2,76.65,Elevated,93.85,70.63,157.83,74.88,Yes,No,Unknown
SYN-DM-03024,109.9,79.46,Unknown,70.93,65.94,185.83,75.05,Yes,No,Absent
SYN-DM-03025,143.8,92.76,Elevated,102.73,85.25,162.59,76.86,No,No,Absent
SYN-DM-03026,149.1,71.83,Unknown,101.66,79.56,171.76,115.54,No,No,Unknown
SYN-DM-03027,136.2,96.78,Elevated,62.86,56.0,158.69,107.56,Yes,No,Present
SYN-DM-03028,155.9,67.53,Elevated,82.35,114.46,175.46,104.36,Yes,No,Unknown
SYN-DM-03029,113.6,101.78,Controlled,68.23,68.96,166.4,124.08,Yes,No,Present
SYN-DM-03030,128.5,94.07,Controlled,99.48,106.33,185.55,119.85,No,No,Unknown
SYN-DM-03031,132.7,100.68,Unknown,99.46,106.15,181.39,108.7,Yes,Yes,Absent
SYN-DM-03032,142.2,101.06,Elevated,86.0,76.38,163.02,118.7,Yes,No,Absent
SYN-DM-03033,141.9,83.76,Elevated,91.64,56.91,184.02,124.31,No,No,Present
SYN-DM-03034,125.0,92.63,Unknown,65.9,116.18,175.99,84.73,No,Yes,Present
SYN-DM-03035,125.7,72.84,Elevated,75.48,60.05,176.51,83.45,No,Yes,Unknown
SYN-DM-03036,155.9,74.35,Controlled,91.99,111.82,168.35,114.74,No,Yes,Unknown
SYN-DM-03037,126.4,78.5,Elevated,78.76,101.4,184.32,102.92,Yes,Yes,Present
SYN-DM-03038,126.6,103.23,Unknown,67.64,70.37,156.5,83.44,Yes,No,Absent
SYN-DM-03039,127.3,72.9,Controlled,90.39,68.17,182.18,102.67,No,Yes,Unknown
SYN-DM-03040,125.0,72.67,Unknown,66.58,69.07,163.66,93.61,Yes,Yes,Absent
SYN-DM-03041,125.4,92.49,Elevated,84.43,80.28,177.73,110.1,No,Yes,Unknown
SYN-DM-03042,140.3,87.94,Unknown,88.69,83.67,177.78,113.51,Yes,No,Unknown
SYN-DM-03043,138.7,101.45,Controlled,81.97,56.61,164.72,97.33,No,No,Present
SYN-DM-03044,146.1,75.29,Elevated,60.01,70.64,186.84,116.75,Yes,No,Absent
SYN-DM-03045,119.0,66.68,Unknown,85.01,107.62,166.05,87.98,No,Yes,Unknown
SYN-DM-03046,133.4,75.63,Elevated,76.91,69.4,177.26,82.18,No,Yes,Unknown
SYN-DM-03047,136.7,85.36,Controlled,67.75,72.29,177.84,114.54,No,No,Unknown
SYN-DM-03048,160.1,91.28,Elevated,103.43,55.46,158.74,114.16,No,Yes,Absent
SYN-DM-03049,118.0,87.81,Unknown,95.16,112.86,179.96,123.11,Yes,No,Present
SYN-DM-03050,120.9,92.37,Controlled,76.33,110.16,158.23,95.31,No,No,Unknown
SYN-DM-03051,133.5,90.98,Controlled,80.73,98.31,182.12,74.83,Yes,Yes,Present
SYN-DM-03052,127.7,73.35,Controlled,71.69,98.64,182.94,114.98,No,No,Absent
SYN-DM-03053,111.0,95.66,Elevated,62.14,66.64,187.85,74.79,Yes,No,Present
SYN-DM-03054,119.4,102.65,Elevated,69.07,75.44,186.61,99.62,Yes,Yes,Absent
SYN-DM-03055,140.3,90.5,Unknown,59.36,76.76,153.69,104.13,Yes,Yes,Present
SYN-DM-03056,146.6,91.13,Controlled,97.09,58.64,171.71,109.39,Yes,No,Absent
SYN-DM-03057,145.5,101.35,Elevated,71.92,77.3,162.78,122.44,No,Yes,Present
SYN-DM-03058,147.8,70.36,Elevated,96.01,108.06,154.96,121.85,No,Yes,Absent
SYN-DM-03059,124.3,79.89,Unknown,60.5,68.13,155.81,73.26,Yes,Yes,Present
SYN-DM-03060,149.7,95.02,Unknown,65.54,107.02,154.21,119.07,Yes,No,Unknown
SYN-DM-03061,122.9,87.1,Controlled,80.4,90.25,188.29,105.7,Yes,Yes,Unknown
SYN-DM-03062,110.0,67.78,Controlled,58.08,89.61,160.24,105.55,Yes,No,Unknown
SYN-DM-03063,136.7,103.18,Controlled,94.65,82.75,178.95,125.05,No,No,Absent
SYN-DM-03064,139.9,75.0,Controlled,90.12,64.15,159.54,114.62,Yes,No,Absent
SYN-DM-03065,131.2,87.66,Elevated,59.19,96.89,163.61,121.88,Yes,No,Absent
SYN-DM-03066,93.4,81.1,Unknown,79.8,79.76,181.42,73.41,Yes,Yes,Present
SYN-DM-03067,127.8,100.3,Elevated,66.68,65.93,179.0,95.84,No,Yes,Present
SYN-DM-03068,135.7,73.73,Controlled,97.39,69.25,183.2,88.82,Yes,No,Unknown
SYN-DM-03069,145.7,94.15,Elevated,76.21,97.87,174.09,104.93,No,No,Absent
SYN-DM-03070,105.4,68.27,Unknown,83.98,63.35,187.45,73.07,No,No,Unknown
SYN-DM-03071,149.2,70.92,Elevated,99.92,76.42,167.33,116.52,No,Yes,Present
SYN-DM-03072,153.7,91.89,Elevated,65.07,82.45,175.44,104.45,Yes,No,Absent
SYN-DM-03073,126.0,91.19,Elevated,90.33,78.7,181.35,123.39,Yes,No,Absent
SYN-DM-03074,134.7,73.78,Elevated,84.11,107.59,180.01,83.15,Yes,No,Unknown
SYN-DM-03075,137.5,68.06,Unknown,63.85,94.7,167.04,108.92,No,No,Absent
SYN-DM-03076,134.5,82.98,Controlled,100.07,86.76,178.69,83.93,No,No,Unknown
SYN-DM-03077,144.1,96.08,Unknown,90.35,68.05,176.1,76.28,Yes,No,Absent
SYN-DM-03078,142.7,72.39,Controlled,85.06,97.43,189.54,81.3,No,No,Absent
SYN-DM-03079,159.3,65.58,Controlled,102.71,92.54,152.82,89.27,No,No,Absent
SYN-DM-03080,151.2,85.44,Controlled,103.23,59.64,172.65,112.69,Yes,Yes,Absent
SYN-DM-03081,124.7,86.1,Unknown,68.38,89.64,156.32,79.23,Yes,No,Present
SYN-DM-03082,161.3,99.0,Unknown,59.2,64.87,185.01,91.7,Yes,No,Unknown
SYN-DM-03083,168.1,90.29,Unknown,84.8,68.69,178.21,72.52,Yes,No,Absent
SYN-DM-03084,116.6,84.13,Controlled,75.76,94.54,183.66,89.33,Yes,No,Unknown
SYN-DM-03085,139.2,98.97,Controlled,69.27,95.87,183.94,91.39,No,No,Absent
SYN-DM-03086,108.7,72.51,Unknown,101.0,62.52,166.52,115.77,Yes,No,Present
SYN-DM-03087,136.3,68.52,Elevated,66.67,93.67,152.33,82.02,No,No,Absent
SYN-DM-03088,179.2,77.94,Controlled,101.4,67.19,179.33,103.16,Yes,Yes,Unknown
SYN-DM-03089,128.1,99.04,Elevated,65.68,95.26,163.92,74.57,Yes,Yes,Unknown
SYN-DM-03090,136.0,97.79,Elevated,61.33,82.42,179.35,87.21,Yes,No,Present
SYN-DM-03091,132.4,79.51,Controlled,101.21,81.67,169.17,77.44,No,No,Unknown
SYN-DM-03092,130.1,85.48,Controlled,65.74,98.28,165.55,95.5,Yes,No,Absent
SYN-DM-03093,157.9,66.73,Controlled,100.32,111.89,168.41,83.94,No,No,Present
SYN-DM-03094,99.0,69.18,Controlled,82.6,104.27,166.96,77.73,No,No,Present
SYN-DM-03095,113.8,89.53,Unknown,64.78,115.99,168.86,85.73,Yes,Yes,Unknown
SYN-DM-03096,130.3,84.45,Unknown,77.33,108.32,176.45,101.66,No,Yes,Absent
SYN-DM-03097,97.8,87.82,Unknown,71.72,98.01,162.55,77.55,Yes,Yes,Unknown
SYN-DM-03098,131.6,93.53,Elevated,95.43,57.86,155.84,109.67,No,Yes,Present
SYN-DM-03099,104.9,67.82,Controlled,98.03,94.26,181.4,114.65,Yes,No,Absent
SYN-DM-03100,151.8,100.31,Elevated,77.18,99.08,162.63,110.65,Yes,Yes,Present
SYN-DM-03101,125.0,102.85,Elevated,98.54,93.44,189.24,102.26,Yes,Yes,Present
SYN-DM-03102,108.5,73.34,Controlled,75.06,80.78,165.15,77.38,No,Yes,Unknown
SYN-DM-03103,146.5,87.83,Unknown,70.9,88.51,152.98,106.91,Yes,Yes,Present
SYN-DM-03104,108.4,76.8,Controlled,98.22,92.64,183.46,105.49,Yes,No,Present
SYN-DM-03105,105.5,98.25,Controlled,65.11,63.21,156.59,105.07,No,No,Unknown
SYN-DM-03106,119.6,92.71,Unknown,62.72,80.91,181.61,106.98,Yes,Yes,Absent
SYN-DM-03107,127.8,99.05,Controlled,68.48,101.98,180.54,88.37,No,No,Present
SYN-DM-03108,175.5,71.74,Elevated,84.3,89.0,171.1,86.57,Yes,No,Present
SYN-DM-03109,106.6,87.84,Controlled,74.11,113.95,184.8,115.7,No,Yes,Present
SYN-DM-03110,121.3,90.51,Controlled,72.57,112.04,178.0,88.25,No,Yes,Absent
SYN-DM-03111,111.1,65.97,Controlled,100.88,98.0,179.98,72.91,No,No,Absent
SYN-DM-03112,118.1,93.78,Elevated,93.71,64.87,174.35,82.8,Yes,Yes,Unknown
SYN-DM-03113,179.7,94.72,Controlled,75.26,60.76,158.25,117.85,No,Yes,Unknown
SYN-DM-03114,116.9,101.39,Controlled,74.27,85.34,160.8,100.46,Yes,Yes,Absent
SYN-DM-03115,96.6,96.46,Controlled,96.16,55.16,188.68,76.34,No,No,Present
SYN-DM-03116,138.7,103.7,Elevated,79.06,56.08,178.63,125.11,No,No,Absent
SYN-DM-03117,101.2,100.43,Unknown,81.56,115.12,162.74,74.84,No,Yes,Unknown
SYN-DM-03118,146.7,66.14,Elevated,97.91,59.66,167.46,109.62,No,No,Absent
SYN-DM-03119,93.0,88.16,Elevated,78.05,86.7,174.65,85.03,No,Yes,Present
SYN-DM-03120,107.5,70.81,Elevated,91.56,102.83,154.35,93.55,Yes,No,Present
SYN-DM-03121,138.7,103.6,Unknown,61.48,65.41,181.11,117.22,No,Yes,Absent
SYN-DM-03122,158.0,93.95,Unknown,97.49,82.78,181.27,118.54,Yes,Yes,Unknown
SYN-DM-03123,104.8,75.28,Controlled,100.27,77.12,180.31,119.49,Yes,No,Absent
SYN-DM-03124,109.3,72.83,Controlled,92.73,73.28,185.55,125.28,Yes,Yes,Present
SYN-DM-03125,137.1,73.19,Unknown,88.54,60.89,161.07,110.65,Yes,No,Present
SYN-DM-03126,172.2,93.73,Unknown,102.81,69.66,184.92,103.14,No,Yes,Absent
SYN-DM-03127,124.2,74.99,Unknown,89.16,94.42,162.05,103.52,Yes,Yes,Present
SYN-DM-03128,156.3,84.76,Controlled,70.21,71.12,174.63,111.43,No,Yes,Absent
SYN-DM-03129,107.6,64.84,Controlled,79.93,77.2,163.04,120.19,Yes,No,Unknown
SYN-DM-03130,115.8,98.8,Controlled,69.58,72.61,170.27,88.58,Yes,Yes,Absent
SYN-DM-03131,151.4,78.96,Unknown,73.85,68.24,158.55,80.58,Yes,No,Present
SYN-DM-03132,133.6,95.09,Controlled,76.23,64.6,178.28,103.05,Yes,Yes,Unknown
SYN-DM-03133,151.0,66.89,Elevated,75.46,107.57,153.7,74.68,No,Yes,Unknown
SYN-DM-03134,105.6,69.05,Elevated,72.84,62.21,182.24,123.24,No,No,Unknown
SYN-DM-03135,151.6,77.18,Controlled,72.75,107.99,153.84,118.02,Yes,Yes,Unknown
SYN-DM-03136,123.4,67.54,Unknown,58.56,96.39,158.03,111.62,Yes,Yes,Unknown
SYN-DM-03137,155.9,84.99,Unknown,78.53,103.1,172.69,76.52,No,No,Absent
SYN-DM-03138,150.1,69.93,Controlled,91.64,69.33,189.86,90.38,Yes,No,Absent
SYN-DM-03139,144.7,77.43,Controlled,101.11,97.27,159.61,114.01,No,No,Absent
SYN-DM-03140,117.3,86.95,Controlled,100.19,83.36,159.55,73.98,Yes,Yes,Unknown
SYN-DM-03141,120.2,69.71,Unknown,102.13,103.66,168.83,87.45,No,Yes,Absent
SYN-DM-03142,120.5,65.84,Elevated,96.06,116.6,158.75,81.88,No,No,Present
SYN-DM-03143,123.7,75.61,Elevated,97.06,71.39,160.88,72.3,Yes,No,Present
SYN-DM-03144,90,92.73,Elevated,76.84,58.41,181.89,85.37,Yes,Yes,Absent
SYN-DM-03145,129.1,76.96,Controlled,64.4,106.61,161.87,118.46,Yes,Yes,Absent
SYN-DM-03146,123.3,75.52,Unknown,91.23,115.24,160.8,75.19,No,Yes,Unknown
SYN-DM-03147,136.9,84.47,Elevated,61.04,56.27,178.55,122.65,No,Yes,Unknown
SYN-DM-03148,146.8,90.42,Controlled,59.41,68.66,167.84,116.04,Yes,No,Present
SYN-DM-03149,90,80.46,Elevated,90.79,55.73,187.23,114.0,No,Yes,Unknown
SYN-DM-03150,164.9,98.8,Controlled,95.87,88.11,160.77,96.57,No,Yes,Absent
SYN-DM-03151,143.2,81.32,Unknown,102.77,70.61,158.1,118.43,No,Yes,Present
SYN-DM-03152,129.4,94.91,Elevated,102.38,76.24,153.55,82.23,Yes,Yes,Unknown
SYN-DM-03153,140.7,92.35,Controlled,96.85,92.54,176.32,106.7,Yes,No,Present
SYN-DM-03154,130.8,74.82,Unknown,64.37,73.36,170.94,102.14,Yes,Yes,Unknown
SYN-DM-03155,118.5,76.69,Controlled,97.01,87.97,161.26,89.98,No,No,Absent
SYN-DM-03156,123.3,77.19,Elevated,83.04,111.89,178.83,118.27,Yes,No,Present
SYN-DM-03157,113.9,65.59,Elevated,72.49,114.9,180.19,81.44,Yes,Yes,Present
SYN-DM-03158,116.8,65.32,Unknown,101.74,65.9,157.07,122.03,No,Yes,Unknown
SYN-DM-03159,118.0,66.37,Controlled,82.99,75.62,168.11,88.0,Yes,Yes,Present
SYN-DM-03160,107.7,85.17,Controlled,58.95,91.17,164.93,120.3,No,No,Unknown
SYN-DM-03161,138.5,72.83,Unknown,58.52,76.74,169.02,87.68,No,No,Present
SYN-DM-03162,128.4,88.22,Controlled,78.38,65.68,176.65,119.1,No,No,Absent
SYN-DM-03163,126.9,90.74,Elevated,77.67,76.39,162.18,74.41,No,No,Absent
SYN-DM-03164,153.6,86.45,Unknown,94.44,54.52,154.77,109.91,Yes,No,Present
SYN-DM-03165,124.6,92.19,Unknown,87.9,70.72,180.37,100.83,Yes,No,Unknown
SYN-DM-03166,105.2,92.71,Elevated,77.82,93.12,179.93,111.83,Yes,No,Absent
SYN-DM-03167,159.6,73.66,Elevated,79.1,65.69,180.68,115.47,No,No,Present
SYN-DM-03168,130.7,82.51,Elevated,85.57,106.83,181.74,90.05,Yes,Yes,Absent
SYN-DM-03169,116.8,102.84,Unknown,79.78,113.56,158.79,94.63,No,No,Unknown
SYN-DM-03170,134.5,84.21,Unknown,75.8,64.05,158.88,104.2,No,No,Unknown
SYN-DM-03171,139.3,89.09,Controlled,69.06,67.34,152.33,74.22,Yes,Yes,Absent
SYN-DM-03172,117.8,74.08,Controlled,85.59,84.92,183.53,112.48,No,No,Present
SYN-DM-03173,146.3,80.91,Elevated,86.36,59.48,164.05,99.5,Yes,Yes,Unknown
SYN-DM-03174,155.2,102.97,Elevated,90.59,88.55,168.87,78.35,Yes,No,Present
SYN-DM-03175,127.0,78.04,Controlled,61.05,81.53,187.21,77.38,No,No,Unknown
SYN-DM-03176,170.8,102.73,Elevated,100.52,65.16,155.87,94.37,Yes,No,Unknown
SYN-DM-03177,104.0,68.89,Elevated,62.65,58.24,165.65,91.74,No,Yes,Absent
SYN-DM-03178,131.1,67.36,Controlled,77.04,79.56,162.62,79.52,No,Yes,Unknown
SYN-DM-03179,135.7,99.34,Elevated,65.68,54.32,154.46,95.79,No,Yes,Unknown
SYN-DM-03180,105.7,84.37,Elevated,65.13,75.68,175.88,74.49,No,No,Present
SYN-DM-03181,113.3,67.0,Unknown,73.31,96.35,178.15,92.93,Yes,No,Absent
SYN-DM-03182,143.1,85.69,Unknown,78.61,98.11,171.49,84.59,Yes,Yes,Absent
SYN-DM-03183,128.1,98.48,Controlled,102.93,100.0,184.91,80.68,No,No,Unknown
SYN-DM-03184,102.2,69.96,Controlled,78.22,71.98,167.24,91.11,No,No,Absent
SYN-DM-03185,103.0,80.89,Unknown,62.59,90.96,152.3,89.06,Yes,Yes,Present
SYN-DM-03186,115.0,69.34,Elevated,90.07,110.79,154.29,106.92,No,No,Absent
SYN-DM-03187,129.3,79.09,Unknown,68.92,83.32,161.74,98.12,No,No,Present
SYN-DM-03188,140.3,75.97,Elevated,92.17,82.99,154.39,121.5,No,Yes,Unknown
SYN-DM-03189,116.2,82.16,Controlled,83.23,81.66,171.67,125.19,Yes,No,Absent
SYN-DM-03190,133.9,65.08,Unknown,101.55,100.84,158.75,111.31,No,Yes,Present
SYN-DM-03191,134.8,92.66,Unknown,101.13,78.16,168.15,125.96,No,No,Unknown
SYN-DM-03192,146.4,87.72,Unknown,76.13,75.2,165.22,73.93,Yes,No,Present
SYN-DM-03193,148.2,72.39,Unknown,61.93,106.47,163.78,113.29,No,Yes,Present
SYN-DM-03194,149.8,78.8,Elevated,61.81,107.75,183.75,87.06,No,Yes,Present
SYN-DM-03195,135.0,79.78,Controlled,63.29,81.35,157.29,115.77,Yes,Yes,Unknown
SYN-DM-03196,125.2,65.47,Controlled,98.82,102.09,164.22,105.89,No,Yes,Unknown
SYN-DM-03197,136.4,64.06,Controlled,84.77,66.64,181.41,121.89,No,Yes,Absent
SYN-DM-03198,112.4,65.74,Controlled,100.67,95.13,152.17,94.56,No,No,Present
SYN-DM-03199,141.3,79.81,Controlled,83.33,54.24,175.71,80.21,Yes,No,Present
SYN-DM-03200,107.4,64.23,Controlled,90.82,107.21,162.67,112.17,Yes,Yes,Unknown
SYN-DM-03201,128.4,69.1,Unknown,85.48,99.23,165.64,86.88,No,Yes,Unknown
SYN-DM-03202,180.2,83.95,Elevated,75.1,106.34,178.01,121.63,Yes,Yes,Absent
SYN-DM-03203,154.0,82.62,Elevated,92.44,81.1,165.45,96.46,Yes,Yes,Absent
SYN-DM-03204,125.5,98.56,Controlled,64.6,84.01,180.37,101.98,No,No,Present
SYN-DM-03205,134.4,90.85,Elevated,92.38,87.69,153.4,115.28,Yes,Yes,Present
SYN-DM-03206,145.4,78.6,Elevated,81.6,82.87,167.08,114.54,No,No,Present
SYN-DM-03207,118.3,72.77,Controlled,96.57,72.01,163.82,106.5,No,Yes,Absent
SYN-DM-03208,146.6,81.62,Elevated,85.36,84.82,180.99,82.0,No,Yes,Absent
SYN-DM-03209,150.3,72.31,Unknown,64.65,110.5,180.55,105.24,Yes,Yes,Absent
SYN-DM-03210,131.3,99.89,Controlled,84.12,56.33,185.14,84.88,No,Yes,Absent
SYN-DM-03211,127.7,66.64,Controlled,59.6,71.32,155.91,83.0,No,Yes,Absent
SYN-DM-03212,140.3,75.18,Controlled,75.17,94.2,168.48,109.41,Yes,Yes,Present
SYN-DM-03213,145.2,89.68,Controlled,68.26,79.28,160.36,89.78,Yes,No,Present
SYN-DM-03214,93.8,88.68,Controlled,76.77,104.31,169.22,104.82,Yes,Yes,Unknown
SYN-DM-03215,147.7,78.67,Unknown,98.64,81.84,183.24,107.53,Yes,Yes,Present
SYN-DM-03216,125.6,90.66,Elevated,90.76,74.83,186.28,78.37,No,Yes,Present
SYN-DM-03217,141.6,69.38,Unknown,65.18,57.35,172.48,85.73,Yes,Yes,Present
SYN-DM-03218,179.7,89.57,Unknown,71.56,65.42,161.97,90.52,Yes,No,Present
SYN-DM-03219,162.5,71.95,Elevated,67.83,56.9,179.59,117.23,No,Yes,Present
SYN-DM-03220,123.1,93.4,Controlled,94.53,83.36,165.55,73.32,Yes,Yes,Present
SYN-DM-03221,121.3,68.27,Unknown,66.08,77.19,173.96,85.25,No,No,Present
SYN-DM-03222,125.4,90.48,Elevated,64.03,56.63,180.34,108.44,Yes,No,Unknown
SYN-DM-03223,135.7,71.39,Elevated,81.02,112.69,185.11,124.39,Yes,No,Unknown
SYN-DM-03224,137.4,64.37,Controlled,85.57,56.43,152.21,111.43,No,No,Present
SYN-DM-03225,159.4,76.03,Unknown,74.51,65.49,163.29,77.63,No,Yes,Present
SYN-DM-03226,118.4,103.28,Elevated,76.91,89.35,183.59,112.74,Yes,Yes,Present
SYN-DM-03227,93.6,81.45,Unknown,64.69,63.38,174.79,95.69,No,Yes,Unknown
SYN-DM-03228,144.6,98.52,Unknown,103.42,99.96,161.66,119.71,Yes,No,Present
SYN-DM-03229,139.2,68.59,Controlled,68.46,74.83,177.77,95.41,Yes,No,Absent
SYN-DM-03230,139.8,98.72,Controlled,79.61,110.95,157.64,85.32,Yes,No,Absent
SYN-DM-03231,127.9,91.2,Elevated,93.56,59.37,175.6,108.04,Yes,No,Unknown
SYN-DM-03232,127.5,103.02,Elevated,99.75,83.81,177.08,81.17,Yes,No,Unknown
SYN-DM-03233,123.8,71.43,Elevated,89.71,86.71,152.87,98.56,Yes,No,Present
SYN-DM-03234,112.5,84.96,Controlled,71.95,94.37,179.44,83.02,No,No,Unknown
SYN-DM-03235,153.2,99.5,Elevated,90.35,70.38,174.79,103.18,Yes,No,Present
SYN-DM-03236,162.4,86.51,Unknown,91.55,84.31,186.54,124.42,Yes,Yes,Present
SYN-DM-03237,167.8,99.34,Controlled,71.25,68.77,187.0,72.51,Yes,No,Present
SYN-DM-03238,156.0,64.81,Elevated,58.24,58.2,185.5,125.36,Yes,Yes,Unknown
SYN-DM-03239,116.9,87.43,Controlled,95.89,99.44,177.45,84.97,No,No,Present
SYN-DM-03240,91.6,71.69,Unknown,81.01,54.94,171.4,114.98,No,Yes,Present
SYN-DM-03241,125.9,73.01,Elevated,84.21,60.33,165.44,88.88,No,No,Absent
SYN-DM-03242,123.6,81.95,Unknown,84.73,100.82,179.53,92.19,Yes,Yes,Present
SYN-DM-03243,134.9,71.92,Controlled,75.1,72.03,165.64,104.67,No,No,Unknown
SYN-DM-03244,147.2,98.19,Unknown,68.25,114.84,184.96,109.13,No,No,Unknown
SYN-DM-03245,118.7,65.45,Controlled,61.08,107.64,175.01,119.12,No,No,Present
SYN-DM-03246,115.4,99.75,Controlled,94.61,91.68,182.71,74.84,No,No,Unknown
SYN-DM-03247,122.9,102.75,Unknown,79.68,69.11,153.39,116.88,Yes,No,Absent
SYN-DM-03248,119.7,94.84,Unknown,69.78,92.48,158.06,98.34,Yes,Yes,Unknown
SYN-DM-03249,118.2,76.12,Unknown,80.54,101.85,170.83,89.44,No,Yes,Unknown
SYN-DM-03250,131.7,86.14,Unknown,65.74,75.21,152.07,111.97,Yes,No,Absent
SYN-DM-03251,142.8,97.0,Unknown,73.88,89.61,173.87,81.89,No,Yes,Unknown
SYN-DM-03252,115.9,89.06,Elevated,58.76,111.82,160.53,82.68,No,No,Absent
SYN-DM-03253,156.7,94.5,Elevated,87.88,56.24,181.55,111.45,Yes,No,Present
SYN-DM-03254,154.0,79.82,Elevated,100.01,105.81,152.44,79.92,No,Yes,Absent
SYN-DM-03255,145.5,89.45,Elevated,93.76,58.06,183.15,80.76,No,Yes,Absent
SYN-DM-03256,119.8,94.66,Unknown,75.57,82.97,160.76,86.57,No,No,Unknown
SYN-DM-03257,130.7,82.9,Unknown,67.36,79.9,171.86,105.33,Yes,No,Absent
SYN-DM-03258,124.7,69.81,Elevated,102.6,85.63,176.97,76.34,Yes,No,Present
SYN-DM-03259,129.9,73.94,Unknown,65.86,85.45,165.36,111.75,Yes,Yes,Unknown
SYN-DM-03260,106.2,78.48,Unknown,78.68,91.42,185.63,111.53,Yes,Yes,Absent
SYN-DM-03261,125.7,96.97,Controlled,85.04,113.91,180.48,111.12,Yes,Yes,Absent
SYN-DM-03262,136.5,81.31,Controlled,91.06,59.47,186.76,76.58,Yes,No,Unknown
SYN-DM-03263,144.1,94.91,Controlled,80.7,112.5,180.94,99.61,Yes,Yes,Unknown
SYN-DM-03264,106.4,92.16,Unknown,99.84,60.48,178.46,84.21,No,Yes,Present
SYN-DM-03265,138.8,86.87,Elevated,101.86,64.7,154.81,101.94,No,Yes,Present
SYN-DM-03266,144.9,75.0,Controlled,87.17,111.79,167.57,111.78,No,No,Present
SYN-DM-03267,133.1,89.25,Elevated,84.15,62.68,174.61,110.87,No,No,Present
SYN-DM-03268,114.1,85.54,Controlled,76.55,82.13,175.51,121.95,Yes,No,Absent
SYN-DM-03269,135.9,67.94,Elevated,99.25,94.32,165.45,106.9,No,Yes,Absent
SYN-DM-03270,113.6,74.13,Unknown,71.51,54.37,154.19,90.07,No,Yes,Unknown
SYN-DM-03271,106.1,68.02,Controlled,75.43,106.44,167.76,80.09,Yes,No,Absent
SYN-DM-03272,126.6,89.97,Unknown,67.41,81.84,167.6,110.47,No,No,Absent
SYN-DM-03273,116.8,92.31,Unknown,69.92,111.71,153.1,94.8,Yes,No,Absent
SYN-DM-03274,131.6,88.65,Elevated,93.3,116.16,181.31,107.6,No,Yes,Unknown
SYN-DM-03275,128.2,96.8,Unknown,78.05,56.61,164.46,77.64,Yes,No,Present
SYN-DM-03276,134.0,99.32,Unknown,102.2,70.99,182.05,109.48,No,No,Absent
SYN-DM-03277,146.9,83.95,Controlled,96.62,106.21,183.29,86.4,No,Yes,Present
SYN-DM-03278,115.4,68.41,Elevated,77.64,64.67,187.26,90.03,No,No,Unknown
SYN-DM-03279,150.2,73.52,Controlled,87.2,67.61,175.96,98.44,No,Yes,Unknown
SYN-DM-03280,146.2,73.0,Elevated,101.08,87.18,154.2,116.2,No,Yes,Present
SYN-DM-03281,112.6,83.41,Elevated,69.64,78.16,168.72,100.46,No,Yes,Absent
SYN-DM-03282,121.2,93.17,Controlled,60.51,84.93,184.58,84.99,Yes,Yes,Present
SYN-DM-03283,157.0,88.03,Controlled,58.27,92.97,157.96,82.43,No,Yes,Absent
SYN-DM-03284,134.7,93.75,Unknown,70.5,64.18,180.67,89.13,No,No,Absent
SYN-DM-03285,107.7,75.45,Unknown,69.03,89.06,152.99,98.11,No,Yes,Absent
SYN-DM-03286,152.2,93.07,Unknown,65.22,66.64,188.45,106.84,Yes,Yes,Absent
SYN-DM-03287,106.7,98.36,Unknown,70.03,66.48,154.37,90.7,No,No,Unknown
SYN-DM-03288,152.0,65.97,Unknown,91.75,103.58,162.76,74.91,Yes,Yes,Unknown
SYN-DM-03289,117.0,86.3,Controlled,85.69,91.97,154.45,89.08,No,Yes,Unknown
SYN-DM-03290,130.2,64.59,Elevated,93.33,93.75,173.78,124.9,Yes,Yes,Absent
SYN-DM-03291,138.0,97.86,Elevated,79.66,110.46,172.91,94.17,No,Yes,Unknown
SYN-DM-03292,139.9,98.01,Unknown,58.3,81.64,173.19,83.47,Yes,Yes,Absent
SYN-DM-03293,113.1,70.0,Elevated,76.16,108.25,187.56,78.52,Yes,Yes,Unknown
SYN-DM-03294,125.6,84.64,Elevated,102.18,65.96,180.54,89.6,Yes,Yes,Absent
SYN-DM-03295,107.2,97.42,Elevated,96.99,90.17,157.08,90.14,Yes,Yes,Unknown
SYN-DM-03296,172.9,76.32,Unknown,83.08,97.43,181.55,86.68,No,Yes,Unknown
SYN-DM-03297,96.3,89.42,Controlled,95.06,112.18,155.7,104.76,No,Yes,Absent
SYN-DM-03298,128.4,74.74,Elevated,67.58,104.94,162.95,104.97,Yes,No,Absent
SYN-DM-03299,132.4,65.1,Unknown,70.38,82.07,157.18,95.93,No,Yes,Present
SYN-DM-03300,131.3,90.54,Elevated,79.03,94.16,159.23,85.53,Yes,No,Absent
SYN-DM-03301,127.2,99.29,Unknown,60.99,74.06,158.76,119.99,Yes,Yes,Absent
SYN-DM-03302,116.8,103.08,Elevated,61.09,66.73,158.94,79.89,Yes,Yes,Present
SYN-DM-03303,93.5,100.38,Controlled,93.21,86.71,154.29,90.67,No,Yes,Absent
SYN-DM-03304,134.5,86.56,Elevated,81.82,86.94,181.24,117.55,Yes,No,Present
SYN-DM-03305,118.6,75.1,Controlled,60.07,84.64,178.06,77.24,Yes,Yes,Absent
SYN-DM-03306,118.1,95.29,Elevated,82.42,99.6,179.32,73.77,No,Yes,Present
SYN-DM-03307,126.7,73.59,Controlled,84.16,62.73,183.76,98.89,No,Yes,Absent
SYN-DM-03308,130.3,80.3,Unknown,94.61,80.32,152.17,96.1,Yes,No,Present
SYN-DM-03309,117.1,76.15,Unknown,70.39,91.46,177.83,73.9,No,Yes,Unknown
SYN-DM-03310,159.2,67.5,Unknown,81.85,87.77,164.28,89.33,No,Yes,Absent
SYN-DM-03311,103.5,90.04,Controlled,59.87,112.02,177.38,118.32,No,No,Unknown
SYN-DM-03312,117.4,73.08,Elevated,60.39,97.56,179.44,124.73,Yes,Yes,Unknown
SYN-DM-03313,120.5,70.39,Unknown,65.92,55.05,166.71,124.11,No,No,Present
SYN-DM-03314,127.7,84.68,Unknown,84.12,117.42,171.08,96.52,No,No,Unknown
SYN-DM-03315,119.1,101.57,Elevated,85.81,89.1,173.81,113.21,No,Yes,Present
SYN-DM-03316,138.8,69.2,Unknown,72.45,91.74,158.73,76.34,Yes,No,Unknown
SYN-DM-03317,138.9,83.19,Unknown,97.06,60.24,187.18,123.6,Yes,No,Absent
SYN-DM-03318,159.1,77.46,Unknown,71.8,72.32,157.76,91.2,Yes,Yes,Unknown
SYN-DM-03319,115.5,89.35,Elevated,67.1,58.02,164.9,113.58,No,No,Present
SYN-DM-03320,121.2,76.65,Controlled,101.31,87.55,173.69,117.64,Yes,Yes,Unknown
SYN-DM-03321,102.4,97.99,Unknown,58.13,86.31,186.3,76.81,Yes,Yes,Unknown
SYN-DM-03322,131.3,95.88,Unknown,88.81,98.2,178.23,74.51,No,No,Unknown
SYN-DM-03323,140.7,79.09,Unknown,71.95,85.38,162.03,84.3,Yes,Yes,Unknown
SYN-DM-03324,172.2,73.88,Elevated,60.37,72.19,189.71,100.43,Yes,No,Absent
SYN-DM-03325,126.7,73.16,Elevated,66.07,100.76,153.43,115.39,No,Yes,Absent
SYN-DM-03326,151.2,95.78,Elevated,70.56,103.19,175.36,109.77,No,Yes,Absent
SYN-DM-03327,127.9,82.95,Unknown,60.32,110.1,188.48,116.42,No,No,Present
SYN-DM-03328,152.4,89.53,Elevated,65.99,91.29,153.06,118.93,No,No,Absent
SYN-DM-03329,120.2,88.34,Unknown,85.69,81.43,165.25,85.78,No,No,Present
SYN-DM-03330,90,85.23,Controlled,76.35,71.45,168.69,87.04,No,Yes,Unknown
SYN-DM-03331,111.9,89.46,Unknown,62.75,99.07,187.02,108.2,No,No,Unknown
SYN-DM-03332,138.9,83.06,Controlled,98.65,76.06,168.78,86.7,No,No,Unknown
SYN-DM-03333,156.8,72.87,Unknown,91.88,59.92,182.44,116.68,Yes,Yes,Unknown
SYN-DM-03334,134.2,87.33,Elevated,70.72,114.63,168.7,108.13,Yes,Yes,Present
SYN-DM-03335,111.6,93.38,Unknown,60.91,86.08,179.88,107.3,No,Yes,Absent
SYN-DM-03336,134.7,102.56,Controlled,69.36,104.15,163.29,99.83,No,Yes,Present
SYN-DM-03337,147.0,93.24,Unknown,88.41,113.17,162.14,88.6,No,No,Unknown
SYN-DM-03338,109.0,72.13,Controlled,77.5,77.86,184.43,109.44,Yes,Yes,Present
SYN-DM-03339,109.4,68.68,Elevated,92.39,67.35,155.75,113.74,Yes,No,Unknown
SYN-DM-03340,91.6,89.29,Elevated,72.23,114.68,168.93,105.8,No,No,Absent
SYN-DM-03341,97.5,91.43,Elevated,84.65,102.96,183.99,110.63,No,Yes,Present
SYN-DM-03342,129.8,82.56,Elevated,82.04,114.65,169.82,97.83,Yes,No,Present
SYN-DM-03343,132.3,96.4,Unknown,74.19,106.65,181.25,125.22,Yes,No,Present
SYN-DM-03344,121.5,91.45,Controlled,69.1,87.87,186.23,100.28,No,No,Present
SYN-DM-03345,136.7,83.55,Elevated,96.28,83.66,178.83,123.1,Yes,No,Absent
SYN-DM-03346,127.4,94.94,Elevated,74.86,67.96,173.6,111.35,No,No,Absent
SYN-DM-03347,139.5,69.93,Controlled,91.73,71.69,181.49,86.72,Yes,Yes,Absent
SYN-DM-03348,121.0,79.85,Controlled,96.62,88.07,184.7,116.13,No,Yes,Absent
SYN-DM-03349,122.4,77.06,Unknown,91.8,117.48,189.89,115.7,No,Yes,Unknown
SYN-DM-03350,127.3,65.04,Elevated,91.52,108.33,160.16,73.25,No,No,Present
SYN-DM-03351,151.9,102.65,Elevated,90.44,92.11,153.52,98.21,Yes,Yes,Present
SYN-DM-03352,109.6,98.06,Elevated,98.64,89.22,184.95,116.81,No,Yes,Absent
SYN-DM-03353,186.7,84.6,Unknown,58.84,104.34,181.17,89.65,Yes,No,Unknown
SYN-DM-03354,115.8,94.44,Elevated,91.33,65.89,152.37,79.92,Yes,No,Present
SYN-DM-03355,109.0,92.52,Controlled,99.55,115.34,189.01,114.07,No,Yes,Absent
SYN-DM-03356,90.0,101.97,Unknown,97.59,107.69,182.22,109.68,Yes,Yes,Unknown
SYN-DM-03357,154.0,95.7,Unknown,77.94,74.71,166.01,120.67,Yes,Yes,Present
SYN-DM-03358,111.6,83.4,Controlled,67.27,87.27,168.5,79.49,Yes,Yes,Absent
SYN-DM-03359,133.4,74.5,Controlled,68.16,69.27,167.2,122.53,Yes,Yes,Present
SYN-DM-03360,128.9,68.11,Elevated,81.58,104.46,167.96,118.08,No,No,Present
SYN-DM-03361,117.1,72.1,Controlled,81.34,75.99,187.29,99.31,Yes,No,Unknown
SYN-DM-03362,166.5,67.5,Elevated,89.24,98.85,179.3,112.22,No,No,Unknown
SYN-DM-03363,130.8,100.58,Elevated,83.97,66.47,159.07,101.45,No,No,Absent
SYN-DM-03364,110.8,90.2,Controlled,68.38,59.41,188.02,112.79,No,No,Present
SYN-DM-03365,100.6,80.23,Unknown,69.91,96.05,183.67,125.01,Yes,No,Absent
SYN-DM-03366,110.2,72.1,Controlled,77.54,93.63,156.31,110.18,Yes,No,Unknown
SYN-DM-03367,110.8,99.41,Elevated,61.85,95.55,164.71,86.68,No,No,Present
SYN-DM-03368,134.0,83.41,Elevated,63.1,100.35,187.31,80.55,No,Yes,Unknown
SYN-DM-03369,169.6,92.41,Elevated,97.79,66.19,188.06,96.8,Yes,Yes,Absent
SYN-DM-03370,140.4,64.1,Controlled,68.59,114.23,168.47,92.97,Yes,Yes,Absent
SYN-DM-03371,127.5,83.79,Unknown,87.52,64.33,158.52,94.33,No,Yes,Absent
SYN-DM-03372,97.8,83.88,Elevated,83.73,79.08,154.96,78.58,No,No,Unknown
SYN-DM-03373,148.5,75.35,Unknown,98.22,56.51,189.03,122.91,No,No,Absent
SYN-DM-03374,103.7,70.84,Controlled,60.43,91.03,177.22,101.88,Yes,No,Present
SYN-DM-03375,140.1,90.21,Unknown,59.12,72.54,171.63,77.21,No,Yes,Absent
SYN-DM-03376,128.9,74.89,Controlled,64.5,99.98,179.44,80.99,No,No,Present
SYN-DM-03377,123.5,102.6,Unknown,68.27,114.64,167.11,121.29,Yes,No,Unknown
SYN-DM-03378,139.5,78.8,Elevated,92.8,90.13,181.53,89.26,No,Yes,Present
SYN-DM-03379,113.1,97.02,Unknown,61.91,106.49,187.79,73.95,Yes,No,Present
SYN-DM-03380,127.3,70.4,Controlled,72.61,62.12,170.35,103.61,Yes,No,Absent
SYN-DM-03381,126.4,73.86,Controlled,87.74,79.6,169.44,73.68,No,Yes,Present
SYN-DM-03382,124.3,69.45,Elevated,103.36,112.6,184.67,124.79,No,Yes,Absent
SYN-DM-03383,150.3,99.49,Elevated,101.81,108.62,178.63,107.62,Yes,Yes,Unknown
SYN-DM-03384,151.3,98.6,Controlled,67.04,95.82,175.48,104.77,Yes,No,Unknown
SYN-DM-03385,123.9,93.3,Controlled,82.42,77.36,152.71,117.11,Yes,No,Absent
SYN-DM-03386,142.0,67.0,Unknown,64.15,73.8,166.35,109.62,No,Yes,Present
SYN-DM-03387,109.0,101.79,Unknown,82.39,88.67,164.43,89.08,No,Yes,Present
SYN-DM-03388,119.4,72.05,Elevated,68.57,97.58,167.49,105.99,Yes,Yes,Unknown
SYN-DM-03389,156.7,66.48,Elevated,60.5,81.9,177.5,75.99,Yes,Yes,Present
SYN-DM-03390,107.7,100.59,Controlled,63.77,70.57,176.14,96.67,Yes,No,Absent
SYN-DM-03391,106.2,75.64,Unknown,95.48,85.7,184.9,117.8,Yes,No,Unknown
SYN-DM-03392,128.6,86.38,Unknown,69.55,109.46,160.24,75.59,Yes,No,Absent
SYN-DM-03393,131.4,86.36,Elevated,84.7,79.06,177.73,81.88,No,Yes,Present
SYN-DM-03394,131.7,71.16,Unknown,61.22,85.01,165.22,119.73,Yes,No,Absent
SYN-DM-03395,127.6,78.83,Controlled,100.58,97.56,156.5,103.45,No,Yes,Unknown
SYN-DM-03396,111.9,95.37,Unknown,91.93,71.72,176.36,117.62,Yes,No,Unknown
SYN-DM-03397,128.2,82.85,Unknown,75.7,66.63,189.69,86.45,Yes,Yes,Absent
SYN-DM-03398,108.9,94.8,Controlled,74.12,117.65,158.31,115.9,Yes,Yes,Present
SYN-DM-03399,103.8,88.73,Elevated,65.9,91.9,178.78,89.61,Yes,Yes,Unknown
SYN-DM-03400,187.8,82.2,Elevated,77.74,69.53,168.68,110.37,Yes,Yes,Absent
SYN-DM-03401,155.4,86.3,Elevated,100.45,116.49,187.29,106.43,Yes,Yes,Unknown
SYN-DM-03402,150.2,65.21,Unknown,91.11,78.68,161.89,107.26,Yes,Yes,Absent
SYN-DM-03403,134.9,69.23,Unknown,103.95,71.7,182.3,113.69,Yes,No,Present
SYN-DM-03404,123.8,81.12,Controlled,89.72,87.53,154.31,116.1,No,Yes,Present
SYN-DM-03405,132.4,78.85,Unknown,60.83,69.33,172.22,124.02,No,Yes,Present
SYN-DM-03406,134.2,88.36,Unknown,102.71,101.22,187.02,125.79,No,No,Absent
SYN-DM-03407,108.5,78.72,Elevated,95.26,59.57,164.31,98.85,Yes,No,Absent
SYN-DM-03408,156.1,73.88,Elevated,69.0,57.94,155.7,93.19,No,Yes,Present
SYN-DM-03409,128.7,82.37,Elevated,62.75,90.89,165.75,113.71,No,No,Present
SYN-DM-03410,124.3,88.68,Elevated,81.61,108.55,159.43,97.99,No,No,Unknown
SYN-DM-03411,124.0,99.98,Unknown,86.98,72.44,157.38,76.42,No,No,Absent
SYN-DM-03412,135.2,70.85,Unknown,83.79,106.59,155.35,91.14,No,No,Unknown
SYN-DM-03413,111.2,91.93,Elevated,69.4,109.43,157.38,72.05,Yes,No,Unknown
SYN-DM-03414,146.9,79.47,Elevated,83.56,64.75,181.64,78.25,No,No,Absent
SYN-DM-03415,90,87.5,Unknown,65.02,86.76,160.03,73.89,Yes,No,Unknown
SYN-DM-03416,155.3,101.03,Elevated,65.31,115.44,179.78,91.6,Yes,Yes,Unknown
SYN-DM-03417,150.5,98.85,Elevated,62.61,102.52,167.61,79.5,No,Yes,Absent
SYN-DM-03418,106.5,66.28,Unknown,73.83,83.69,157.54,125.83,Yes,No,Present
SYN-DM-03419,146.3,92.33,Controlled,99.54,93.06,156.91,99.32,Yes,No,Present
SYN-DM-03420,139.2,79.0,Elevated,61.67,107.11,157.28,102.5,Yes,Yes,Unknown
SYN-DM-03421,138.7,97.52,Unknown,91.39,57.57,161.42,124.38,No,Yes,Absent
SYN-DM-03422,142.2,89.28,Controlled,73.68,117.49,160.86,109.82,No,No,Present
SYN-DM-03423,101.8,100.62,Elevated,59.78,94.42,179.8,90.5,No,Yes,Absent
SYN-DM-03424,127.1,72.78,Elevated,68.08,101.79,160.65,79.84,Yes,No,Unknown
SYN-DM-03425,110.3,90.3,Controlled,81.42,115.98,171.9,117.48,No,No,Absent
SYN-DM-03426,169.9,83.18,Controlled,76.18,57.67,179.11,111.83,Yes,No,Absent
SYN-DM-03427,132.4,80.51,Controlled,60.47,115.3,164.03,104.21,Yes,No,Present
SYN-DM-03428,101.7,101.2,Controlled,58.27,84.5,166.68,123.55,No,Yes,Present
SYN-DM-03429,126.7,68.4,Controlled,76.29,117.56,160.87,78.8,Yes,Yes,Absent
SYN-DM-03430,144.4,90.45,Controlled,91.3,99.23,189.39,124.88,No,No,Present
SYN-DM-03431,132.9,69.31,Unknown,80.32,90.85,185.71,122.7,No,Yes,Absent
SYN-DM-03432,165.6,66.45,Elevated,83.29,90.92,162.43,103.44,No,No,Absent
SYN-DM-03433,108.7,68.59,Elevated,99.02,76.87,177.63,79.25,Yes,Yes,Absent
SYN-DM-03434,163.5,74.42,Controlled,93.84,90.64,170.61,107.2,Yes,No,Unknown
SYN-DM-03435,160.2,66.85,Controlled,84.81,70.99,164.69,91.13,Yes,No,Absent
SYN-DM-03436,147.1,96.87,Elevated,72.49,80.99,184.73,101.42,No,Yes,Present
SYN-DM-03437,132.4,69.09,Elevated,97.2,59.43,175.54,108.26,Yes,Yes,Present
SYN-DM-03438,104.5,96.29,Unknown,97.64,90.57,155.89,89.46,No,Yes,Present
SYN-DM-03439,141.0,72.35,Elevated,73.38,56.18,176.15,88.41,No,Yes,Present
SYN-DM-03440,161.4,96.37,Unknown,90.54,86.5,164.24,117.19,Yes,No,Unknown
SYN-DM-03441,108.2,79.99,Unknown,78.59,57.89,184.28,93.12,No,Yes,Unknown
SYN-DM-03442,121.6,84.65,Elevated,60.72,70.34,163.7,90.56,Yes,No,Present
SYN-DM-03443,179.2,75.31,Elevated,90.46,105.22,181.49,113.94,No,No,Present
SYN-DM-03444,145.8,68.61,Elevated,97.7,111.87,181.91,106.88,No,Yes,Absent
SYN-DM-03445,133.0,66.92,Unknown,94.41,113.41,162.57,91.03,Yes,Yes,Absent
SYN-DM-03446,105.0,66.74,Unknown,89.27,117.07,174.01,80.32,No,Yes,Absent
SYN-DM-03447,132.3,100.55,Controlled,79.89,110.03,175.26,114.12,Yes,No,Absent
SYN-DM-03448,118.2,83.58,Elevated,58.56,95.0,164.78,125.32,No,Yes,Absent
SYN-DM-03449,173.6,72.72,Unknown,98.48,95.24,175.67,85.46,Yes,Yes,Absent
SYN-DM-03450,119.7,91.07,Unknown,97.2,82.2,172.64,125.52,No,Yes,Unknown
SYN-DM-03451,147.7,75.34,Elevated,101.24,85.62,183.1,79.0,No,Yes,Unknown
SYN-DM-03452,127.5,103.77,Controlled,72.55,64.32,181.85,90.75,Yes,Yes,Present
SYN-DM-03453,121.6,83.7,Unknown,72.32,82.56,188.17,86.26,Yes,No,Present
SYN-DM-03454,148.9,95.41,Unknown,83.06,64.03,169.41,86.07,No,No,Unknown
SYN-DM-03455,120.7,90.75,Controlled,89.89,103.06,181.57,107.62,Yes,No,Present
SYN-DM-03456,143.9,87.29,Unknown,92.3,83.55,175.9,80.1,Yes,No,Absent
SYN-DM-03457,139.9,81.13,Elevated,71.15,61.06,181.61,72.25,Yes,No,Absent
SYN-DM-03458,131.9,72.91,Elevated,78.42,93.41,156.83,114.48,No,No,Unknown
SYN-DM-03459,139.9,75.91,Controlled,83.42,55.69,161.88,75.81,Yes,No,Present
SYN-DM-03460,130.4,87.72,Unknown,88.89,113.43,164.62,80.51,Yes,Yes,Absent
SYN-DM-03461,111.8,75.39,Elevated,89.19,71.34,171.42,83.24,No,No,Unknown
SYN-DM-03462,98.4,93.54,Controlled,62.68,61.75,187.54,97.86,Yes,Yes,Unknown
SYN-DM-03463,145.2,77.77,Unknown,101.75,110.67,166.45,103.23,Yes,No,Absent
SYN-DM-03464,148.0,88.31,Unknown,78.69,114.03,180.39,99.94,Yes,Yes,Present
SYN-DM-03465,125.4,76.11,Elevated,84.61,69.34,154.73,91.21,No,Yes,Absent
SYN-DM-03466,148.4,83.98,Controlled,87.79,106.08,174.52,122.5,No,Yes,Present
SYN-DM-03467,155.4,79.81,Elevated,64.88,75.18,157.55,114.45,No,No,Present
SYN-DM-03468,150.8,83.94,Controlled,67.61,105.62,154.15,88.52,No,Yes,Unknown
SYN-DM-03469,130.3,92.48,Unknown,94.33,84.0,179.3,113.24,No,No,Absent
SYN-DM-03470,128.2,66.05,Unknown,83.75,64.9,184.12,116.66,No,No,Unknown
SYN-DM-03471,116.8,90.01,Controlled,68.92,112.24,161.8,88.4,No,Yes,Present
SYN-DM-03472,90,70.55,Controlled,74.36,113.27,178.48,106.97,Yes,No,Absent
SYN-DM-03473,142.1,75.38,Controlled,66.03,115.09,152.45,87.94,Yes,Yes,Absent
SYN-DM-03474,162.2,98.95,Elevated,92.7,60.78,164.63,106.09,No,No,Present
SYN-DM-03475,128.7,75.33,Controlled,103.3,102.06,182.62,97.16,Yes,No,Unknown
SYN-DM-03476,139.7,70.46,Unknown,69.75,97.8,162.48,123.64,Yes,No,Present
SYN-DM-03477,133.8,70.4,Unknown,83.58,75.61,170.68,102.25,No,Yes,Present
SYN-DM-03478,160.1,96.9,Unknown,94.42,60.96,180.45,110.18,Yes,Yes,Absent
SYN-DM-03479,156.7,77.5,Unknown,84.59,80.77,175.51,98.29,No,No,Absent
SYN-DM-03480,130.6,81.93,Elevated,78.25,72.87,175.05,79.61,No,Yes,Present
SYN-DM-03481,128.8,72.95,Controlled,59.41,104.51,155.66,115.38,Yes,No,Present
SYN-DM-03482,125.8,85.59,Controlled,70.8,115.75,162.53,85.06,Yes,Yes,Unknown
SYN-DM-03483,103.7,97.69,Controlled,73.92,97.44,176.51,122.9,Yes,Yes,Absent
SYN-DM-03484,149.8,94.08,Unknown,61.22,72.89,158.78,88.47,Yes,Yes,Absent
SYN-DM-03485,134.8,92.49,Elevated,89.12,117.73,174.24,100.6,Yes,Yes,Unknown
SYN-DM-03486,139.2,89.24,Unknown,81.57,90.14,156.09,119.0,Yes,No,Present
SYN-DM-03487,124.1,93.04,Controlled,102.63,78.08,178.8,110.02,Yes,Yes,Absent
SYN-DM-03488,115.8,69.56,Controlled,96.0,75.61,163.69,125.18,No,Yes,Unknown
SYN-DM-03489,90,77.6,Elevated,103.6,57.69,160.47,124.4,Yes,No,Present
SYN-DM-03490,163.4,78.79,Unknown,83.9,76.57,152.59,100.55,No,Yes,Present
SYN-DM-03491,138.4,67.67,Elevated,93.98,80.94,179.04,123.03,Yes,No,Unknown
SYN-DM-03492,118.1,85.94,Unknown,65.93,57.56,173.89,122.48,Yes,Yes,Present
SYN-DM-03493,145.5,67.17,Controlled,96.82,110.44,153.53,97.66,Yes,No,Absent
SYN-DM-03494,118.4,75.04,Controlled,101.9,105.38,187.37,100.2,No,No,Unknown
SYN-DM-03495,161.6,100.99,Controlled,86.51,58.89,171.93,114.61,No,Yes,Absent
SYN-DM-03496,144.6,85.76,Controlled,101.95,82.08,188.9,104.69,Yes,No,Unknown
SYN-DM-03497,114.6,92.92,Elevated,102.98,79.59,174.94,120.81,No,Yes,Absent
SYN-DM-03498,150.0,69.67,Controlled,69.73,107.44,172.97,120.55,No,Yes,Absent
SYN-DM-03499,138.9,103.91,Elevated,75.96,80.24,170.63,92.02,Yes,Yes,Present
SYN-DM-03500,118.9,66.12,Unknown,74.83,94.99,168.13,106.1,No,Yes,Unknown
SYN-DM-03501,156.7,99.72,Elevated,95.39,59.22,156.38,107.52,No,No,Absent
SYN-DM-03502,155.3,64.84,Unknown,85.95,55.03,170.33,74.97,Yes,Yes,Present
SYN-DM-03503,121.5,87.69,Controlled,103.0,99.6,181.91,79.23,No,No,Present
SYN-DM-03504,138.8,68.61,Unknown,79.5,83.93,155.44,92.8,No,No,Absent
SYN-DM-03505,127.3,71.53,Controlled,82.91,102.44,158.33,120.25,No,No,Present
SYN-DM-03506,118.8,64.25,Unknown,91.3,88.23,163.01,108.29,Yes,No,Present
SYN-DM-03507,124.4,85.15,Unknown,86.56,93.37,182.74,106.11,Yes,Yes,Present
SYN-DM-03508,127.6,90.73,Elevated,70.75,117.99,176.87,103.08,No,No,Unknown
SYN-DM-03509,117.6,75.12,Elevated,89.0,77.73,166.29,119.39,No,No,Absent
SYN-DM-03510,132.0,102.02,Elevated,91.64,60.53,174.8,105.86,No,No,Absent
SYN-DM-03511,131.2,80.01,Controlled,59.63,58.92,157.27,109.15,Yes,Yes,Present
SYN-DM-03512,91.8,84.7,Controlled,81.27,69.29,187.76,102.47,Yes,Yes,Absent
SYN-DM-03513,133.1,81.48,Controlled,90.16,66.77,181.94,117.09,Yes,Yes,Present
SYN-DM-03514,103.1,87.28,Controlled,62.02,67.1,168.45,111.83,Yes,No,Present
SYN-DM-03515,112.1,88.06,Controlled,79.11,100.48,184.71,119.96,No,No,Present
SYN-DM-03516,143.3,98.35,Elevated,77.02,63.43,187.88,111.89,No,No,Absent
SYN-DM-03517,140.7,96.61,Controlled,60.26,90.67,154.16,115.34,No,Yes,Absent
SYN-DM-03518,106.2,64.4,Controlled,85.13,70.18,189.93,122.17,Yes,No,Absent
SYN-DM-03519,108.9,81.53,Controlled,68.0,61.07,172.49,123.57,Yes,No,Unknown
SYN-DM-03520,111.2,64.58,Controlled,91.91,81.64,162.26,122.04,No,No,Absent
SYN-DM-03521,127.1,93.34,Elevated,89.54,88.66,187.23,98.91,No,Yes,Present
SYN-DM-03522,150.3,93.48,Controlled,68.95,64.56,165.55,81.65,No,Yes,Present
SYN-DM-03523,163.6,99.03,Controlled,100.96,104.52,167.04,104.94,No,Yes,Unknown
SYN-DM-03524,122.0,93.38,Unknown,86.14,71.42,169.0,80.47,Yes,Yes,Absent
SYN-DM-03525,109.1,95.64,Unknown,100.96,86.62,180.68,87.86,Yes,Yes,Present
SYN-DM-03526,119.7,88.47,Controlled,97.4,73.49,187.79,90.97,Yes,Yes,Present
SYN-DM-03527,111.6,79.5,Controlled,69.03,84.79,153.71,103.88,Yes,Yes,Unknown
SYN-DM-03528,132.0,92.97,Unknown,58.73,68.48,156.39,110.88,No,Yes,Present
SYN-DM-03529,137.5,96.11,Elevated,101.29,64.53,163.51,105.49,Yes,Yes,Absent
SYN-DM-03530,101.4,100.89,Controlled,76.55,107.39,160.6,121.94,Yes,No,Absent
SYN-DM-03531,132.7,92.36,Controlled,71.41,98.88,163.16,77.39,No,Yes,Unknown
SYN-DM-03532,116.4,83.31,Unknown,75.65,66.64,177.74,94.4,No,Yes,Present
SYN-DM-03533,161.0,78.79,Elevated,79.64,76.83,162.44,72.46,No,Yes,Present
SYN-DM-03534,138.9,93.93,Elevated,63.31,56.27,152.55,80.58,No,No,Unknown
SYN-DM-03535,107.3,100.69,Controlled,73.14,69.42,165.26,100.16,Yes,No,Present
SYN-DM-03536,152.2,64.29,Elevated,76.68,78.92,177.19,106.18,No,Yes,Unknown
SYN-DM-03537,104.5,97.86,Unknown,102.83,105.32,175.03,118.09,No,Yes,Absent
SYN-DM-03538,123.7,96.31,Controlled,103.48,63.37,188.28,101.6,Yes,Yes,Absent
SYN-DM-03539,119.6,76.58,Controlled,72.16,94.01,173.32,88.31,No,Yes,Present
SYN-DM-03540,146.2,65.74,Elevated,84.09,81.37,156.59,78.59,No,Yes,Absent
SYN-DM-03541,139.1,88.42,Unknown,72.47,94.13,168.79,73.69,No,No,Unknown
SYN-DM-03542,139.2,92.72,Controlled,97.06,109.56,187.71,98.8,Yes,Yes,Unknown
SYN-DM-03543,141.5,69.67,Controlled,63.96,109.93,168.43,116.14,No,No,Present
SYN-DM-03544,117.6,80.46,Controlled,64.78,70.37,171.16,123.21,Yes,No,Unknown
SYN-DM-03545,144.5,80.91,Controlled,58.48,62.44,155.51,116.27,Yes,Yes,Unknown
SYN-DM-03546,132.4,74.2,Unknown,86.04,75.27,162.33,94.0,No,Yes,Absent
SYN-DM-03547,111.4,92.22,Elevated,68.0,57.52,169.58,81.39,No,No,Unknown
SYN-DM-03548,108.9,75.31,Unknown,76.14,97.32,177.83,95.75,Yes,No,Present
SYN-DM-03549,148.0,90.14,Controlled,89.68,99.95,178.76,77.6,Yes,No,Absent
SYN-DM-03550,125.1,76.32,Unknown,93.58,97.7,177.61,80.44,Yes,Yes,Present
SYN-DM-03551,130.6,98.82,Controlled,92.5,77.92,164.58,96.93,No,Yes,Absent
SYN-DM-03552,120.1,94.75,Unknown,96.89,110.46,178.61,111.13,No,Yes,Unknown
SYN-DM-03553,116.8,89.77,Controlled,71.1,87.32,180.54,122.98,Yes,Yes,Present
SYN-DM-03554,104.0,76.01,Unknown,77.96,84.91,165.47,94.28,No,No,Absent
SYN-DM-03555,109.6,75.04,Unknown,94.16,93.14,169.63,113.82,No,Yes,Unknown
SYN-DM-03556,136.4,69.06,Elevated,60.36,74.08,165.14,97.66,Yes,Yes,Present
SYN-DM-03557,125.5,94.43,Elevated,89.83,116.01,189.36,117.05,No,Yes,Absent
SYN-DM-03558,142.0,86.42,Elevated,102.65,106.54,181.5,108.58,Yes,No,Absent
SYN-DM-03559,123.5,102.92,Unknown,93.99,81.45,174.29,91.98,No,No,Unknown
SYN-DM-03560,152.7,97.33,Controlled,90.43,62.35,179.36,94.55,No,Yes,Unknown
SYN-DM-03561,139.4,75.94,Unknown,58.39,90.68,170.6,107.96,No,Yes,Present
SYN-DM-03562,141.2,88.83,Unknown,73.3,107.98,173.15,103.09,Yes,No,Absent
SYN-DM-03563,142.2,102.62,Unknown,80.52,54.69,176.96,93.08,No,No,Unknown
SYN-DM-03564,146.9,85.34,Elevated,69.56,101.5,183.71,87.4,No,Yes,Absent
SYN-DM-03565,153.2,91.57,Controlled,62.35,114.01,188.78,121.62,Yes,No,Absent
SYN-DM-03566,135.3,97.11,Unknown,69.18,104.19,154.68,116.98,Yes,Yes,Unknown
SYN-DM-03567,138.1,93.99,Unknown,86.88,73.23,182.82,93.48,No,Yes,Present
SYN-DM-03568,148.6,100.63,Unknown,89.53,100.62,168.56,82.32,Yes,No,Absent
SYN-DM-03569,123.2,83.12,Unknown,100.22,87.28,153.81,84.11,No,No,Unknown
SYN-DM-03570,132.1,66.17,Unknown,63.59,73.43,188.39,87.89,No,No,Present
SYN-DM-03571,140.3,96.73,Elevated,90.46,77.79,166.11,74.27,Yes,Yes,Unknown
SYN-DM-03572,150.6,101.71,Unknown,92.51,64.83,183.2,77.11,Yes,No,Unknown
SYN-DM-03573,144.7,95.83,Controlled,68.72,79.94,165.13,97.17,No,No,Unknown
SYN-DM-03574,132.1,91.26,Controlled,86.64,91.4,188.59,113.75,Yes,No,Unknown
SYN-DM-03575,152.0,96.5,Unknown,93.41,83.89,167.81,109.58,Yes,Yes,Absent
SYN-DM-03576,146.9,81.79,Controlled,86.36,100.76,185.03,125.88,Yes,Yes,Absent
SYN-DM-03577,153.6,93.16,Controlled,66.19,103.22,185.65,112.33,No,No,Present
SYN-DM-03578,145.8,77.35,Unknown,80.44,111.74,173.99,81.67,No,Yes,Absent
SYN-DM-03579,103.3,101.11,Unknown,78.86,110.9,183.86,99.3,Yes,No,Unknown
SYN-DM-03580,107.3,86.32,Unknown,72.74,105.79,159.57,89.29,No,No,Absent
SYN-DM-03581,143.2,91.89,Unknown,79.71,70.69,152.67,86.69,Yes,Yes,Present
SYN-DM-03582,132.2,68.44,Controlled,68.28,109.74,173.33,114.64,Yes,Yes,Present
SYN-DM-03583,121.1,94.38,Elevated,91.39,113.46,172.84,103.5,No,Yes,Unknown
SYN-DM-03584,190,96.46,Elevated,93.64,116.5,189.33,78.47,No,No,Unknown
SYN-DM-03585,126.6,98.27,Unknown,84.97,56.65,158.24,85.36,Yes,Yes,Unknown
SYN-DM-03586,129.4,83.66,Elevated,99.16,58.65,159.61,76.34,No,Yes,Unknown
SYN-DM-03587,112.5,99.52,Unknown,79.94,112.64,170.66,102.34,Yes,No,Present
SYN-DM-03588,119.5,81.62,Controlled,84.01,72.8,163.43,125.95,Yes,Yes,Absent
SYN-DM-03589,124.1,100.66,Elevated,66.31,59.32,155.95,82.07,Yes,Yes,Present
SYN-DM-03590,155.5,86.8,Controlled,97.81,76.49,184.4,79.15,Yes,Yes,Present
SYN-DM-03591,132.7,70.94,Elevated,63.66,114.48,165.11,73.13,Yes,No,Absent
SYN-DM-03592,120.2,98.27,Controlled,64.35,80.03,180.87,93.4,No,No,Present
SYN-DM-03593,148.6,100.22,Elevated,92.57,117.73,183.76,100.27,Yes,No,Absent
SYN-DM-03594,141.9,96.4,Controlled,61.82,61.55,170.19,93.96,Yes,Yes,Absent
SYN-DM-03595,101.2,71.85,Elevated,90.46,56.29,183.3,110.85,No,Yes,Unknown
SYN-DM-03596,124.2,72.52,Elevated,63.27,106.86,188.18,116.31,No,No,Absent
SYN-DM-03597,90,88.65,Controlled,58.56,117.97,177.18,74.15,Yes,Yes,Unknown
SYN-DM-03598,141.8,68.56,Controlled,72.44,103.98,182.67,77.48,Yes,Yes,Absent
SYN-DM-03599,138.1,80.14,Unknown,67.1,110.31,170.51,96.35,No,Yes,Unknown
SYN-DM-03600,144.8,99.57,Unknown,65.5,70.91,158.12,116.45,Yes,Yes,Unknown
SYN-DM-03601,139.3,84.46,Controlled,84.21,108.13,174.12,102.81,Yes,Yes,Present
SYN-DM-03602,124.5,74.73,Controlled,78.31,104.4,176.17,111.11,Yes,No,Absent
SYN-DM-03603,135.9,96.84,Controlled,80.5,54.63,165.17,103.97,Yes,No,Unknown
SYN-DM-03604,93.5,103.4,Elevated,81.52,110.7,189.08,118.7,Yes,No,Present
SYN-DM-03605,105.2,93.1,Controlled,86.19,85.51,180.83,109.49,Yes,No,Unknown
SYN-DM-03606,140.9,64.73,Elevated,83.65,92.17,158.57,98.91,No,No,Unknown
SYN-DM-03607,144.4,66.95,Elevated,93.45,110.08,165.89,101.82,Yes,Yes,Present
SYN-DM-03608,160.9,81.25,Elevated,62.32,84.25,187.06,112.2,Yes,Yes,Absent
SYN-DM-03609,133.9,100.97,Elevated,70.73,87.34,180.13,117.35,Yes,Yes,Present
SYN-DM-03610,121.8,77.88,Elevated,72.02,80.26,153.42,113.24,Yes,No,Present
SYN-DM-03611,146.9,101.42,Unknown,102.09,54.84,152.35,92.33,No,Yes,Absent
SYN-DM-03612,157.9,79.34,Unknown,98.17,58.78,179.3,104.56,Yes,No,Present
SYN-DM-03613,141.0,71.41,Elevated,91.21,101.34,159.71,100.52,No,Yes,Present
SYN-DM-03614,141.5,76.28,Elevated,94.64,90.36,180.15,85.8,No,No,Absent
SYN-DM-03615,114.0,65.49,Elevated,99.9,98.93,161.51,73.77,Yes,Yes,Present
SYN-DM-03616,150.8,101.32,Elevated,70.73,58.3,188.04,89.05,Yes,No,Present
SYN-DM-03617,141.2,100.08,Controlled,77.22,68.94,179.03,106.03,No,Yes,Present
SYN-DM-03618,103.7,103.5,Unknown,83.05,107.27,153.01,118.36,Yes,Yes,Unknown
SYN-DM-03619,142.7,88.21,Unknown,98.66,114.77,155.44,95.91,No,Yes,Absent
SYN-DM-03620,111.1,99.49,Elevated,66.55,68.38,157.67,112.95,No,No,Absent
SYN-DM-03621,112.9,77.34,Elevated,76.63,63.83,179.46,92.12,No,No,Unknown
SYN-DM-03622,143.9,65.7,Elevated,78.82,72.17,152.17,124.86,No,Yes,Present
SYN-DM-03623,134.0,71.26,Elevated,65.8,97.44,165.08,89.95,Yes,Yes,Absent
SYN-DM-03624,155.2,74.44,Controlled,88.65,112.94,166.21,115.79,Yes,No,Absent
SYN-DM-03625,122.0,96.09,Unknown,64.4,60.41,157.95,81.55,Yes,Yes,Unknown
SYN-DM-03626,108.3,84.1,Unknown,99.5,79.75,173.13,89.04,Yes,Yes,Absent
SYN-DM-03627,149.1,74.66,Controlled,89.67,61.9,182.83,107.59,No,Yes,Absent
SYN-DM-03628,141.9,66.85,Elevated,82.25,73.67,157.88,94.56,Yes,Yes,Absent
SYN-DM-03629,111.9,65.75,Unknown,78.71,94.26,166.66,118.18,No,Yes,Absent
SYN-DM-03630,134.8,84.73,Elevated,78.31,79.53,176.71,108.5,Yes,Yes,Present
SYN-DM-03631,130.4,85.88,Unknown,100.34,87.37,189.57,96.67,No,No,Present
SYN-DM-03632,105.1,96.54,Controlled,94.5,111.41,184.84,90.93,Yes,Yes,Present
SYN-DM-03633,149.6,87.67,Controlled,97.16,68.42,154.1,78.0,Yes,Yes,Unknown
SYN-DM-03634,129.9,81.77,Elevated,58.26,89.11,178.05,102.8,Yes,No,Absent
SYN-DM-03635,145.6,65.44,Controlled,80.55,88.01,184.56,94.77,No,Yes,Absent
SYN-DM-03636,123.1,95.19,Controlled,59.11,105.13,172.42,116.21,No,No,Present
SYN-DM-03637,117.7,79.6,Elevated,84.79,85.08,189.37,120.41,Yes,Yes,Unknown
SYN-DM-03638,105.2,64.68,Unknown,84.57,68.84,184.26,124.13,Yes,Yes,Absent
SYN-DM-03639,123.4,75.65,Elevated,64.22,113.7,175.63,80.63,No,Yes,Absent
SYN-DM-03640,132.7,71.91,Controlled,62.99,79.32,155.82,112.14,No,No,Unknown
SYN-DM-03641,141.1,80.71,Unknown,76.99,72.16,187.88,87.82,No,Yes,Present
SYN-DM-03642,123.8,72.74,Elevated,75.47,65.92,159.81,117.2,No,Yes,Unknown
SYN-DM-03643,127.8,99.02,Controlled,68.89,56.86,176.51,116.72,Yes,No,Present
SYN-DM-03644,102.7,88.99,Controlled,63.69,73.12,178.05,94.61,Yes,Yes,Present
SYN-DM-03645,134.0,93.55,Elevated,103.88,68.71,170.56,101.99,No,No,Absent
SYN-DM-03646,139.4,92.01,Unknown,83.41,67.68,166.65,114.04,Yes,Yes,Unknown
SYN-DM-03647,137.0,90.74,Unknown,101.96,103.94,171.62,115.24,Yes,No,Absent
SYN-DM-03648,153.6,95.14,Elevated,94.17,92.76,160.76,75.36,Yes,No,Absent
SYN-DM-03649,158.5,91.63,Controlled,84.75,101.43,155.24,116.38,Yes,Yes,Absent
SYN-DM-03650,111.7,76.59,Controlled,102.74,114.21,184.68,116.92,No,Yes,Present
SYN-DM-03651,121.8,79.75,Elevated,73.95,56.91,177.38,93.41,No,No,Present
SYN-DM-03652,151.5,80.28,Elevated,76.62,57.34,171.37,94.84,Yes,No,Present
SYN-DM-03653,124.5,85.52,Controlled,71.66,83.63,152.54,75.0,Yes,No,Present
SYN-DM-03654,107.2,69.96,Elevated,83.79,58.35,183.92,79.73,No,No,Absent
SYN-DM-03655,107.0,81.0,Unknown,101.71,92.88,173.09,93.05,No,Yes,Absent
SYN-DM-03656,133.5,80.63,Elevated,72.29,66.54,159.42,79.09,No,Yes,Unknown
SYN-DM-03657,135.0,77.01,Controlled,97.99,66.05,158.76,125.37,No,Yes,Unknown
SYN-DM-03658,149.1,95.14,Elevated,95.33,90.84,186.05,93.33,No,Yes,Absent
SYN-DM-03659,124.5,90.38,Elevated,62.46,55.21,166.38,99.53,Yes,Yes,Absent
SYN-DM-03660,113.5,99.03,Elevated,74.13,54.45,156.07,77.98,Yes,Yes,Absent
SYN-DM-03661,116.9,87.93,Unknown,71.53,108.0,158.51,79.5,Yes,No,Unknown
SYN-DM-03662,110.1,95.2,Unknown,94.67,83.24,176.96,109.18,No,Yes,Absent
SYN-DM-03663,128.1,65.96,Elevated,81.54,63.0,157.95,88.97,Yes,Yes,Absent
SYN-DM-03664,120.6,73.07,Elevated,80.62,75.4,166.69,98.25,No,No,Unknown
SYN-DM-03665,159.7,75.42,Controlled,60.13,85.5,164.89,111.24,No,Yes,Present
SYN-DM-03666,123.7,66.69,Controlled,77.31,106.77,179.8,87.15,Yes,No,Absent
SYN-DM-03667,134.3,89.28,Elevated,64.66,82.48,158.42,98.28,Yes,No,Present
SYN-DM-03668,138.5,72.06,Controlled,101.49,60.75,167.73,74.12,Yes,Yes,Unknown
SYN-DM-03669,122.8,73.59,Unknown,82.81,61.85,164.83,92.35,No,No,Unknown
SYN-DM-03670,131.5,74.12,Elevated,78.75,55.49,175.22,108.23,Yes,Yes,Unknown
SYN-DM-03671,115.5,83.62,Unknown,72.27,82.43,180.73,111.53,No,No,Unknown
SYN-DM-03672,130.9,103.44,Controlled,61.33,85.7,188.69,83.98,Yes,No,Present
SYN-DM-03673,131.8,92.37,Controlled,97.35,69.53,189.0,121.99,No,Yes,Present
SYN-DM-03674,97.2,79.63,Elevated,83.27,96.14,171.84,110.55,Yes,Yes,Present
SYN-DM-03675,132.1,76.92,Controlled,78.56,95.15,186.13,74.86,No,No,Unknown
SYN-DM-03676,105.1,93.98,Unknown,96.23,116.93,174.69,110.45,Yes,No,Present
SYN-DM-03677,122.5,102.23,Unknown,84.15,77.98,188.58,101.33,No,Yes,Present
SYN-DM-03678,110.4,84.72,Elevated,96.02,114.58,176.41,73.86,Yes,No,Absent
SYN-DM-03679,115.5,94.71,Elevated,100.66,114.98,159.86,81.96,Yes,No,Unknown
SYN-DM-03680,140.0,71.33,Controlled,96.85,83.41,172.85,102.41,No,Yes,Present
SYN-DM-03681,117.4,90.31,Unknown,58.85,93.13,171.66,79.41,No,Yes,Unknown
SYN-DM-03682,106.5,91.2,Elevated,86.1,86.55,165.41,94.69,No,No,Present
SYN-DM-03683,122.6,100.09,Elevated,90.62,86.22,185.57,101.65,Yes,No,Absent
SYN-DM-03684,175.7,69.45,Elevated,59.95,60.62,172.64,83.04,No,Yes,Unknown
SYN-DM-03685,140.7,72.35,Controlled,99.56,98.92,187.29,109.16,Yes,Yes,Unknown
SYN-DM-03686,112.5,89.56,Controlled,70.51,94.02,152.98,101.81,No,Yes,Present
SYN-DM-03687,90,68.01,Elevated,103.46,109.41,158.86,73.98,Yes,Yes,Unknown
SYN-DM-03688,113.2,102.98,Controlled,79.99,68.0,182.11,89.66,No,Yes,Present
SYN-DM-03689,129.1,90.64,Controlled,78.04,102.24,185.81,91.06,No,No,Unknown
SYN-DM-03690,134.3,91.28,Unknown,80.48,94.07,155.59,97.13,Yes,No,Present
SYN-DM-03691,119.4,74.2,Elevated,86.51,83.32,170.37,120.3,Yes,No,Unknown
SYN-DM-03692,131.6,79.79,Elevated,92.59,75.89,165.24,121.83,Yes,Yes,Unknown
SYN-DM-03693,104.6,98.37,Elevated,64.91,96.31,189.23,90.15,No,Yes,Absent
SYN-DM-03694,132.7,71.46,Elevated,62.84,89.66,164.36,93.76,No,Yes,Present
SYN-DM-03695,128.2,92.3,Elevated,85.55,65.42,161.79,119.55,No,Yes,Absent
SYN-DM-03696,103.3,68.21,Unknown,72.99,113.38,174.06,104.45,Yes,No,Unknown
SYN-DM-03697,130.7,65.57,Unknown,61.39,81.73,172.71,98.89,No,Yes,Absent
SYN-DM-03698,119.8,97.23,Elevated,99.96,101.32,176.56,74.26,No,No,Absent
SYN-DM-03699,102.6,97.2,Unknown,74.61,99.54,162.71,91.67,Yes,No,Absent
SYN-DM-03700,126.8,98.88,Controlled,88.66,103.21,174.21,122.52,No,No,Present
SYN-DM-03701,149.1,80.09,Unknown,88.99,79.56,169.57,91.02,Yes,No,Unknown
SYN-DM-03702,120.5,81.94,Controlled,82.89,107.67,156.68,92.72,No,No,Unknown
SYN-DM-03703,109.7,76.68,Unknown,87.63,73.91,159.48,82.92,Yes,No,Absent
SYN-DM-03704,97.1,102.69,Elevated,81.85,57.55,155.36,117.49,Yes,Yes,Absent
SYN-DM-03705,166.8,75.38,Controlled,94.68,71.09,164.87,103.46,No,Yes,Present
SYN-DM-03706,128.5,101.46,Controlled,89.72,97.27,174.43,111.83,Yes,Yes,Unknown
SYN-DM-03707,128.5,64.72,Elevated,60.89,111.37,164.29,83.52,No,No,Present
SYN-DM-03708,162.2,82.29,Elevated,79.86,99.07,171.62,87.81,No,No,Unknown
SYN-DM-03709,105.8,87.66,Unknown,85.94,57.62,170.59,117.44,Yes,Yes,Absent
SYN-DM-03710,102.4,84.14,Unknown,83.38,104.37,186.7,101.22,Yes,Yes,Absent
SYN-DM-03711,143.1,73.79,Unknown,96.81,100.57,186.79,99.03,No,No,Present
SYN-DM-03712,132.2,82.69,Unknown,80.11,97.74,184.91,89.09,No,Yes,Present
SYN-DM-03713,112.4,93.94,Elevated,60.17,68.65,155.46,73.53,No,No,Present
SYN-DM-03714,135.0,103.95,Unknown,59.53,78.92,154.09,89.06,Yes,No,Absent
SYN-DM-03715,146.2,64.65,Controlled,58.95,85.2,169.66,101.96,Yes,No,Unknown
SYN-DM-03716,117.3,85.7,Controlled,78.58,91.58,177.59,91.79,No,Yes,Present
SYN-DM-03717,134.9,84.09,Unknown,88.02,62.34,174.77,77.79,No,Yes,Absent
SYN-DM-03718,138.7,100.25,Unknown,74.0,83.58,160.55,97.38,No,No,Absent
SYN-DM-03719,107.4,82.49,Elevated,87.09,107.38,152.05,111.39,No,No,Unknown
SYN-DM-03720,144.8,90.77,Controlled,77.95,86.29,161.25,103.72,No,No,Present
SYN-DM-03721,119.8,80.84,Controlled,101.79,82.42,169.95,72.35,No,Yes,Absent
SYN-DM-03722,131.4,92.0,Elevated,64.53,87.47,170.39,111.42,No,Yes,Present
SYN-DM-03723,119.3,99.66,Elevated,93.64,64.33,181.49,89.26,No,Yes,Unknown
SYN-DM-03724,111.0,66.37,Elevated,73.82,57.83,179.21,89.27,Yes,Yes,Absent
SYN-DM-03725,146.9,75.03,Elevated,102.59,116.71,182.57,80.23,Yes,Yes,Present
SYN-DM-03726,151.0,99.43,Unknown,90.13,90.41,170.95,77.41,Yes,No,Present
SYN-DM-03727,121.0,90.88,Unknown,78.95,116.64,188.54,97.74,Yes,Yes,Present
SYN-DM-03728,107.9,92.78,Elevated,93.28,74.3,159.57,98.43,Yes,No,Absent
SYN-DM-03729,159.8,70.06,Elevated,87.61,100.82,160.81,125.92,No,No,Present
SYN-DM-03730,142.0,95.46,Controlled,69.76,66.7,154.17,125.02,Yes,Yes,Present
SYN-DM-03731,123.9,100.81,Unknown,100.16,101.05,189.37,85.88,No,Yes,Unknown
SYN-DM-03732,150.2,101.57,Elevated,96.58,102.05,175.08,108.64,Yes,Yes,Unknown
SYN-DM-03733,155.2,77.15,Elevated,88.13,54.77,156.06,80.32,Yes,Yes,Present
SYN-DM-03734,149.5,84.34,Unknown,64.29,101.04,165.38,124.63,No,Yes,Present
SYN-DM-03735,110.2,78.54,Controlled,79.83,68.06,161.5,78.42,No,No,Present
SYN-DM-03736,125.4,65.63,Unknown,88.08,88.08,188.44,86.46,No,Yes,Unknown
SYN-DM-03737,161.1,75.83,Unknown,89.71,112.3,153.79,103.59,Yes,No,Present
SYN-DM-03738,121.0,96.2,Elevated,77.34,114.26,160.17,75.39,Yes,Yes,Unknown
SYN-DM-03739,123.4,86.39,Unknown,98.22,111.75,152.76,115.57,Yes,No,Unknown
SYN-DM-03740,124.5,85.86,Elevated,83.62,96.95,184.28,72.32,Yes,Yes,Unknown
SYN-DM-03741,137.3,103.95,Unknown,69.88,102.12,176.3,76.2,Yes,Yes,Unknown
SYN-DM-03742,122.5,74.54,Elevated,74.98,84.32,160.36,72.09,No,Yes,Unknown
SYN-DM-03743,113.0,74.94,Controlled,77.35,64.53,172.06,109.01,No,No,Present
SYN-DM-03744,90.6,86.2,Elevated,65.83,94.68,160.06,93.11,Yes,No,Unknown
SYN-DM-03745,145.9,67.02,Controlled,80.89,76.73,174.3,92.4,No,No,Unknown
SYN-DM-03746,126.4,100.4,Elevated,97.01,62.78,156.88,114.06,Yes,No,Unknown
SYN-DM-03747,108.1,82.35,Controlled,71.23,60.21,154.63,108.78,Yes,No,Present
SYN-DM-03748,96.0,88.41,Elevated,76.64,111.41,173.54,96.98,No,Yes,Unknown
SYN-DM-03749,124.6,77.32,Elevated,82.68,99.91,154.53,111.02,No,Yes,Absent
SYN-DM-03750,152.6,77.02,Unknown,103.3,69.43,174.1,93.26,Yes,Yes,Present
SYN-DM-03751,132.8,88.05,Controlled,94.39,114.48,179.4,88.39,Yes,No,Absent
SYN-DM-03752,138.9,102.9,Unknown,99.28,109.43,157.14,74.74,Yes,Yes,Present
SYN-DM-03753,104.1,89.34,Elevated,96.16,100.4,155.51,82.54,Yes,Yes,Unknown
SYN-DM-03754,123.1,96.9,Controlled,101.66,78.45,173.98,115.79,Yes,No,Absent
SYN-DM-03755,129.7,102.79,Elevated,93.73,106.28,177.58,105.59,No,Yes,Absent
SYN-DM-03756,155.7,67.96,Controlled,67.7,110.75,159.35,109.87,No,Yes,Unknown
SYN-DM-03757,119.4,83.55,Controlled,59.76,112.55,165.9,86.05,Yes,No,Absent
SYN-DM-03758,128.2,92.65,Unknown,93.41,88.18,172.1,92.29,Yes,No,Absent
SYN-DM-03759,129.1,91.7,Unknown,95.33,69.48,178.2,73.29,Yes,Yes,Absent
SYN-DM-03760,140.3,94.6,Controlled,103.29,86.03,170.93,114.85,Yes,Yes,Unknown
SYN-DM-03761,134.0,95.38,Controlled,89.3,107.28,176.87,110.25,Yes,No,Present
SYN-DM-03762,141.0,74.84,Elevated,86.84,58.17,170.05,120.87,Yes,Yes,Unknown
SYN-DM-03763,99.7,87.89,Controlled,92.9,77.04,184.3,83.88,Yes,Yes,Absent
SYN-DM-03764,133.9,103.11,Unknown,76.71,105.05,187.22,77.94,No,No,Absent
SYN-DM-03765,103.7,97.48,Controlled,68.97,68.73,168.57,110.4,Yes,Yes,Present
SYN-DM-03766,141.4,68.57,Controlled,78.21,79.8,175.59,78.19,No,Yes,Present
SYN-DM-03767,133.6,64.46,Controlled,84.9,61.72,168.08,85.02,No,Yes,Absent
SYN-DM-03768,149.4,90.65,Controlled,60.91,72.19,185.22,86.23,Yes,Yes,Present
SYN-DM-03769,114.9,100.61,Unknown,65.02,74.18,168.71,120.05,No,No,Unknown
SYN-DM-03770,129.6,94.71,Elevated,61.2,62.54,178.52,81.36,Yes,No,Unknown
SYN-DM-03771,107.8,92.58,Elevated,71.02,105.65,157.33,114.2,Yes,No,Unknown
SYN-DM-03772,137.0,66.38,Unknown,69.18,65.19,177.91,98.7,Yes,No,Absent
SYN-DM-03773,109.3,97.47,Unknown,97.07,60.38,169.05,94.95,No,Yes,Present
SYN-DM-03774,164.3,97.2,Elevated,63.25,56.86,152.6,115.72,No,Yes,Absent
SYN-DM-03775,102.2,97.05,Unknown,95.49,82.24,179.05,77.31,Yes,No,Present
SYN-DM-03776,144.1,66.2,Unknown,68.32,106.71,167.62,105.9,No,No,Absent
SYN-DM-03777,120.1,85.55,Controlled,67.7,76.54,156.72,74.83,No,Yes,Present
SYN-DM-03778,173.1,95.23,Elevated,76.54,67.65,172.27,100.42,Yes,No,Absent
SYN-DM-03779,141.2,65.96,Controlled,102.35,109.55,184.5,85.34,Yes,No,Absent
SYN-DM-03780,131.6,103.98,Controlled,81.56,87.52,153.1,92.37,No,No,Unknown
SYN-DM-03781,163.1,86.4,Unknown,91.95,97.54,162.48,112.43,No,No,Present
SYN-DM-03782,112.2,70.88,Unknown,71.73,115.98,170.41,117.75,Yes,Yes,Unknown
SYN-DM-03783,130.1,66.95,Elevated,81.83,80.75,160.03,112.61,Yes,Yes,Present
SYN-DM-03784,166.1,95.45,Elevated,102.23,63.48,186.91,74.5,No,Yes,Absent
SYN-DM-03785,110.4,80.86,Controlled,59.31,82.55,181.54,77.95,Yes,No,Absent
SYN-DM-03786,146.2,88.1,Unknown,93.67,96.88,160.82,84.68,Yes,No,Unknown
SYN-DM-03787,137.0,81.19,Unknown,80.75,58.21,167.96,84.64,No,Yes,Present
SYN-DM-03788,127.8,73.89,Unknown,68.64,86.04,171.43,103.28,No,No,Present
SYN-DM-03789,153.5,91.07,Controlled,101.09,56.51,161.57,94.18,No,No,Present
SYN-DM-03790,90,97.46,Controlled,76.25,91.87,182.7,115.7,No,No,Absent
SYN-DM-03791,110.4,66.09,Unknown,71.07,106.16,172.6,119.57,No,Yes,Unknown
SYN-DM-03792,127.6,78.65,Controlled,100.46,62.24,155.47,116.24,Yes,Yes,Present
SYN-DM-03793,94.7,89.19,Elevated,97.08,65.27,156.7,85.09,Yes,Yes,Present
SYN-DM-03794,138.9,76.83,Controlled,103.95,89.62,184.0,107.24,Yes,No,Unknown
SYN-DM-03795,123.8,96.72,Controlled,58.73,64.72,179.08,75.64,No,No,Unknown
SYN-DM-03796,137.7,90.99,Controlled,95.62,109.69,174.76,107.59,No,Yes,Unknown
SYN-DM-03797,135.6,80.89,Elevated,89.32,78.37,164.63,98.49,Yes,No,Present
SYN-DM-03798,115.5,78.9,Controlled,72.47,101.89,155.78,113.17,No,No,Present
SYN-DM-03799,128.5,78.25,Elevated,91.6,84.16,154.57,73.48,Yes,Yes,Present
SYN-DM-03800,134.2,92.09,Elevated,89.02,85.14,180.41,117.17,No,Yes,Present
SYN-DM-03801,143.7,72.96,Controlled,86.14,61.4,158.74,80.71,No,No,Present
SYN-DM-03802,99.0,99.92,Unknown,62.73,107.5,175.91,98.17,Yes,Yes,Absent
SYN-DM-03803,166.3,76.43,Controlled,77.82,91.73,172.59,101.4,Yes,Yes,Present
SYN-DM-03804,134.9,78.31,Elevated,93.26,76.83,161.56,112.52,No,Yes,Unknown
SYN-DM-03805,139.9,73.65,Controlled,89.08,113.53,181.63,113.97,Yes,No,Present
SYN-DM-03806,90.1,78.48,Elevated,67.22,84.28,162.85,83.6,No,No,Present
SYN-DM-03807,136.9,99.33,Unknown,99.28,108.18,189.19,114.36,No,Yes,Present
SYN-DM-03808,177.4,99.99,Unknown,69.73,81.79,160.73,94.08,No,Yes,Present
SYN-DM-03809,135.6,99.34,Elevated,65.35,107.08,187.88,101.43,Yes,No,Present
SYN-DM-03810,146.8,74.07,Controlled,60.31,116.53,182.64,75.85,Yes,No,Present
SYN-DM-03811,141.9,69.08,Controlled,94.52,66.18,166.37,74.61,Yes,No,Absent
SYN-DM-03812,121.9,74.65,Elevated,71.14,57.22,183.79,84.19,No,No,Present
SYN-DM-03813,115.1,90.43,Unknown,67.5,79.96,154.39,82.51,Yes,No,Absent
SYN-DM-03814,101.6,64.57,Unknown,71.1,85.08,153.57,99.35,No,No,Present
SYN-DM-03815,146.2,71.23,Controlled,62.42,93.33,153.37,89.76,Yes,Yes,Unknown
SYN-DM-03816,126.1,89.26,Elevated,79.53,105.86,171.77,117.21,No,No,Present
SYN-DM-03817,107.0,98.01,Elevated,63.21,79.55,165.61,125.45,Yes,No,Present
SYN-DM-03818,157.2,102.18,Unknown,93.54,61.88,160.42,106.87,No,No,Unknown
SYN-DM-03819,138.2,87.39,Elevated,98.73,77.8,183.56,72.78,No,No,Unknown
SYN-DM-03820,120.8,75.04,Controlled,60.56,93.29,180.57,87.66,Yes,Yes,Present
SYN-DM-03821,120.1,67.1,Unknown,60.13,57.0,176.45,82.38,Yes,Yes,Absent
SYN-DM-03822,126.6,81.98,Elevated,63.62,115.92,189.0,85.97,Yes,No,Unknown
SYN-DM-03823,125.6,101.27,Controlled,61.22,88.72,158.98,100.37,No,Yes,Unknown
SYN-DM-03824,117.9,64.54,Elevated,93.25,67.91,168.97,118.31,No,No,Absent
SYN-DM-03825,94.3,103.46,Controlled,59.71,75.46,163.38,125.62,Yes,No,Unknown
SYN-DM-03826,120.4,68.86,Unknown,65.53,95.63,161.95,101.05,Yes,Yes,Present
SYN-DM-03827,130.9,64.49,Unknown,82.49,114.42,188.69,95.3,No,No,Present
SYN-DM-03828,143.5,88.13,Controlled,84.87,77.93,162.7,105.53,No,No,Unknown
SYN-DM-03829,132.8,72.65,Unknown,65.4,105.1,165.75,117.91,Yes,Yes,Unknown
SYN-DM-03830,116.1,84.48,Controlled,89.95,80.81,167.38,119.81,No,No,Unknown
SYN-DM-03831,129.9,67.9,Unknown,76.47,100.39,189.83,99.49,No,Yes,Present
SYN-DM-03832,135.9,83.44,Controlled,102.68,102.77,161.63,105.97,Yes,No,Absent
SYN-DM-03833,101.1,89.67,Unknown,96.36,85.68,163.2,123.32,Yes,Yes,Present
SYN-DM-03834,136.8,68.34,Elevated,79.9,70.48,175.48,89.08,No,No,Unknown
SYN-DM-03835,124.6,89.61,Elevated,84.36,107.1,157.82,120.22,No,No,Unknown
SYN-DM-03836,158.1,103.19,Unknown,69.47,89.69,153.25,74.97,Yes,No,Absent
SYN-DM-03837,152.5,72.56,Elevated,101.58,71.28,156.05,121.11,No,Yes,Unknown
SYN-DM-03838,153.1,76.99,Controlled,100.97,54.94,165.09,119.61,No,No,Absent
SYN-DM-03839,166.0,69.44,Controlled,66.87,90.53,182.89,109.64,No,No,Unknown
SYN-DM-03840,134.8,67.37,Controlled,69.13,113.69,176.51,86.63,Yes,No,Absent
SYN-DM-03841,154.0,68.86,Elevated,98.97,77.76,176.88,124.04,No,Yes,Absent
SYN-DM-03842,157.4,90.15,Controlled,87.67,81.26,162.53,98.05,No,No,Unknown
SYN-DM-03843,142.9,82.01,Controlled,99.31,74.78,170.65,89.75,Yes,Yes,Present
SYN-DM-03844,134.6,80.14,Controlled,64.07,95.98,171.7,114.59,No,No,Absent
SYN-DM-03845,148.2,84.56,Elevated,102.1,56.74,183.49,76.77,Yes,Yes,Unknown
SYN-DM-03846,122.3,71.02,Controlled,95.48,112.07,160.62,74.55,Yes,No,Absent
SYN-DM-03847,115.2,81.77,Elevated,69.98,95.06,178.16,117.85,No,No,Present
SYN-DM-03848,129.3,91.02,Elevated,82.38,74.06,182.47,86.03,Yes,Yes,Unknown
SYN-DM-03849,137.2,78.77,Controlled,83.17,78.0,187.63,80.36,Yes,Yes,Present
SYN-DM-03850,90.9,95.53,Elevated,73.16,115.65,184.15,106.61,No,Yes,Present
SYN-DM-03851,127.5,86.95,Unknown,78.6,98.51,164.41,86.46,No,Yes,Unknown
SYN-DM-03852,143.3,92.56,Elevated,72.31,104.98,177.2,98.17,No,No,Absent
SYN-DM-03853,111.3,78.19,Elevated,75.7,88.56,174.27,81.85,No,Yes,Unknown
SYN-DM-03854,150.6,78.66,Controlled,62.08,112.14,167.58,76.31,Yes,No,Present
SYN-DM-03855,96.0,76.52,Controlled,61.91,55.67,184.07,111.52,Yes,No,Unknown
SYN-DM-03856,126.1,65.31,Controlled,86.69,101.9,160.43,81.94,No,No,Present
SYN-DM-03857,117.0,87.91,Controlled,71.38,75.81,182.5,83.47,Yes,No,Unknown
SYN-DM-03858,132.2,81.85,Elevated,85.93,112.99,173.61,83.66,No,No,Absent
SYN-DM-03859,95.6,77.79,Unknown,77.6,114.64,184.03,113.4,Yes,Yes,Present
SYN-DM-03860,146.6,103.19,Elevated,93.54,89.48,179.59,83.65,No,Yes,Absent
SYN-DM-03861,122.7,81.18,Unknown,63.33,113.96,179.17,120.47,No,No,Absent
SYN-DM-03862,124.9,101.69,Elevated,60.99,101.34,160.82,102.31,No,No,Unknown
SYN-DM-03863,125.9,91.76,Elevated,88.52,75.58,186.38,83.08,No,Yes,Absent
SYN-DM-03864,98.6,70.36,Controlled,78.35,85.53,174.51,75.46,No,Yes,Absent
SYN-DM-03865,123.2,92.99,Unknown,63.68,62.91,162.92,100.41,No,Yes,Absent
SYN-DM-03866,134.9,68.19,Unknown,59.43,70.73,181.44,120.47,Yes,No,Unknown
SYN-DM-03867,131.4,66.29,Elevated,95.53,84.32,171.31,110.02,Yes,Yes,Absent
SYN-DM-03868,124.6,92.99,Unknown,94.44,86.0,170.59,116.25,Yes,No,Unknown
SYN-DM-03869,126.4,70.74,Unknown,90.93,110.81,165.14,73.9,No,No,Absent
SYN-DM-03870,118.0,102.63,Unknown,93.04,61.6,166.46,120.81,No,Yes,Unknown
SYN-DM-03871,133.2,69.23,Controlled,65.5,114.36,172.78,116.26,No,Yes,Present
SYN-DM-03872,118.3,103.93,Unknown,79.73,95.23,170.28,90.35,No,No,Unknown
SYN-DM-03873,101.7,75.31,Controlled,68.16,91.11,178.5,114.97,Yes,Yes,Unknown
SYN-DM-03874,129.1,80.2,Unknown,77.5,77.78,169.34,116.14,Yes,Yes,Present
SYN-DM-03875,121.7,99.32,Elevated,80.53,91.43,187.62,125.46,Yes,Yes,Unknown
SYN-DM-03876,126.8,94.1,Elevated,93.94,112.69,181.03,108.96,Yes,Yes,Unknown
SYN-DM-03877,143.9,81.21,Controlled,96.18,104.77,163.67,100.66,No,Yes,Present
SYN-DM-03878,148.9,79.15,Unknown,76.26,76.56,187.02,105.15,No,Yes,Unknown
SYN-DM-03879,133.5,90.17,Unknown,74.65,100.36,189.59,81.66,No,Yes,Present
SYN-DM-03880,144.9,65.57,Controlled,87.09,83.78,164.76,82.89,Yes,Yes,Present
SYN-DM-03881,128.1,68.45,Unknown,85.6,117.57,182.18,91.28,Yes,No,Present
SYN-DM-03882,137.5,96.32,Controlled,90.25,66.94,174.14,82.2,No,No,Absent
SYN-DM-03883,146.5,101.96,Controlled,81.74,87.16,154.01,96.77,No,Yes,Absent
SYN-DM-03884,156.4,80.57,Elevated,62.02,66.15,170.54,93.66,Yes,Yes,Present
SYN-DM-03885,128.3,101.65,Elevated,97.62,96.72,159.42,81.43,No,Yes,Present
SYN-DM-03886,169.8,72.26,Controlled,88.89,83.34,176.07,79.37,Yes,No,Present
SYN-DM-03887,105.6,65.91,Unknown,71.74,76.68,160.92,114.4,No,No,Present
SYN-DM-03888,108.2,103.21,Elevated,58.77,76.04,153.53,86.71,No,Yes,Unknown
SYN-DM-03889,105.6,75.76,Unknown,100.28,87.3,156.54,77.58,No,Yes,Absent
SYN-DM-03890,113.2,83.46,Controlled,63.44,78.43,184.55,91.88,No,No,Unknown
SYN-DM-03891,131.4,65.25,Unknown,61.32,109.02,172.55,103.92,Yes,No,Unknown
SYN-DM-03892,156.5,80.1,Elevated,65.93,93.62,187.64,105.83,Yes,Yes,Present
SYN-DM-03893,131.7,74.98,Elevated,60.14,103.14,171.49,121.16,Yes,No,Unknown
SYN-DM-03894,128.0,66.6,Unknown,72.57,113.46,159.91,77.32,Yes,Yes,Unknown
SYN-DM-03895,163.8,86.77,Elevated,91.35,80.99,169.93,116.39,Yes,No,Absent
SYN-DM-03896,146.0,84.52,Elevated,103.95,107.12,188.29,99.41,Yes,Yes,Unknown
SYN-DM-03897,138.6,86.73,Controlled,91.84,55.73,176.48,120.39,No,No,Present
SYN-DM-03898,100.1,70.26,Elevated,101.26,95.56,188.38,108.94,No,No,Absent
SYN-DM-03899,149.0,65.19,Controlled,98.8,88.77,152.75,75.8,Yes,Yes,Unknown
SYN-DM-03900,123.2,79.68,Elevated,59.73,112.95,153.14,79.19,Yes,Yes,Present
SYN-DM-03901,140.7,81.13,Unknown,77.51,87.14,158.01,88.12,Yes,Yes,Unknown
SYN-DM-03902,161.3,92.23,Controlled,79.25,67.95,159.27,83.45,Yes,No,Absent
SYN-DM-03903,96.5,89.9,Unknown,72.24,92.4,156.77,119.66,Yes,Yes,Present
SYN-DM-03904,133.8,78.33,Unknown,94.46,109.46,180.86,121.88,No,Yes,Present
SYN-DM-03905,137.9,79.69,Elevated,102.58,65.34,161.18,87.05,Yes,No,Absent
SYN-DM-03906,157.6,102.81,Unknown,66.54,103.95,157.57,78.6,Yes,No,Absent
SYN-DM-03907,118.3,78.31,Elevated,86.05,85.82,162.27,77.3,Yes,No,Unknown
SYN-DM-03908,145.5,88.96,Controlled,83.96,95.56,174.07,77.25,Yes,Yes,Absent
SYN-DM-03909,142.6,95.71,Controlled,90.25,85.19,152.8,116.14,No,Yes,Unknown
SYN-DM-03910,130.3,99.93,Elevated,88.18,73.91,184.54,86.45,Yes,No,Present
SYN-DM-03911,139.2,90.63,Elevated,59.78,96.4,157.37,115.7,Yes,No,Absent
SYN-DM-03912,131.6,97.03,Controlled,94.05,105.03,176.97,89.02,Yes,No,Present
SYN-DM-03913,128.8,69.31,Unknown,59.83,54.67,158.71,123.32,Yes,Yes,Present
SYN-DM-03914,133.1,77.73,Controlled,88.25,79.62,172.67,124.29,No,Yes,Absent
SYN-DM-03915,130.3,78.03,Unknown,94.62,93.04,172.24,118.88,Yes,Yes,Unknown
SYN-DM-03916,130.1,68.86,Elevated,67.66,78.72,160.73,89.65,Yes,No,Present
SYN-DM-03917,115.3,97.42,Controlled,101.2,59.33,176.58,115.26,Yes,No,Present
SYN-DM-03918,113.3,69.63,Controlled,72.64,84.99,158.01,106.51,Yes,Yes,Absent
SYN-DM-03919,117.0,103.48,Elevated,72.0,76.43,174.28,121.44,No,No,Present
SYN-DM-03920,147.8,98.29,Unknown,67.51,87.36,168.77,96.81,Yes,No,Unknown
SYN-DM-03921,151.3,95.78,Controlled,87.19,96.47,186.72,116.06,No,Yes,Unknown
SYN-DM-03922,91.2,82.42,Controlled,74.73,98.21,179.24,91.77,Yes,Yes,Absent
SYN-DM-03923,127.8,90.25,Unknown,87.27,67.27,182.18,87.6,Yes,No,Present
SYN-DM-03924,122.8,93.49,Elevated,68.35,59.37,152.23,119.43,No,No,Unknown
SYN-DM-03925,139.0,73.35,Controlled,76.64,73.59,165.12,91.07,Yes,Yes,Present
SYN-DM-03926,168.2,89.29,Controlled,69.53,106.78,168.19,104.52,Yes,Yes,Absent
SYN-DM-03927,126.8,69.81,Unknown,66.03,109.03,179.0,88.94,No,Yes,Unknown
SYN-DM-03928,121.6,70.66,Controlled,61.88,68.39,157.77,123.96,Yes,Yes,Unknown
SYN-DM-03929,166.8,64.11,Controlled,86.97,64.35,156.67,119.32,No,No,Unknown
SYN-DM-03930,124.9,91.02,Elevated,67.25,106.98,164.85,85.42,No,No,Present
SYN-DM-03931,123.1,87.7,Controlled,64.18,112.94,157.36,105.82,No,Yes,Present
SYN-DM-03932,118.4,65.53,Controlled,75.51,84.68,175.58,91.79,No,No,Present
SYN-DM-03933,129.1,72.34,Controlled,103.03,104.5,173.57,92.77,No,Yes,Present
SYN-DM-03934,145.5,81.57,Unknown,95.04,60.62,152.86,104.73,Yes,Yes,Absent
SYN-DM-03935,157.8,70.0,Elevated,64.84,84.6,162.84,92.07,Yes,No,Present
SYN-DM-03936,127.8,77.09,Elevated,85.28,88.49,161.65,78.94,Yes,Yes,Present
SYN-DM-03937,127.4,66.36,Controlled,62.51,68.82,175.99,103.14,No,Yes,Absent
SYN-DM-03938,120.5,82.96,Elevated,91.13,82.8,156.88,101.35,Yes,Yes,Present
SYN-DM-03939,120.2,76.98,Unknown,102.95,110.31,160.58,102.06,Yes,Yes,Unknown
SYN-DM-03940,121.3,84.69,Elevated,62.33,72.79,159.66,97.79,Yes,Yes,Absent
SYN-DM-03941,110.0,92.68,Elevated,64.93,65.5,166.16,115.68,No,No,Absent
SYN-DM-03942,116.2,102.6,Controlled,58.74,80.42,178.1,101.48,Yes,No,Unknown
SYN-DM-03943,114.5,85.06,Elevated,89.87,57.66,168.65,124.75,Yes,Yes,Absent
SYN-DM-03944,125.5,98.99,Unknown,61.35,106.45,160.68,101.91,Yes,Yes,Present
SYN-DM-03945,124.5,99.67,Unknown,82.29,108.21,186.22,118.34,Yes,No,Present
SYN-DM-03946,145.8,70.74,Controlled,96.26,111.87,159.92,80.99,No,No,Absent
SYN-DM-03947,120.0,83.13,Elevated,92.06,103.07,160.27,106.57,No,No,Absent
SYN-DM-03948,144.5,78.53,Unknown,102.35,92.35,159.36,81.62,Yes,Yes,Present
SYN-DM-03949,155.3,82.13,Unknown,69.45,64.27,182.29,93.34,No,Yes,Present
SYN-DM-03950,129.9,82.22,Unknown,63.88,89.63,160.48,121.85,No,No,Present
SYN-DM-03951,134.9,94.96,Elevated,79.39,80.55,174.91,82.15,Yes,Yes,Present
SYN-DM-03952,148.7,82.91,Unknown,84.73,82.55,189.66,94.45,No,Yes,Present
SYN-DM-03953,134.2,102.38,Unknown,97.46,67.38,160.4,122.66,No,Yes,Unknown
SYN-DM-03954,115.6,65.03,Unknown,63.04,91.44,189.11,87.24,No,Yes,Present
SYN-DM-03955,90,83.13,Controlled,95.64,104.81,160.43,103.88,No,No,Absent
SYN-DM-03956,139.1,74.78,Controlled,58.61,95.87,162.36,78.78,No,No,Present
SYN-DM-03957,157.8,99.8,Elevated,101.4,100.45,158.93,75.25,Yes,No,Unknown
SYN-DM-03958,150.2,90.33,Elevated,98.36,85.83,180.07,102.5,No,No,Absent
SYN-DM-03959,135.2,83.94,Unknown,75.98,65.08,158.24,121.77,No,No,Unknown
SYN-DM-03960,147.5,78.72,Elevated,88.77,87.17,189.92,110.99,No,No,Unknown
SYN-DM-03961,151.8,85.75,Controlled,95.16,94.16,158.64,115.41,No,No,Absent
SYN-DM-03962,119.0,83.45,Elevated,69.3,97.27,161.12,76.35,No,Yes,Absent
SYN-DM-03963,134.4,92.44,Controlled,96.05,101.26,154.44,92.41,Yes,No,Absent
SYN-DM-03964,142.3,73.64,Controlled,91.58,116.21,167.36,104.89,No,Yes,Present
SYN-DM-03965,122.4,81.57,Controlled,84.36,114.82,173.36,78.2,No,No,Present
SYN-DM-03966,176.3,94.58,Elevated,78.31,65.31,158.14,117.81,Yes,Yes,Present
SYN-DM-03967,99.7,87.87,Unknown,77.48,98.16,156.74,105.59,No,No,Unknown
SYN-DM-03968,129.0,84.45,Elevated,80.58,86.25,179.49,122.03,No,Yes,Absent
SYN-DM-03969,125.9,67.12,Unknown,98.53,105.53,166.14,77.79,Yes,No,Unknown
SYN-DM-03970,115.2,72.63,Unknown,88.65,69.23,159.12,103.71,No,Yes,Unknown
SYN-DM-03971,104.5,73.78,Elevated,84.15,83.23,168.6,119.78,No,Yes,Absent
SYN-DM-03972,144.4,102.4,Unknown,96.86,99.49,179.0,78.01,No,Yes,Present
SYN-DM-03973,138.4,95.59,Unknown,86.55,83.16,170.92,104.92,No,Yes,Absent
SYN-DM-03974,151.7,87.0,Unknown,78.67,101.33,182.94,84.03,Yes,Yes,Absent
SYN-DM-03975,129.9,67.62,Controlled,60.33,80.66,187.51,78.71,Yes,No,Unknown
SYN-DM-03976,144.0,79.95,Elevated,101.3,98.69,188.86,99.42,No,Yes,Absent
SYN-DM-03977,130.7,87.12,Controlled,71.44,99.67,157.82,92.35,No,No,Unknown
SYN-DM-03978,159.1,97.19,Controlled,102.52,83.09,168.2,109.22,No,No,Present
SYN-DM-03979,150.5,67.33,Elevated,79.52,64.31,181.52,87.8,Yes,No,Absent
SYN-DM-03980,128.9,69.66,Unknown,84.32,88.25,171.84,76.91,Yes,No,Present
SYN-DM-03981,114.5,66.5,Controlled,94.22,106.05,184.34,113.4,Yes,Yes,Absent
SYN-DM-03982,131.8,80.38,Elevated,102.13,115.52,167.71,97.02,Yes,Yes,Unknown
SYN-DM-03983,140.3,70.87,Unknown,70.09,85.43,157.26,94.89,No,Yes,Unknown
SYN-DM-03984,133.8,67.59,Unknown,75.93,102.46,175.42,96.92,Yes,No,Unknown
SYN-DM-03985,146.6,87.92,Elevated,66.78,112.76,185.01,81.92,Yes,No,Present
SYN-DM-03986,110.1,69.75,Controlled,94.8,87.32,157.37,110.27,No,Yes,Present
SYN-DM-03987,113.2,75.5,Controlled,98.63,62.16,176.9,104.54,No,Yes,Absent
SYN-DM-03988,145.1,96.43,Unknown,62.71,106.75,170.42,91.88,Yes,No,Unknown
SYN-DM-03989,114.7,94.45,Elevated,59.97,54.68,173.15,98.7,Yes,Yes,Unknown
SYN-DM-03990,153.5,64.63,Controlled,100.49,85.67,189.21,119.74,Yes,No,Unknown
SYN-DM-03991,132.4,67.85,Elevated,88.24,94.11,187.03,82.08,Yes,Yes,Unknown
SYN-DM-03992,145.0,89.51,Unknown,92.26,117.62,172.14,117.53,No,No,Absent
SYN-DM-03993,132.5,66.94,Controlled,95.54,101.16,185.58,101.25,No,No,Absent
SYN-DM-03994,136.4,95.15,Unknown,59.49,64.4,158.39,85.36,No,Yes,Present
SYN-DM-03995,125.4,88.3,Elevated,92.35,92.41,157.83,101.62,No,Yes,Unknown
SYN-DM-03996,109.5,75.47,Elevated,68.26,72.8,186.08,88.28,No,No,Present
SYN-DM-03997,121.6,83.87,Elevated,82.02,79.31,185.57,81.86,Yes,No,Unknown
SYN-DM-03998,103.4,83.25,Controlled,94.77,110.85,154.83,81.14,Yes,No,Unknown
SYN-DM-03999,114.9,103.79,Unknown,83.97,63.05,162.48,92.65,Yes,Yes,Absent
SYN-DM-04000,100.7,73.68,Controlled,89.97,89.52,162.44,98.21,No,No,Absent
SYN-DM-04001,133.9,76.73,Unknown,58.76,111.61,167.74,86.04,Yes,No,Absent
SYN-DM-04002,123.1,65.95,Unknown,89.29,54.22,170.47,90.69,No,Yes,Absent
SYN-DM-04003,144.6,88.52,Elevated,95.8,59.14,179.19,124.81,Yes,No,Unknown
SYN-DM-04004,95.4,80.16,Elevated,80.78,86.86,185.98,85.04,No,No,Absent
SYN-DM-04005,95.0,80.03,Elevated,75.94,99.72,160.9,91.04,No,No,Absent
SYN-DM-04006,111.4,88.89,Unknown,64.64,65.3,177.37,88.82,No,No,Unknown
SYN-DM-04007,113.0,99.47,Unknown,58.96,105.7,170.24,106.99,No,Yes,Present
SYN-DM-04008,126.3,92.82,Unknown,80.19,98.11,157.92,109.22,No,Yes,Absent
SYN-DM-04009,129.5,85.08,Unknown,80.42,69.67,152.54,109.41,Yes,Yes,Unknown
SYN-DM-04010,105.4,74.15,Unknown,102.59,76.91,185.01,73.75,No,No,Present
SYN-DM-04011,133.9,86.7,Unknown,97.62,92.22,175.55,79.35,No,Yes,Unknown
SYN-DM-04012,149.0,78.71,Controlled,77.11,79.69,165.04,113.74,No,Yes,Unknown
SYN-DM-04013,133.9,98.24,Elevated,98.18,110.78,185.15,116.66,No,No,Absent
SYN-DM-04014,150.8,95.29,Controlled,76.89,68.11,165.27,94.47,No,Yes,Unknown
SYN-DM-04015,137.5,96.53,Controlled,85.43,68.31,153.45,89.53,Yes,No,Present
SYN-DM-04016,138.7,69.09,Elevated,86.04,87.78,178.18,96.15,No,No,Absent
SYN-DM-04017,128.6,97.96,Unknown,67.4,102.82,177.12,111.7,Yes,No,Unknown
SYN-DM-04018,152.4,78.92,Unknown,73.44,97.17,166.41,111.0,No,Yes,Absent
SYN-DM-04019,120.3,73.4,Controlled,82.05,63.48,155.08,82.36,No,Yes,Unknown
SYN-DM-04020,143.7,101.9,Controlled,95.46,107.39,170.5,80.05,No,No,Unknown
SYN-DM-04021,132.1,78.43,Controlled,74.66,68.99,178.13,84.51,No,No,Present
SYN-DM-04022,114.4,85.87,Controlled,88.47,57.65,187.69,113.82,No,No,Absent
SYN-DM-04023,119.0,75.27,Elevated,75.01,81.56,183.97,93.89,Yes,No,Unknown
SYN-DM-04024,161.2,79.77,Elevated,90.94,113.9,172.03,93.78,Yes,No,Absent
SYN-DM-04025,123.2,68.85,Elevated,67.69,88.17,172.23,102.12,Yes,Yes,Unknown
SYN-DM-04026,110.6,77.2,Unknown,66.71,106.58,172.69,124.88,Yes,No,Unknown
SYN-DM-04027,124.6,81.76,Elevated,98.47,101.43,165.46,86.83,No,Yes,Unknown
SYN-DM-04028,133.6,98.74,Unknown,70.71,113.42,161.31,86.3,No,No,Unknown
SYN-DM-04029,139.5,85.21,Controlled,58.9,71.8,184.81,83.95,Yes,No,Unknown
SYN-DM-04030,106.2,83.51,Elevated,101.58,107.68,155.14,99.56,No,No,Absent
SYN-DM-04031,116.3,96.88,Unknown,99.48,77.48,181.89,116.07,No,Yes,Absent
SYN-DM-04032,156.1,65.16,Elevated,103.26,57.74,152.48,74.5,Yes,Yes,Absent
SYN-DM-04033,123.1,95.5,Unknown,68.79,88.57,188.3,84.41,No,Yes,Unknown
SYN-DM-04034,143.1,101.32,Unknown,94.11,77.04,166.59,118.25,No,Yes,Unknown
SYN-DM-04035,131.8,77.72,Controlled,60.05,64.03,176.63,72.1,Yes,Yes,Absent
SYN-DM-04036,116.4,91.04,Unknown,65.33,103.32,163.79,121.19,Yes,No,Present
SYN-DM-04037,117.7,100.27,Unknown,75.43,104.79,159.4,106.13,No,No,Absent
SYN-DM-04038,154.6,86.27,Elevated,60.5,77.26,188.55,98.85,Yes,No,Present
SYN-DM-04039,146.7,68.04,Elevated,94.27,60.34,175.89,77.2,No,Yes,Present
SYN-DM-04040,125.2,87.46,Unknown,97.31,76.69,179.94,82.64,No,No,Absent
SYN-DM-04041,122.1,64.01,Unknown,64.7,60.04,170.4,82.26,No,Yes,Unknown
SYN-DM-04042,149.7,64.01,Elevated,76.01,107.2,188.49,122.44,Yes,No,Unknown
SYN-DM-04043,121.2,71.57,Controlled,75.76,112.07,154.0,97.7,No,Yes,Present
SYN-DM-04044,113.1,67.57,Controlled,75.87,115.78,180.21,90.82,No,Yes,Absent
SYN-DM-04045,129.6,88.29,Elevated,90.1,81.52,164.36,125.82,No,No,Unknown
SYN-DM-04046,116.9,68.09,Controlled,64.28,100.68,154.97,124.71,No,Yes,Absent
SYN-DM-04047,139.0,102.78,Controlled,89.02,61.33,177.17,82.71,No,Yes,Unknown
SYN-DM-04048,130.1,85.94,Controlled,65.94,101.54,157.77,125.45,No,No,Absent
SYN-DM-04049,140.2,65.93,Controlled,93.68,64.94,183.36,92.73,Yes,Yes,Absent
SYN-DM-04050,115.3,89.79,Controlled,88.53,68.46,187.41,107.33,Yes,Yes,Absent
SYN-DM-04051,129.6,90.92,Unknown,74.14,74.18,168.55,108.52,Yes,No,Unknown
SYN-DM-04052,115.2,87.74,Unknown,77.77,92.9,160.99,76.4,Yes,Yes,Present
SYN-DM-04053,105.8,86.92,Elevated,83.64,96.33,167.85,96.58,Yes,No,Absent
SYN-DM-04054,119.8,103.11,Unknown,102.06,84.16,161.34,93.6,No,No,Absent
SYN-DM-04055,126.3,72.48,Controlled,65.02,76.22,179.96,110.98,No,Yes,Absent
SYN-DM-04056,90,93.34,Controlled,90.05,76.7,181.09,73.72,Yes,Yes,Present
SYN-DM-04057,124.0,79.47,Unknown,93.47,97.33,176.64,125.56,No,No,Present
SYN-DM-04058,121.3,76.93,Elevated,93.99,73.15,184.59,85.73,No,Yes,Present
SYN-DM-04059,136.0,98.49,Elevated,68.01,93.64,158.19,84.32,No,No,Absent
SYN-DM-04060,135.7,75.99,Controlled,89.8,85.68,155.96,104.72,No,Yes,Present
SYN-DM-04061,133.9,65.99,Elevated,69.19,70.22,169.44,118.12,No,No,Absent
SYN-DM-04062,127.5,65.04,Controlled,68.26,59.17,155.04,112.8,Yes,Yes,Present
SYN-DM-04063,90,73.92,Elevated,90.85,89.15,163.94,106.65,No,No,Absent
SYN-DM-04064,134.1,93.46,Elevated,70.63,76.63,184.83,125.62,Yes,No,Absent
SYN-DM-04065,124.9,101.42,Controlled,83.19,98.0,161.73,109.56,Yes,No,Absent
SYN-DM-04066,144.1,100.64,Controlled,77.14,67.06,185.64,109.66,Yes,Yes,Unknown
SYN-DM-04067,159.0,92.48,Elevated,91.31,69.92,185.49,75.88,Yes,No,Unknown
SYN-DM-04068,139.2,102.97,Elevated,80.16,63.7,173.62,119.86,Yes,No,Present
SYN-DM-04069,120.9,103.46,Elevated,91.63,91.02,169.2,116.61,Yes,No,Present
SYN-DM-04070,118.9,83.83,Controlled,82.82,86.96,188.88,76.48,Yes,Yes,Unknown
SYN-DM-04071,131.8,70.94,Unknown,63.56,78.35,183.75,123.39,Yes,No,Absent
SYN-DM-04072,130.1,84.37,Elevated,61.71,55.69,160.16,89.02,Yes,Yes,Unknown
SYN-DM-04073,136.5,69.81,Unknown,66.96,86.08,179.0,117.52,Yes,No,Absent
SYN-DM-04074,133.3,77.85,Elevated,70.65,70.21,179.75,75.56,No,Yes,Absent
SYN-DM-04075,134.3,85.35,Controlled,96.64,85.9,187.68,109.17,Yes,Yes,Present
SYN-DM-04076,126.1,73.44,Controlled,75.24,110.37,157.06,76.05,No,Yes,Unknown
SYN-DM-04077,134.9,87.99,Unknown,92.51,59.08,165.47,108.44,No,Yes,Absent
SYN-DM-04078,131.6,99.13,Elevated,98.38,98.25,163.9,118.7,No,Yes,Present
SYN-DM-04079,149.9,84.6,Controlled,89.85,56.63,164.37,74.0,Yes,No,Unknown
SYN-DM-04080,157.8,99.09,Controlled,62.63,67.92,171.43,97.33,Yes,No,Unknown
SYN-DM-04081,105.6,80.92,Elevated,74.79,79.84,174.09,80.79,Yes,No,Absent
SYN-DM-04082,123.4,84.31,Unknown,79.12,63.1,159.74,95.43,No,No,Absent
SYN-DM-04083,94.0,75.6,Elevated,79.41,73.06,189.15,111.94,No,Yes,Absent
SYN-DM-04084,93.0,72.11,Unknown,102.79,77.88,166.18,108.23,Yes,Yes,Present
SYN-DM-04085,128.0,79.2,Controlled,96.7,65.71,168.42,93.94,Yes,No,Present
SYN-DM-04086,108.4,78.68,Controlled,71.81,86.05,188.58,77.79,No,Yes,Absent
SYN-DM-04087,141.3,81.61,Unknown,82.61,74.79,166.6,104.01,Yes,No,Absent
SYN-DM-04088,152.9,81.96,Unknown,85.37,64.45,156.73,120.17,No,No,Absent
SYN-DM-04089,119.5,68.36,Unknown,86.36,61.14,164.45,115.67,Yes,Yes,Unknown
SYN-DM-04090,110.9,90.73,Controlled,98.57,109.82,176.65,88.05,No,No,Present
SYN-DM-04091,127.7,66.2,Elevated,69.89,60.71,171.57,76.72,Yes,No,Absent
SYN-DM-04092,157.6,75.43,Unknown,99.64,72.95,153.29,93.48,No,No,Absent
SYN-DM-04093,106.9,95.25,Elevated,73.25,66.52,158.8,113.84,No,No,Absent
SYN-DM-04094,126.7,100.29,Unknown,58.82,65.03,162.21,86.17,No,Yes,Absent
SYN-DM-04095,146.4,92.8,Unknown,66.17,82.75,180.72,94.83,Yes,Yes,Absent
SYN-DM-04096,113.9,102.89,Controlled,72.41,85.65,168.51,92.11,No,No,Unknown
SYN-DM-04097,95.5,68.06,Controlled,80.55,93.1,189.74,95.5,Yes,No,Present
SYN-DM-04098,133.1,103.36,Controlled,74.01,106.54,166.98,108.43,No,Yes,Absent
SYN-DM-04099,152.4,84.01,Elevated,91.01,115.49,170.95,101.16,No,Yes,Absent
SYN-DM-04100,94.8,81.86,Elevated,63.49,62.16,186.31,72.56,No,Yes,Present
SYN-DM-04101,133.4,98.74,Elevated,100.88,73.89,183.6,96.2,Yes,Yes,Absent
SYN-DM-04102,126.2,90.95,Elevated,83.73,89.6,159.72,103.06,No,No,Present
SYN-DM-04103,146.4,101.06,Elevated,93.49,97.8,170.9,99.97,No,Yes,Unknown
SYN-DM-04104,149.1,85.03,Controlled,100.42,63.35,161.97,98.26,Yes,Yes,Absent
SYN-DM-04105,123.3,83.38,Elevated,62.13,66.85,182.71,105.15,No,Yes,Present
SYN-DM-04106,174.4,85.83,Elevated,85.17,55.47,183.82,87.12,Yes,Yes,Unknown
SYN-DM-04107,138.9,76.64,Elevated,64.47,60.92,153.55,82.02,No,No,Unknown
SYN-DM-04108,158.0,91.82,Controlled,59.06,55.28,155.0,94.55,Yes,No,Absent
SYN-DM-04109,147.9,92.55,Unknown,87.22,102.84,184.71,119.18,No,No,Unknown
SYN-DM-04110,135.8,89.43,Elevated,75.9,73.14,179.61,123.71,No,No,Absent
SYN-DM-04111,114.5,102.32,Elevated,99.1,106.01,160.31,81.89,Yes,No,Absent
SYN-DM-04112,128.9,97.86,Unknown,83.26,79.34,169.85,94.17,Yes,Yes,Absent
SYN-DM-04113,149.4,87.39,Unknown,63.3,93.41,175.1,108.75,Yes,Yes,Present
SYN-DM-04114,149.9,93.28,Unknown,65.94,88.81,186.63,110.84,No,No,Present
SYN-DM-04115,119.9,102.19,Controlled,96.68,93.26,178.79,122.97,No,Yes,Absent
SYN-DM-04116,131.5,102.69,Controlled,79.37,115.11,173.45,79.71,No,No,Unknown
SYN-DM-04117,127.6,78.62,Unknown,90.69,112.21,157.12,122.89,Yes,Yes,Unknown
SYN-DM-04118,112.4,64.56,Elevated,85.79,110.42,175.45,93.63,Yes,Yes,Unknown
SYN-DM-04119,96.4,81.74,Unknown,61.92,85.42,180.43,120.93,No,Yes,Absent
SYN-DM-04120,151.0,80.14,Unknown,73.13,110.1,155.56,84.29,Yes,No,Unknown
SYN-DM-04121,133.3,71.0,Elevated,93.11,57.32,171.98,107.61,No,No,Present
SYN-DM-04122,118.7,76.16,Elevated,90.08,87.62,188.29,77.65,No,Yes,Absent
SYN-DM-04123,110.3,78.57,Elevated,62.46,105.72,153.69,112.55,No,Yes,Absent
SYN-DM-04124,137.0,87.92,Elevated,79.02,95.56,186.85,113.0,No,No,Unknown
SYN-DM-04125,138.0,83.44,Elevated,69.46,104.64,179.54,97.55,Yes,No,Unknown
SYN-DM-04126,140.3,101.74,Controlled,68.29,109.35,177.91,91.38,No,Yes,Unknown
SYN-DM-04127,141.4,76.01,Unknown,67.78,70.1,173.0,125.62,Yes,Yes,Present
SYN-DM-04128,117.1,70.17,Controlled,79.96,107.49,159.12,117.43,Yes,Yes,Absent
SYN-DM-04129,107.5,84.23,Elevated,71.83,89.59,186.88,113.64,Yes,Yes,Present
SYN-DM-04130,109.8,92.72,Controlled,68.44,115.64,174.85,93.16,No,No,Present
SYN-DM-04131,190,74.48,Elevated,60.8,93.88,170.47,100.74,Yes,Yes,Present
SYN-DM-04132,135.0,66.94,Elevated,76.96,70.48,177.03,123.67,No,No,Unknown
SYN-DM-04133,131.7,71.36,Elevated,78.52,109.28,169.63,80.3,No,Yes,Unknown
SYN-DM-04134,143.0,99.83,Unknown,98.6,80.21,174.73,80.5,No,No,Absent
SYN-DM-04135,90,79.64,Controlled,90.47,76.64,164.97,87.7,No,Yes,Unknown
SYN-DM-04136,158.3,65.59,Elevated,84.58,106.63,154.42,80.65,Yes,No,Unknown
SYN-DM-04137,142.8,90.63,Elevated,82.79,114.33,167.36,96.45,Yes,Yes,Absent
SYN-DM-04138,140.1,72.35,Unknown,65.73,85.99,182.51,102.12,Yes,No,Absent
SYN-DM-04139,139.3,71.57,Elevated,62.84,68.23,179.71,109.75,No,Yes,Unknown
SYN-DM-04140,133.2,78.65,Unknown,93.01,117.77,157.72,125.37,Yes,No,Present
SYN-DM-04141,120.6,89.88,Unknown,74.56,62.25,168.98,106.66,No,Yes,Unknown
SYN-DM-04142,141.7,99.13,Controlled,64.5,57.39,158.33,90.21,Yes,Yes,Unknown
SYN-DM-04143,120.3,94.11,Unknown,63.52,92.61,186.64,94.83,No,No,Unknown
SYN-DM-04144,119.6,69.34,Unknown,101.53,104.23,186.44,121.06,No,Yes,Unknown
SYN-DM-04145,133.6,71.56,Controlled,73.79,79.0,184.78,75.3,Yes,Yes,Present
SYN-DM-04146,95.0,91.42,Controlled,98.0,67.47,163.94,84.84,Yes,No,Absent
SYN-DM-04147,128.4,83.83,Controlled,100.17,106.11,180.67,74.35,Yes,No,Absent
SYN-DM-04148,178.2,85.67,Controlled,101.76,64.16,189.27,89.95,Yes,No,Absent
SYN-DM-04149,124.2,80.28,Controlled,87.67,97.74,168.06,123.08,No,No,Absent
SYN-DM-04150,127.9,88.01,Controlled,71.46,109.75,160.14,108.03,Yes,No,Present
SYN-DM-04151,130.7,68.34,Unknown,103.06,84.64,158.34,89.3,No,Yes,Present
SYN-DM-04152,140.5,79.84,Elevated,88.62,85.15,159.75,79.97,Yes,No,Unknown
SYN-DM-04153,112.3,81.41,Controlled,72.92,103.85,170.71,72.08,Yes,No,Absent
SYN-DM-04154,115.3,69.39,Unknown,77.12,58.27,166.58,122.39,Yes,Yes,Present
SYN-DM-04155,96.8,88.18,Elevated,75.27,117.19,160.14,108.59,Yes,No,Present
SYN-DM-04156,125.8,69.09,Controlled,89.28,79.72,173.69,95.95,No,Yes,Unknown
SYN-DM-04157,162.3,96.61,Elevated,78.56,106.63,173.37,99.75,Yes,Yes,Absent
SYN-DM-04158,161.5,91.12,Elevated,95.68,82.14,183.8,110.97,No,Yes,Absent
SYN-DM-04159,121.5,64.97,Controlled,89.9,100.24,172.63,73.1,Yes,No,Absent
SYN-DM-04160,129.7,69.62,Controlled,92.91,87.95,157.73,91.61,Yes,Yes,Present
SYN-DM-04161,132.6,69.28,Unknown,102.41,93.08,173.41,125.35,No,Yes,Present
SYN-DM-04162,108.8,82.29,Controlled,83.91,81.57,157.44,118.67,No,Yes,Unknown
SYN-DM-04163,110.2,100.34,Controlled,72.33,109.43,182.65,104.8,No,No,Unknown
SYN-DM-04164,138.5,93.6,Controlled,75.85,117.23,181.3,89.58,Yes,Yes,Absent
SYN-DM-04165,98.1,96.55,Controlled,67.32,75.57,182.09,88.76,No,Yes,Present
SYN-DM-04166,134.6,103.42,Unknown,78.38,87.7,188.78,91.35,Yes,No,Present
SYN-DM-04167,118.4,91.09,Controlled,74.95,106.3,177.98,91.63,No,Yes,Unknown
SYN-DM-04168,115.9,87.63,Elevated,84.36,105.21,175.95,104.57,Yes,No,Present
SYN-DM-04169,116.7,83.95,Controlled,61.39,68.19,172.12,106.03,No,Yes,Absent
SYN-DM-04170,153.3,93.67,Unknown,102.92,85.42,180.36,97.42,No,No,Present
SYN-DM-04171,124.3,97.03,Unknown,71.38,69.15,153.21,117.44,No,Yes,Absent
SYN-DM-04172,126.1,103.8,Unknown,81.86,56.08,189.61,102.34,No,No,Absent
SYN-DM-04173,123.7,95.55,Controlled,87.75,62.53,161.24,110.51,No,No,Unknown
SYN-DM-04174,101.1,74.44,Elevated,99.0,75.07,158.94,76.01,No,Yes,Present
SYN-DM-04175,155.4,83.02,Controlled,64.89,112.52,173.05,97.08,Yes,No,Absent
SYN-DM-04176,112.0,81.27,Elevated,58.72,62.78,178.83,78.64,No,No,Absent
SYN-DM-04177,136.9,102.99,Controlled,82.59,117.29,157.3,122.28,No,No,Absent
SYN-DM-04178,126.0,98.97,Unknown,77.77,85.46,165.13,125.47,Yes,Yes,Absent
SYN-DM-04179,129.7,99.26,Controlled,70.09,78.64,152.56,125.38,Yes,No,Absent
SYN-DM-04180,128.5,70.84,Elevated,98.68,56.23,152.82,114.23,No,Yes,Unknown
SYN-DM-04181,132.5,76.02,Unknown,65.96,84.38,186.75,110.65,No,No,Present
SYN-DM-04182,116.6,73.8,Unknown,96.01,80.51,184.25,74.98,No,Yes,Absent
SYN-DM-04183,141.2,67.59,Controlled,59.26,72.44,157.57,87.99,No,No,Absent
SYN-DM-04184,137.0,67.78,Elevated,67.73,100.32,176.35,111.57,Yes,Yes,Present
SYN-DM-04185,137.5,87.91,Controlled,89.47,116.27,163.07,106.68,No,No,Present
SYN-DM-04186,132.9,100.11,Elevated,90.6,114.89,168.68,88.31,Yes,Yes,Unknown
SYN-DM-04187,106.1,99.84,Controlled,89.15,75.34,163.31,98.05,No,Yes,Present
SYN-DM-04188,140.8,80.75,Elevated,75.64,54.49,185.11,84.09,Yes,Yes,Unknown
SYN-DM-04189,96.6,74.23,Elevated,98.49,98.06,162.35,103.96,Yes,No,Present
SYN-DM-04190,149.5,94.59,Elevated,68.0,109.47,174.74,96.55,Yes,Yes,Present
SYN-DM-04191,125.3,82.67,Controlled,64.55,109.19,174.01,113.07,Yes,Yes,Unknown
SYN-DM-04192,127.3,65.05,Elevated,76.35,71.02,177.95,113.01,Yes,Yes,Absent
SYN-DM-04193,96.0,84.16,Elevated,79.63,65.17,182.85,101.67,No,No,Absent
SYN-DM-04194,136.7,82.75,Elevated,103.99,93.57,171.86,88.3,Yes,Yes,Unknown
SYN-DM-04195,124.5,77.3,Controlled,69.35,66.07,160.12,121.15,No,No,Present
SYN-DM-04196,120.8,90.21,Unknown,65.15,88.6,171.73,110.78,No,Yes,Unknown
SYN-DM-04197,111.1,68.24,Controlled,75.0,85.96,188.63,114.43,Yes,Yes,Absent
SYN-DM-04198,131.2,96.19,Controlled,89.66,86.31,182.18,79.94,No,Yes,Unknown
SYN-DM-04199,150.0,84.63,Unknown,70.51,73.81,186.97,109.62,No,No,Absent
SYN-DM-04200,128.7,77.32,Elevated,93.32,86.83,182.93,102.51,Yes,No,Unknown
SYN-DM-04201,142.5,101.7,Unknown,77.46,67.99,182.99,123.74,No,Yes,Absent
SYN-DM-04202,154.9,77.55,Elevated,80.84,86.44,180.64,89.37,Yes,No,Present
SYN-DM-04203,96.9,93.37,Elevated,100.95,100.0,183.35,99.27,No,No,Present
SYN-DM-04204,129.8,84.55,Controlled,82.6,105.3,163.31,104.18,No,No,Present
SYN-DM-04205,116.0,80.16,Elevated,67.35,67.03,170.24,116.7,No,No,Unknown
SYN-DM-04206,135.1,93.6,Controlled,68.52,86.56,169.57,99.62,No,Yes,Unknown
SYN-DM-04207,122.1,83.25,Elevated,84.61,54.64,158.24,117.16,Yes,Yes,Absent
SYN-DM-04208,126.7,97.53,Unknown,64.13,62.29,184.14,104.37,Yes,No,Present
SYN-DM-04209,159.5,71.36,Unknown,75.19,65.24,178.6,119.66,No,No,Present
SYN-DM-04210,139.1,97.69,Unknown,94.69,85.97,184.07,88.82,Yes,No,Absent
SYN-DM-04211,137.8,86.9,Elevated,72.98,105.56,176.86,121.91,Yes,Yes,Present
SYN-DM-04212,127.1,95.58,Elevated,99.99,77.75,165.29,106.51,Yes,No,Present
SYN-DM-04213,122.1,74.06,Controlled,60.68,64.66,168.31,87.21,Yes,No,Unknown
SYN-DM-04214,155.5,91.37,Controlled,58.51,110.99,160.96,92.85,No,No,Unknown
SYN-DM-04215,112.5,95.29,Elevated,99.26,82.7,156.53,104.04,Yes,No,Present
SYN-DM-04216,153.4,75.07,Unknown,59.25,89.92,183.06,83.08,Yes,Yes,Absent
SYN-DM-04217,133.1,75.57,Elevated,103.2,63.67,172.06,113.68,No,Yes,Unknown
SYN-DM-04218,136.8,100.68,Unknown,78.14,116.24,176.23,72.29,No,No,Present
SYN-DM-04219,122.2,75.39,Unknown,85.66,57.19,166.34,115.62,No,No,Unknown
SYN-DM-04220,118.3,97.36,Unknown,93.92,72.21,168.92,101.48,Yes,No,Absent
SYN-DM-04221,129.1,86.47,Elevated,64.58,58.66,163.52,116.17,No,No,Unknown
SYN-DM-04222,103.4,74.16,Elevated,60.22,67.11,157.63,79.51,No,No,Present
SYN-DM-04223,155.3,67.37,Unknown,88.41,74.21,167.64,72.97,No,Yes,Unknown
SYN-DM-04224,113.5,102.71,Unknown,62.39,65.94,161.57,103.91,Yes,Yes,Present
SYN-DM-04225,143.7,93.95,Elevated,89.33,99.57,161.01,116.92,No,No,Unknown
SYN-DM-04226,123.5,75.4,Controlled,71.85,72.16,159.08,92.7,Yes,No,Unknown
SYN-DM-04227,120.1,100.91,Unknown,91.67,76.32,159.42,93.87,No,No,Absent
SYN-DM-04228,129.3,65.35,Elevated,60.5,107.48,169.6,90.63,No,Yes,Absent
SYN-DM-04229,118.5,79.08,Elevated,88.56,79.5,165.78,79.74,Yes,Yes,Absent
SYN-DM-04230,118.0,67.84,Controlled,68.55,101.44,175.75,74.47,Yes,Yes,Absent
SYN-DM-04231,131.5,65.07,Elevated,65.12,55.54,162.99,76.66,No,Yes,Present
SYN-DM-04232,135.1,83.02,Elevated,82.79,84.74,167.93,99.83,No,Yes,Absent
SYN-DM-04233,177.7,84.75,Elevated,101.48,57.35,170.6,118.59,No,Yes,Absent
SYN-DM-04234,141.5,68.13,Unknown,95.78,69.15,176.58,117.77,Yes,No,Unknown
SYN-DM-04235,128.7,100.85,Unknown,86.54,83.63,170.73,79.68,No,No,Absent
SYN-DM-04236,148.4,95.76,Elevated,81.14,100.36,174.31,118.52,No,Yes,Absent
SYN-DM-04237,95.0,88.4,Unknown,102.39,106.58,177.42,80.82,Yes,Yes,Unknown
SYN-DM-04238,114.8,96.33,Controlled,101.83,78.48,161.36,90.82,Yes,No,Unknown
SYN-DM-04239,160.9,94.84,Controlled,78.48,70.85,182.28,124.12,Yes,No,Unknown
SYN-DM-04240,124.0,67.61,Controlled,102.45,115.35,167.52,102.3,No,No,Absent
SYN-DM-04241,162.2,77.1,Elevated,83.82,69.66,189.95,116.37,No,Yes,Absent
SYN-DM-04242,141.0,98.3,Controlled,78.5,72.09,179.86,113.87,Yes,Yes,Present
SYN-DM-04243,147.8,91.66,Unknown,74.84,114.27,170.32,113.35,Yes,Yes,Present
SYN-DM-04244,125.3,76.26,Elevated,98.7,74.62,175.09,113.38,No,No,Absent
SYN-DM-04245,109.3,90.38,Unknown,85.36,83.82,152.91,111.65,No,No,Present
SYN-DM-04246,148.6,90.93,Elevated,62.01,102.74,166.27,79.78,No,No,Unknown
SYN-DM-04247,125.2,65.66,Elevated,91.86,63.07,185.61,120.62,Yes,No,Unknown
SYN-DM-04248,144.5,67.42,Unknown,83.52,100.44,175.54,103.1,No,Yes,Unknown
SYN-DM-04249,121.4,97.04,Controlled,67.03,89.07,166.78,73.6,Yes,No,Absent
SYN-DM-04250,131.8,92.86,Elevated,70.84,80.19,162.41,74.22,Yes,Yes,Present
SYN-DM-04251,102.8,103.86,Unknown,75.7,113.09,181.27,122.28,Yes,Yes,Absent
SYN-DM-04252,159.6,93.1,Unknown,85.19,90.32,173.04,108.79,No,Yes,Unknown
SYN-DM-04253,147.0,95.14,Unknown,76.78,60.25,186.31,115.63,Yes,No,Unknown
SYN-DM-04254,116.6,83.25,Controlled,83.33,78.44,153.34,112.38,Yes,No,Unknown
SYN-DM-04255,132.8,82.08,Controlled,59.43,99.46,152.56,96.96,Yes,No,Absent
SYN-DM-04256,95.5,73.49,Elevated,66.35,62.93,188.02,102.03,No,Yes,Absent
SYN-DM-04257,107.0,67.53,Unknown,81.6,59.54,154.65,90.33,Yes,No,Unknown
SYN-DM-04258,149.1,90.29,Unknown,70.88,79.06,177.53,98.74,Yes,Yes,Unknown
SYN-DM-04259,157.2,80.44,Controlled,65.32,60.81,154.95,83.85,Yes,No,Absent
SYN-DM-04260,123.0,89.66,Unknown,84.61,71.96,170.17,84.67,No,No,Absent
SYN-DM-04261,116.6,83.68,Controlled,89.41,89.86,174.12,110.21,No,Yes,Unknown
SYN-DM-04262,131.6,76.49,Elevated,86.2,73.85,161.19,96.25,No,Yes,Absent
SYN-DM-04263,113.3,69.79,Controlled,75.79,81.47,158.49,101.15,No,No,Absent
SYN-DM-04264,123.0,85.7,Elevated,86.51,104.2,176.48,117.85,Yes,No,Absent
SYN-DM-04265,107.4,89.55,Elevated,77.64,68.81,171.71,99.77,No,No,Present
SYN-DM-04266,119.3,103.53,Controlled,82.73,60.46,181.66,93.79,Yes,Yes,Absent
SYN-DM-04267,130.2,73.78,Controlled,60.13,114.91,169.46,72.6,No,Yes,Absent
SYN-DM-04268,90,96.94,Elevated,98.86,71.14,163.95,95.73,Yes,No,Absent
SYN-DM-04269,130.7,73.77,Unknown,72.88,81.1,167.18,73.34,No,Yes,Unknown
SYN-DM-04270,141.3,83.18,Controlled,88.53,82.53,178.91,82.71,Yes,Yes,Absent
SYN-DM-04271,148.2,82.68,Controlled,64.92,88.56,176.96,82.97,No,Yes,Unknown
SYN-DM-04272,114.7,69.66,Controlled,79.58,64.38,173.76,100.56,No,No,Unknown
SYN-DM-04273,122.0,90.63,Elevated,62.61,55.49,185.43,98.09,No,No,Absent
SYN-DM-04274,120.7,90.07,Controlled,61.9,63.64,185.08,85.88,Yes,No,Unknown
SYN-DM-04275,118.8,66.01,Controlled,75.52,99.34,160.1,110.27,Yes,No,Absent
SYN-DM-04276,142.4,64.14,Elevated,84.62,60.75,166.53,88.33,No,No,Unknown
SYN-DM-04277,143.1,101.04,Unknown,85.82,89.21,168.42,81.21,Yes,Yes,Unknown
SYN-DM-04278,105.4,94.08,Unknown,63.98,76.27,168.38,80.72,Yes,No,Absent
SYN-DM-04279,154.3,81.67,Controlled,65.0,70.03,186.02,111.04,Yes,No,Unknown
SYN-DM-04280,114.1,67.33,Elevated,95.87,60.58,153.43,78.89,No,Yes,Unknown
SYN-DM-04281,142.8,73.46,Controlled,84.83,110.74,189.09,90.75,Yes,No,Present
SYN-DM-04282,125.4,64.49,Controlled,100.99,74.55,174.75,106.07,No,Yes,Present
SYN-DM-04283,112.3,100.85,Elevated,90.44,58.19,179.39,123.57,No,Yes,Absent
SYN-DM-04284,135.2,78.48,Unknown,92.54,89.86,155.22,100.15,Yes,Yes,Absent
SYN-DM-04285,134.5,82.27,Unknown,90.66,105.01,170.81,92.98,Yes,Yes,Present
SYN-DM-04286,114.1,64.89,Unknown,63.37,113.35,188.36,100.69,Yes,Yes,Unknown
SYN-DM-04287,121.0,95.52,Unknown,69.58,70.93,181.55,107.12,No,No,Unknown
SYN-DM-04288,135.5,82.26,Controlled,89.58,65.91,169.57,79.33,No,Yes,Absent
SYN-DM-04289,163.7,89.87,Elevated,101.33,111.55,170.08,87.31,Yes,No,Present
SYN-DM-04290,143.5,65.79,Elevated,91.39,99.5,188.13,78.87,Yes,Yes,Unknown
SYN-DM-04291,119.2,90.6,Elevated,91.85,113.43,162.98,122.66,No,Yes,Absent
SYN-DM-04292,118.6,98.74,Elevated,79.4,58.8,167.59,110.7,No,Yes,Present
SYN-DM-04293,143.6,78.88,Unknown,71.88,84.55,178.8,82.67,No,No,Unknown
SYN-DM-04294,152.1,81.67,Controlled,82.35,81.77,155.43,74.25,No,No,Present
SYN-DM-04295,94.0,96.0,Unknown,67.08,71.89,186.44,114.01,Yes,Yes,Absent
SYN-DM-04296,90,92.9,Controlled,75.92,84.21,167.94,119.06,No,Yes,Unknown
SYN-DM-04297,128.8,98.34,Unknown,92.58,63.34,165.61,124.67,No,No,Unknown
SYN-DM-04298,147.6,88.3,Unknown,78.76,92.95,182.29,101.24,No,No,Unknown
SYN-DM-04299,118.3,70.84,Controlled,73.18,81.11,169.02,121.83,No,Yes,Present
SYN-DM-04300,143.5,99.43,Controlled,67.86,61.3,181.15,93.94,No,No,Unknown
SYN-DM-04301,133.0,98.25,Unknown,77.33,102.49,156.64,75.29,No,No,Absent
SYN-DM-04302,111.5,82.72,Unknown,58.91,60.66,158.01,122.11,Yes,No,Absent
SYN-DM-04303,117.9,69.33,Unknown,67.86,87.54,179.94,98.26,Yes,No,Unknown
SYN-DM-04304,111.0,93.29,Unknown,101.14,88.07,164.54,105.67,Yes,No,Unknown
SYN-DM-04305,153.8,70.1,Unknown,89.91,91.19,158.73,81.1,Yes,No,Unknown
SYN-DM-04306,126.3,70.79,Controlled,59.97,72.61,164.72,124.12,No,Yes,Absent
SYN-DM-04307,116.8,93.64,Unknown,80.39,55.46,163.95,120.57,Yes,No,Unknown
SYN-DM-04308,128.2,99.52,Controlled,60.36,92.06,181.01,116.34,No,Yes,Present
SYN-DM-04309,145.5,77.34,Elevated,80.45,99.4,183.61,109.31,Yes,Yes,Unknown
SYN-DM-04310,115.9,69.97,Unknown,69.11,114.01,176.44,108.5,No,No,Present
SYN-DM-04311,138.0,64.98,Unknown,75.1,81.98,164.95,73.46,No,Yes,Unknown
SYN-DM-04312,169.7,95.32,Elevated,94.01,111.35,152.44,111.6,No,Yes,Unknown
SYN-DM-04313,128.5,95.48,Unknown,67.23,73.86,174.4,109.65,Yes,Yes,Absent
SYN-DM-04314,133.0,76.35,Unknown,81.88,87.98,167.67,94.69,Yes,No,Unknown
SYN-DM-04315,129.1,72.89,Unknown,73.67,110.41,162.39,110.91,No,No,Absent
SYN-DM-04316,140.1,86.18,Elevated,67.05,73.66,170.6,120.61,Yes,No,Present
SYN-DM-04317,127.1,81.21,Controlled,64.77,111.23,154.65,86.49,Yes,No,Absent
SYN-DM-04318,144.9,65.19,Elevated,87.7,79.8,161.06,99.04,Yes,Yes,Unknown
SYN-DM-04319,165.5,97.81,Controlled,59.7,60.15,155.58,83.83,Yes,Yes,Unknown
SYN-DM-04320,126.2,85.25,Controlled,64.05,96.52,156.66,106.23,Yes,No,Absent
SYN-DM-04321,136.8,69.29,Unknown,80.14,83.83,174.24,93.65,Yes,Yes,Unknown
SYN-DM-04322,169.2,94.41,Elevated,63.94,109.13,183.94,108.84,No,No,Present
SYN-DM-04323,106.2,97.93,Elevated,62.01,112.87,177.73,118.13,No,Yes,Absent
SYN-DM-04324,131.8,67.3,Elevated,68.61,55.16,153.24,73.32,Yes,No,Absent
SYN-DM-04325,119.5,85.57,Controlled,89.68,89.69,189.22,80.82,No,Yes,Absent
SYN-DM-04326,129.7,81.05,Unknown,76.03,64.3,170.6,109.28,No,No,Absent
SYN-DM-04327,138.1,71.33,Elevated,72.38,105.18,155.35,108.44,No,Yes,Present
SYN-DM-04328,119.1,70.49,Unknown,102.06,69.98,172.74,115.03,Yes,No,Unknown
SYN-DM-04329,130.0,101.71,Elevated,63.13,89.91,178.23,125.53,No,No,Absent
SYN-DM-04330,90,65.41,Unknown,76.84,84.67,169.82,99.47,No,Yes,Unknown
SYN-DM-04331,114.0,86.65,Elevated,97.01,62.53,154.15,73.62,No,No,Unknown
SYN-DM-04332,101.7,78.06,Elevated,103.08,61.67,187.27,107.05,Yes,Yes,Present
SYN-DM-04333,122.0,102.36,Elevated,60.8,70.0,160.71,91.98,Yes,Yes,Unknown
SYN-DM-04334,107.3,94.8,Unknown,92.95,113.59,157.11,111.05,Yes,No,Present
SYN-DM-04335,108.0,90.86,Controlled,93.35,111.26,189.21,75.15,No,Yes,Present
SYN-DM-04336,131.6,92.45,Unknown,77.58,95.59,156.92,113.76,Yes,Yes,Present
SYN-DM-04337,126.7,103.74,Controlled,100.08,101.3,157.46,86.13,Yes,No,Present
SYN-DM-04338,96.6,72.81,Controlled,79.81,66.66,163.55,82.05,Yes,No,Absent
SYN-DM-04339,146.8,69.06,Elevated,61.04,58.81,168.19,87.16,No,Yes,Absent
SYN-DM-04340,150.7,72.87,Elevated,67.75,84.44,189.49,106.38,No,Yes,Absent
SYN-DM-04341,108.7,102.19,Unknown,60.4,106.75,174.6,94.78,No,Yes,Absent
SYN-DM-04342,170.7,65.3,Elevated,91.3,57.42,167.5,107.23,No,Yes,Present
SYN-DM-04343,126.7,69.3,Unknown,85.21,88.31,163.65,124.84,Yes,No,Unknown
SYN-DM-04344,160.6,97.35,Unknown,61.15,66.27,162.19,78.96,No,No,Unknown
SYN-DM-04345,136.3,67.94,Unknown,62.46,70.47,164.69,96.98,No,Yes,Absent
SYN-DM-04346,131.7,101.04,Unknown,81.63,87.42,183.34,96.9,Yes,Yes,Present
SYN-DM-04347,115.1,83.22,Unknown,73.96,66.48,184.27,99.18,Yes,Yes,Present
SYN-DM-04348,130.8,72.03,Controlled,93.41,84.91,182.58,85.6,No,Yes,Unknown
SYN-DM-04349,139.2,77.05,Unknown,64.49,74.45,177.35,100.84,Yes,Yes,Unknown
SYN-DM-04350,126.1,82.98,Elevated,78.96,83.25,186.11,83.16,No,No,Present
SYN-DM-04351,115.2,67.13,Unknown,58.31,90.26,170.63,98.72,Yes,Yes,Unknown
SYN-DM-04352,145.0,76.22,Unknown,94.6,74.58,152.26,72.02,Yes,Yes,Absent
SYN-DM-04353,156.0,100.46,Controlled,70.41,75.26,171.66,112.29,No,No,Unknown
SYN-DM-04354,136.5,70.36,Unknown,58.81,114.31,161.69,75.02,No,No,Present
SYN-DM-04355,128.5,81.8,Controlled,90.47,116.78,175.2,110.64,Yes,No,Absent
SYN-DM-04356,149.7,79.33,Unknown,81.85,56.8,188.71,120.58,No,No,Absent
SYN-DM-04357,118.7,90.46,Controlled,95.18,99.23,185.79,105.97,Yes,Yes,Unknown
SYN-DM-04358,163.6,99.94,Controlled,62.06,99.16,154.85,117.8,Yes,Yes,Present
SYN-DM-04359,161.8,86.33,Controlled,81.68,80.27,185.44,98.52,No,Yes,Unknown
SYN-DM-04360,122.7,90.93,Elevated,81.86,87.15,158.52,106.51,No,No,Unknown
SYN-DM-04361,139.9,87.76,Controlled,70.63,56.38,156.84,123.51,No,No,Absent
SYN-DM-04362,144.0,75.93,Controlled,71.01,103.71,171.35,84.23,No,No,Present
SYN-DM-04363,140.3,76.09,Controlled,66.04,57.28,152.61,102.33,No,Yes,Absent
SYN-DM-04364,106.8,96.41,Unknown,89.79,91.18,176.62,102.99,Yes,Yes,Present
SYN-DM-04365,140.1,91.8,Unknown,76.09,110.06,184.47,89.0,Yes,Yes,Absent
SYN-DM-04366,120.8,92.27,Elevated,78.22,100.91,180.78,100.38,Yes,Yes,Unknown
SYN-DM-04367,121.2,77.0,Controlled,91.72,97.41,185.25,101.56,No,Yes,Unknown
SYN-DM-04368,132.6,100.72,Unknown,76.61,110.18,164.49,101.72,No,Yes,Present
SYN-DM-04369,141.0,80.03,Elevated,103.95,83.62,181.32,113.74,Yes,No,Present
SYN-DM-04370,144.5,82.46,Controlled,88.09,79.9,160.87,82.09,Yes,Yes,Unknown
SYN-DM-04371,110.7,86.31,Controlled,97.14,107.46,179.01,124.7,No,Yes,Unknown
SYN-DM-04372,144.4,72.37,Elevated,71.47,110.04,160.31,105.35,Yes,Yes,Present
SYN-DM-04373,125.2,98.43,Unknown,76.55,59.35,167.69,80.66,Yes,No,Absent
SYN-DM-04374,126.8,86.99,Unknown,61.09,101.55,163.3,92.61,Yes,Yes,Present
SYN-DM-04375,140.2,67.47,Elevated,82.46,114.1,184.63,94.09,No,Yes,Present
SYN-DM-04376,142.5,68.93,Elevated,79.42,99.47,155.74,103.13,No,No,Absent
SYN-DM-04377,141.5,64.41,Controlled,96.16,107.41,188.23,91.06,No,Yes,Absent
SYN-DM-04378,143.2,100.65,Unknown,90.24,84.48,163.74,102.92,Yes,Yes,Absent
SYN-DM-04379,102.0,66.37,Unknown,98.2,95.75,163.27,75.43,Yes,Yes,Present
SYN-DM-04380,143.0,68.25,Elevated,92.96,78.97,169.14,102.19,No,Yes,Present
SYN-DM-04381,116.3,64.57,Controlled,97.82,86.5,165.22,72.96,No,Yes,Unknown
SYN-DM-04382,134.2,71.39,Elevated,58.14,68.88,153.64,103.52,Yes,No,Unknown
SYN-DM-04383,98.6,101.46,Unknown,103.59,79.79,185.54,125.83,No,Yes,Unknown
SYN-DM-04384,145.5,103.58,Unknown,75.46,93.29,181.3,100.93,No,No,Present
SYN-DM-04385,120.1,76.05,Controlled,91.03,72.59,173.89,125.85,No,Yes,Unknown
SYN-DM-04386,147.9,67.02,Unknown,104.0,80.81,164.25,106.76,No,Yes,Unknown
SYN-DM-04387,156.9,73.27,Unknown,79.52,81.2,175.95,97.05,No,No,Absent
SYN-DM-04388,121.4,82.92,Controlled,95.48,88.66,154.57,112.69,No,Yes,Present
SYN-DM-04389,123.1,93.65,Elevated,80.56,67.56,155.21,98.45,No,Yes,Absent
SYN-DM-04390,141.2,78.19,Controlled,60.08,77.23,164.1,105.98,No,Yes,Absent
SYN-DM-04391,147.6,94.99,Elevated,96.98,105.44,185.31,81.98,Yes,No,Present
SYN-DM-04392,117.2,74.37,Unknown,78.81,113.51,154.75,120.74,Yes,No,Absent
SYN-DM-04393,140.2,77.98,Controlled,96.21,63.0,156.93,113.07,No,Yes,Unknown
SYN-DM-04394,158.6,80.87,Elevated,74.91,55.99,188.35,82.68,No,No,Unknown
SYN-DM-04395,154.2,101.19,Controlled,58.95,84.06,172.18,124.27,Yes,Yes,Present
SYN-DM-04396,98.4,78.82,Unknown,68.59,93.45,185.09,99.03,No,Yes,Absent
SYN-DM-04397,109.9,88.71,Controlled,103.01,116.44,187.72,114.26,Yes,No,Present
SYN-DM-04398,148.4,68.07,Controlled,76.14,105.23,173.35,86.66,No,Yes,Present
SYN-DM-04399,104.1,85.4,Controlled,79.89,61.09,164.73,121.04,No,Yes,Absent
SYN-DM-04400,147.4,91.86,Unknown,81.77,115.26,169.66,79.76,Yes,Yes,Absent
SYN-DM-04401,102.9,86.96,Elevated,98.68,78.95,158.66,93.99,No,No,Present
SYN-DM-04402,143.6,65.49,Unknown,78.21,109.81,152.53,74.16,No,No,Absent
SYN-DM-04403,124.8,78.62,Controlled,101.68,58.18,172.23,97.97,Yes,Yes,Unknown
SYN-DM-04404,153.8,95.89,Unknown,72.87,56.5,175.52,98.52,No,No,Unknown
SYN-DM-04405,115.7,96.67,Controlled,65.08,81.11,175.62,123.05,Yes,No,Absent
SYN-DM-04406,120.1,83.07,Controlled,82.23,97.77,164.92,72.31,No,Yes,Absent
SYN-DM-04407,148.2,91.28,Unknown,96.3,84.47,160.53,117.67,Yes,No,Present
SYN-DM-04408,104.3,86.51,Elevated,61.29,94.65,177.85,88.61,No,Yes,Present
SYN-DM-04409,118.0,79.45,Elevated,75.95,74.42,183.0,122.58,Yes,Yes,Absent
SYN-DM-04410,169.3,67.39,Unknown,87.21,79.18,177.49,119.39,No,Yes,Unknown
SYN-DM-04411,122.7,71.2,Controlled,100.83,79.56,174.82,95.3,No,Yes,Present
SYN-DM-04412,156.0,71.2,Unknown,60.03,76.93,158.82,88.31,No,Yes,Absent
SYN-DM-04413,111.0,102.67,Elevated,94.74,59.62,168.15,118.55,Yes,Yes,Absent
SYN-DM-04414,98.3,75.82,Elevated,67.45,114.83,168.77,117.4,No,Yes,Absent
SYN-DM-04415,142.1,72.81,Unknown,74.0,112.52,177.08,96.06,Yes,No,Present
SYN-DM-04416,121.2,101.73,Controlled,75.61,75.32,184.82,122.52,Yes,Yes,Absent
SYN-DM-04417,131.1,65.39,Elevated,75.66,102.66,162.89,117.93,No,No,Present
SYN-DM-04418,137.3,78.74,Elevated,66.49,59.44,176.4,86.11,Yes,Yes,Unknown
SYN-DM-04419,143.0,99.95,Controlled,85.54,110.7,177.33,103.75,No,Yes,Absent
SYN-DM-04420,116.1,74.83,Controlled,62.56,95.33,171.73,74.9,No,Yes,Present
SYN-DM-04421,146.9,68.1,Controlled,77.86,116.48,169.64,106.43,No,No,Absent
SYN-DM-04422,131.5,96.08,Elevated,66.4,65.96,154.87,107.79,Yes,No,Present
SYN-DM-04423,135.2,77.65,Unknown,58.43,96.79,183.96,99.15,Yes,No,Present
SYN-DM-04424,138.7,77.73,Controlled,73.72,115.61,162.64,125.91,No,No,Present
SYN-DM-04425,148.6,91.4,Controlled,65.21,103.34,168.64,97.3,No,No,Absent
SYN-DM-04426,140.1,84.79,Controlled,94.3,113.52,153.87,79.91,Yes,No,Present
SYN-DM-04427,160.3,72.36,Controlled,68.48,112.11,188.57,75.4,Yes,No,Absent
SYN-DM-04428,144.5,91.26,Controlled,59.08,89.11,156.25,77.3,Yes,No,Unknown
SYN-DM-04429,126.1,98.77,Elevated,59.86,66.75,189.36,111.44,Yes,No,Absent
SYN-DM-04430,119.9,65.83,Controlled,79.21,62.12,179.37,117.05,No,Yes,Absent
SYN-DM-04431,157.7,76.0,Controlled,71.73,109.98,188.1,95.91,Yes,No,Absent
SYN-DM-04432,107.3,70.05,Controlled,58.35,82.32,178.8,87.78,Yes,Yes,Present
SYN-DM-04433,148.2,74.91,Controlled,64.36,61.41,176.78,92.59,No,No,Unknown
SYN-DM-04434,91.2,101.56,Elevated,72.47,63.52,187.94,93.8,Yes,Yes,Unknown
SYN-DM-04435,128.1,78.63,Unknown,93.14,78.88,189.96,125.36,No,No,Absent
SYN-DM-04436,149.4,101.91,Unknown,84.76,56.27,181.71,81.25,No,No,Present
SYN-DM-04437,154.0,86.89,Unknown,65.16,94.87,187.87,100.81,Yes,Yes,Absent
SYN-DM-04438,115.1,99.83,Unknown,96.28,100.89,182.54,113.81,No,No,Absent
SYN-DM-04439,133.3,102.77,Unknown,94.02,77.98,186.35,124.89,Yes,Yes,Absent
SYN-DM-04440,95.6,80.18,Unknown,103.36,76.18,177.6,82.39,No,No,Absent
SYN-DM-04441,111.0,97.13,Elevated,59.53,101.85,171.32,119.82,No,Yes,Absent
SYN-DM-04442,109.4,83.12,Controlled,65.15,111.98,164.09,112.65,Yes,No,Unknown
SYN-DM-04443,126.1,81.54,Controlled,99.19,66.53,176.12,87.08,No,No,Unknown
SYN-DM-04444,137.3,91.2,Controlled,72.44,97.57,159.76,75.22,No,Yes,Absent
SYN-DM-04445,126.9,101.41,Elevated,79.67,114.88,179.23,73.22,No,No,Unknown
SYN-DM-04446,93.7,103.85,Controlled,87.98,84.45,171.93,106.04,No,Yes,Unknown
SYN-DM-04447,131.3,85.7,Unknown,67.23,110.18,155.01,98.64,Yes,No,Present
SYN-DM-04448,105.7,88.72,Unknown,99.46,94.35,168.6,106.34,Yes,No,Unknown
SYN-DM-04449,118.7,92.29,Controlled,66.94,76.99,168.21,95.54,No,No,Present
SYN-DM-04450,146.4,89.16,Unknown,81.8,60.19,178.06,108.8,No,Yes,Present
SYN-DM-04451,139.4,88.69,Elevated,101.14,90.29,153.07,86.99,No,Yes,Present
SYN-DM-04452,140.0,101.5,Elevated,99.23,107.95,180.6,78.95,Yes,No,Present
SYN-DM-04453,115.3,95.85,Elevated,69.98,84.3,167.15,122.95,Yes,No,Present
SYN-DM-04454,138.8,93.22,Elevated,86.76,72.06,165.4,82.18,Yes,Yes,Present
SYN-DM-04455,136.1,72.98,Elevated,86.15,96.12,182.1,103.32,Yes,No,Absent
SYN-DM-04456,115.8,65.71,Elevated,98.7,75.86,174.22,101.44,No,Yes,Unknown
SYN-DM-04457,110.1,90.65,Unknown,60.55,103.54,183.2,96.94,No,Yes,Absent
SYN-DM-04458,90,92.69,Unknown,82.03,116.01,166.98,109.94,No,Yes,Unknown
SYN-DM-04459,161.1,71.82,Controlled,70.06,111.57,185.49,108.02,Yes,No,Absent
SYN-DM-04460,131.1,102.65,Elevated,65.95,60.76,157.16,79.44,No,Yes,Present
SYN-DM-04461,150.0,67.24,Controlled,62.11,88.47,174.8,106.03,Yes,Yes,Unknown
SYN-DM-04462,131.3,75.04,Unknown,96.66,57.65,156.6,122.8,No,Yes,Absent
SYN-DM-04463,121.2,89.85,Unknown,95.52,100.32,177.28,115.62,No,Yes,Present
SYN-DM-04464,135.0,100.38,Unknown,78.63,65.54,152.45,110.09,Yes,Yes,Absent
SYN-DM-04465,136.8,65.13,Elevated,91.42,79.27,155.68,75.55,Yes,No,Unknown
SYN-DM-04466,144.0,95.19,Controlled,85.73,76.23,176.12,80.19,Yes,No,Unknown
SYN-DM-04467,99.6,94.9,Controlled,78.94,64.98,186.85,97.4,No,No,Absent
SYN-DM-04468,136.4,73.42,Unknown,74.02,112.82,152.33,106.25,Yes,Yes,Present
SYN-DM-04469,136.8,84.86,Controlled,80.26,90.2,171.27,84.6,Yes,No,Unknown
SYN-DM-04470,133.6,79.36,Elevated,99.07,56.4,184.15,102.77,No,Yes,Present
SYN-DM-04471,114.7,90.81,Controlled,60.84,60.49,181.38,83.39,No,No,Absent
SYN-DM-04472,135.3,73.13,Elevated,78.1,59.52,179.24,85.91,Yes,Yes,Absent
SYN-DM-04473,146.6,82.88,Elevated,65.56,66.37,180.07,104.64,No,No,Absent
SYN-DM-04474,124.7,83.44,Elevated,91.13,101.48,160.19,115.13,Yes,No,Unknown
SYN-DM-04475,144.4,71.84,Elevated,66.34,92.26,167.23,121.59,No,No,Present
SYN-DM-04476,112.7,103.47,Controlled,92.84,79.27,175.84,122.81,No,No,Unknown
SYN-DM-04477,162.5,98.28,Controlled,65.97,97.46,171.83,101.43,Yes,Yes,Present
SYN-DM-04478,128.0,91.73,Elevated,73.93,77.15,158.78,109.06,No,Yes,Absent
SYN-DM-04479,118.3,74.67,Elevated,77.97,71.19,172.76,84.29,Yes,No,Absent
SYN-DM-04480,121.7,100.65,Unknown,86.72,67.72,159.2,86.44,Yes,No,Unknown
SYN-DM-04481,142.8,98.37,Elevated,58.06,99.56,159.74,117.3,Yes,No,Absent
SYN-DM-04482,124.8,93.01,Elevated,83.27,76.55,167.48,101.1,Yes,Yes,Unknown
SYN-DM-04483,118.8,87.68,Elevated,73.18,88.05,175.14,93.58,No,Yes,Unknown
SYN-DM-04484,96.6,87.16,Unknown,64.58,62.33,152.71,88.15,Yes,No,Unknown
SYN-DM-04485,123.0,67.1,Unknown,66.34,86.49,188.28,85.1,Yes,No,Absent
SYN-DM-04486,128.4,64.76,Unknown,96.57,91.25,182.12,113.48,Yes,No,Present
SYN-DM-04487,135.6,67.01,Unknown,81.66,63.89,171.62,73.31,Yes,No,Present
SYN-DM-04488,131.9,101.12,Unknown,59.89,112.45,176.62,114.8,No,No,Present
SYN-DM-04489,105.4,81.9,Unknown,60.46,99.32,174.88,78.7,Yes,No,Absent
SYN-DM-04490,149.3,102.01,Elevated,101.74,110.7,167.97,109.48,No,No,Present
SYN-DM-04491,134.2,76.0,Elevated,103.46,85.21,185.26,83.06,No,No,Present
SYN-DM-04492,133.9,93.5,Controlled,91.07,109.22,166.6,115.17,No,No,Absent
SYN-DM-04493,132.1,81.97,Elevated,77.33,73.22,162.99,102.91,No,Yes,Unknown
SYN-DM-04494,147.9,85.29,Elevated,96.06,96.62,153.09,81.86,No,No,Unknown
SYN-DM-04495,144.1,94.97,Elevated,64.67,59.43,155.09,85.03,No,No,Unknown
SYN-DM-04496,133.4,86.74,Elevated,69.58,99.09,169.04,94.39,No,Yes,Absent
SYN-DM-04497,146.1,77.42,Unknown,63.62,72.3,170.81,81.36,No,No,Absent
SYN-DM-04498,132.7,90.92,Elevated,80.1,74.95,180.95,74.08,No,No,Absent
SYN-DM-04499,135.5,102.93,Unknown,65.09,64.53,172.93,73.18,Yes,No,Absent
SYN-DM-04500,116.1,77.64,Elevated,62.42,82.38,169.51,118.64,Yes,No,Absent
SYN-DM-04501,141.1,87.79,Controlled,91.18,65.35,152.29,88.28,No,Yes,Unknown
SYN-DM-04502,136.0,88.24,Elevated,61.46,100.61,157.38,78.69,No,Yes,Absent
SYN-DM-04503,119.3,69.82,Elevated,58.47,80.97,163.78,107.25,Yes,Yes,Unknown
SYN-DM-04504,161.2,91.69,Controlled,101.14,88.98,185.31,118.91,Yes,No,Absent
SYN-DM-04505,108.9,67.79,Unknown,72.92,109.78,173.18,101.25,No,Yes,Present
SYN-DM-04506,134.3,94.03,Elevated,103.78,102.47,178.3,85.95,No,No,Unknown
SYN-DM-04507,123.6,88.51,Elevated,67.07,102.2,189.34,73.38,No,Yes,Absent
SYN-DM-04508,133.2,92.69,Unknown,85.96,69.55,158.43,99.47,Yes,Yes,Present
SYN-DM-04509,130.4,92.81,Controlled,64.89,108.22,189.35,117.99,No,Yes,Absent
SYN-DM-04510,116.7,73.89,Elevated,77.72,55.69,162.25,82.35,No,Yes,Present
SYN-DM-04511,116.7,92.67,Elevated,69.64,84.95,176.44,105.72,Yes,No,Unknown
SYN-DM-04512,104.7,101.12,Elevated,78.49,91.58,181.33,117.01,Yes,Yes,Present
SYN-DM-04513,112.7,103.6,Controlled,94.22,74.76,163.49,100.63,No,No,Present
SYN-DM-04514,129.1,85.88,Controlled,89.23,55.46,173.41,83.19,No,Yes,Unknown
SYN-DM-04515,133.6,67.38,Unknown,70.4,113.5,155.42,110.74,Yes,Yes,Present
SYN-DM-04516,130.6,67.53,Controlled,84.11,66.05,189.97,74.69,No,Yes,Present
SYN-DM-04517,147.9,72.08,Controlled,69.01,96.79,189.57,122.07,No,No,Present
SYN-DM-04518,124.3,84.12,Unknown,72.81,59.24,168.85,87.8,Yes,No,Unknown
SYN-DM-04519,128.1,74.25,Elevated,95.85,70.39,152.4,107.7,No,Yes,Unknown
SYN-DM-04520,150.7,77.54,Unknown,92.1,106.52,166.46,98.41,Yes,No,Present
SYN-DM-04521,110.3,101.31,Controlled,89.2,97.43,165.85,124.13,Yes,No,Unknown
SYN-DM-04522,113.9,78.65,Unknown,84.5,65.56,180.1,102.9,No,No,Absent
SYN-DM-04523,133.9,72.12,Unknown,77.94,67.2,175.52,78.08,No,No,Unknown
SYN-DM-04524,108.5,80.45,Elevated,71.26,69.87,173.13,105.79,No,No,Absent
SYN-DM-04525,141.6,93.22,Elevated,63.67,56.81,178.88,95.99,No,Yes,Absent
SYN-DM-04526,132.6,80.65,Elevated,90.4,78.12,153.74,98.05,Yes,Yes,Absent
SYN-DM-04527,122.0,85.65,Controlled,90.23,94.33,183.54,119.45,Yes,No,Unknown
SYN-DM-04528,135.4,96.75,Controlled,60.0,55.16,172.66,124.1,No,No,Absent
SYN-DM-04529,132.0,82.48,Controlled,68.0,72.23,158.99,99.93,Yes,No,Absent
SYN-DM-04530,119.9,81.63,Elevated,87.45,71.43,185.03,77.39,Yes,No,Present
SYN-DM-04531,129.8,97.97,Elevated,98.72,110.67,166.36,83.34,Yes,Yes,Present
SYN-DM-04532,112.5,89.2,Elevated,82.75,97.79,188.02,77.33,Yes,No,Absent
SYN-DM-04533,138.0,71.12,Elevated,67.65,105.37,176.75,109.84,Yes,No,Unknown
SYN-DM-04534,112.4,96.54,Controlled,92.82,73.6,155.29,124.3,No,No,Unknown
SYN-DM-04535,146.3,91.56,Unknown,78.06,82.95,167.84,122.6,Yes,Yes,Absent
SYN-DM-04536,119.8,88.89,Controlled,87.02,62.72,152.8,95.21,No,No,Absent
SYN-DM-04537,133.1,102.67,Elevated,99.16,54.86,164.95,116.89,Yes,Yes,Present
SYN-DM-04538,146.8,78.89,Controlled,103.02,59.12,189.3,73.17,Yes,No,Absent
SYN-DM-04539,129.4,82.11,Elevated,58.87,88.03,159.31,87.53,Yes,Yes,Absent
SYN-DM-04540,148.8,78.04,Elevated,63.57,75.6,158.65,116.69,Yes,Yes,Present
SYN-DM-04541,116.8,96.81,Controlled,88.66,67.42,171.94,115.18,Yes,Yes,Absent
SYN-DM-04542,132.3,75.62,Controlled,59.5,79.12,164.27,82.32,Yes,No,Present
SYN-DM-04543,125.5,72.0,Elevated,61.81,72.39,167.21,103.18,No,Yes,Absent
SYN-DM-04544,131.5,75.4,Elevated,77.82,84.74,186.01,91.31,Yes,No,Present
SYN-DM-04545,106.2,68.05,Controlled,78.23,70.69,184.67,116.79,No,Yes,Absent
SYN-DM-04546,130.0,86.89,Elevated,85.37,109.27,160.24,85.43,Yes,Yes,Absent
SYN-DM-04547,102.6,68.07,Unknown,93.93,96.55,182.1,107.97,No,Yes,Absent
SYN-DM-04548,140.4,66.4,Controlled,88.39,81.77,152.41,114.23,Yes,Yes,Unknown
SYN-DM-04549,144.0,71.44,Elevated,80.23,84.02,162.35,112.13,No,No,Absent
SYN-DM-04550,114.7,81.47,Elevated,79.75,71.89,183.67,92.28,Yes,No,Present
SYN-DM-04551,112.0,71.43,Unknown,76.25,63.25,174.5,87.83,No,No,Absent
SYN-DM-04552,123.0,68.59,Controlled,72.92,60.73,154.31,80.26,Yes,Yes,Absent
SYN-DM-04553,121.5,98.08,Elevated,102.67,78.21,163.58,86.39,No,No,Absent
SYN-DM-04554,141.4,70.54,Unknown,67.54,71.61,180.4,123.39,Yes,Yes,Unknown
SYN-DM-04555,133.4,86.56,Elevated,70.21,90.92,159.57,124.54,No,Yes,Present
SYN-DM-04556,122.4,88.4,Unknown,90.08,79.45,155.92,74.05,No,Yes,Unknown
SYN-DM-04557,132.3,67.78,Controlled,75.12,65.2,168.21,103.03,No,Yes,Present
SYN-DM-04558,115.7,70.05,Elevated,99.91,96.44,170.77,118.76,Yes,Yes,Absent
SYN-DM-04559,114.7,90.81,Unknown,103.31,113.55,164.1,113.49,No,No,Present
SYN-DM-04560,136.2,79.84,Unknown,80.77,63.24,154.07,75.45,No,No,Absent
SYN-DM-04561,133.4,65.84,Unknown,63.8,55.46,158.26,105.93,Yes,Yes,Absent
SYN-DM-04562,124.4,67.71,Elevated,70.11,79.3,161.28,73.98,Yes,No,Unknown
SYN-DM-04563,128.7,65.67,Elevated,82.43,83.42,155.66,78.74,Yes,No,Unknown
SYN-DM-04564,138.5,88.43,Controlled,86.67,72.16,169.47,105.89,No,No,Present
SYN-DM-04565,127.2,85.75,Unknown,58.19,94.21,168.94,99.01,Yes,No,Absent
SYN-DM-04566,110.5,81.82,Unknown,103.38,109.63,174.41,84.96,No,Yes,Unknown
SYN-DM-04567,117.0,74.94,Unknown,80.95,58.01,163.71,77.19,No,Yes,Present
SYN-DM-04568,126.2,92.76,Controlled,66.42,112.13,157.5,80.6,No,Yes,Present
SYN-DM-04569,129.7,86.84,Controlled,98.26,67.44,160.53,98.65,Yes,No,Present
SYN-DM-04570,122.5,81.87,Controlled,93.89,85.8,167.04,84.63,No,Yes,Absent
SYN-DM-04571,114.1,97.76,Controlled,75.0,111.79,177.38,88.57,Yes,No,Present
SYN-DM-04572,115.9,98.34,Controlled,61.47,72.39,172.75,124.69,Yes,No,Unknown
SYN-DM-04573,112.4,98.64,Controlled,73.91,81.09,164.02,114.84,Yes,No,Absent
SYN-DM-04574,96.5,88.28,Controlled,81.91,109.14,162.87,99.65,No,No,Present
SYN-DM-04575,105.0,78.13,Elevated,68.04,68.23,187.25,114.03,No,No,Unknown
SYN-DM-04576,131.1,73.93,Unknown,92.69,97.92,183.87,109.7,No,Yes,Present
SYN-DM-04577,142.1,93.94,Unknown,93.79,60.9,178.3,97.44,Yes,No,Present
SYN-DM-04578,128.9,91.53,Unknown,60.63,94.94,161.54,122.1,No,Yes,Present
SYN-DM-04579,114.5,84.71,Controlled,71.68,77.09,182.67,84.99,Yes,Yes,Present
SYN-DM-04580,141.1,81.9,Unknown,93.88,108.09,174.57,103.82,Yes,No,Unknown
SYN-DM-04581,127.6,70.85,Elevated,82.92,111.09,175.54,110.12,Yes,No,Present
SYN-DM-04582,168.2,72.52,Unknown,87.02,68.09,167.39,105.46,No,Yes,Absent
SYN-DM-04583,133.6,86.0,Unknown,77.16,98.42,157.36,105.89,No,Yes,Unknown
SYN-DM-04584,111.4,74.22,Elevated,81.45,69.32,176.51,80.51,Yes,Yes,Absent
SYN-DM-04585,146.3,76.61,Unknown,90.84,77.45,158.25,112.11,Yes,No,Present
SYN-DM-04586,157.1,78.11,Unknown,82.68,96.96,178.22,75.37,No,No,Absent
SYN-DM-04587,129.7,75.93,Unknown,91.25,101.53,185.23,74.82,No,Yes,Unknown
SYN-DM-04588,130.5,81.51,Unknown,96.15,108.37,169.91,120.94,Yes,No,Present
SYN-DM-04589,113.6,93.46,Elevated,85.85,115.95,152.91,124.26,Yes,No,Absent
SYN-DM-04590,128.0,80.99,Elevated,80.13,107.88,177.3,118.78,Yes,No,Present
SYN-DM-04591,117.6,83.13,Elevated,67.88,98.36,159.6,99.07,Yes,Yes,Present
SYN-DM-04592,99.6,88.16,Controlled,89.2,64.72,173.65,85.39,No,Yes,Absent
SYN-DM-04593,100.6,101.05,Elevated,95.51,98.03,186.0,89.92,Yes,No,Present
SYN-DM-04594,97.5,88.02,Unknown,93.63,94.46,159.01,85.47,Yes,No,Unknown
SYN-DM-04595,109.2,68.27,Unknown,69.39,55.25,182.47,120.24,No,Yes,Absent
SYN-DM-04596,102.8,71.41,Unknown,65.31,96.11,158.0,116.19,Yes,Yes,Absent
SYN-DM-04597,119.5,86.82,Elevated,61.76,109.25,183.27,90.28,Yes,Yes,Unknown
SYN-DM-04598,90.1,95.59,Unknown,58.6,58.85,168.83,80.45,Yes,Yes,Present
SYN-DM-04599,165.6,72.86,Unknown,96.91,103.13,166.79,105.23,No,No,Present
SYN-DM-04600,117.5,103.64,Unknown,68.52,70.68,152.71,105.63,Yes,Yes,Unknown
SYN-DM-04601,136.4,72.17,Unknown,94.07,65.16,159.74,86.41,No,Yes,Unknown
SYN-DM-04602,121.9,89.45,Elevated,58.7,68.59,167.95,118.93,Yes,No,Unknown
SYN-DM-04603,159.0,98.17,Controlled,89.38,87.0,152.39,83.84,Yes,No,Unknown
SYN-DM-04604,137.1,65.66,Controlled,71.23,115.06,178.16,124.96,No,No,Unknown
SYN-DM-04605,92.3,98.27,Controlled,82.55,75.2,176.8,88.88,No,Yes,Unknown
SYN-DM-04606,91.7,86.93,Elevated,98.61,97.12,155.35,111.22,Yes,Yes,Absent
SYN-DM-04607,150.2,80.4,Unknown,64.51,77.25,162.9,80.03,No,Yes,Unknown
SYN-DM-04608,121.7,93.76,Controlled,78.51,58.24,174.29,98.76,Yes,No,Absent
SYN-DM-04609,103.7,99.65,Controlled,60.88,83.42,163.82,105.3,Yes,No,Absent
SYN-DM-04610,154.5,94.19,Unknown,84.32,73.47,166.8,110.22,No,No,Absent
SYN-DM-04611,142.6,73.17,Elevated,59.53,117.12,172.15,89.42,No,No,Unknown
SYN-DM-04612,149.7,68.79,Unknown,73.96,107.63,182.15,124.54,No,Yes,Unknown
SYN-DM-04613,123.9,72.39,Elevated,90.31,69.66,165.87,78.37,Yes,Yes,Absent
SYN-DM-04614,136.0,92.9,Controlled,93.17,78.39,161.09,91.89,No,Yes,Unknown
SYN-DM-04615,127.5,66.62,Controlled,59.87,56.52,180.35,79.41,Yes,Yes,Present
SYN-DM-04616,129.6,102.96,Unknown,99.24,58.54,163.47,80.02,Yes,Yes,Unknown
SYN-DM-04617,143.3,103.35,Elevated,62.91,64.81,181.11,80.5,Yes,No,Absent
SYN-DM-04618,113.5,74.92,Unknown,74.85,54.35,189.99,125.54,Yes,No,Absent
SYN-DM-04619,138.7,90.33,Elevated,60.66,70.99,152.65,109.18,Yes,No,Present
SYN-DM-04620,136.5,98.38,Unknown,65.9,94.56,166.69,119.72,No,No,Absent
SYN-DM-04621,150.6,69.94,Unknown,80.8,107.81,167.58,110.74,Yes,No,Unknown
SYN-DM-04622,113.7,93.09,Controlled,76.54,57.6,181.04,121.71,Yes,Yes,Present
SYN-DM-04623,135.8,74.13,Unknown,103.28,116.33,159.96,113.71,Yes,Yes,Absent
SYN-DM-04624,136.1,88.27,Controlled,85.12,75.76,188.42,120.26,Yes,No,Unknown
SYN-DM-04625,150.8,67.66,Elevated,76.54,100.1,172.86,106.99,Yes,Yes,Present
SYN-DM-04626,132.0,94.08,Unknown,68.31,84.61,170.39,97.62,No,No,Unknown
SYN-DM-04627,137.5,101.38,Controlled,65.95,102.06,188.53,105.98,No,No,Present
SYN-DM-04628,90.1,73.94,Elevated,87.98,98.8,152.22,81.3,No,No,Unknown
SYN-DM-04629,114.6,79.76,Unknown,82.55,96.17,159.44,109.92,No,Yes,Absent
SYN-DM-04630,128.4,92.85,Controlled,90.74,96.97,170.38,105.75,No,No,Absent
SYN-DM-04631,146.2,103.04,Controlled,69.08,108.85,156.63,86.71,Yes,Yes,Absent
SYN-DM-04632,137.5,80.53,Elevated,67.97,93.98,176.47,103.35,Yes,Yes,Unknown
SYN-DM-04633,122.0,85.27,Elevated,93.3,88.12,165.18,113.28,No,No,Present
SYN-DM-04634,126.1,71.63,Elevated,96.96,61.94,178.01,81.7,No,Yes,Present
SYN-DM-04635,121.1,102.43,Unknown,96.67,58.9,186.52,124.79,Yes,Yes,Absent
SYN-DM-04636,133.0,87.11,Controlled,67.97,61.67,153.53,100.19,No,No,Unknown
SYN-DM-04637,158.2,95.71,Unknown,62.58,55.51,186.67,80.98,Yes,No,Present
SYN-DM-04638,115.0,99.95,Unknown,75.36,86.56,179.84,91.75,No,No,Unknown
SYN-DM-04639,116.7,87.55,Unknown,98.99,100.41,172.54,78.18,Yes,Yes,Present
SYN-DM-04640,161.4,76.41,Unknown,66.48,95.14,185.7,83.83,Yes,No,Present
SYN-DM-04641,105.6,77.96,Elevated,65.31,88.38,186.68,119.66,No,Yes,Unknown
SYN-DM-04642,150.4,102.61,Unknown,63.25,110.83,152.63,117.59,No,No,Unknown
SYN-DM-04643,132.8,66.17,Controlled,89.15,89.06,166.96,91.34,Yes,Yes,Absent
SYN-DM-04644,137.9,95.61,Elevated,78.44,109.48,171.91,99.8,Yes,Yes,Unknown
SYN-DM-04645,113.9,80.5,Controlled,81.9,108.36,152.59,93.58,Yes,No,Unknown
SYN-DM-04646,154.0,67.88,Unknown,84.34,100.81,186.22,72.57,No,Yes,Absent
SYN-DM-04647,134.9,83.21,Elevated,103.57,105.97,179.45,108.17,No,No,Present
SYN-DM-04648,161.3,91.92,Controlled,83.4,65.88,177.28,110.46,No,Yes,Absent
SYN-DM-04649,148.4,91.84,Elevated,78.56,112.28,184.66,107.66,No,Yes,Unknown
SYN-DM-04650,135.5,102.13,Elevated,68.31,62.61,177.28,85.18,Yes,Yes,Absent
SYN-DM-04651,126.8,85.08,Controlled,98.2,116.28,185.37,123.95,No,No,Present
SYN-DM-04652,162.5,75.78,Controlled,69.32,68.1,159.48,77.04,No,No,Absent
SYN-DM-04653,142.7,88.01,Unknown,92.01,67.58,154.44,116.15,Yes,No,Absent
SYN-DM-04654,126.5,76.29,Elevated,74.28,101.56,156.23,113.63,Yes,No,Absent
SYN-DM-04655,116.3,94.48,Elevated,91.52,61.78,182.31,104.32,No,Yes,Absent
SYN-DM-04656,110.5,78.2,Unknown,84.75,92.88,166.33,93.99,No,No,Present
SYN-DM-04657,97.8,97.4,Controlled,94.47,60.77,171.81,114.57,No,Yes,Absent
SYN-DM-04658,122.8,90.85,Elevated,98.2,74.58,183.51,122.56,No,Yes,Absent
SYN-DM-04659,112.5,99.62,Elevated,67.2,70.49,186.87,90.66,No,No,Unknown
SYN-DM-04660,124.9,93.96,Unknown,90.9,97.32,157.98,78.67,Yes,No,Unknown
SYN-DM-04661,120.2,65.11,Unknown,99.88,77.72,156.66,112.85,Yes,Yes,Present
SYN-DM-04662,155.9,82.31,Unknown,63.77,79.92,152.63,105.53,Yes,No,Absent
SYN-DM-04663,144.0,79.79,Controlled,101.08,98.89,186.26,85.28,No,No,Absent
SYN-DM-04664,135.7,72.57,Unknown,60.64,83.81,170.47,111.65,No,No,Unknown
SYN-DM-04665,118.8,97.51,Unknown,81.88,81.11,168.09,92.78,Yes,No,Present
SYN-DM-04666,146.3,97.82,Controlled,89.6,99.61,160.77,89.01,No,Yes,Present
SYN-DM-04667,147.7,70.1,Controlled,93.47,102.15,182.68,95.8,Yes,No,Present
SYN-DM-04668,111.3,67.85,Unknown,73.64,89.45,180.06,119.26,Yes,Yes,Unknown
SYN-DM-04669,97.3,98.99,Controlled,62.85,116.93,166.99,112.68,No,No,Present
SYN-DM-04670,137.1,89.04,Unknown,96.72,57.43,188.09,82.25,No,No,Unknown
SYN-DM-04671,139.8,85.39,Unknown,87.18,58.67,157.3,121.79,Yes,No,Absent
SYN-DM-04672,116.7,101.76,Unknown,78.52,96.2,179.71,94.2,Yes,No,Unknown
SYN-DM-04673,117.1,79.81,Unknown,83.4,64.26,167.77,123.58,Yes,No,Unknown
SYN-DM-04674,116.4,92.46,Unknown,99.35,99.86,155.54,87.99,No,No,Present
SYN-DM-04675,123.9,85.33,Unknown,59.61,67.15,184.6,125.03,No,No,Unknown
SYN-DM-04676,129.8,99.04,Elevated,81.33,73.2,162.68,82.6,Yes,Yes,Present
SYN-DM-04677,122.9,64.13,Unknown,74.56,99.81,165.18,80.69,Yes,No,Unknown
SYN-DM-04678,90,97.27,Elevated,61.83,110.31,189.5,83.47,No,Yes,Present
SYN-DM-04679,108.3,81.37,Elevated,75.82,116.48,153.37,117.07,Yes,Yes,Present
SYN-DM-04680,170.5,67.88,Unknown,99.7,101.86,158.64,113.86,Yes,Yes,Present
SYN-DM-04681,149.2,73.12,Controlled,85.65,72.02,189.0,117.54,No,Yes,Unknown
SYN-DM-04682,147.7,72.97,Elevated,63.5,116.39,169.28,78.86,No,Yes,Present
SYN-DM-04683,145.5,92.72,Unknown,65.95,77.46,168.01,117.89,No,No,Absent
SYN-DM-04684,129.9,100.86,Controlled,59.97,92.91,186.26,112.31,Yes,Yes,Unknown
SYN-DM-04685,143.1,87.62,Unknown,85.63,91.59,165.67,103.59,No,No,Unknown
SYN-DM-04686,150.1,71.24,Controlled,86.91,84.45,157.41,120.05,No,Yes,Absent
SYN-DM-04687,142.3,78.67,Controlled,58.31,82.92,153.23,75.02,No,No,Present
SYN-DM-04688,114.5,94.92,Unknown,59.94,66.6,169.09,102.98,No,Yes,Absent
SYN-DM-04689,95.3,68.12,Controlled,94.07,63.6,156.9,74.7,No,No,Absent
SYN-DM-04690,132.7,78.8,Elevated,79.29,80.76,189.12,95.84,No,Yes,Unknown
SYN-DM-04691,129.1,93.01,Elevated,100.19,73.24,189.51,92.3,Yes,Yes,Present
SYN-DM-04692,147.3,93.06,Elevated,77.65,103.6,169.0,85.1,No,No,Present
SYN-DM-04693,118.8,71.82,Controlled,82.74,78.41,179.54,99.37,Yes,No,Absent
SYN-DM-04694,134.9,82.4,Elevated,94.27,115.36,178.47,110.71,No,Yes,Unknown
SYN-DM-04695,124.9,100.06,Controlled,68.49,102.94,167.88,108.93,Yes,Yes,Absent
SYN-DM-04696,117.0,75.77,Controlled,103.52,106.18,168.02,103.39,Yes,No,Unknown
SYN-DM-04697,114.5,94.18,Controlled,86.78,115.67,156.77,87.25,Yes,Yes,Unknown
SYN-DM-04698,146.5,102.03,Controlled,85.01,58.12,181.55,105.66,No,Yes,Unknown
SYN-DM-04699,147.1,102.26,Unknown,89.66,84.92,173.82,80.59,No,Yes,Absent
SYN-DM-04700,141.7,93.04,Controlled,73.39,84.73,175.47,106.91,Yes,No,Unknown
SYN-DM-04701,112.5,89.91,Unknown,80.36,111.97,175.9,102.31,No,No,Present
SYN-DM-04702,126.6,81.4,Controlled,94.04,111.47,166.17,98.0,No,No,Present
SYN-DM-04703,138.7,100.88,Unknown,65.29,85.37,188.84,99.97,Yes,Yes,Present
SYN-DM-04704,109.7,78.64,Unknown,70.27,58.75,184.54,84.67,Yes,No,Unknown
SYN-DM-04705,138.6,102.84,Elevated,99.31,72.3,186.84,104.3,Yes,No,Present
SYN-DM-04706,122.0,89.54,Elevated,94.76,67.8,157.58,117.38,Yes,No,Unknown
SYN-DM-04707,104.4,68.21,Controlled,78.13,60.24,173.28,81.72,No,Yes,Unknown
SYN-DM-04708,145.5,95.04,Unknown,59.68,98.22,165.04,74.29,No,Yes,Present
SYN-DM-04709,138.8,72.53,Unknown,86.57,90.38,154.03,97.29,Yes,Yes,Absent
SYN-DM-04710,121.5,70.6,Unknown,101.76,114.68,155.34,109.54,No,No,Unknown
SYN-DM-04711,103.8,89.09,Controlled,74.55,97.85,165.11,97.3,Yes,No,Unknown
SYN-DM-04712,129.8,93.58,Unknown,91.32,60.16,169.64,116.94,Yes,No,Present
SYN-DM-04713,133.4,94.54,Controlled,65.47,100.4,161.07,96.42,No,No,Present
SYN-DM-04714,117.0,70.5,Elevated,89.01,69.36,161.49,120.59,Yes,Yes,Present
SYN-DM-04715,93.7,74.8,Unknown,79.69,95.59,153.64,75.3,Yes,Yes,Unknown
SYN-DM-04716,158.4,96.15,Elevated,85.37,55.49,183.57,102.68,Yes,Yes,Absent
SYN-DM-04717,144.9,88.59,Unknown,95.69,112.13,188.5,113.74,No,Yes,Unknown
SYN-DM-04718,96.4,68.2,Unknown,72.91,66.71,178.49,98.54,Yes,No,Present
SYN-DM-04719,140.4,94.53,Controlled,66.28,95.53,184.22,82.21,Yes,Yes,Absent
SYN-DM-04720,145.1,83.39,Controlled,85.43,83.48,162.6,97.26,Yes,Yes,Present
SYN-DM-04721,118.0,65.48,Elevated,90.37,77.87,166.98,78.26,Yes,Yes,Unknown
SYN-DM-04722,144.6,101.38,Elevated,61.53,64.95,161.45,113.6,Yes,No,Absent
SYN-DM-04723,151.3,95.49,Elevated,95.48,97.01,153.95,89.8,No,Yes,Present
SYN-DM-04724,130.0,91.71,Controlled,99.32,75.14,154.68,122.85,No,No,Unknown
SYN-DM-04725,91.9,69.11,Controlled,92.71,73.07,184.98,80.92,No,No,Unknown
SYN-DM-04726,125.8,76.31,Controlled,100.64,77.94,184.48,111.96,Yes,No,Present
SYN-DM-04727,90,97.12,Elevated,96.57,76.46,161.07,80.39,No,No,Absent
SYN-DM-04728,139.4,84.63,Unknown,103.3,62.31,179.14,119.87,Yes,Yes,Absent
SYN-DM-04729,150.4,76.15,Elevated,58.41,65.96,185.31,110.83,Yes,Yes,Absent
SYN-DM-04730,127.3,72.74,Controlled,59.0,102.03,163.7,119.13,No,Yes,Unknown
SYN-DM-04731,109.8,72.76,Unknown,60.62,106.25,185.56,110.11,Yes,No,Present
SYN-DM-04732,141.6,81.67,Unknown,97.8,71.81,172.39,114.91,Yes,Yes,Absent
SYN-DM-04733,134.1,87.04,Elevated,78.78,84.19,187.49,114.07,No,No,Present
SYN-DM-04734,138.0,69.9,Controlled,82.42,66.98,169.09,111.55,No,Yes,Unknown
SYN-DM-04735,120.6,72.08,Controlled,72.62,68.16,184.66,112.8,Yes,Yes,Absent
SYN-DM-04736,147.6,66.4,Controlled,71.6,108.36,158.34,80.94,No,No,Unknown
SYN-DM-04737,141.1,97.73,Controlled,96.29,113.01,166.09,116.68,Yes,No,Absent
SYN-DM-04738,142.9,69.33,Unknown,79.92,113.05,152.38,114.45,No,No,Unknown
SYN-DM-04739,131.6,80.85,Controlled,76.07,99.26,184.95,74.5,No,Yes,Absent
SYN-DM-04740,122.0,97.91,Unknown,85.59,102.0,188.91,111.31,No,No,Absent
SYN-DM-04741,134.5,90.05,Controlled,92.96,104.01,164.98,124.4,No,No,Present
SYN-DM-04742,138.9,79.57,Controlled,93.49,74.26,163.58,87.29,No,No,Unknown
SYN-DM-04743,130.3,70.59,Controlled,79.41,89.07,165.35,76.3,No,Yes,Absent
SYN-DM-04744,152.4,75.28,Unknown,66.26,117.91,160.53,112.43,No,No,Present
SYN-DM-04745,131.5,69.98,Unknown,93.6,114.59,159.48,82.21,No,Yes,Absent
SYN-DM-04746,125.6,87.18,Unknown,70.05,98.01,171.11,104.04,Yes,Yes,Present
SYN-DM-04747,120.9,89.7,Controlled,69.59,57.06,184.11,79.46,No,No,Unknown
SYN-DM-04748,103.4,76.21,Controlled,85.84,110.37,169.41,121.22,Yes,Yes,Unknown
SYN-DM-04749,124.0,98.62,Elevated,72.16,76.03,155.22,84.28,Yes,Yes,Absent
SYN-DM-04750,131.7,68.57,Controlled,65.06,93.58,158.53,83.65,Yes,No,Absent
SYN-DM-04751,124.2,72.97,Controlled,65.77,100.75,189.01,87.21,Yes,Yes,Absent
SYN-DM-04752,111.2,100.66,Controlled,98.66,113.73,180.39,72.29,Yes,No,Absent
SYN-DM-04753,120.8,98.95,Controlled,98.7,66.16,186.52,105.7,Yes,No,Present
SYN-DM-04754,92.4,86.41,Unknown,68.52,76.65,153.72,115.87,No,Yes,Present
SYN-DM-04755,120.1,85.75,Elevated,66.13,94.29,185.92,92.43,No,No,Present
SYN-DM-04756,138.0,84.49,Unknown,72.9,93.5,159.19,87.56,Yes,No,Present
SYN-DM-04757,129.0,70.28,Elevated,89.16,91.49,177.28,85.55,Yes,Yes,Unknown
SYN-DM-04758,100.7,97.65,Controlled,74.38,69.09,187.61,108.37,No,Yes,Unknown
SYN-DM-04759,141.6,98.13,Controlled,78.56,75.99,159.09,79.31,Yes,Yes,Unknown
SYN-DM-04760,113.6,68.25,Unknown,92.46,98.0,177.29,95.29,Yes,No,Absent
SYN-DM-04761,142.3,70.31,Unknown,86.23,113.51,174.35,74.62,Yes,Yes,Unknown
SYN-DM-04762,129.4,77.68,Unknown,102.51,115.37,158.22,74.14,No,Yes,Unknown
SYN-DM-04763,133.5,103.91,Controlled,103.13,63.3,154.5,82.09,Yes,Yes,Present
SYN-DM-04764,108.7,74.8,Elevated,94.28,90.31,158.07,72.75,Yes,No,Unknown
SYN-DM-04765,167.7,85.92,Elevated,102.67,90.5,168.59,108.05,No,No,Absent
SYN-DM-04766,117.8,81.22,Controlled,79.83,60.4,170.49,104.62,Yes,Yes,Present
SYN-DM-04767,128.7,73.7,Elevated,72.66,61.36,157.35,110.97,No,Yes,Absent
SYN-DM-04768,92.5,88.55,Controlled,63.82,76.84,170.22,92.14,Yes,Yes,Present
SYN-DM-04769,110.8,101.69,Elevated,98.09,100.43,169.06,103.0,No,Yes,Absent
SYN-DM-04770,103.5,93.38,Controlled,80.51,83.88,167.51,98.9,Yes,Yes,Present
SYN-DM-04771,145.5,71.8,Elevated,74.69,85.33,158.21,120.01,Yes,No,Absent
SYN-DM-04772,108.4,101.54,Unknown,66.55,68.63,163.02,83.5,Yes,Yes,Present
SYN-DM-04773,101.7,67.59,Unknown,60.06,97.35,175.53,80.84,Yes,No,Unknown
SYN-DM-04774,126.9,88.14,Controlled,64.27,87.7,178.56,87.46,No,Yes,Absent
SYN-DM-04775,133.7,92.88,Unknown,83.06,89.13,157.98,100.54,No,Yes,Absent
SYN-DM-04776,161.5,70.18,Elevated,75.9,111.42,162.84,90.44,No,No,Present
SYN-DM-04777,147.6,75.57,Controlled,81.44,106.08,160.33,124.04,No,Yes,Present
SYN-DM-04778,109.4,100.19,Controlled,58.61,110.68,177.71,112.03,No,Yes,Present
SYN-DM-04779,133.1,72.94,Elevated,67.4,93.78,181.48,75.13,Yes,No,Present
SYN-DM-04780,121.5,80.38,Elevated,87.47,70.34,174.19,85.72,No,No,Unknown
SYN-DM-04781,118.2,95.55,Controlled,94.53,101.24,178.68,76.65,No,Yes,Absent
SYN-DM-04782,143.2,94.59,Elevated,69.34,108.44,179.21,113.23,Yes,No,Unknown
SYN-DM-04783,112.7,65.53,Controlled,64.27,90.09,165.79,98.7,No,Yes,Present
SYN-DM-04784,143.9,76.16,Unknown,79.11,86.98,189.72,73.27,No,Yes,Unknown
SYN-DM-04785,125.2,88.52,Controlled,75.06,92.74,165.43,84.06,No,Yes,Present
SYN-DM-04786,128.9,89.35,Unknown,77.72,117.55,158.46,122.32,Yes,Yes,Present
SYN-DM-04787,140.1,98.78,Elevated,83.03,85.47,172.57,107.9,Yes,No,Absent
SYN-DM-04788,152.8,96.8,Elevated,88.19,105.18,173.45,103.08,No,No,Present
SYN-DM-04789,98.5,68.49,Unknown,77.04,64.32,164.72,86.5,Yes,No,Absent
SYN-DM-04790,130.8,64.6,Unknown,100.29,94.86,168.61,82.34,Yes,No,Unknown
SYN-DM-04791,165.8,102.19,Unknown,92.62,107.06,176.61,113.12,Yes,No,Absent
SYN-DM-04792,117.7,72.11,Elevated,93.36,94.88,177.04,77.28,Yes,No,Absent
SYN-DM-04793,133.6,69.71,Unknown,93.44,100.23,187.48,109.53,No,No,Present
SYN-DM-04794,141.2,99.61,Controlled,103.04,84.23,154.98,123.01,No,Yes,Absent
SYN-DM-04795,126.0,97.61,Unknown,84.87,100.22,165.48,121.96,Yes,Yes,Absent
SYN-DM-04796,129.3,71.24,Elevated,80.46,93.79,163.95,88.65,Yes,No,Present
SYN-DM-04797,137.7,97.43,Controlled,100.33,114.27,164.91,114.16,Yes,Yes,Absent
SYN-DM-04798,94.3,90.56,Controlled,97.69,97.96,181.46,103.19,No,Yes,Absent
SYN-DM-04799,116.4,80.43,Controlled,90.66,77.35,186.48,86.49,Yes,No,Unknown
SYN-DM-04800,131.4,101.79,Elevated,81.61,69.32,160.48,91.58,Yes,No,Present
SYN-DM-04801,115.2,79.88,Elevated,70.11,78.06,156.37,106.31,Yes,No,Unknown
SYN-DM-04802,168.3,96.29,Elevated,90.33,97.45,174.96,94.42,No,No,Absent
SYN-DM-04803,115.0,73.09,Controlled,64.44,95.41,166.79,107.85,Yes,Yes,Unknown
SYN-DM-04804,141.0,102.87,Controlled,61.22,97.41,170.42,119.27,Yes,No,Unknown
SYN-DM-04805,143.4,83.37,Controlled,85.37,101.79,189.72,77.62,Yes,No,Present
SYN-DM-04806,154.5,103.3,Unknown,69.76,97.49,185.54,91.44,No,Yes,Unknown
SYN-DM-04807,136.9,100.4,Controlled,75.89,78.91,153.85,100.82,No,Yes,Absent
SYN-DM-04808,133.1,98.52,Unknown,100.08,85.35,179.89,80.63,Yes,No,Present
SYN-DM-04809,130.1,92.32,Unknown,99.2,113.57,171.01,94.56,Yes,Yes,Unknown
SYN-DM-04810,141.7,87.06,Unknown,58.68,96.83,161.99,94.32,Yes,No,Present
SYN-DM-04811,131.1,86.33,Controlled,87.95,98.55,161.78,121.35,No,No,Present
SYN-DM-04812,119.0,78.08,Unknown,90.2,68.24,167.46,121.45,Yes,Yes,Absent
SYN-DM-04813,142.8,89.81,Unknown,91.28,82.46,187.67,123.38,No,Yes,Absent
SYN-DM-04814,103.5,76.66,Controlled,76.12,82.08,175.96,120.5,No,No,Unknown
SYN-DM-04815,121.2,101.15,Elevated,102.63,102.57,176.48,104.16,Yes,No,Present
SYN-DM-04816,151.3,67.05,Controlled,61.03,97.58,154.8,90.94,No,No,Present
SYN-DM-04817,155.9,86.42,Elevated,77.53,76.24,160.78,100.62,Yes,Yes,Absent
SYN-DM-04818,114.3,97.26,Controlled,58.94,101.61,173.11,108.98,Yes,No,Present
SYN-DM-04819,131.5,81.77,Elevated,67.53,80.11,163.43,95.1,Yes,Yes,Unknown
SYN-DM-04820,108.3,89.36,Unknown,68.5,117.46,169.16,112.29,Yes,No,Absent
SYN-DM-04821,105.7,81.76,Elevated,73.26,110.69,164.67,118.29,Yes,Yes,Present
SYN-DM-04822,95.8,71.01,Unknown,76.12,71.35,182.26,80.56,No,Yes,Present
SYN-DM-04823,127.1,70.96,Controlled,86.3,93.37,185.72,106.56,Yes,No,Absent
SYN-DM-04824,143.9,86.65,Controlled,100.22,80.47,179.07,106.62,Yes,Yes,Present
SYN-DM-04825,129.1,86.46,Unknown,70.29,113.07,157.86,111.97,No,No,Absent
SYN-DM-04826,118.6,76.66,Elevated,89.54,70.15,188.35,123.04,No,Yes,Absent
SYN-DM-04827,144.6,71.45,Controlled,96.18,66.62,162.34,118.43,No,Yes,Absent
SYN-DM-04828,141.3,81.28,Elevated,90.86,116.47,164.93,100.06,No,No,Absent
SYN-DM-04829,155.0,75.18,Controlled,88.55,79.62,162.57,86.84,Yes,Yes,Absent
SYN-DM-04830,137.3,73.22,Controlled,59.73,73.78,174.25,97.53,No,Yes,Present
SYN-DM-04831,117.2,74.64,Elevated,62.74,117.42,156.65,84.95,No,Yes,Unknown
SYN-DM-04832,144.9,69.34,Controlled,78.56,77.29,175.54,85.38,No,No,Present
SYN-DM-04833,135.4,92.97,Controlled,102.24,57.24,181.73,108.61,No,No,Present
SYN-DM-04834,130.2,87.44,Elevated,60.05,91.13,171.18,112.21,Yes,Yes,Present
SYN-DM-04835,137.6,80.64,Unknown,75.94,101.29,185.56,88.04,Yes,Yes,Absent
SYN-DM-04836,112.5,66.97,Controlled,93.22,114.42,163.58,77.98,Yes,No,Present
SYN-DM-04837,156.4,81.67,Controlled,100.72,84.55,182.99,120.05,No,Yes,Unknown
SYN-DM-04838,113.1,87.21,Elevated,96.94,89.25,158.1,97.81,Yes,Yes,Absent
SYN-DM-04839,155.2,95.83,Unknown,72.43,117.66,160.46,105.76,Yes,Yes,Absent
SYN-DM-04840,132.1,73.44,Unknown,79.58,95.28,168.84,73.95,No,Yes,Present
SYN-DM-04841,124.9,66.38,Controlled,66.77,60.21,160.6,102.36,No,No,Present
SYN-DM-04842,133.0,94.08,Elevated,83.73,79.55,167.71,90.07,No,Yes,Unknown
SYN-DM-04843,153.6,73.93,Controlled,89.69,104.78,154.91,98.9,No,Yes,Absent
SYN-DM-04844,94.6,88.82,Controlled,85.59,59.2,164.75,75.43,Yes,Yes,Present
SYN-DM-04845,127.5,86.49,Unknown,88.34,65.91,179.79,84.41,No,Yes,Unknown
SYN-DM-04846,154.7,77.64,Unknown,71.62,77.34,169.08,99.59,Yes,Yes,Absent
SYN-DM-04847,138.5,73.81,Controlled,100.26,60.99,167.67,81.19,Yes,Yes,Present
SYN-DM-04848,103.9,65.62,Elevated,72.6,103.78,184.48,80.64,Yes,No,Absent
SYN-DM-04849,108.5,83.27,Elevated,84.88,110.55,169.58,106.33,Yes,Yes,Absent
SYN-DM-04850,155.2,103.43,Controlled,85.02,109.97,185.88,89.81,No,No,Absent
SYN-DM-04851,156.2,102.72,Controlled,77.82,113.32,168.52,93.52,No,No,Present
SYN-DM-04852,132.2,65.45,Unknown,65.47,56.15,157.75,116.02,No,No,Present
SYN-DM-04853,100.4,103.8,Elevated,102.63,79.79,153.86,85.77,No,Yes,Present
SYN-DM-04854,132.6,83.15,Unknown,92.41,110.33,170.21,85.01,Yes,Yes,Absent
SYN-DM-04855,137.9,81.58,Elevated,63.37,116.62,157.04,81.02,No,No,Unknown
SYN-DM-04856,136.6,83.5,Controlled,72.77,107.77,167.56,101.56,Yes,Yes,Unknown
SYN-DM-04857,142.8,100.13,Elevated,83.16,114.03,185.5,73.08,Yes,Yes,Absent
SYN-DM-04858,127.2,102.78,Elevated,76.71,101.16,159.06,114.52,Yes,Yes,Absent
SYN-DM-04859,141.5,83.59,Elevated,80.95,73.06,185.44,85.72,No,No,Unknown
SYN-DM-04860,109.3,77.12,Controlled,95.3,110.76,175.82,78.69,No,Yes,Unknown
SYN-DM-04861,135.6,77.25,Unknown,82.63,89.97,159.77,122.03,Yes,Yes,Present
SYN-DM-04862,117.9,80.46,Controlled,68.21,110.84,160.64,125.41,No,Yes,Present
SYN-DM-04863,114.4,87.45,Unknown,97.79,80.7,152.48,119.72,Yes,Yes,Unknown
SYN-DM-04864,124.0,82.69,Elevated,98.23,58.77,165.95,80.67,No,Yes,Unknown
SYN-DM-04865,135.6,73.92,Elevated,91.02,58.07,181.51,74.98,Yes,No,Present
SYN-DM-04866,123.9,77.88,Elevated,97.3,56.07,166.96,114.39,Yes,Yes,Absent
SYN-DM-04867,144.2,90.47,Elevated,63.28,59.12,165.57,120.72,Yes,Yes,Absent
SYN-DM-04868,102.9,80.23,Elevated,62.68,107.67,186.46,88.82,No,No,Unknown
SYN-DM-04869,149.6,87.51,Elevated,91.11,100.54,177.61,110.9,Yes,Yes,Present
SYN-DM-04870,117.4,100.84,Controlled,58.32,58.92,166.65,82.62,No,Yes,Absent
SYN-DM-04871,120.9,65.46,Unknown,70.6,99.69,158.96,102.2,No,No,Present
SYN-DM-04872,121.5,82.07,Unknown,61.99,95.36,183.28,87.24,No,Yes,Present
SYN-DM-04873,127.4,78.31,Unknown,68.96,109.28,175.17,90.04,Yes,No,Unknown
SYN-DM-04874,120.1,87.98,Controlled,68.83,102.16,169.4,117.27,Yes,No,Unknown
SYN-DM-04875,164.1,78.71,Elevated,91.38,70.02,163.78,72.07,No,Yes,Unknown
SYN-DM-04876,128.0,70.7,Elevated,96.98,55.8,169.37,108.84,No,Yes,Present
SYN-DM-04877,130.6,101.94,Elevated,97.73,67.85,171.65,101.4,Yes,Yes,Unknown
SYN-DM-04878,150.8,84.85,Elevated,99.44,115.45,188.84,76.65,No,Yes,Absent
SYN-DM-04879,151.8,79.17,Elevated,97.03,62.68,180.55,102.7,Yes,Yes,Unknown
SYN-DM-04880,154.6,100.36,Elevated,79.3,85.54,159.55,93.12,No,No,Absent
SYN-DM-04881,165.9,99.7,Elevated,59.53,102.98,170.35,101.44,No,No,Present
SYN-DM-04882,106.6,76.77,Controlled,88.18,58.7,181.58,92.58,No,No,Present
SYN-DM-04883,111.2,100.53,Elevated,66.55,96.92,160.94,84.99,Yes,Yes,Unknown
SYN-DM-04884,167.0,78.72,Unknown,82.41,75.77,170.54,88.73,No,Yes,Unknown
SYN-DM-04885,130.9,95.92,Controlled,75.57,78.41,182.25,89.06,No,No,Present
SYN-DM-04886,124.6,92.31,Controlled,103.88,55.8,155.67,104.47,Yes,No,Present
SYN-DM-04887,125.0,76.9,Unknown,101.9,70.82,186.54,101.92,No,Yes,Unknown
SYN-DM-04888,128.7,72.16,Controlled,91.44,106.95,178.56,117.22,No,Yes,Absent
SYN-DM-04889,139.0,80.45,Controlled,76.19,115.42,177.97,99.0,No,No,Unknown
SYN-DM-04890,147.8,85.7,Elevated,100.94,64.53,172.15,77.2,Yes,No,Unknown
SYN-DM-04891,161.0,79.69,Controlled,97.96,96.15,171.55,119.57,No,Yes,Unknown
SYN-DM-04892,121.9,80.2,Unknown,91.03,101.72,164.92,99.18,Yes,No,Unknown
SYN-DM-04893,143.4,66.51,Unknown,100.08,111.64,175.54,112.6,Yes,No,Present
SYN-DM-04894,147.1,84.04,Controlled,73.82,89.7,168.78,96.22,Yes,Yes,Present
SYN-DM-04895,141.3,77.43,Elevated,68.37,86.8,153.05,89.57,Yes,Yes,Unknown
SYN-DM-04896,124.9,103.47,Controlled,59.99,114.77,187.85,84.15,No,No,Absent
SYN-DM-04897,130.9,100.22,Elevated,92.89,117.92,166.21,106.13,No,Yes,Unknown
SYN-DM-04898,144.1,88.42,Unknown,87.69,105.08,164.99,111.46,Yes,No,Present
SYN-DM-04899,113.1,79.89,Unknown,100.76,69.34,184.12,111.95,No,No,Absent
SYN-DM-04900,134.9,81.63,Unknown,70.11,85.18,173.15,73.73,Yes,Yes,Absent
SYN-DM-04901,119.4,64.51,Unknown,58.69,99.2,155.87,79.63,Yes,No,Present
SYN-DM-04902,145.8,75.23,Elevated,89.57,100.26,170.45,85.41,Yes,Yes,Absent
SYN-DM-04903,137.5,78.29,Unknown,72.88,74.0,171.34,121.23,Yes,No,Absent
SYN-DM-04904,137.7,99.02,Unknown,95.41,76.1,183.62,92.06,Yes,No,Unknown
SYN-DM-04905,106.8,93.21,Controlled,64.51,88.83,182.81,99.47,Yes,Yes,Unknown
SYN-DM-04906,162.8,68.14,Unknown,61.15,108.05,176.97,118.81,No,No,Present
SYN-DM-04907,136.7,67.81,Elevated,71.78,97.58,173.96,105.93,Yes,Yes,Absent
SYN-DM-04908,131.9,94.99,Unknown,68.29,63.27,164.09,91.37,No,Yes,Absent
SYN-DM-04909,132.6,87.34,Unknown,68.9,104.29,172.92,103.7,No,No,Unknown
SYN-DM-04910,91.5,75.91,Unknown,66.33,97.77,183.71,101.94,Yes,No,Present
SYN-DM-04911,112.7,80.04,Unknown,77.89,116.21,160.74,81.48,Yes,Yes,Absent
SYN-DM-04912,134.1,92.67,Elevated,59.94,102.19,181.93,122.94,Yes,No,Unknown
SYN-DM-04913,122.2,83.54,Unknown,80.93,54.28,155.91,116.2,No,Yes,Present
SYN-DM-04914,143.9,101.39,Controlled,68.83,58.04,173.67,106.54,No,Yes,Unknown
SYN-DM-04915,114.3,72.99,Unknown,83.29,75.38,160.38,93.73,No,No,Unknown
SYN-DM-04916,138.3,67.81,Controlled,78.24,105.19,159.84,81.78,Yes,Yes,Absent
SYN-DM-04917,158.2,89.78,Controlled,84.71,87.3,159.83,98.81,Yes,No,Present
SYN-DM-04918,115.8,79.3,Unknown,93.6,86.37,164.45,111.28,No,Yes,Unknown
SYN-DM-04919,122.7,103.69,Elevated,73.9,59.86,169.74,82.76,No,No,Unknown
SYN-DM-04920,137.0,66.38,Controlled,78.5,71.75,173.31,83.91,Yes,Yes,Absent
SYN-DM-04921,122.1,92.46,Elevated,70.83,91.03,181.98,85.35,Yes,No,Present
SYN-DM-04922,117.0,78.54,Elevated,64.34,86.62,156.55,98.56,No,Yes,Present
SYN-DM-04923,127.1,65.89,Elevated,100.25,59.7,172.04,118.54,Yes,Yes,Unknown
SYN-DM-04924,123.8,71.64,Elevated,73.83,117.06,166.79,72.5,No,Yes,Unknown
SYN-DM-04925,116.7,75.71,Unknown,76.55,80.44,189.88,79.64,Yes,Yes,Present
SYN-DM-04926,121.8,73.96,Elevated,74.2,81.9,182.34,124.04,Yes,Yes,Unknown
SYN-DM-04927,130.2,91.12,Controlled,79.61,92.21,180.47,73.79,No,Yes,Present
SYN-DM-04928,127.2,85.25,Elevated,103.94,62.39,181.09,80.24,No,Yes,Present
SYN-DM-04929,130.9,92.68,Unknown,84.74,108.12,160.67,82.96,Yes,No,Present
SYN-DM-04930,141.6,79.05,Elevated,86.44,77.94,174.41,102.79,Yes,Yes,Absent
SYN-DM-04931,136.3,82.38,Elevated,69.65,70.36,164.04,122.81,No,No,Unknown
SYN-DM-04932,110.4,90.91,Controlled,98.92,59.92,172.54,74.91,No,Yes,Absent
SYN-DM-04933,143.6,76.41,Elevated,100.73,114.22,177.81,103.71,No,No,Absent
SYN-DM-04934,90,86.1,Elevated,78.45,86.31,175.53,89.86,No,No,Unknown
SYN-DM-04935,154.7,71.02,Unknown,78.29,55.54,180.59,112.62,Yes,No,Present
SYN-DM-04936,161.6,67.36,Controlled,81.19,77.57,185.42,118.12,Yes,Yes,Unknown
SYN-DM-04937,140.3,69.55,Unknown,59.55,91.19,155.52,122.47,No,Yes,Absent
SYN-DM-04938,129.6,102.38,Unknown,82.52,76.49,183.49,118.73,No,Yes,Absent
SYN-DM-04939,126.7,64.95,Unknown,77.59,55.68,161.24,117.02,No,No,Absent
SYN-DM-04940,113.3,71.29,Unknown,59.13,104.56,174.5,112.04,Yes,Yes,Unknown
SYN-DM-04941,126.7,95.99,Controlled,101.0,111.64,159.09,86.03,No,Yes,Present
SYN-DM-04942,102.8,99.21,Elevated,86.95,80.47,154.75,76.54,Yes,Yes,Unknown
SYN-DM-04943,143.1,73.72,Controlled,62.18,56.9,184.57,109.85,Yes,No,Absent
SYN-DM-04944,158.3,76.16,Elevated,67.44,102.05,175.26,107.86,No,Yes,Unknown
SYN-DM-04945,177.8,65.61,Controlled,89.82,71.22,187.2,97.12,Yes,No,Absent
SYN-DM-04946,123.0,88.95,Elevated,59.26,90.62,182.24,73.08,Yes,No,Unknown
SYN-DM-04947,118.1,84.66,Controlled,71.55,116.36,154.27,104.99,Yes,No,Unknown
SYN-DM-04948,137.2,75.07,Elevated,103.88,99.89,169.09,95.21,Yes,No,Absent
SYN-DM-04949,103.8,65.83,Elevated,95.81,106.55,174.03,105.74,No,No,Absent
SYN-DM-04950,124.3,72.56,Elevated,62.83,64.37,167.02,78.34,No,No,Present
SYN-DM-04951,111.3,64.05,Controlled,102.35,116.52,154.58,109.85,No,Yes,Present
SYN-DM-04952,137.9,66.76,Unknown,88.06,60.84,174.5,111.45,Yes,No,Unknown
SYN-DM-04953,164.9,81.73,Unknown,87.96,87.5,167.28,100.9,No,Yes,Present
SYN-DM-04954,141.7,78.97,Unknown,72.31,70.42,185.87,120.32,Yes,No,Unknown
SYN-DM-04955,95.7,68.44,Controlled,73.19,72.42,167.04,77.62,No,No,Present
SYN-DM-04956,169.9,83.5,Elevated,100.63,69.76,173.54,78.21,Yes,Yes,Present
SYN-DM-04957,144.7,65.37,Controlled,97.56,88.01,161.25,74.66,Yes,Yes,Absent
SYN-DM-04958,144.4,102.86,Controlled,70.84,85.39,181.6,84.76,No,No,Present
SYN-DM-04959,90,89.31,Controlled,80.67,62.37,179.01,86.14,No,No,Absent
SYN-DM-04960,132.9,85.84,Elevated,97.28,112.17,153.21,100.36,No,No,Unknown
SYN-DM-04961,125.0,92.37,Elevated,89.89,94.17,185.4,92.53,Yes,No,Present
SYN-DM-04962,124.0,72.34,Elevated,88.52,111.98,180.25,101.84,Yes,No,Present
SYN-DM-04963,165.6,89.58,Elevated,83.06,88.02,156.24,111.79,Yes,No,Unknown
SYN-DM-04964,125.5,95.95,Unknown,63.39,102.12,171.0,77.52,Yes,Yes,Absent
SYN-DM-04965,140.5,66.63,Controlled,61.42,104.41,154.18,76.69,Yes,No,Absent
SYN-DM-04966,99.8,66.96,Elevated,67.69,75.78,166.34,91.37,Yes,Yes,Unknown
SYN-DM-04967,116.7,92.32,Elevated,62.61,68.2,174.88,77.37,Yes,Yes,Present
SYN-DM-04968,157.3,78.59,Controlled,81.38,94.8,180.99,92.11,No,Yes,Present
SYN-DM-04969,121.0,84.98,Elevated,66.98,114.66,154.81,102.19,Yes,No,Unknown
SYN-DM-04970,106.6,72.95,Elevated,63.18,72.79,168.35,116.65,Yes,Yes,Absent
SYN-DM-04971,151.3,85.03,Unknown,67.58,67.96,152.57,81.38,Yes,No,Unknown
SYN-DM-04972,111.1,77.6,Controlled,102.48,113.64,185.15,73.56,Yes,Yes,Unknown
SYN-DM-04973,131.4,85.67,Elevated,75.39,59.74,153.86,95.66,Yes,Yes,Present
SYN-DM-04974,125.1,73.31,Elevated,101.27,114.98,175.76,87.61,Yes,No,Absent
SYN-DM-04975,108.6,100.21,Unknown,74.98,110.72,178.93,110.27,No,Yes,Absent
SYN-DM-04976,139.2,90.67,Controlled,85.45,115.23,162.25,122.56,No,No,Present
SYN-DM-04977,168.3,81.06,Unknown,62.75,94.5,175.93,83.93,No,Yes,Unknown
SYN-DM-04978,108.2,103.88,Controlled,69.41,109.71,187.32,107.47,Yes,Yes,Unknown
SYN-DM-04979,98.7,82.68,Elevated,87.99,65.06,161.13,97.72,Yes,Yes,Present
SYN-DM-04980,146.3,100.92,Elevated,71.61,93.52,183.07,77.84,Yes,Yes,Present
SYN-DM-04981,153.9,102.73,Elevated,61.4,86.35,165.89,94.71,No,Yes,Present
SYN-DM-04982,121.0,87.21,Unknown,61.48,66.78,169.94,102.28,No,Yes,Unknown
SYN-DM-04983,137.9,82.0,Elevated,92.78,88.83,154.7,94.95,No,Yes,Present
SYN-DM-04984,119.0,74.19,Controlled,98.5,116.78,181.75,75.57,Yes,Yes,Present
SYN-DM-04985,121.3,73.51,Controlled,79.2,97.15,154.71,115.24,No,Yes,Present
SYN-DM-04986,122.9,64.57,Elevated,97.67,98.94,177.24,113.72,No,No,Absent
SYN-DM-04987,141.2,87.45,Controlled,93.99,56.94,153.44,78.95,No,No,Unknown
SYN-DM-04988,122.4,101.15,Elevated,85.6,55.1,159.84,93.84,Yes,Yes,Absent
SYN-DM-04989,120.2,67.93,Unknown,64.82,80.3,181.95,106.73,Yes,Yes,Unknown
SYN-DM-04990,139.2,80.17,Controlled,103.64,85.42,165.07,113.87,Yes,No,Present
SYN-DM-04991,107.2,66.38,Unknown,88.98,54.52,153.06,97.5,No,Yes,Present
SYN-DM-04992,123.7,102.16,Unknown,91.9,63.16,152.72,79.41,Yes,No,Present
SYN-DM-04993,137.2,73.68,Elevated,71.46,103.65,168.54,78.15,No,No,Present
SYN-DM-04994,145.0,76.8,Controlled,85.42,92.59,168.46,99.74,No,No,Present
SYN-DM-04995,125.7,79.33,Elevated,97.92,56.76,164.37,111.38,No,No,Unknown
SYN-DM-04996,133.3,101.94,Elevated,71.93,103.77,175.62,116.83,No,Yes,Absent
SYN-DM-04997,157.8,67.44,Elevated,80.69,66.28,189.41,77.59,No,Yes,Absent
SYN-DM-04998,94.1,98.43,Unknown,76.51,79.84,180.53,101.55,No,Yes,Present
SYN-DM-04999,138.3,87.17,Unknown,60.22,84.71,169.88,100.8,Yes,No,Present
SYN-DM-05000,159.4,100.06,Elevated,62.34,109.12,162.78,83.89,Yes,No,Absent
